datetime,date,hour,traffic
2024-01-01 00:00,2024-01-01,0,99
2024-01-01 01:00,2024-01-01,1,53
2024-01-01 02:00,2024-01-01,2,61
2024-01-01 03:00,2024-01-01,3,37
2024-01-01 04:00,2024-01-01,4,13
2024-01-01 05:00,2024-01-01,5,74
2024-01-01 06:00,2024-01-01,6,252
2024-01-01 07:00,2024-01-01,7,389
2024-01-01 08:00,2024-01-01,8,373
2024-01-01 09:00,2024-01-01,9,467
2024-01-01 10:00,2024-01-01,10,326
2024-01-01 11:00,2024-01-01,11,313
2024-01-01 12:00,2024-01-01,12,323
2024-01-01 13:00,2024-01-01,13,357
2024-01-01 14:00,2024-01-01,14,361
2024-01-01 15:00,2024-01-01,15,404
2024-01-01 16:00,2024-01-01,16,317
2024-01-01 17:00,2024-01-01,17,342
2024-01-01 18:00,2024-01-01,18,536
2024-01-01 19:00,2024-01-01,19,381
2024-01-01 20:00,2024-01-01,20,331
2024-01-01 21:00,2024-01-01,21,227
2024-01-01 22:00,2024-01-01,22,144
2024-01-01 23:00,2024-01-01,23,111
2024-01-02 00:00,2024-01-02,0,99
2024-01-02 01:00,2024-01-02,1,51
2024-01-02 02:00,2024-01-02,2,57
2024-01-02 03:00,2024-01-02,3,40
2024-01-02 04:00,2024-01-02,4,16
2024-01-02 05:00,2024-01-02,5,66
2024-01-02 06:00,2024-01-02,6,198
2024-01-02 07:00,2024-01-02,7,377
2024-01-02 08:00,2024-01-02,8,326
2024-01-02 09:00,2024-01-02,9,474
2024-01-02 10:00,2024-01-02,10,268
2024-01-02 11:00,2024-01-02,11,295
2024-01-02 12:00,2024-01-02,12,396
2024-01-02 13:00,2024-01-02,13,253
2024-01-02 14:00,2024-01-02,14,271
2024-01-02 15:00,2024-01-02,15,284
2024-01-02 16:00,2024-01-02,16,280
2024-01-02 17:00,2024-01-02,17,468
2024-01-02 18:00,2024-01-02,18,547
2024-01-02 19:00,2024-01-02,19,299
2024-01-02 20:00,2024-01-02,20,311
2024-01-02 21:00,2024-01-02,21,225
2024-01-02 22:00,2024-01-02,22,173
2024-01-02 23:00,2024-01-02,23,118
2024-01-03 00:00,2024-01-03,0,130
2024-01-03 01:00,2024-01-03,1,67
2024-01-03 02:00,2024-01-03,2,60
2024-01-03 03:00,2024-01-03,3,31
2024-01-03 04:00,2024-01-03,4,23
2024-01-03 05:00,2024-01-03,5,93
2024-01-03 06:00,2024-01-03,6,270
2024-01-03 07:00,2024-01-03,7,426
2024-01-03 08:00,2024-01-03,8,360
2024-01-03 09:00,2024-01-03,9,532
2024-01-03 10:00,2024-01-03,10,397
2024-01-03 11:00,2024-01-03,11,442
2024-01-03 12:00,2024-01-03,12,447
2024-01-03 13:00,2024-01-03,13,468
2024-01-03 14:00,2024-01-03,14,344
2024-01-03 15:00,2024-01-03,15,433
2024-01-03 16:00,2024-01-03,16,349
2024-01-03 17:00,2024-01-03,17,588
2024-01-03 18:00,2024-01-03,18,576
2024-01-03 19:00,2024-01-03,19,423
2024-01-03 20:00,2024-01-03,20,412
2024-01-03 21:00,2024-01-03,21,204
2024-01-03 22:00,2024-01-03,22,169
2024-01-03 23:00,2024-01-03,23,109
2024-01-04 00:00,2024-01-04,0,86
2024-01-04 01:00,2024-01-04,1,83
2024-01-04 02:00,2024-01-04,2,60
2024-01-04 03:00,2024-01-04,3,43
2024-01-04 04:00,2024-01-04,4,15
2024-01-04 05:00,2024-01-04,5,100
2024-01-04 06:00,2024-01-04,6,275
2024-01-04 07:00,2024-01-04,7,480
2024-01-04 08:00,2024-01-04,8,423
2024-01-04 09:00,2024-01-04,9,628
2024-01-04 10:00,2024-01-04,10,419
2024-01-04 11:00,2024-01-04,11,340
2024-01-04 12:00,2024-01-04,12,517
2024-01-04 13:00,2024-01-04,13,427
2024-01-04 14:00,2024-01-04,14,440
2024-01-04 15:00,2024-01-04,15,516
2024-01-04 16:00,2024-01-04,16,381
2024-01-04 17:00,2024-01-04,17,439
2024-01-04 18:00,2024-01-04,18,472
2024-01-04 19:00,2024-01-04,19,475
2024-01-04 20:00,2024-01-04,20,419
2024-01-04 21:00,2024-01-04,21,249
2024-01-04 22:00,2024-01-04,22,195
2024-01-04 23:00,2024-01-04,23,141
2024-01-05 00:00,2024-01-05,0,127
2024-01-05 01:00,2024-01-05,1,82
2024-01-05 02:00,2024-01-05,2,48
2024-01-05 03:00,2024-01-05,3,34
2024-01-05 04:00,2024-01-05,4,20
2024-01-05 05:00,2024-01-05,5,102
2024-01-05 06:00,2024-01-05,6,329
2024-01-05 07:00,2024-01-05,7,400
2024-01-05 08:00,2024-01-05,8,562
2024-01-05 09:00,2024-01-05,9,463
2024-01-05 10:00,2024-01-05,10,381
2024-01-05 11:00,2024-01-05,11,438
2024-01-05 12:00,2024-01-05,12,522
2024-01-05 13:00,2024-01-05,13,305
2024-01-05 14:00,2024-01-05,14,381
2024-01-05 15:00,2024-01-05,15,514
2024-01-05 16:00,2024-01-05,16,386
2024-01-05 17:00,2024-01-05,17,384
2024-01-05 18:00,2024-01-05,18,478
2024-01-05 19:00,2024-01-05,19,474
2024-01-05 20:00,2024-01-05,20,396
2024-01-05 21:00,2024-01-05,21,206
2024-01-05 22:00,2024-01-05,22,220
2024-01-05 23:00,2024-01-05,23,125
2024-01-06 00:00,2024-01-06,0,66
2024-01-06 01:00,2024-01-06,1,66
2024-01-06 02:00,2024-01-06,2,43
2024-01-06 03:00,2024-01-06,3,36
2024-01-06 04:00,2024-01-06,4,17
2024-01-06 05:00,2024-01-06,5,45
2024-01-06 06:00,2024-01-06,6,182
2024-01-06 07:00,2024-01-06,7,215
2024-01-06 08:00,2024-01-06,8,355
2024-01-06 09:00,2024-01-06,9,270
2024-01-06 10:00,2024-01-06,10,311
2024-01-06 11:00,2024-01-06,11,208
2024-01-06 12:00,2024-01-06,12,399
2024-01-06 13:00,2024-01-06,13,234
2024-01-06 14:00,2024-01-06,14,307
2024-01-06 15:00,2024-01-06,15,292
2024-01-06 16:00,2024-01-06,16,214
2024-01-06 17:00,2024-01-06,17,315
2024-01-06 18:00,2024-01-06,18,481
2024-01-06 19:00,2024-01-06,19,315
2024-01-06 20:00,2024-01-06,20,248
2024-01-06 21:00,2024-01-06,21,144
2024-01-06 22:00,2024-01-06,22,107
2024-01-06 23:00,2024-01-06,23,93
2024-01-07 00:00,2024-01-07,0,59
2024-01-07 01:00,2024-01-07,1,72
2024-01-07 02:00,2024-01-07,2,41
2024-01-07 03:00,2024-01-07,3,34
2024-01-07 04:00,2024-01-07,4,16
2024-01-07 05:00,2024-01-07,5,43
2024-01-07 06:00,2024-01-07,6,172
2024-01-07 07:00,2024-01-07,7,256
2024-01-07 08:00,2024-01-07,8,334
2024-01-07 09:00,2024-01-07,9,375
2024-01-07 10:00,2024-01-07,10,219
2024-01-07 11:00,2024-01-07,11,232
2024-01-07 12:00,2024-01-07,12,314
2024-01-07 13:00,2024-01-07,13,300
2024-01-07 14:00,2024-01-07,14,274
2024-01-07 15:00,2024-01-07,15,246
2024-01-07 16:00,2024-01-07,16,365
2024-01-07 17:00,2024-01-07,17,337
2024-01-07 18:00,2024-01-07,18,447
2024-01-07 19:00,2024-01-07,19,388
2024-01-07 20:00,2024-01-07,20,301
2024-01-07 21:00,2024-01-07,21,178
2024-01-07 22:00,2024-01-07,22,128
2024-01-07 23:00,2024-01-07,23,103
2024-01-08 00:00,2024-01-08,0,92
2024-01-08 01:00,2024-01-08,1,67
2024-01-08 02:00,2024-01-08,2,54
2024-01-08 03:00,2024-01-08,3,40
2024-01-08 04:00,2024-01-08,4,25
2024-01-08 05:00,2024-01-08,5,91
2024-01-08 06:00,2024-01-08,6,371
2024-01-08 07:00,2024-01-08,7,364
2024-01-08 08:00,2024-01-08,8,354
2024-01-08 09:00,2024-01-08,9,423
2024-01-08 10:00,2024-01-08,10,334
2024-01-08 11:00,2024-01-08,11,391
2024-01-08 12:00,2024-01-08,12,422
2024-01-08 13:00,2024-01-08,13,329
2024-01-08 14:00,2024-01-08,14,422
2024-01-08 15:00,2024-01-08,15,487
2024-01-08 16:00,2024-01-08,16,506
2024-01-08 17:00,2024-01-08,17,481
2024-01-08 18:00,2024-01-08,18,510
2024-01-08 19:00,2024-01-08,19,485
2024-01-08 20:00,2024-01-08,20,340
2024-01-08 21:00,2024-01-08,21,244
2024-01-08 22:00,2024-01-08,22,177
2024-01-08 23:00,2024-01-08,23,145
2024-01-09 00:00,2024-01-09,0,130
2024-01-09 01:00,2024-01-09,1,70
2024-01-09 02:00,2024-01-09,2,76
2024-01-09 03:00,2024-01-09,3,35
2024-01-09 04:00,2024-01-09,4,19
2024-01-09 05:00,2024-01-09,5,90
2024-01-09 06:00,2024-01-09,6,376
2024-01-09 07:00,2024-01-09,7,342
2024-01-09 08:00,2024-01-09,8,404
2024-01-09 09:00,2024-01-09,9,396
2024-01-09 10:00,2024-01-09,10,387
2024-01-09 11:00,2024-01-09,11,291
2024-01-09 12:00,2024-01-09,12,434
2024-01-09 13:00,2024-01-09,13,354
2024-01-09 14:00,2024-01-09,14,391
2024-01-09 15:00,2024-01-09,15,349
2024-01-09 16:00,2024-01-09,16,491
2024-01-09 17:00,2024-01-09,17,538
2024-01-09 18:00,2024-01-09,18,708
2024-01-09 19:00,2024-01-09,19,423
2024-01-09 20:00,2024-01-09,20,413
2024-01-09 21:00,2024-01-09,21,212
2024-01-09 22:00,2024-01-09,22,214
2024-01-09 23:00,2024-01-09,23,142
2024-01-10 00:00,2024-01-10,0,102
2024-01-10 01:00,2024-01-10,1,88
2024-01-10 02:00,2024-01-10,2,49
2024-01-10 03:00,2024-01-10,3,35
2024-01-10 04:00,2024-01-10,4,17
2024-01-10 05:00,2024-01-10,5,63
2024-01-10 06:00,2024-01-10,6,381
2024-01-10 07:00,2024-01-10,7,338
2024-01-10 08:00,2024-01-10,8,568
2024-01-10 09:00,2024-01-10,9,515
2024-01-10 10:00,2024-01-10,10,386
2024-01-10 11:00,2024-01-10,11,440
2024-01-10 12:00,2024-01-10,12,576
2024-01-10 13:00,2024-01-10,13,300
2024-01-10 14:00,2024-01-10,14,379
2024-01-10 15:00,2024-01-10,15,514
2024-01-10 16:00,2024-01-10,16,452
2024-01-10 17:00,2024-01-10,17,378
2024-01-10 18:00,2024-01-10,18,634
2024-01-10 19:00,2024-01-10,19,548
2024-01-10 20:00,2024-01-10,20,343
2024-01-10 21:00,2024-01-10,21,263
2024-01-10 22:00,2024-01-10,22,178
2024-01-10 23:00,2024-01-10,23,109
2024-01-11 00:00,2024-01-11,0,112
2024-01-11 01:00,2024-01-11,1,76
2024-01-11 02:00,2024-01-11,2,72
2024-01-11 03:00,2024-01-11,3,44
2024-01-11 04:00,2024-01-11,4,23
2024-01-11 05:00,2024-01-11,5,71
2024-01-11 06:00,2024-01-11,6,315
2024-01-11 07:00,2024-01-11,7,422
2024-01-11 08:00,2024-01-11,8,528
2024-01-11 09:00,2024-01-11,9,611
2024-01-11 10:00,2024-01-11,10,374
2024-01-11 11:00,2024-01-11,11,300
2024-01-11 12:00,2024-01-11,12,453
2024-01-11 13:00,2024-01-11,13,439
2024-01-11 14:00,2024-01-11,14,321
2024-01-11 15:00,2024-01-11,15,405
2024-01-11 16:00,2024-01-11,16,357
2024-01-11 17:00,2024-01-11,17,477
2024-01-11 18:00,2024-01-11,18,762
2024-01-11 19:00,2024-01-11,19,399
2024-01-11 20:00,2024-01-11,20,292
2024-01-11 21:00,2024-01-11,21,282
2024-01-11 22:00,2024-01-11,22,209
2024-01-11 23:00,2024-01-11,23,114
2024-01-12 00:00,2024-01-12,0,113
2024-01-12 01:00,2024-01-12,1,69
2024-01-12 02:00,2024-01-12,2,60
2024-01-12 03:00,2024-01-12,3,48
2024-01-12 04:00,2024-01-12,4,16
2024-01-12 05:00,2024-01-12,5,88
2024-01-12 06:00,2024-01-12,6,239
2024-01-12 07:00,2024-01-12,7,352
2024-01-12 08:00,2024-01-12,8,406
2024-01-12 09:00,2024-01-12,9,454
2024-01-12 10:00,2024-01-12,10,442
2024-01-12 11:00,2024-01-12,11,351
2024-01-12 12:00,2024-01-12,12,525
2024-01-12 13:00,2024-01-12,13,367
2024-01-12 14:00,2024-01-12,14,322
2024-01-12 15:00,2024-01-12,15,358
2024-01-12 16:00,2024-01-12,16,390
2024-01-12 17:00,2024-01-12,17,505
2024-01-12 18:00,2024-01-12,18,606
2024-01-12 19:00,2024-01-12,19,452
2024-01-12 20:00,2024-01-12,20,295
2024-01-12 21:00,2024-01-12,21,240
2024-01-12 22:00,2024-01-12,22,188
2024-01-12 23:00,2024-01-12,23,124
2024-01-13 00:00,2024-01-13,0,84
2024-01-13 01:00,2024-01-13,1,53
2024-01-13 02:00,2024-01-13,2,34
2024-01-13 03:00,2024-01-13,3,36
2024-01-13 04:00,2024-01-13,4,17
2024-01-13 05:00,2024-01-13,5,63
2024-01-13 06:00,2024-01-13,6,177
2024-01-13 07:00,2024-01-13,7,252
2024-01-13 08:00,2024-01-13,8,384
2024-01-13 09:00,2024-01-13,9,288
2024-01-13 10:00,2024-01-13,10,247
2024-01-13 11:00,2024-01-13,11,305
2024-01-13 12:00,2024-01-13,12,284
2024-01-13 13:00,2024-01-13,13,302
2024-01-13 14:00,2024-01-13,14,285
2024-01-13 15:00,2024-01-13,15,270
2024-01-13 16:00,2024-01-13,16,214
2024-01-13 17:00,2024-01-13,17,262
2024-01-13 18:00,2024-01-13,18,532
2024-01-13 19:00,2024-01-13,19,327
2024-01-13 20:00,2024-01-13,20,307
2024-01-13 21:00,2024-01-13,21,182
2024-01-13 22:00,2024-01-13,22,113
2024-01-13 23:00,2024-01-13,23,103
2024-01-14 00:00,2024-01-14,0,69
2024-01-14 01:00,2024-01-14,1,53
2024-01-14 02:00,2024-01-14,2,47
2024-01-14 03:00,2024-01-14,3,24
2024-01-14 04:00,2024-01-14,4,12
2024-01-14 05:00,2024-01-14,5,69
2024-01-14 06:00,2024-01-14,6,207
2024-01-14 07:00,2024-01-14,7,340
2024-01-14 08:00,2024-01-14,8,330
2024-01-14 09:00,2024-01-14,9,291
2024-01-14 10:00,2024-01-14,10,204
2024-01-14 11:00,2024-01-14,11,257
2024-01-14 12:00,2024-01-14,12,375
2024-01-14 13:00,2024-01-14,13,269
2024-01-14 14:00,2024-01-14,14,267
2024-01-14 15:00,2024-01-14,15,234
2024-01-14 16:00,2024-01-14,16,307
2024-01-14 17:00,2024-01-14,17,314
2024-01-14 18:00,2024-01-14,18,407
2024-01-14 19:00,2024-01-14,19,377
2024-01-14 20:00,2024-01-14,20,248
2024-01-14 21:00,2024-01-14,21,202
2024-01-14 22:00,2024-01-14,22,161
2024-01-14 23:00,2024-01-14,23,82
2024-01-15 00:00,2024-01-15,0,92
2024-01-15 01:00,2024-01-15,1,100
2024-01-15 02:00,2024-01-15,2,62
2024-01-15 03:00,2024-01-15,3,43
2024-01-15 04:00,2024-01-15,4,17
2024-01-15 05:00,2024-01-15,5,98
2024-01-15 06:00,2024-01-15,6,377
2024-01-15 07:00,2024-01-15,7,431
2024-01-15 08:00,2024-01-15,8,441
2024-01-15 09:00,2024-01-15,9,544
2024-01-15 10:00,2024-01-15,10,376
2024-01-15 11:00,2024-01-15,11,389
2024-01-15 12:00,2024-01-15,12,483
2024-01-15 13:00,2024-01-15,13,306
2024-01-15 14:00,2024-01-15,14,328
2024-01-15 15:00,2024-01-15,15,496
2024-01-15 16:00,2024-01-15,16,374
2024-01-15 17:00,2024-01-15,17,614
2024-01-15 18:00,2024-01-15,18,533
2024-01-15 19:00,2024-01-15,19,526
2024-01-15 20:00,2024-01-15,20,362
2024-01-15 21:00,2024-01-15,21,240
2024-01-15 22:00,2024-01-15,22,223
2024-01-15 23:00,2024-01-15,23,135
2024-01-16 00:00,2024-01-16,0,105
2024-01-16 01:00,2024-01-16,1,77
2024-01-16 02:00,2024-01-16,2,55
2024-01-16 03:00,2024-01-16,3,43
2024-01-16 04:00,2024-01-16,4,23
2024-01-16 05:00,2024-01-16,5,74
2024-01-16 06:00,2024-01-16,6,366
2024-01-16 07:00,2024-01-16,7,399
2024-01-16 08:00,2024-01-16,8,462
2024-01-16 09:00,2024-01-16,9,406
2024-01-16 10:00,2024-01-16,10,411
2024-01-16 11:00,2024-01-16,11,379
2024-01-16 12:00,2024-01-16,12,397
2024-01-16 13:00,2024-01-16,13,406
2024-01-16 14:00,2024-01-16,14,401
2024-01-16 15:00,2024-01-16,15,426
2024-01-16 16:00,2024-01-16,16,499
2024-01-16 17:00,2024-01-16,17,408
2024-01-16 18:00,2024-01-16,18,500
2024-01-16 19:00,2024-01-16,19,502
2024-01-16 20:00,2024-01-16,20,428
2024-01-16 21:00,2024-01-16,21,222
2024-01-16 22:00,2024-01-16,22,198
2024-01-16 23:00,2024-01-16,23,99
2024-01-17 00:00,2024-01-17,0,115
2024-01-17 01:00,2024-01-17,1,92
2024-01-17 02:00,2024-01-17,2,52
2024-01-17 03:00,2024-01-17,3,33
2024-01-17 04:00,2024-01-17,4,18
2024-01-17 05:00,2024-01-17,5,72
2024-01-17 06:00,2024-01-17,6,330
2024-01-17 07:00,2024-01-17,7,388
2024-01-17 08:00,2024-01-17,8,344
2024-01-17 09:00,2024-01-17,9,550
2024-01-17 10:00,2024-01-17,10,340
2024-01-17 11:00,2024-01-17,11,288
2024-01-17 12:00,2024-01-17,12,450
2024-01-17 13:00,2024-01-17,13,347
2024-01-17 14:00,2024-01-17,14,491
2024-01-17 15:00,2024-01-17,15,324
2024-01-17 16:00,2024-01-17,16,436
2024-01-17 17:00,2024-01-17,17,549
2024-01-17 18:00,2024-01-17,18,744
2024-01-17 19:00,2024-01-17,19,599
2024-01-17 20:00,2024-01-17,20,395
2024-01-17 21:00,2024-01-17,21,265
2024-01-17 22:00,2024-01-17,22,177
2024-01-17 23:00,2024-01-17,23,96
2024-01-18 00:00,2024-01-18,0,125
2024-01-18 01:00,2024-01-18,1,86
2024-01-18 02:00,2024-01-18,2,69
2024-01-18 03:00,2024-01-18,3,51
2024-01-18 04:00,2024-01-18,4,22
2024-01-18 05:00,2024-01-18,5,81
2024-01-18 06:00,2024-01-18,6,273
2024-01-18 07:00,2024-01-18,7,494
2024-01-18 08:00,2024-01-18,8,428
2024-01-18 09:00,2024-01-18,9,536
2024-01-18 10:00,2024-01-18,10,357
2024-01-18 11:00,2024-01-18,11,383
2024-01-18 12:00,2024-01-18,12,523
2024-01-18 13:00,2024-01-18,13,458
2024-01-18 14:00,2024-01-18,14,438
2024-01-18 15:00,2024-01-18,15,517
2024-01-18 16:00,2024-01-18,16,403
2024-01-18 17:00,2024-01-18,17,597
2024-01-18 18:00,2024-01-18,18,584
2024-01-18 19:00,2024-01-18,19,553
2024-01-18 20:00,2024-01-18,20,294
2024-01-18 21:00,2024-01-18,21,302
2024-01-18 22:00,2024-01-18,22,230
2024-01-18 23:00,2024-01-18,23,110
2024-01-19 00:00,2024-01-19,0,130
2024-01-19 01:00,2024-01-19,1,65
2024-01-19 02:00,2024-01-19,2,60
2024-01-19 03:00,2024-01-19,3,49
2024-01-19 04:00,2024-01-19,4,17
2024-01-19 05:00,2024-01-19,5,94
2024-01-19 06:00,2024-01-19,6,289
2024-01-19 07:00,2024-01-19,7,522
2024-01-19 08:00,2024-01-19,8,572
2024-01-19 09:00,2024-01-19,9,501
2024-01-19 10:00,2024-01-19,10,374
2024-01-19 11:00,2024-01-19,11,311
2024-01-19 12:00,2024-01-19,12,429
2024-01-19 13:00,2024-01-19,13,374
2024-01-19 14:00,2024-01-19,14,360
2024-01-19 15:00,2024-01-19,15,469
2024-01-19 16:00,2024-01-19,16,387
2024-01-19 17:00,2024-01-19,17,569
2024-01-19 18:00,2024-01-19,18,568
2024-01-19 19:00,2024-01-19,19,409
2024-01-19 20:00,2024-01-19,20,298
2024-01-19 21:00,2024-01-19,21,253
2024-01-19 22:00,2024-01-19,22,230
2024-01-19 23:00,2024-01-19,23,143
2024-01-20 00:00,2024-01-20,0,78
2024-01-20 01:00,2024-01-20,1,43
2024-01-20 02:00,2024-01-20,2,45
2024-01-20 03:00,2024-01-20,3,23
2024-01-20 04:00,2024-01-20,4,12
2024-01-20 05:00,2024-01-20,5,56
2024-01-20 06:00,2024-01-20,6,174
2024-01-20 07:00,2024-01-20,7,332
2024-01-20 08:00,2024-01-20,8,390
2024-01-20 09:00,2024-01-20,9,326
2024-01-20 10:00,2024-01-20,10,249
2024-01-20 11:00,2024-01-20,11,315
2024-01-20 12:00,2024-01-20,12,281
2024-01-20 13:00,2024-01-20,13,315
2024-01-20 14:00,2024-01-20,14,282
2024-01-20 15:00,2024-01-20,15,233
2024-01-20 16:00,2024-01-20,16,363
2024-01-20 17:00,2024-01-20,17,417
2024-01-20 18:00,2024-01-20,18,374
2024-01-20 19:00,2024-01-20,19,269
2024-01-20 20:00,2024-01-20,20,244
2024-01-20 21:00,2024-01-20,21,192
2024-01-20 22:00,2024-01-20,22,94
2024-01-20 23:00,2024-01-20,23,95
2024-01-21 00:00,2024-01-21,0,58
2024-01-21 01:00,2024-01-21,1,70
2024-01-21 02:00,2024-01-21,2,41
2024-01-21 03:00,2024-01-21,3,29
2024-01-21 04:00,2024-01-21,4,10
2024-01-21 05:00,2024-01-21,5,56
2024-01-21 06:00,2024-01-21,6,192
2024-01-21 07:00,2024-01-21,7,221
2024-01-21 08:00,2024-01-21,8,366
2024-01-21 09:00,2024-01-21,9,419
2024-01-21 10:00,2024-01-21,10,237
2024-01-21 11:00,2024-01-21,11,309
2024-01-21 12:00,2024-01-21,12,279
2024-01-21 13:00,2024-01-21,13,258
2024-01-21 14:00,2024-01-21,14,244
2024-01-21 15:00,2024-01-21,15,222
2024-01-21 16:00,2024-01-21,16,262
2024-01-21 17:00,2024-01-21,17,315
2024-01-21 18:00,2024-01-21,18,352
2024-01-21 19:00,2024-01-21,19,410
2024-01-21 20:00,2024-01-21,20,206
2024-01-21 21:00,2024-01-21,21,217
2024-01-21 22:00,2024-01-21,22,150
2024-01-21 23:00,2024-01-21,23,79
2024-01-22 00:00,2024-01-22,0,113
2024-01-22 01:00,2024-01-22,1,102
2024-01-22 02:00,2024-01-22,2,77
2024-01-22 03:00,2024-01-22,3,46
2024-01-22 04:00,2024-01-22,4,23
2024-01-22 05:00,2024-01-22,5,66
2024-01-22 06:00,2024-01-22,6,299
2024-01-22 07:00,2024-01-22,7,484
2024-01-22 08:00,2024-01-22,8,481
2024-01-22 09:00,2024-01-22,9,536
2024-01-22 10:00,2024-01-22,10,413
2024-01-22 11:00,2024-01-22,11,288
2024-01-22 12:00,2024-01-22,12,550
2024-01-22 13:00,2024-01-22,13,474
2024-01-22 14:00,2024-01-22,14,468
2024-01-22 15:00,2024-01-22,15,463
2024-01-22 16:00,2024-01-22,16,352
2024-01-22 17:00,2024-01-22,17,380
2024-01-22 18:00,2024-01-22,18,700
2024-01-22 19:00,2024-01-22,19,549
2024-01-22 20:00,2024-01-22,20,402
2024-01-22 21:00,2024-01-22,21,208
2024-01-22 22:00,2024-01-22,22,225
2024-01-22 23:00,2024-01-22,23,105
2024-01-23 00:00,2024-01-23,0,76
2024-01-23 01:00,2024-01-23,1,85
2024-01-23 02:00,2024-01-23,2,61
2024-01-23 03:00,2024-01-23,3,43
2024-01-23 04:00,2024-01-23,4,17
2024-01-23 05:00,2024-01-23,5,84
2024-01-23 06:00,2024-01-23,6,350
2024-01-23 07:00,2024-01-23,7,331
2024-01-23 08:00,2024-01-23,8,457
2024-01-23 09:00,2024-01-23,9,589
2024-01-23 10:00,2024-01-23,10,398
2024-01-23 11:00,2024-01-23,11,292
2024-01-23 12:00,2024-01-23,12,391
2024-01-23 13:00,2024-01-23,13,304
2024-01-23 14:00,2024-01-23,14,423
2024-01-23 15:00,2024-01-23,15,417
2024-01-23 16:00,2024-01-23,16,418
2024-01-23 17:00,2024-01-23,17,378
2024-01-23 18:00,2024-01-23,18,715
2024-01-23 19:00,2024-01-23,19,544
2024-01-23 20:00,2024-01-23,20,325
2024-01-23 21:00,2024-01-23,21,294
2024-01-23 22:00,2024-01-23,22,169
2024-01-23 23:00,2024-01-23,23,136
2024-01-24 00:00,2024-01-24,0,119
2024-01-24 01:00,2024-01-24,1,68
2024-01-24 02:00,2024-01-24,2,73
2024-01-24 03:00,2024-01-24,3,43
2024-01-24 04:00,2024-01-24,4,16
2024-01-24 05:00,2024-01-24,5,82
2024-01-24 06:00,2024-01-24,6,333
2024-01-24 07:00,2024-01-24,7,316
2024-01-24 08:00,2024-01-24,8,482
2024-01-24 09:00,2024-01-24,9,628
2024-01-24 10:00,2024-01-24,10,370
2024-01-24 11:00,2024-01-24,11,303
2024-01-24 12:00,2024-01-24,12,510
2024-01-24 13:00,2024-01-24,13,356
2024-01-24 14:00,2024-01-24,14,358
2024-01-24 15:00,2024-01-24,15,498
2024-01-24 16:00,2024-01-24,16,483
2024-01-24 17:00,2024-01-24,17,540
2024-01-24 18:00,2024-01-24,18,622
2024-01-24 19:00,2024-01-24,19,489
2024-01-24 20:00,2024-01-24,20,378
2024-01-24 21:00,2024-01-24,21,258
2024-01-24 22:00,2024-01-24,22,146
2024-01-24 23:00,2024-01-24,23,143
2024-01-25 00:00,2024-01-25,0,127
2024-01-25 01:00,2024-01-25,1,78
2024-01-25 02:00,2024-01-25,2,75
2024-01-25 03:00,2024-01-25,3,49
2024-01-25 04:00,2024-01-25,4,19
2024-01-25 05:00,2024-01-25,5,78
2024-01-25 06:00,2024-01-25,6,302
2024-01-25 07:00,2024-01-25,7,491
2024-01-25 08:00,2024-01-25,8,473
2024-01-25 09:00,2024-01-25,9,414
2024-01-25 10:00,2024-01-25,10,325
2024-01-25 11:00,2024-01-25,11,313
2024-01-25 12:00,2024-01-25,12,568
2024-01-25 13:00,2024-01-25,13,350
2024-01-25 14:00,2024-01-25,14,370
2024-01-25 15:00,2024-01-25,15,381
2024-01-25 16:00,2024-01-25,16,340
2024-01-25 17:00,2024-01-25,17,458
2024-01-25 18:00,2024-01-25,18,684
2024-01-25 19:00,2024-01-25,19,544
2024-01-25 20:00,2024-01-25,20,461
2024-01-25 21:00,2024-01-25,21,282
2024-01-25 22:00,2024-01-25,22,201
2024-01-25 23:00,2024-01-25,23,116
2024-01-26 00:00,2024-01-26,0,105
2024-01-26 01:00,2024-01-26,1,64
2024-01-26 02:00,2024-01-26,2,60
2024-01-26 03:00,2024-01-26,3,33
2024-01-26 04:00,2024-01-26,4,24
2024-01-26 05:00,2024-01-26,5,80
2024-01-26 06:00,2024-01-26,6,332
2024-01-26 07:00,2024-01-26,7,368
2024-01-26 08:00,2024-01-26,8,500
2024-01-26 09:00,2024-01-26,9,446
2024-01-26 10:00,2024-01-26,10,336
2024-01-26 11:00,2024-01-26,11,313
2024-01-26 12:00,2024-01-26,12,438
2024-01-26 13:00,2024-01-26,13,396
2024-01-26 14:00,2024-01-26,14,458
2024-01-26 15:00,2024-01-26,15,483
2024-01-26 16:00,2024-01-26,16,333
2024-01-26 17:00,2024-01-26,17,548
2024-01-26 18:00,2024-01-26,18,557
2024-01-26 19:00,2024-01-26,19,630
2024-01-26 20:00,2024-01-26,20,344
2024-01-26 21:00,2024-01-26,21,211
2024-01-26 22:00,2024-01-26,22,168
2024-01-26 23:00,2024-01-26,23,145
2024-01-27 00:00,2024-01-27,0,66
2024-01-27 01:00,2024-01-27,1,59
2024-01-27 02:00,2024-01-27,2,36
2024-01-27 03:00,2024-01-27,3,34
2024-01-27 04:00,2024-01-27,4,12
2024-01-27 05:00,2024-01-27,5,72
2024-01-27 06:00,2024-01-27,6,200
2024-01-27 07:00,2024-01-27,7,280
2024-01-27 08:00,2024-01-27,8,381
2024-01-27 09:00,2024-01-27,9,316
2024-01-27 10:00,2024-01-27,10,278
2024-01-27 11:00,2024-01-27,11,218
2024-01-27 12:00,2024-01-27,12,279
2024-01-27 13:00,2024-01-27,13,223
2024-01-27 14:00,2024-01-27,14,222
2024-01-27 15:00,2024-01-27,15,369
2024-01-27 16:00,2024-01-27,16,289
2024-01-27 17:00,2024-01-27,17,395
2024-01-27 18:00,2024-01-27,18,381
2024-01-27 19:00,2024-01-27,19,395
2024-01-27 20:00,2024-01-27,20,210
2024-01-27 21:00,2024-01-27,21,145
2024-01-27 22:00,2024-01-27,22,106
2024-01-27 23:00,2024-01-27,23,97
2024-01-28 00:00,2024-01-28,0,86
2024-01-28 01:00,2024-01-28,1,59
2024-01-28 02:00,2024-01-28,2,37
2024-01-28 03:00,2024-01-28,3,32
2024-01-28 04:00,2024-01-28,4,11
2024-01-28 05:00,2024-01-28,5,44
2024-01-28 06:00,2024-01-28,6,245
2024-01-28 07:00,2024-01-28,7,350
2024-01-28 08:00,2024-01-28,8,331
2024-01-28 09:00,2024-01-28,9,356
2024-01-28 10:00,2024-01-28,10,188
2024-01-28 11:00,2024-01-28,11,272
2024-01-28 12:00,2024-01-28,12,368
2024-01-28 13:00,2024-01-28,13,294
2024-01-28 14:00,2024-01-28,14,277
2024-01-28 15:00,2024-01-28,15,266
2024-01-28 16:00,2024-01-28,16,350
2024-01-28 17:00,2024-01-28,17,379
2024-01-28 18:00,2024-01-28,18,498
2024-01-28 19:00,2024-01-28,19,292
2024-01-28 20:00,2024-01-28,20,315
2024-01-28 21:00,2024-01-28,21,180
2024-01-28 22:00,2024-01-28,22,124
2024-01-28 23:00,2024-01-28,23,85
2024-01-29 00:00,2024-01-29,0,83
2024-01-29 01:00,2024-01-29,1,82
2024-01-29 02:00,2024-01-29,2,48
2024-01-29 03:00,2024-01-29,3,41
2024-01-29 04:00,2024-01-29,4,18
2024-01-29 05:00,2024-01-29,5,70
2024-01-29 06:00,2024-01-29,6,262
2024-01-29 07:00,2024-01-29,7,374
2024-01-29 08:00,2024-01-29,8,498
2024-01-29 09:00,2024-01-29,9,519
2024-01-29 10:00,2024-01-29,10,311
2024-01-29 11:00,2024-01-29,11,335
2024-01-29 12:00,2024-01-29,12,478
2024-01-29 13:00,2024-01-29,13,449
2024-01-29 14:00,2024-01-29,14,334
2024-01-29 15:00,2024-01-29,15,325
2024-01-29 16:00,2024-01-29,16,422
2024-01-29 17:00,2024-01-29,17,426
2024-01-29 18:00,2024-01-29,18,574
2024-01-29 19:00,2024-01-29,19,566
2024-01-29 20:00,2024-01-29,20,278
2024-01-29 21:00,2024-01-29,21,268
2024-01-29 22:00,2024-01-29,22,198
2024-01-29 23:00,2024-01-29,23,102
2024-01-30 00:00,2024-01-30,0,111
2024-01-30 01:00,2024-01-30,1,93
2024-01-30 02:00,2024-01-30,2,56
2024-01-30 03:00,2024-01-30,3,48
2024-01-30 04:00,2024-01-30,4,20
2024-01-30 05:00,2024-01-30,5,77
2024-01-30 06:00,2024-01-30,6,368
2024-01-30 07:00,2024-01-30,7,335
2024-01-30 08:00,2024-01-30,8,530
2024-01-30 09:00,2024-01-30,9,405
2024-01-30 10:00,2024-01-30,10,291
2024-01-30 11:00,2024-01-30,11,358
2024-01-30 12:00,2024-01-30,12,424
2024-01-30 13:00,2024-01-30,13,446
2024-01-30 14:00,2024-01-30,14,470
2024-01-30 15:00,2024-01-30,15,466
2024-01-30 16:00,2024-01-30,16,317
2024-01-30 17:00,2024-01-30,17,450
2024-01-30 18:00,2024-01-30,18,684
2024-01-30 19:00,2024-01-30,19,468
2024-01-30 20:00,2024-01-30,20,370
2024-01-30 21:00,2024-01-30,21,201
2024-01-30 22:00,2024-01-30,22,214
2024-01-30 23:00,2024-01-30,23,102
2024-01-31 00:00,2024-01-31,0,91
2024-01-31 01:00,2024-01-31,1,65
2024-01-31 02:00,2024-01-31,2,49
2024-01-31 03:00,2024-01-31,3,42
2024-01-31 04:00,2024-01-31,4,15
2024-01-31 05:00,2024-01-31,5,91
2024-01-31 06:00,2024-01-31,6,342
2024-01-31 07:00,2024-01-31,7,427
2024-01-31 08:00,2024-01-31,8,434
2024-01-31 09:00,2024-01-31,9,578
2024-01-31 10:00,2024-01-31,10,348
2024-01-31 11:00,2024-01-31,11,347
2024-01-31 12:00,2024-01-31,12,385
2024-01-31 13:00,2024-01-31,13,378
2024-01-31 14:00,2024-01-31,14,401
2024-01-31 15:00,2024-01-31,15,480
2024-01-31 16:00,2024-01-31,16,404
2024-01-31 17:00,2024-01-31,17,600
2024-01-31 18:00,2024-01-31,18,717
2024-01-31 19:00,2024-01-31,19,459
2024-01-31 20:00,2024-01-31,20,387
2024-01-31 21:00,2024-01-31,21,311
2024-01-31 22:00,2024-01-31,22,173
2024-01-31 23:00,2024-01-31,23,123
2024-02-01 00:00,2024-02-01,0,85
2024-02-01 01:00,2024-02-01,1,67
2024-02-01 02:00,2024-02-01,2,65
2024-02-01 03:00,2024-02-01,3,35
2024-02-01 04:00,2024-02-01,4,21
2024-02-01 05:00,2024-02-01,5,103
2024-02-01 06:00,2024-02-01,6,365
2024-02-01 07:00,2024-02-01,7,454
2024-02-01 08:00,2024-02-01,8,518
2024-02-01 09:00,2024-02-01,9,618
2024-02-01 10:00,2024-02-01,10,303
2024-02-01 11:00,2024-02-01,11,433
2024-02-01 12:00,2024-02-01,12,419
2024-02-01 13:00,2024-02-01,13,491
2024-02-01 14:00,2024-02-01,14,306
2024-02-01 15:00,2024-02-01,15,453
2024-02-01 16:00,2024-02-01,16,430
2024-02-01 17:00,2024-02-01,17,532
2024-02-01 18:00,2024-02-01,18,650
2024-02-01 19:00,2024-02-01,19,446
2024-02-01 20:00,2024-02-01,20,402
2024-02-01 21:00,2024-02-01,21,229
2024-02-01 22:00,2024-02-01,22,188
2024-02-01 23:00,2024-02-01,23,122
2024-02-02 00:00,2024-02-02,0,95
2024-02-02 01:00,2024-02-02,1,88
2024-02-02 02:00,2024-02-02,2,56
2024-02-02 03:00,2024-02-02,3,36
2024-02-02 04:00,2024-02-02,4,20
2024-02-02 05:00,2024-02-02,5,74
2024-02-02 06:00,2024-02-02,6,257
2024-02-02 07:00,2024-02-02,7,400
2024-02-02 08:00,2024-02-02,8,426
2024-02-02 09:00,2024-02-02,9,436
2024-02-02 10:00,2024-02-02,10,424
2024-02-02 11:00,2024-02-02,11,423
2024-02-02 12:00,2024-02-02,12,332
2024-02-02 13:00,2024-02-02,13,409
2024-02-02 14:00,2024-02-02,14,323
2024-02-02 15:00,2024-02-02,15,339
2024-02-02 16:00,2024-02-02,16,366
2024-02-02 17:00,2024-02-02,17,548
2024-02-02 18:00,2024-02-02,18,760
2024-02-02 19:00,2024-02-02,19,453
2024-02-02 20:00,2024-02-02,20,365
2024-02-02 21:00,2024-02-02,21,248
2024-02-02 22:00,2024-02-02,22,198
2024-02-02 23:00,2024-02-02,23,106
2024-02-03 00:00,2024-02-03,0,75
2024-02-03 01:00,2024-02-03,1,58
2024-02-03 02:00,2024-02-03,2,36
2024-02-03 03:00,2024-02-03,3,36
2024-02-03 04:00,2024-02-03,4,12
2024-02-03 05:00,2024-02-03,5,48
2024-02-03 06:00,2024-02-03,6,255
2024-02-03 07:00,2024-02-03,7,313
2024-02-03 08:00,2024-02-03,8,321
2024-02-03 09:00,2024-02-03,9,371
2024-02-03 10:00,2024-02-03,10,227
2024-02-03 11:00,2024-02-03,11,245
2024-02-03 12:00,2024-02-03,12,319
2024-02-03 13:00,2024-02-03,13,205
2024-02-03 14:00,2024-02-03,14,341
2024-02-03 15:00,2024-02-03,15,284
2024-02-03 16:00,2024-02-03,16,354
2024-02-03 17:00,2024-02-03,17,297
2024-02-03 18:00,2024-02-03,18,475
2024-02-03 19:00,2024-02-03,19,394
2024-02-03 20:00,2024-02-03,20,252
2024-02-03 21:00,2024-02-03,21,161
2024-02-03 22:00,2024-02-03,22,119
2024-02-03 23:00,2024-02-03,23,99
2024-02-04 00:00,2024-02-04,0,61
2024-02-04 01:00,2024-02-04,1,57
2024-02-04 02:00,2024-02-04,2,36
2024-02-04 03:00,2024-02-04,3,21
2024-02-04 04:00,2024-02-04,4,16
2024-02-04 05:00,2024-02-04,5,69
2024-02-04 06:00,2024-02-04,6,222
2024-02-04 07:00,2024-02-04,7,221
2024-02-04 08:00,2024-02-04,8,330
2024-02-04 09:00,2024-02-04,9,432
2024-02-04 10:00,2024-02-04,10,268
2024-02-04 11:00,2024-02-04,11,284
2024-02-04 12:00,2024-02-04,12,353
2024-02-04 13:00,2024-02-04,13,346
2024-02-04 14:00,2024-02-04,14,296
2024-02-04 15:00,2024-02-04,15,250
2024-02-04 16:00,2024-02-04,16,310
2024-02-04 17:00,2024-02-04,17,259
2024-02-04 18:00,2024-02-04,18,321
2024-02-04 19:00,2024-02-04,19,369
2024-02-04 20:00,2024-02-04,20,308
2024-02-04 21:00,2024-02-04,21,144
2024-02-04 22:00,2024-02-04,22,135
2024-02-04 23:00,2024-02-04,23,85
2024-02-05 00:00,2024-02-05,0,125
2024-02-05 01:00,2024-02-05,1,98
2024-02-05 02:00,2024-02-05,2,78
2024-02-05 03:00,2024-02-05,3,47
2024-02-05 04:00,2024-02-05,4,17
2024-02-05 05:00,2024-02-05,5,70
2024-02-05 06:00,2024-02-05,6,375
2024-02-05 07:00,2024-02-05,7,412
2024-02-05 08:00,2024-02-05,8,465
2024-02-05 09:00,2024-02-05,9,404
2024-02-05 10:00,2024-02-05,10,340
2024-02-05 11:00,2024-02-05,11,462
2024-02-05 12:00,2024-02-05,12,569
2024-02-05 13:00,2024-02-05,13,312
2024-02-05 14:00,2024-02-05,14,424
2024-02-05 15:00,2024-02-05,15,510
2024-02-05 16:00,2024-02-05,16,347
2024-02-05 17:00,2024-02-05,17,509
2024-02-05 18:00,2024-02-05,18,724
2024-02-05 19:00,2024-02-05,19,410
2024-02-05 20:00,2024-02-05,20,334
2024-02-05 21:00,2024-02-05,21,267
2024-02-05 22:00,2024-02-05,22,212
2024-02-05 23:00,2024-02-05,23,113
2024-02-06 00:00,2024-02-06,0,97
2024-02-06 01:00,2024-02-06,1,88
2024-02-06 02:00,2024-02-06,2,47
2024-02-06 03:00,2024-02-06,3,40
2024-02-06 04:00,2024-02-06,4,23
2024-02-06 05:00,2024-02-06,5,87
2024-02-06 06:00,2024-02-06,6,248
2024-02-06 07:00,2024-02-06,7,464
2024-02-06 08:00,2024-02-06,8,397
2024-02-06 09:00,2024-02-06,9,405
2024-02-06 10:00,2024-02-06,10,340
2024-02-06 11:00,2024-02-06,11,417
2024-02-06 12:00,2024-02-06,12,349
2024-02-06 13:00,2024-02-06,13,411
2024-02-06 14:00,2024-02-06,14,446
2024-02-06 15:00,2024-02-06,15,507
2024-02-06 16:00,2024-02-06,16,341
2024-02-06 17:00,2024-02-06,17,480
2024-02-06 18:00,2024-02-06,18,639
2024-02-06 19:00,2024-02-06,19,512
2024-02-06 20:00,2024-02-06,20,464
2024-02-06 21:00,2024-02-06,21,206
2024-02-06 22:00,2024-02-06,22,204
2024-02-06 23:00,2024-02-06,23,105
2024-02-07 00:00,2024-02-07,0,130
2024-02-07 01:00,2024-02-07,1,82
2024-02-07 02:00,2024-02-07,2,51
2024-02-07 03:00,2024-02-07,3,35
2024-02-07 04:00,2024-02-07,4,24
2024-02-07 05:00,2024-02-07,5,91
2024-02-07 06:00,2024-02-07,6,382
2024-02-07 07:00,2024-02-07,7,435
2024-02-07 08:00,2024-02-07,8,545
2024-02-07 09:00,2024-02-07,9,485
2024-02-07 10:00,2024-02-07,10,431
2024-02-07 11:00,2024-02-07,11,340
2024-02-07 12:00,2024-02-07,12,539
2024-02-07 13:00,2024-02-07,13,328
2024-02-07 14:00,2024-02-07,14,469
2024-02-07 15:00,2024-02-07,15,502
2024-02-07 16:00,2024-02-07,16,485
2024-02-07 17:00,2024-02-07,17,376
2024-02-07 18:00,2024-02-07,18,565
2024-02-07 19:00,2024-02-07,19,458
2024-02-07 20:00,2024-02-07,20,298
2024-02-07 21:00,2024-02-07,21,221
2024-02-07 22:00,2024-02-07,22,214
2024-02-07 23:00,2024-02-07,23,149
2024-02-08 00:00,2024-02-08,0,103
2024-02-08 01:00,2024-02-08,1,74
2024-02-08 02:00,2024-02-08,2,61
2024-02-08 03:00,2024-02-08,3,47
2024-02-08 04:00,2024-02-08,4,17
2024-02-08 05:00,2024-02-08,5,91
2024-02-08 06:00,2024-02-08,6,288
2024-02-08 07:00,2024-02-08,7,521
2024-02-08 08:00,2024-02-08,8,482
2024-02-08 09:00,2024-02-08,9,429
2024-02-08 10:00,2024-02-08,10,294
2024-02-08 11:00,2024-02-08,11,383
2024-02-08 12:00,2024-02-08,12,509
2024-02-08 13:00,2024-02-08,13,326
2024-02-08 14:00,2024-02-08,14,412
2024-02-08 15:00,2024-02-08,15,389
2024-02-08 16:00,2024-02-08,16,313
2024-02-08 17:00,2024-02-08,17,516
2024-02-08 18:00,2024-02-08,18,735
2024-02-08 19:00,2024-02-08,19,535
2024-02-08 20:00,2024-02-08,20,280
2024-02-08 21:00,2024-02-08,21,268
2024-02-08 22:00,2024-02-08,22,169
2024-02-08 23:00,2024-02-08,23,114
2024-02-09 00:00,2024-02-09,0,78
2024-02-09 01:00,2024-02-09,1,83
2024-02-09 02:00,2024-02-09,2,73
2024-02-09 03:00,2024-02-09,3,34
2024-02-09 04:00,2024-02-09,4,24
2024-02-09 05:00,2024-02-09,5,80
2024-02-09 06:00,2024-02-09,6,248
2024-02-09 07:00,2024-02-09,7,372
2024-02-09 08:00,2024-02-09,8,463
2024-02-09 09:00,2024-02-09,9,472
2024-02-09 10:00,2024-02-09,10,300
2024-02-09 11:00,2024-02-09,11,329
2024-02-09 12:00,2024-02-09,12,399
2024-02-09 13:00,2024-02-09,13,379
2024-02-09 14:00,2024-02-09,14,333
2024-02-09 15:00,2024-02-09,15,485
2024-02-09 16:00,2024-02-09,16,406
2024-02-09 17:00,2024-02-09,17,422
2024-02-09 18:00,2024-02-09,18,561
2024-02-09 19:00,2024-02-09,19,574
2024-02-09 20:00,2024-02-09,20,439
2024-02-09 21:00,2024-02-09,21,283
2024-02-09 22:00,2024-02-09,22,198
2024-02-09 23:00,2024-02-09,23,98
2024-02-10 00:00,2024-02-10,0,77
2024-02-10 01:00,2024-02-10,1,55
2024-02-10 02:00,2024-02-10,2,40
2024-02-10 03:00,2024-02-10,3,22
2024-02-10 04:00,2024-02-10,4,15
2024-02-10 05:00,2024-02-10,5,51
2024-02-10 06:00,2024-02-10,6,212
2024-02-10 07:00,2024-02-10,7,380
2024-02-10 08:00,2024-02-10,8,257
2024-02-10 09:00,2024-02-10,9,304
2024-02-10 10:00,2024-02-10,10,229
2024-02-10 11:00,2024-02-10,11,223
2024-02-10 12:00,2024-02-10,12,378
2024-02-10 13:00,2024-02-10,13,286
2024-02-10 14:00,2024-02-10,14,309
2024-02-10 15:00,2024-02-10,15,336
2024-02-10 16:00,2024-02-10,16,341
2024-02-10 17:00,2024-02-10,17,262
2024-02-10 18:00,2024-02-10,18,522
2024-02-10 19:00,2024-02-10,19,323
2024-02-10 20:00,2024-02-10,20,189
2024-02-10 21:00,2024-02-10,21,163
2024-02-10 22:00,2024-02-10,22,110
2024-02-10 23:00,2024-02-10,23,68
2024-02-11 00:00,2024-02-11,0,57
2024-02-11 01:00,2024-02-11,1,75
2024-02-11 02:00,2024-02-11,2,37
2024-02-11 03:00,2024-02-11,3,23
2024-02-11 04:00,2024-02-11,4,12
2024-02-11 05:00,2024-02-11,5,73
2024-02-11 06:00,2024-02-11,6,258
2024-02-11 07:00,2024-02-11,7,328
2024-02-11 08:00,2024-02-11,8,359
2024-02-11 09:00,2024-02-11,9,349
2024-02-11 10:00,2024-02-11,10,232
2024-02-11 11:00,2024-02-11,11,285
2024-02-11 12:00,2024-02-11,12,343
2024-02-11 13:00,2024-02-11,13,219
2024-02-11 14:00,2024-02-11,14,258
2024-02-11 15:00,2024-02-11,15,242
2024-02-11 16:00,2024-02-11,16,306
2024-02-11 17:00,2024-02-11,17,316
2024-02-11 18:00,2024-02-11,18,388
2024-02-11 19:00,2024-02-11,19,291
2024-02-11 20:00,2024-02-11,20,231
2024-02-11 21:00,2024-02-11,21,182
2024-02-11 22:00,2024-02-11,22,154
2024-02-11 23:00,2024-02-11,23,68
2024-02-12 00:00,2024-02-12,0,124
2024-02-12 01:00,2024-02-12,1,94
2024-02-12 02:00,2024-02-12,2,59
2024-02-12 03:00,2024-02-12,3,50
2024-02-12 04:00,2024-02-12,4,23
2024-02-12 05:00,2024-02-12,5,84
2024-02-12 06:00,2024-02-12,6,244
2024-02-12 07:00,2024-02-12,7,429
2024-02-12 08:00,2024-02-12,8,433
2024-02-12 09:00,2024-02-12,9,492
2024-02-12 10:00,2024-02-12,10,267
2024-02-12 11:00,2024-02-12,11,370
2024-02-12 12:00,2024-02-12,12,570
2024-02-12 13:00,2024-02-12,13,405
2024-02-12 14:00,2024-02-12,14,441
2024-02-12 15:00,2024-02-12,15,417
2024-02-12 16:00,2024-02-12,16,320
2024-02-12 17:00,2024-02-12,17,512
2024-02-12 18:00,2024-02-12,18,737
2024-02-12 19:00,2024-02-12,19,612
2024-02-12 20:00,2024-02-12,20,415
2024-02-12 21:00,2024-02-12,21,315
2024-02-12 22:00,2024-02-12,22,168
2024-02-12 23:00,2024-02-12,23,100
2024-02-13 00:00,2024-02-13,0,112
2024-02-13 01:00,2024-02-13,1,76
2024-02-13 02:00,2024-02-13,2,49
2024-02-13 03:00,2024-02-13,3,40
2024-02-13 04:00,2024-02-13,4,22
2024-02-13 05:00,2024-02-13,5,63
2024-02-13 06:00,2024-02-13,6,298
2024-02-13 07:00,2024-02-13,7,493
2024-02-13 08:00,2024-02-13,8,435
2024-02-13 09:00,2024-02-13,9,628
2024-02-13 10:00,2024-02-13,10,276
2024-02-13 11:00,2024-02-13,11,328
2024-02-13 12:00,2024-02-13,12,350
2024-02-13 13:00,2024-02-13,13,346
2024-02-13 14:00,2024-02-13,14,331
2024-02-13 15:00,2024-02-13,15,361
2024-02-13 16:00,2024-02-13,16,474
2024-02-13 17:00,2024-02-13,17,475
2024-02-13 18:00,2024-02-13,18,465
2024-02-13 19:00,2024-02-13,19,433
2024-02-13 20:00,2024-02-13,20,412
2024-02-13 21:00,2024-02-13,21,209
2024-02-13 22:00,2024-02-13,22,193
2024-02-13 23:00,2024-02-13,23,135
2024-02-14 00:00,2024-02-14,0,99
2024-02-14 01:00,2024-02-14,1,88
2024-02-14 02:00,2024-02-14,2,67
2024-02-14 03:00,2024-02-14,3,51
2024-02-14 04:00,2024-02-14,4,19
2024-02-14 05:00,2024-02-14,5,69
2024-02-14 06:00,2024-02-14,6,293
2024-02-14 07:00,2024-02-14,7,324
2024-02-14 08:00,2024-02-14,8,538
2024-02-14 09:00,2024-02-14,9,417
2024-02-14 10:00,2024-02-14,10,409
2024-02-14 11:00,2024-02-14,11,391
2024-02-14 12:00,2024-02-14,12,470
2024-02-14 13:00,2024-02-14,13,468
2024-02-14 14:00,2024-02-14,14,458
2024-02-14 15:00,2024-02-14,15,348
2024-02-14 16:00,2024-02-14,16,327
2024-02-14 17:00,2024-02-14,17,439
2024-02-14 18:00,2024-02-14,18,562
2024-02-14 19:00,2024-02-14,19,537
2024-02-14 20:00,2024-02-14,20,310
2024-02-14 21:00,2024-02-14,21,245
2024-02-14 22:00,2024-02-14,22,189
2024-02-14 23:00,2024-02-14,23,148
2024-02-15 00:00,2024-02-15,0,93
2024-02-15 01:00,2024-02-15,1,84
2024-02-15 02:00,2024-02-15,2,50
2024-02-15 03:00,2024-02-15,3,49
2024-02-15 04:00,2024-02-15,4,22
2024-02-15 05:00,2024-02-15,5,64
2024-02-15 06:00,2024-02-15,6,324
2024-02-15 07:00,2024-02-15,7,328
2024-02-15 08:00,2024-02-15,8,459
2024-02-15 09:00,2024-02-15,9,367
2024-02-15 10:00,2024-02-15,10,393
2024-02-15 11:00,2024-02-15,11,271
2024-02-15 12:00,2024-02-15,12,446
2024-02-15 13:00,2024-02-15,13,436
2024-02-15 14:00,2024-02-15,14,370
2024-02-15 15:00,2024-02-15,15,474
2024-02-15 16:00,2024-02-15,16,306
2024-02-15 17:00,2024-02-15,17,386
2024-02-15 18:00,2024-02-15,18,741
2024-02-15 19:00,2024-02-15,19,421
2024-02-15 20:00,2024-02-15,20,371
2024-02-15 21:00,2024-02-15,21,300
2024-02-15 22:00,2024-02-15,22,194
2024-02-15 23:00,2024-02-15,23,147
2024-02-16 00:00,2024-02-16,0,114
2024-02-16 01:00,2024-02-16,1,85
2024-02-16 02:00,2024-02-16,2,50
2024-02-16 03:00,2024-02-16,3,45
2024-02-16 04:00,2024-02-16,4,19
2024-02-16 05:00,2024-02-16,5,71
2024-02-16 06:00,2024-02-16,6,407
2024-02-16 07:00,2024-02-16,7,553
2024-02-16 08:00,2024-02-16,8,436
2024-02-16 09:00,2024-02-16,9,478
2024-02-16 10:00,2024-02-16,10,315
2024-02-16 11:00,2024-02-16,11,306
2024-02-16 12:00,2024-02-16,12,560
2024-02-16 13:00,2024-02-16,13,404
2024-02-16 14:00,2024-02-16,14,395
2024-02-16 15:00,2024-02-16,15,339
2024-02-16 16:00,2024-02-16,16,455
2024-02-16 17:00,2024-02-16,17,525
2024-02-16 18:00,2024-02-16,18,533
2024-02-16 19:00,2024-02-16,19,456
2024-02-16 20:00,2024-02-16,20,330
2024-02-16 21:00,2024-02-16,21,195
2024-02-16 22:00,2024-02-16,22,157
2024-02-16 23:00,2024-02-16,23,141
2024-02-17 00:00,2024-02-17,0,50
2024-02-17 01:00,2024-02-17,1,45
2024-02-17 02:00,2024-02-17,2,48
2024-02-17 03:00,2024-02-17,3,32
2024-02-17 04:00,2024-02-17,4,14
2024-02-17 05:00,2024-02-17,5,71
2024-02-17 06:00,2024-02-17,6,244
2024-02-17 07:00,2024-02-17,7,214
2024-02-17 08:00,2024-02-17,8,356
2024-02-17 09:00,2024-02-17,9,296
2024-02-17 10:00,2024-02-17,10,183
2024-02-17 11:00,2024-02-17,11,282
2024-02-17 12:00,2024-02-17,12,233
2024-02-17 13:00,2024-02-17,13,210
2024-02-17 14:00,2024-02-17,14,245
2024-02-17 15:00,2024-02-17,15,346
2024-02-17 16:00,2024-02-17,16,343
2024-02-17 17:00,2024-02-17,17,379
2024-02-17 18:00,2024-02-17,18,343
2024-02-17 19:00,2024-02-17,19,282
2024-02-17 20:00,2024-02-17,20,190
2024-02-17 21:00,2024-02-17,21,178
2024-02-17 22:00,2024-02-17,22,106
2024-02-17 23:00,2024-02-17,23,108
2024-02-18 00:00,2024-02-18,0,89
2024-02-18 01:00,2024-02-18,1,72
2024-02-18 02:00,2024-02-18,2,45
2024-02-18 03:00,2024-02-18,3,23
2024-02-18 04:00,2024-02-18,4,17
2024-02-18 05:00,2024-02-18,5,48
2024-02-18 06:00,2024-02-18,6,263
2024-02-18 07:00,2024-02-18,7,282
2024-02-18 08:00,2024-02-18,8,401
2024-02-18 09:00,2024-02-18,9,391
2024-02-18 10:00,2024-02-18,10,222
2024-02-18 11:00,2024-02-18,11,261
2024-02-18 12:00,2024-02-18,12,242
2024-02-18 13:00,2024-02-18,13,221
2024-02-18 14:00,2024-02-18,14,344
2024-02-18 15:00,2024-02-18,15,349
2024-02-18 16:00,2024-02-18,16,235
2024-02-18 17:00,2024-02-18,17,381
2024-02-18 18:00,2024-02-18,18,436
2024-02-18 19:00,2024-02-18,19,398
2024-02-18 20:00,2024-02-18,20,274
2024-02-18 21:00,2024-02-18,21,153
2024-02-18 22:00,2024-02-18,22,126
2024-02-18 23:00,2024-02-18,23,63
2024-02-19 00:00,2024-02-19,0,112
2024-02-19 01:00,2024-02-19,1,84
2024-02-19 02:00,2024-02-19,2,54
2024-02-19 03:00,2024-02-19,3,41
2024-02-19 04:00,2024-02-19,4,21
2024-02-19 05:00,2024-02-19,5,105
2024-02-19 06:00,2024-02-19,6,334
2024-02-19 07:00,2024-02-19,7,443
2024-02-19 08:00,2024-02-19,8,550
2024-02-19 09:00,2024-02-19,9,384
2024-02-19 10:00,2024-02-19,10,355
2024-02-19 11:00,2024-02-19,11,414
2024-02-19 12:00,2024-02-19,12,382
2024-02-19 13:00,2024-02-19,13,433
2024-02-19 14:00,2024-02-19,14,453
2024-02-19 15:00,2024-02-19,15,472
2024-02-19 16:00,2024-02-19,16,491
2024-02-19 17:00,2024-02-19,17,393
2024-02-19 18:00,2024-02-19,18,739
2024-02-19 19:00,2024-02-19,19,434
2024-02-19 20:00,2024-02-19,20,315
2024-02-19 21:00,2024-02-19,21,268
2024-02-19 22:00,2024-02-19,22,221
2024-02-19 23:00,2024-02-19,23,109
2024-02-20 00:00,2024-02-20,0,128
2024-02-20 01:00,2024-02-20,1,99
2024-02-20 02:00,2024-02-20,2,60
2024-02-20 03:00,2024-02-20,3,31
2024-02-20 04:00,2024-02-20,4,23
2024-02-20 05:00,2024-02-20,5,89
2024-02-20 06:00,2024-02-20,6,348
2024-02-20 07:00,2024-02-20,7,467
2024-02-20 08:00,2024-02-20,8,544
2024-02-20 09:00,2024-02-20,9,413
2024-02-20 10:00,2024-02-20,10,421
2024-02-20 11:00,2024-02-20,11,386
2024-02-20 12:00,2024-02-20,12,366
2024-02-20 13:00,2024-02-20,13,421
2024-02-20 14:00,2024-02-20,14,473
2024-02-20 15:00,2024-02-20,15,412
2024-02-20 16:00,2024-02-20,16,348
2024-02-20 17:00,2024-02-20,17,394
2024-02-20 18:00,2024-02-20,18,601
2024-02-20 19:00,2024-02-20,19,383
2024-02-20 20:00,2024-02-20,20,432
2024-02-20 21:00,2024-02-20,21,202
2024-02-20 22:00,2024-02-20,22,148
2024-02-20 23:00,2024-02-20,23,97
2024-02-21 00:00,2024-02-21,0,88
2024-02-21 01:00,2024-02-21,1,90
2024-02-21 02:00,2024-02-21,2,70
2024-02-21 03:00,2024-02-21,3,47
2024-02-21 04:00,2024-02-21,4,16
2024-02-21 05:00,2024-02-21,5,63
2024-02-21 06:00,2024-02-21,6,303
2024-02-21 07:00,2024-02-21,7,480
2024-02-21 08:00,2024-02-21,8,436
2024-02-21 09:00,2024-02-21,9,394
2024-02-21 10:00,2024-02-21,10,283
2024-02-21 11:00,2024-02-21,11,429
2024-02-21 12:00,2024-02-21,12,368
2024-02-21 13:00,2024-02-21,13,291
2024-02-21 14:00,2024-02-21,14,331
2024-02-21 15:00,2024-02-21,15,436
2024-02-21 16:00,2024-02-21,16,325
2024-02-21 17:00,2024-02-21,17,555
2024-02-21 18:00,2024-02-21,18,663
2024-02-21 19:00,2024-02-21,19,420
2024-02-21 20:00,2024-02-21,20,444
2024-02-21 21:00,2024-02-21,21,181
2024-02-21 22:00,2024-02-21,22,136
2024-02-21 23:00,2024-02-21,23,133
2024-02-22 00:00,2024-02-22,0,114
2024-02-22 01:00,2024-02-22,1,61
2024-02-22 02:00,2024-02-22,2,54
2024-02-22 03:00,2024-02-22,3,44
2024-02-22 04:00,2024-02-22,4,18
2024-02-22 05:00,2024-02-22,5,62
2024-02-22 06:00,2024-02-22,6,328
2024-02-22 07:00,2024-02-22,7,309
2024-02-22 08:00,2024-02-22,8,442
2024-02-22 09:00,2024-02-22,9,423
2024-02-22 10:00,2024-02-22,10,343
2024-02-22 11:00,2024-02-22,11,446
2024-02-22 12:00,2024-02-22,12,344
2024-02-22 13:00,2024-02-22,13,351
2024-02-22 14:00,2024-02-22,14,470
2024-02-22 15:00,2024-02-22,15,519
2024-02-22 16:00,2024-02-22,16,433
2024-02-22 17:00,2024-02-22,17,573
2024-02-22 18:00,2024-02-22,18,487
2024-02-22 19:00,2024-02-22,19,398
2024-02-22 20:00,2024-02-22,20,347
2024-02-22 21:00,2024-02-22,21,232
2024-02-22 22:00,2024-02-22,22,152
2024-02-22 23:00,2024-02-22,23,106
2024-02-23 00:00,2024-02-23,0,127
2024-02-23 01:00,2024-02-23,1,88
2024-02-23 02:00,2024-02-23,2,49
2024-02-23 03:00,2024-02-23,3,49
2024-02-23 04:00,2024-02-23,4,22
2024-02-23 05:00,2024-02-23,5,87
2024-02-23 06:00,2024-02-23,6,293
2024-02-23 07:00,2024-02-23,7,464
2024-02-23 08:00,2024-02-23,8,347
2024-02-23 09:00,2024-02-23,9,590
2024-02-23 10:00,2024-02-23,10,322
2024-02-23 11:00,2024-02-23,11,439
2024-02-23 12:00,2024-02-23,12,367
2024-02-23 13:00,2024-02-23,13,463
2024-02-23 14:00,2024-02-23,14,492
2024-02-23 15:00,2024-02-23,15,472
2024-02-23 16:00,2024-02-23,16,325
2024-02-23 17:00,2024-02-23,17,576
2024-02-23 18:00,2024-02-23,18,768
2024-02-23 19:00,2024-02-23,19,614
2024-02-23 20:00,2024-02-23,20,463
2024-02-23 21:00,2024-02-23,21,204
2024-02-23 22:00,2024-02-23,22,223
2024-02-23 23:00,2024-02-23,23,99
2024-02-24 00:00,2024-02-24,0,69
2024-02-24 01:00,2024-02-24,1,42
2024-02-24 02:00,2024-02-24,2,39
2024-02-24 03:00,2024-02-24,3,33
2024-02-24 04:00,2024-02-24,4,18
2024-02-24 05:00,2024-02-24,5,46
2024-02-24 06:00,2024-02-24,6,222
2024-02-24 07:00,2024-02-24,7,218
2024-02-24 08:00,2024-02-24,8,244
2024-02-24 09:00,2024-02-24,9,424
2024-02-24 10:00,2024-02-24,10,188
2024-02-24 11:00,2024-02-24,11,264
2024-02-24 12:00,2024-02-24,12,316
2024-02-24 13:00,2024-02-24,13,259
2024-02-24 14:00,2024-02-24,14,313
2024-02-24 15:00,2024-02-24,15,367
2024-02-24 16:00,2024-02-24,16,234
2024-02-24 17:00,2024-02-24,17,285
2024-02-24 18:00,2024-02-24,18,338
2024-02-24 19:00,2024-02-24,19,390
2024-02-24 20:00,2024-02-24,20,236
2024-02-24 21:00,2024-02-24,21,214
2024-02-24 22:00,2024-02-24,22,121
2024-02-24 23:00,2024-02-24,23,72
2024-02-25 00:00,2024-02-25,0,85
2024-02-25 01:00,2024-02-25,1,50
2024-02-25 02:00,2024-02-25,2,51
2024-02-25 03:00,2024-02-25,3,25
2024-02-25 04:00,2024-02-25,4,17
2024-02-25 05:00,2024-02-25,5,65
2024-02-25 06:00,2024-02-25,6,258
2024-02-25 07:00,2024-02-25,7,284
2024-02-25 08:00,2024-02-25,8,271
2024-02-25 09:00,2024-02-25,9,333
2024-02-25 10:00,2024-02-25,10,267
2024-02-25 11:00,2024-02-25,11,318
2024-02-25 12:00,2024-02-25,12,332
2024-02-25 13:00,2024-02-25,13,217
2024-02-25 14:00,2024-02-25,14,380
2024-02-25 15:00,2024-02-25,15,263
2024-02-25 16:00,2024-02-25,16,324
2024-02-25 17:00,2024-02-25,17,289
2024-02-25 18:00,2024-02-25,18,568
2024-02-25 19:00,2024-02-25,19,280
2024-02-25 20:00,2024-02-25,20,239
2024-02-25 21:00,2024-02-25,21,159
2024-02-25 22:00,2024-02-25,22,118
2024-02-25 23:00,2024-02-25,23,110
2024-02-26 00:00,2024-02-26,0,91
2024-02-26 01:00,2024-02-26,1,74
2024-02-26 02:00,2024-02-26,2,61
2024-02-26 03:00,2024-02-26,3,40
2024-02-26 04:00,2024-02-26,4,16
2024-02-26 05:00,2024-02-26,5,73
2024-02-26 06:00,2024-02-26,6,310
2024-02-26 07:00,2024-02-26,7,505
2024-02-26 08:00,2024-02-26,8,426
2024-02-26 09:00,2024-02-26,9,576
2024-02-26 10:00,2024-02-26,10,323
2024-02-26 11:00,2024-02-26,11,272
2024-02-26 12:00,2024-02-26,12,490
2024-02-26 13:00,2024-02-26,13,358
2024-02-26 14:00,2024-02-26,14,406
2024-02-26 15:00,2024-02-26,15,401
2024-02-26 16:00,2024-02-26,16,498
2024-02-26 17:00,2024-02-26,17,438
2024-02-26 18:00,2024-02-26,18,661
2024-02-26 19:00,2024-02-26,19,422
2024-02-26 20:00,2024-02-26,20,415
2024-02-26 21:00,2024-02-26,21,289
2024-02-26 22:00,2024-02-26,22,159
2024-02-26 23:00,2024-02-26,23,150
2024-02-27 00:00,2024-02-27,0,123
2024-02-27 01:00,2024-02-27,1,99
2024-02-27 02:00,2024-02-27,2,60
2024-02-27 03:00,2024-02-27,3,32
2024-02-27 04:00,2024-02-27,4,22
2024-02-27 05:00,2024-02-27,5,71
2024-02-27 06:00,2024-02-27,6,351
2024-02-27 07:00,2024-02-27,7,423
2024-02-27 08:00,2024-02-27,8,424
2024-02-27 09:00,2024-02-27,9,549
2024-02-27 10:00,2024-02-27,10,356
2024-02-27 11:00,2024-02-27,11,309
2024-02-27 12:00,2024-02-27,12,414
2024-02-27 13:00,2024-02-27,13,350
2024-02-27 14:00,2024-02-27,14,380
2024-02-27 15:00,2024-02-27,15,464
2024-02-27 16:00,2024-02-27,16,422
2024-02-27 17:00,2024-02-27,17,438
2024-02-27 18:00,2024-02-27,18,483
2024-02-27 19:00,2024-02-27,19,584
2024-02-27 20:00,2024-02-27,20,372
2024-02-27 21:00,2024-02-27,21,252
2024-02-27 22:00,2024-02-27,22,184
2024-02-27 23:00,2024-02-27,23,100
2024-02-28 00:00,2024-02-28,0,121
2024-02-28 01:00,2024-02-28,1,63
2024-02-28 02:00,2024-02-28,2,66
2024-02-28 03:00,2024-02-28,3,49
2024-02-28 04:00,2024-02-28,4,18
2024-02-28 05:00,2024-02-28,5,90
2024-02-28 06:00,2024-02-28,6,266
2024-02-28 07:00,2024-02-28,7,395
2024-02-28 08:00,2024-02-28,8,465
2024-02-28 09:00,2024-02-28,9,622
2024-02-28 10:00,2024-02-28,10,425
2024-02-28 11:00,2024-02-28,11,327
2024-02-28 12:00,2024-02-28,12,363
2024-02-28 13:00,2024-02-28,13,297
2024-02-28 14:00,2024-02-28,14,373
2024-02-28 15:00,2024-02-28,15,448
2024-02-28 16:00,2024-02-28,16,327
2024-02-28 17:00,2024-02-28,17,553
2024-02-28 18:00,2024-02-28,18,492
2024-02-28 19:00,2024-02-28,19,616
2024-02-28 20:00,2024-02-28,20,330
2024-02-28 21:00,2024-02-28,21,236
2024-02-28 22:00,2024-02-28,22,145
2024-02-28 23:00,2024-02-28,23,108
2024-02-29 00:00,2024-02-29,0,88
2024-02-29 01:00,2024-02-29,1,68
2024-02-29 02:00,2024-02-29,2,49
2024-02-29 03:00,2024-02-29,3,38
2024-02-29 04:00,2024-02-29,4,20
2024-02-29 05:00,2024-02-29,5,89
2024-02-29 06:00,2024-02-29,6,283
2024-02-29 07:00,2024-02-29,7,519
2024-02-29 08:00,2024-02-29,8,346
2024-02-29 09:00,2024-02-29,9,461
2024-02-29 10:00,2024-02-29,10,343
2024-02-29 11:00,2024-02-29,11,423
2024-02-29 12:00,2024-02-29,12,474
2024-02-29 13:00,2024-02-29,13,340
2024-02-29 14:00,2024-02-29,14,345
2024-02-29 15:00,2024-02-29,15,382
2024-02-29 16:00,2024-02-29,16,369
2024-02-29 17:00,2024-02-29,17,398
2024-02-29 18:00,2024-02-29,18,511
2024-02-29 19:00,2024-02-29,19,443
2024-02-29 20:00,2024-02-29,20,313
2024-02-29 21:00,2024-02-29,21,280
2024-02-29 22:00,2024-02-29,22,195
2024-02-29 23:00,2024-02-29,23,110
2024-03-01 00:00,2024-03-01,0,122
2024-03-01 01:00,2024-03-01,1,96
2024-03-01 02:00,2024-03-01,2,76
2024-03-01 03:00,2024-03-01,3,35
2024-03-01 04:00,2024-03-01,4,25
2024-03-01 05:00,2024-03-01,5,76
2024-03-01 06:00,2024-03-01,6,284
2024-03-01 07:00,2024-03-01,7,442
2024-03-01 08:00,2024-03-01,8,548
2024-03-01 09:00,2024-03-01,9,583
2024-03-01 10:00,2024-03-01,10,372
2024-03-01 11:00,2024-03-01,11,305
2024-03-01 12:00,2024-03-01,12,415
2024-03-01 13:00,2024-03-01,13,328
2024-03-01 14:00,2024-03-01,14,425
2024-03-01 15:00,2024-03-01,15,455
2024-03-01 16:00,2024-03-01,16,448
2024-03-01 17:00,2024-03-01,17,421
2024-03-01 18:00,2024-03-01,18,561
2024-03-01 19:00,2024-03-01,19,548
2024-03-01 20:00,2024-03-01,20,364
2024-03-01 21:00,2024-03-01,21,239
2024-03-01 22:00,2024-03-01,22,225
2024-03-01 23:00,2024-03-01,23,110
2024-03-02 00:00,2024-03-02,0,80
2024-03-02 01:00,2024-03-02,1,67
2024-03-02 02:00,2024-03-02,2,52
2024-03-02 03:00,2024-03-02,3,22
2024-03-02 04:00,2024-03-02,4,14
2024-03-02 05:00,2024-03-02,5,64
2024-03-02 06:00,2024-03-02,6,211
2024-03-02 07:00,2024-03-02,7,302
2024-03-02 08:00,2024-03-02,8,232
2024-03-02 09:00,2024-03-02,9,387
2024-03-02 10:00,2024-03-02,10,179
2024-03-02 11:00,2024-03-02,11,235
2024-03-02 12:00,2024-03-02,12,323
2024-03-02 13:00,2024-03-02,13,284
2024-03-02 14:00,2024-03-02,14,269
2024-03-02 15:00,2024-03-02,15,360
2024-03-02 16:00,2024-03-02,16,248
2024-03-02 17:00,2024-03-02,17,267
2024-03-02 18:00,2024-03-02,18,502
2024-03-02 19:00,2024-03-02,19,378
2024-03-02 20:00,2024-03-02,20,189
2024-03-02 21:00,2024-03-02,21,137
2024-03-02 22:00,2024-03-02,22,173
2024-03-02 23:00,2024-03-02,23,73
2024-03-03 00:00,2024-03-03,0,62
2024-03-03 01:00,2024-03-03,1,57
2024-03-03 02:00,2024-03-03,2,47
2024-03-03 03:00,2024-03-03,3,35
2024-03-03 04:00,2024-03-03,4,15
2024-03-03 05:00,2024-03-03,5,51
2024-03-03 06:00,2024-03-03,6,263
2024-03-03 07:00,2024-03-03,7,319
2024-03-03 08:00,2024-03-03,8,300
2024-03-03 09:00,2024-03-03,9,313
2024-03-03 10:00,2024-03-03,10,234
2024-03-03 11:00,2024-03-03,11,314
2024-03-03 12:00,2024-03-03,12,242
2024-03-03 13:00,2024-03-03,13,298
2024-03-03 14:00,2024-03-03,14,279
2024-03-03 15:00,2024-03-03,15,309
2024-03-03 16:00,2024-03-03,16,325
2024-03-03 17:00,2024-03-03,17,385
2024-03-03 18:00,2024-03-03,18,551
2024-03-03 19:00,2024-03-03,19,313
2024-03-03 20:00,2024-03-03,20,208
2024-03-03 21:00,2024-03-03,21,152
2024-03-03 22:00,2024-03-03,22,151
2024-03-03 23:00,2024-03-03,23,65
2024-03-04 00:00,2024-03-04,0,122
2024-03-04 01:00,2024-03-04,1,79
2024-03-04 02:00,2024-03-04,2,72
2024-03-04 03:00,2024-03-04,3,50
2024-03-04 04:00,2024-03-04,4,26
2024-03-04 05:00,2024-03-04,5,64
2024-03-04 06:00,2024-03-04,6,241
2024-03-04 07:00,2024-03-04,7,513
2024-03-04 08:00,2024-03-04,8,561
2024-03-04 09:00,2024-03-04,9,390
2024-03-04 10:00,2024-03-04,10,340
2024-03-04 11:00,2024-03-04,11,433
2024-03-04 12:00,2024-03-04,12,363
2024-03-04 13:00,2024-03-04,13,426
2024-03-04 14:00,2024-03-04,14,392
2024-03-04 15:00,2024-03-04,15,515
2024-03-04 16:00,2024-03-04,16,428
2024-03-04 17:00,2024-03-04,17,580
2024-03-04 18:00,2024-03-04,18,659
2024-03-04 19:00,2024-03-04,19,478
2024-03-04 20:00,2024-03-04,20,495
2024-03-04 21:00,2024-03-04,21,305
2024-03-04 22:00,2024-03-04,22,223
2024-03-04 23:00,2024-03-04,23,111
2024-03-05 00:00,2024-03-05,0,116
2024-03-05 01:00,2024-03-05,1,80
2024-03-05 02:00,2024-03-05,2,53
2024-03-05 03:00,2024-03-05,3,34
2024-03-05 04:00,2024-03-05,4,19
2024-03-05 05:00,2024-03-05,5,69
2024-03-05 06:00,2024-03-05,6,311
2024-03-05 07:00,2024-03-05,7,385
2024-03-05 08:00,2024-03-05,8,441
2024-03-05 09:00,2024-03-05,9,478
2024-03-05 10:00,2024-03-05,10,375
2024-03-05 11:00,2024-03-05,11,323
2024-03-05 12:00,2024-03-05,12,441
2024-03-05 13:00,2024-03-05,13,301
2024-03-05 14:00,2024-03-05,14,439
2024-03-05 15:00,2024-03-05,15,423
2024-03-05 16:00,2024-03-05,16,346
2024-03-05 17:00,2024-03-05,17,380
2024-03-05 18:00,2024-03-05,18,653
2024-03-05 19:00,2024-03-05,19,420
2024-03-05 20:00,2024-03-05,20,424
2024-03-05 21:00,2024-03-05,21,283
2024-03-05 22:00,2024-03-05,22,219
2024-03-05 23:00,2024-03-05,23,141
2024-03-06 00:00,2024-03-06,0,89
2024-03-06 01:00,2024-03-06,1,103
2024-03-06 02:00,2024-03-06,2,75
2024-03-06 03:00,2024-03-06,3,47
2024-03-06 04:00,2024-03-06,4,16
2024-03-06 05:00,2024-03-06,5,67
2024-03-06 06:00,2024-03-06,6,331
2024-03-06 07:00,2024-03-06,7,506
2024-03-06 08:00,2024-03-06,8,382
2024-03-06 09:00,2024-03-06,9,517
2024-03-06 10:00,2024-03-06,10,411
2024-03-06 11:00,2024-03-06,11,406
2024-03-06 12:00,2024-03-06,12,349
2024-03-06 13:00,2024-03-06,13,354
2024-03-06 14:00,2024-03-06,14,431
2024-03-06 15:00,2024-03-06,15,412
2024-03-06 16:00,2024-03-06,16,395
2024-03-06 17:00,2024-03-06,17,496
2024-03-06 18:00,2024-03-06,18,469
2024-03-06 19:00,2024-03-06,19,550
2024-03-06 20:00,2024-03-06,20,441
2024-03-06 21:00,2024-03-06,21,245
2024-03-06 22:00,2024-03-06,22,200
2024-03-06 23:00,2024-03-06,23,100
2024-03-07 00:00,2024-03-07,0,99
2024-03-07 01:00,2024-03-07,1,100
2024-03-07 02:00,2024-03-07,2,67
2024-03-07 03:00,2024-03-07,3,36
2024-03-07 04:00,2024-03-07,4,21
2024-03-07 05:00,2024-03-07,5,90
2024-03-07 06:00,2024-03-07,6,328
2024-03-07 07:00,2024-03-07,7,484
2024-03-07 08:00,2024-03-07,8,542
2024-03-07 09:00,2024-03-07,9,445
2024-03-07 10:00,2024-03-07,10,384
2024-03-07 11:00,2024-03-07,11,324
2024-03-07 12:00,2024-03-07,12,385
2024-03-07 13:00,2024-03-07,13,436
2024-03-07 14:00,2024-03-07,14,348
2024-03-07 15:00,2024-03-07,15,355
2024-03-07 16:00,2024-03-07,16,385
2024-03-07 17:00,2024-03-07,17,506
2024-03-07 18:00,2024-03-07,18,706
2024-03-07 19:00,2024-03-07,19,582
2024-03-07 20:00,2024-03-07,20,326
2024-03-07 21:00,2024-03-07,21,193
2024-03-07 22:00,2024-03-07,22,140
2024-03-07 23:00,2024-03-07,23,127
2024-03-08 00:00,2024-03-08,0,118
2024-03-08 01:00,2024-03-08,1,85
2024-03-08 02:00,2024-03-08,2,51
2024-03-08 03:00,2024-03-08,3,41
2024-03-08 04:00,2024-03-08,4,17
2024-03-08 05:00,2024-03-08,5,63
2024-03-08 06:00,2024-03-08,6,279
2024-03-08 07:00,2024-03-08,7,321
2024-03-08 08:00,2024-03-08,8,549
2024-03-08 09:00,2024-03-08,9,578
2024-03-08 10:00,2024-03-08,10,400
2024-03-08 11:00,2024-03-08,11,369
2024-03-08 12:00,2024-03-08,12,354
2024-03-08 13:00,2024-03-08,13,417
2024-03-08 14:00,2024-03-08,14,447
2024-03-08 15:00,2024-03-08,15,336
2024-03-08 16:00,2024-03-08,16,435
2024-03-08 17:00,2024-03-08,17,520
2024-03-08 18:00,2024-03-08,18,702
2024-03-08 19:00,2024-03-08,19,472
2024-03-08 20:00,2024-03-08,20,306
2024-03-08 21:00,2024-03-08,21,278
2024-03-08 22:00,2024-03-08,22,216
2024-03-08 23:00,2024-03-08,23,102
2024-03-09 00:00,2024-03-09,0,78
2024-03-09 01:00,2024-03-09,1,68
2024-03-09 02:00,2024-03-09,2,35
2024-03-09 03:00,2024-03-09,3,25
2024-03-09 04:00,2024-03-09,4,15
2024-03-09 05:00,2024-03-09,5,46
2024-03-09 06:00,2024-03-09,6,255
2024-03-09 07:00,2024-03-09,7,366
2024-03-09 08:00,2024-03-09,8,247
2024-03-09 09:00,2024-03-09,9,378
2024-03-09 10:00,2024-03-09,10,250
2024-03-09 11:00,2024-03-09,11,288
2024-03-09 12:00,2024-03-09,12,244
2024-03-09 13:00,2024-03-09,13,211
2024-03-09 14:00,2024-03-09,14,348
2024-03-09 15:00,2024-03-09,15,325
2024-03-09 16:00,2024-03-09,16,280
2024-03-09 17:00,2024-03-09,17,279
2024-03-09 18:00,2024-03-09,18,525
2024-03-09 19:00,2024-03-09,19,381
2024-03-09 20:00,2024-03-09,20,320
2024-03-09 21:00,2024-03-09,21,208
2024-03-09 22:00,2024-03-09,22,147
2024-03-09 23:00,2024-03-09,23,71
2024-03-10 00:00,2024-03-10,0,75
2024-03-10 01:00,2024-03-10,1,42
2024-03-10 02:00,2024-03-10,2,53
2024-03-10 03:00,2024-03-10,3,28
2024-03-10 04:00,2024-03-10,4,15
2024-03-10 05:00,2024-03-10,5,62
2024-03-10 06:00,2024-03-10,6,247
2024-03-10 07:00,2024-03-10,7,259
2024-03-10 08:00,2024-03-10,8,233
2024-03-10 09:00,2024-03-10,9,376
2024-03-10 10:00,2024-03-10,10,187
2024-03-10 11:00,2024-03-10,11,248
2024-03-10 12:00,2024-03-10,12,244
2024-03-10 13:00,2024-03-10,13,248
2024-03-10 14:00,2024-03-10,14,324
2024-03-10 15:00,2024-03-10,15,296
2024-03-10 16:00,2024-03-10,16,223
2024-03-10 17:00,2024-03-10,17,378
2024-03-10 18:00,2024-03-10,18,415
2024-03-10 19:00,2024-03-10,19,253
2024-03-10 20:00,2024-03-10,20,181
2024-03-10 21:00,2024-03-10,21,213
2024-03-10 22:00,2024-03-10,22,144
2024-03-10 23:00,2024-03-10,23,74
2024-03-11 00:00,2024-03-11,0,115
2024-03-11 01:00,2024-03-11,1,96
2024-03-11 02:00,2024-03-11,2,68
2024-03-11 03:00,2024-03-11,3,38
2024-03-11 04:00,2024-03-11,4,24
2024-03-11 05:00,2024-03-11,5,75
2024-03-11 06:00,2024-03-11,6,385
2024-03-11 07:00,2024-03-11,7,429
2024-03-11 08:00,2024-03-11,8,431
2024-03-11 09:00,2024-03-11,9,455
2024-03-11 10:00,2024-03-11,10,410
2024-03-11 11:00,2024-03-11,11,467
2024-03-11 12:00,2024-03-11,12,477
2024-03-11 13:00,2024-03-11,13,336
2024-03-11 14:00,2024-03-11,14,471
2024-03-11 15:00,2024-03-11,15,535
2024-03-11 16:00,2024-03-11,16,481
2024-03-11 17:00,2024-03-11,17,607
2024-03-11 18:00,2024-03-11,18,481
2024-03-11 19:00,2024-03-11,19,481
2024-03-11 20:00,2024-03-11,20,406
2024-03-11 21:00,2024-03-11,21,229
2024-03-11 22:00,2024-03-11,22,166
2024-03-11 23:00,2024-03-11,23,102
2024-03-12 00:00,2024-03-12,0,84
2024-03-12 01:00,2024-03-12,1,63
2024-03-12 02:00,2024-03-12,2,67
2024-03-12 03:00,2024-03-12,3,45
2024-03-12 04:00,2024-03-12,4,15
2024-03-12 05:00,2024-03-12,5,86
2024-03-12 06:00,2024-03-12,6,352
2024-03-12 07:00,2024-03-12,7,364
2024-03-12 08:00,2024-03-12,8,358
2024-03-12 09:00,2024-03-12,9,445
2024-03-12 10:00,2024-03-12,10,340
2024-03-12 11:00,2024-03-12,11,425
2024-03-12 12:00,2024-03-12,12,535
2024-03-12 13:00,2024-03-12,13,371
2024-03-12 14:00,2024-03-12,14,480
2024-03-12 15:00,2024-03-12,15,376
2024-03-12 16:00,2024-03-12,16,305
2024-03-12 17:00,2024-03-12,17,369
2024-03-12 18:00,2024-03-12,18,562
2024-03-12 19:00,2024-03-12,19,531
2024-03-12 20:00,2024-03-12,20,288
2024-03-12 21:00,2024-03-12,21,208
2024-03-12 22:00,2024-03-12,22,162
2024-03-12 23:00,2024-03-12,23,152
2024-03-13 00:00,2024-03-13,0,90
2024-03-13 01:00,2024-03-13,1,94
2024-03-13 02:00,2024-03-13,2,70
2024-03-13 03:00,2024-03-13,3,49
2024-03-13 04:00,2024-03-13,4,22
2024-03-13 05:00,2024-03-13,5,68
2024-03-13 06:00,2024-03-13,6,264
2024-03-13 07:00,2024-03-13,7,435
2024-03-13 08:00,2024-03-13,8,463
2024-03-13 09:00,2024-03-13,9,580
2024-03-13 10:00,2024-03-13,10,398
2024-03-13 11:00,2024-03-13,11,364
2024-03-13 12:00,2024-03-13,12,453
2024-03-13 13:00,2024-03-13,13,345
2024-03-13 14:00,2024-03-13,14,305
2024-03-13 15:00,2024-03-13,15,437
2024-03-13 16:00,2024-03-13,16,354
2024-03-13 17:00,2024-03-13,17,504
2024-03-13 18:00,2024-03-13,18,501
2024-03-13 19:00,2024-03-13,19,483
2024-03-13 20:00,2024-03-13,20,411
2024-03-13 21:00,2024-03-13,21,205
2024-03-13 22:00,2024-03-13,22,210
2024-03-13 23:00,2024-03-13,23,155
2024-03-14 00:00,2024-03-14,0,121
2024-03-14 01:00,2024-03-14,1,80
2024-03-14 02:00,2024-03-14,2,50
2024-03-14 03:00,2024-03-14,3,46
2024-03-14 04:00,2024-03-14,4,23
2024-03-14 05:00,2024-03-14,5,80
2024-03-14 06:00,2024-03-14,6,390
2024-03-14 07:00,2024-03-14,7,362
2024-03-14 08:00,2024-03-14,8,520
2024-03-14 09:00,2024-03-14,9,500
2024-03-14 10:00,2024-03-14,10,266
2024-03-14 11:00,2024-03-14,11,387
2024-03-14 12:00,2024-03-14,12,457
2024-03-14 13:00,2024-03-14,13,454
2024-03-14 14:00,2024-03-14,14,438
2024-03-14 15:00,2024-03-14,15,518
2024-03-14 16:00,2024-03-14,16,346
2024-03-14 17:00,2024-03-14,17,463
2024-03-14 18:00,2024-03-14,18,579
2024-03-14 19:00,2024-03-14,19,382
2024-03-14 20:00,2024-03-14,20,328
2024-03-14 21:00,2024-03-14,21,288
2024-03-14 22:00,2024-03-14,22,174
2024-03-14 23:00,2024-03-14,23,146
2024-03-15 00:00,2024-03-15,0,106
2024-03-15 01:00,2024-03-15,1,84
2024-03-15 02:00,2024-03-15,2,49
2024-03-15 03:00,2024-03-15,3,41
2024-03-15 04:00,2024-03-15,4,23
2024-03-15 05:00,2024-03-15,5,94
2024-03-15 06:00,2024-03-15,6,330
2024-03-15 07:00,2024-03-15,7,364
2024-03-15 08:00,2024-03-15,8,422
2024-03-15 09:00,2024-03-15,9,465
2024-03-15 10:00,2024-03-15,10,421
2024-03-15 11:00,2024-03-15,11,283
2024-03-15 12:00,2024-03-15,12,365
2024-03-15 13:00,2024-03-15,13,303
2024-03-15 14:00,2024-03-15,14,457
2024-03-15 15:00,2024-03-15,15,429
2024-03-15 16:00,2024-03-15,16,321
2024-03-15 17:00,2024-03-15,17,465
2024-03-15 18:00,2024-03-15,18,540
2024-03-15 19:00,2024-03-15,19,508
2024-03-15 20:00,2024-03-15,20,287
2024-03-15 21:00,2024-03-15,21,283
2024-03-15 22:00,2024-03-15,22,167
2024-03-15 23:00,2024-03-15,23,115
2024-03-16 00:00,2024-03-16,0,59
2024-03-16 01:00,2024-03-16,1,61
2024-03-16 02:00,2024-03-16,2,31
2024-03-16 03:00,2024-03-16,3,34
2024-03-16 04:00,2024-03-16,4,14
2024-03-16 05:00,2024-03-16,5,55
2024-03-16 06:00,2024-03-16,6,212
2024-03-16 07:00,2024-03-16,7,315
2024-03-16 08:00,2024-03-16,8,225
2024-03-16 09:00,2024-03-16,9,397
2024-03-16 10:00,2024-03-16,10,193
2024-03-16 11:00,2024-03-16,11,184
2024-03-16 12:00,2024-03-16,12,246
2024-03-16 13:00,2024-03-16,13,204
2024-03-16 14:00,2024-03-16,14,200
2024-03-16 15:00,2024-03-16,15,303
2024-03-16 16:00,2024-03-16,16,274
2024-03-16 17:00,2024-03-16,17,297
2024-03-16 18:00,2024-03-16,18,414
2024-03-16 19:00,2024-03-16,19,278
2024-03-16 20:00,2024-03-16,20,198
2024-03-16 21:00,2024-03-16,21,167
2024-03-16 22:00,2024-03-16,22,119
2024-03-16 23:00,2024-03-16,23,67
2024-03-17 00:00,2024-03-17,0,64
2024-03-17 01:00,2024-03-17,1,58
2024-03-17 02:00,2024-03-17,2,52
2024-03-17 03:00,2024-03-17,3,29
2024-03-17 04:00,2024-03-17,4,15
2024-03-17 05:00,2024-03-17,5,60
2024-03-17 06:00,2024-03-17,6,182
2024-03-17 07:00,2024-03-17,7,326
2024-03-17 08:00,2024-03-17,8,376
2024-03-17 09:00,2024-03-17,9,397
2024-03-17 10:00,2024-03-17,10,205
2024-03-17 11:00,2024-03-17,11,261
2024-03-17 12:00,2024-03-17,12,242
2024-03-17 13:00,2024-03-17,13,191
2024-03-17 14:00,2024-03-17,14,182
2024-03-17 15:00,2024-03-17,15,191
2024-03-17 16:00,2024-03-17,16,196
2024-03-17 17:00,2024-03-17,17,295
2024-03-17 18:00,2024-03-17,18,386
2024-03-17 19:00,2024-03-17,19,261
2024-03-17 20:00,2024-03-17,20,282
2024-03-17 21:00,2024-03-17,21,191
2024-03-17 22:00,2024-03-17,22,91
2024-03-17 23:00,2024-03-17,23,62
2024-03-18 00:00,2024-03-18,0,83
2024-03-18 01:00,2024-03-18,1,94
2024-03-18 02:00,2024-03-18,2,67
2024-03-18 03:00,2024-03-18,3,36
2024-03-18 04:00,2024-03-18,4,16
2024-03-18 05:00,2024-03-18,5,75
2024-03-18 06:00,2024-03-18,6,307
2024-03-18 07:00,2024-03-18,7,525
2024-03-18 08:00,2024-03-18,8,515
2024-03-18 09:00,2024-03-18,9,549
2024-03-18 10:00,2024-03-18,10,414
2024-03-18 11:00,2024-03-18,11,429
2024-03-18 12:00,2024-03-18,12,489
2024-03-18 13:00,2024-03-18,13,302
2024-03-18 14:00,2024-03-18,14,418
2024-03-18 15:00,2024-03-18,15,463
2024-03-18 16:00,2024-03-18,16,484
2024-03-18 17:00,2024-03-18,17,546
2024-03-18 18:00,2024-03-18,18,624
2024-03-18 19:00,2024-03-18,19,543
2024-03-18 20:00,2024-03-18,20,404
2024-03-18 21:00,2024-03-18,21,225
2024-03-18 22:00,2024-03-18,22,191
2024-03-18 23:00,2024-03-18,23,126
2024-03-19 00:00,2024-03-19,0,97
2024-03-19 01:00,2024-03-19,1,76
2024-03-19 02:00,2024-03-19,2,66
2024-03-19 03:00,2024-03-19,3,51
2024-03-19 04:00,2024-03-19,4,18
2024-03-19 05:00,2024-03-19,5,73
2024-03-19 06:00,2024-03-19,6,332
2024-03-19 07:00,2024-03-19,7,452
2024-03-19 08:00,2024-03-19,8,526
2024-03-19 09:00,2024-03-19,9,482
2024-03-19 10:00,2024-03-19,10,402
2024-03-19 11:00,2024-03-19,11,435
2024-03-19 12:00,2024-03-19,12,360
2024-03-19 13:00,2024-03-19,13,412
2024-03-19 14:00,2024-03-19,14,391
2024-03-19 15:00,2024-03-19,15,467
2024-03-19 16:00,2024-03-19,16,378
2024-03-19 17:00,2024-03-19,17,536
2024-03-19 18:00,2024-03-19,18,525
2024-03-19 19:00,2024-03-19,19,472
2024-03-19 20:00,2024-03-19,20,291
2024-03-19 21:00,2024-03-19,21,257
2024-03-19 22:00,2024-03-19,22,218
2024-03-19 23:00,2024-03-19,23,92
2024-03-20 00:00,2024-03-20,0,103
2024-03-20 01:00,2024-03-20,1,69
2024-03-20 02:00,2024-03-20,2,45
2024-03-20 03:00,2024-03-20,3,37
2024-03-20 04:00,2024-03-20,4,21
2024-03-20 05:00,2024-03-20,5,69
2024-03-20 06:00,2024-03-20,6,311
2024-03-20 07:00,2024-03-20,7,334
2024-03-20 08:00,2024-03-20,8,360
2024-03-20 09:00,2024-03-20,9,468
2024-03-20 10:00,2024-03-20,10,298
2024-03-20 11:00,2024-03-20,11,297
2024-03-20 12:00,2024-03-20,12,503
2024-03-20 13:00,2024-03-20,13,455
2024-03-20 14:00,2024-03-20,14,364
2024-03-20 15:00,2024-03-20,15,388
2024-03-20 16:00,2024-03-20,16,371
2024-03-20 17:00,2024-03-20,17,384
2024-03-20 18:00,2024-03-20,18,651
2024-03-20 19:00,2024-03-20,19,456
2024-03-20 20:00,2024-03-20,20,331
2024-03-20 21:00,2024-03-20,21,298
2024-03-20 22:00,2024-03-20,22,161
2024-03-20 23:00,2024-03-20,23,91
2024-03-21 00:00,2024-03-21,0,100
2024-03-21 01:00,2024-03-21,1,85
2024-03-21 02:00,2024-03-21,2,70
2024-03-21 03:00,2024-03-21,3,46
2024-03-21 04:00,2024-03-21,4,17
2024-03-21 05:00,2024-03-21,5,85
2024-03-21 06:00,2024-03-21,6,318
2024-03-21 07:00,2024-03-21,7,481
2024-03-21 08:00,2024-03-21,8,540
2024-03-21 09:00,2024-03-21,9,430
2024-03-21 10:00,2024-03-21,10,338
2024-03-21 11:00,2024-03-21,11,311
2024-03-21 12:00,2024-03-21,12,458
2024-03-21 13:00,2024-03-21,13,326
2024-03-21 14:00,2024-03-21,14,409
2024-03-21 15:00,2024-03-21,15,319
2024-03-21 16:00,2024-03-21,16,414
2024-03-21 17:00,2024-03-21,17,354
2024-03-21 18:00,2024-03-21,18,661
2024-03-21 19:00,2024-03-21,19,441
2024-03-21 20:00,2024-03-21,20,320
2024-03-21 21:00,2024-03-21,21,282
2024-03-21 22:00,2024-03-21,22,186
2024-03-21 23:00,2024-03-21,23,143
2024-03-22 00:00,2024-03-22,0,109
2024-03-22 01:00,2024-03-22,1,78
2024-03-22 02:00,2024-03-22,2,66
2024-03-22 03:00,2024-03-22,3,40
2024-03-22 04:00,2024-03-22,4,16
2024-03-22 05:00,2024-03-22,5,83
2024-03-22 06:00,2024-03-22,6,282
2024-03-22 07:00,2024-03-22,7,329
2024-03-22 08:00,2024-03-22,8,468
2024-03-22 09:00,2024-03-22,9,460
2024-03-22 10:00,2024-03-22,10,392
2024-03-22 11:00,2024-03-22,11,384
2024-03-22 12:00,2024-03-22,12,340
2024-03-22 13:00,2024-03-22,13,341
2024-03-22 14:00,2024-03-22,14,312
2024-03-22 15:00,2024-03-22,15,331
2024-03-22 16:00,2024-03-22,16,302
2024-03-22 17:00,2024-03-22,17,348
2024-03-22 18:00,2024-03-22,18,518
2024-03-22 19:00,2024-03-22,19,340
2024-03-22 20:00,2024-03-22,20,333
2024-03-22 21:00,2024-03-22,21,181
2024-03-22 22:00,2024-03-22,22,152
2024-03-22 23:00,2024-03-22,23,116
2024-03-23 00:00,2024-03-23,0,75
2024-03-23 01:00,2024-03-23,1,48
2024-03-23 02:00,2024-03-23,2,41
2024-03-23 03:00,2024-03-23,3,26
2024-03-23 04:00,2024-03-23,4,10
2024-03-23 05:00,2024-03-23,5,57
2024-03-23 06:00,2024-03-23,6,156
2024-03-23 07:00,2024-03-23,7,214
2024-03-23 08:00,2024-03-23,8,283
2024-03-23 09:00,2024-03-23,9,391
2024-03-23 10:00,2024-03-23,10,173
2024-03-23 11:00,2024-03-23,11,274
2024-03-23 12:00,2024-03-23,12,232
2024-03-23 13:00,2024-03-23,13,226
2024-03-23 14:00,2024-03-23,14,325
2024-03-23 15:00,2024-03-23,15,250
2024-03-23 16:00,2024-03-23,16,228
2024-03-23 17:00,2024-03-23,17,265
2024-03-23 18:00,2024-03-23,18,388
2024-03-23 19:00,2024-03-23,19,361
2024-03-23 20:00,2024-03-23,20,292
2024-03-23 21:00,2024-03-23,21,133
2024-03-23 22:00,2024-03-23,22,125
2024-03-23 23:00,2024-03-23,23,80
2024-03-24 00:00,2024-03-24,0,77
2024-03-24 01:00,2024-03-24,1,50
2024-03-24 02:00,2024-03-24,2,41
2024-03-24 03:00,2024-03-24,3,35
2024-03-24 04:00,2024-03-24,4,16
2024-03-24 05:00,2024-03-24,5,47
2024-03-24 06:00,2024-03-24,6,224
2024-03-24 07:00,2024-03-24,7,351
2024-03-24 08:00,2024-03-24,8,287
2024-03-24 09:00,2024-03-24,9,294
2024-03-24 10:00,2024-03-24,10,266
2024-03-24 11:00,2024-03-24,11,263
2024-03-24 12:00,2024-03-24,12,261
2024-03-24 13:00,2024-03-24,13,313
2024-03-24 14:00,2024-03-24,14,333
2024-03-24 15:00,2024-03-24,15,227
2024-03-24 16:00,2024-03-24,16,222
2024-03-24 17:00,2024-03-24,17,400
2024-03-24 18:00,2024-03-24,18,486
2024-03-24 19:00,2024-03-24,19,379
2024-03-24 20:00,2024-03-24,20,261
2024-03-24 21:00,2024-03-24,21,153
2024-03-24 22:00,2024-03-24,22,106
2024-03-24 23:00,2024-03-24,23,85
2024-03-25 00:00,2024-03-25,0,115
2024-03-25 01:00,2024-03-25,1,79
2024-03-25 02:00,2024-03-25,2,48
2024-03-25 03:00,2024-03-25,3,43
2024-03-25 04:00,2024-03-25,4,21
2024-03-25 05:00,2024-03-25,5,96
2024-03-25 06:00,2024-03-25,6,357
2024-03-25 07:00,2024-03-25,7,333
2024-03-25 08:00,2024-03-25,8,381
2024-03-25 09:00,2024-03-25,9,540
2024-03-25 10:00,2024-03-25,10,282
2024-03-25 11:00,2024-03-25,11,438
2024-03-25 12:00,2024-03-25,12,517
2024-03-25 13:00,2024-03-25,13,362
2024-03-25 14:00,2024-03-25,14,429
2024-03-25 15:00,2024-03-25,15,450
2024-03-25 16:00,2024-03-25,16,463
2024-03-25 17:00,2024-03-25,17,524
2024-03-25 18:00,2024-03-25,18,658
2024-03-25 19:00,2024-03-25,19,433
2024-03-25 20:00,2024-03-25,20,415
2024-03-25 21:00,2024-03-25,21,280
2024-03-25 22:00,2024-03-25,22,195
2024-03-25 23:00,2024-03-25,23,105
2024-03-26 00:00,2024-03-26,0,76
2024-03-26 01:00,2024-03-26,1,60
2024-03-26 02:00,2024-03-26,2,55
2024-03-26 03:00,2024-03-26,3,36
2024-03-26 04:00,2024-03-26,4,17
2024-03-26 05:00,2024-03-26,5,88
2024-03-26 06:00,2024-03-26,6,378
2024-03-26 07:00,2024-03-26,7,345
2024-03-26 08:00,2024-03-26,8,410
2024-03-26 09:00,2024-03-26,9,656
2024-03-26 10:00,2024-03-26,10,460
2024-03-26 11:00,2024-03-26,11,305
2024-03-26 12:00,2024-03-26,12,411
2024-03-26 13:00,2024-03-26,13,375
2024-03-26 14:00,2024-03-26,14,505
2024-03-26 15:00,2024-03-26,15,386
2024-03-26 16:00,2024-03-26,16,413
2024-03-26 17:00,2024-03-26,17,562
2024-03-26 18:00,2024-03-26,18,825
2024-03-26 19:00,2024-03-26,19,468
2024-03-26 20:00,2024-03-26,20,301
2024-03-26 21:00,2024-03-26,21,235
2024-03-26 22:00,2024-03-26,22,213
2024-03-26 23:00,2024-03-26,23,126
2024-03-27 00:00,2024-03-27,0,119
2024-03-27 01:00,2024-03-27,1,74
2024-03-27 02:00,2024-03-27,2,48
2024-03-27 03:00,2024-03-27,3,49
2024-03-27 04:00,2024-03-27,4,17
2024-03-27 05:00,2024-03-27,5,88
2024-03-27 06:00,2024-03-27,6,361
2024-03-27 07:00,2024-03-27,7,332
2024-03-27 08:00,2024-03-27,8,548
2024-03-27 09:00,2024-03-27,9,544
2024-03-27 10:00,2024-03-27,10,314
2024-03-27 11:00,2024-03-27,11,416
2024-03-27 12:00,2024-03-27,12,496
2024-03-27 13:00,2024-03-27,13,321
2024-03-27 14:00,2024-03-27,14,346
2024-03-27 15:00,2024-03-27,15,323
2024-03-27 16:00,2024-03-27,16,399
2024-03-27 17:00,2024-03-27,17,472
2024-03-27 18:00,2024-03-27,18,514
2024-03-27 19:00,2024-03-27,19,408
2024-03-27 20:00,2024-03-27,20,383
2024-03-27 21:00,2024-03-27,21,300
2024-03-27 22:00,2024-03-27,22,162
2024-03-27 23:00,2024-03-27,23,121
2024-03-28 00:00,2024-03-28,0,116
2024-03-28 01:00,2024-03-28,1,97
2024-03-28 02:00,2024-03-28,2,60
2024-03-28 03:00,2024-03-28,3,49
2024-03-28 04:00,2024-03-28,4,16
2024-03-28 05:00,2024-03-28,5,75
2024-03-28 06:00,2024-03-28,6,370
2024-03-28 07:00,2024-03-28,7,372
2024-03-28 08:00,2024-03-28,8,574
2024-03-28 09:00,2024-03-28,9,417
2024-03-28 10:00,2024-03-28,10,320
2024-03-28 11:00,2024-03-28,11,321
2024-03-28 12:00,2024-03-28,12,405
2024-03-28 13:00,2024-03-28,13,437
2024-03-28 14:00,2024-03-28,14,424
2024-03-28 15:00,2024-03-28,15,339
2024-03-28 16:00,2024-03-28,16,392
2024-03-28 17:00,2024-03-28,17,578
2024-03-28 18:00,2024-03-28,18,511
2024-03-28 19:00,2024-03-28,19,518
2024-03-28 20:00,2024-03-28,20,276
2024-03-28 21:00,2024-03-28,21,184
2024-03-28 22:00,2024-03-28,22,191
2024-03-28 23:00,2024-03-28,23,135
2024-03-29 00:00,2024-03-29,0,91
2024-03-29 01:00,2024-03-29,1,77
2024-03-29 02:00,2024-03-29,2,58
2024-03-29 03:00,2024-03-29,3,33
2024-03-29 04:00,2024-03-29,4,15
2024-03-29 05:00,2024-03-29,5,97
2024-03-29 06:00,2024-03-29,6,237
2024-03-29 07:00,2024-03-29,7,350
2024-03-29 08:00,2024-03-29,8,520
2024-03-29 09:00,2024-03-29,9,404
2024-03-29 10:00,2024-03-29,10,323
2024-03-29 11:00,2024-03-29,11,304
2024-03-29 12:00,2024-03-29,12,542
2024-03-29 13:00,2024-03-29,13,444
2024-03-29 14:00,2024-03-29,14,301
2024-03-29 15:00,2024-03-29,15,465
2024-03-29 16:00,2024-03-29,16,348
2024-03-29 17:00,2024-03-29,17,534
2024-03-29 18:00,2024-03-29,18,690
2024-03-29 19:00,2024-03-29,19,588
2024-03-29 20:00,2024-03-29,20,398
2024-03-29 21:00,2024-03-29,21,262
2024-03-29 22:00,2024-03-29,22,225
2024-03-29 23:00,2024-03-29,23,110
2024-03-30 00:00,2024-03-30,0,84
2024-03-30 01:00,2024-03-30,1,52
2024-03-30 02:00,2024-03-30,2,39
2024-03-30 03:00,2024-03-30,3,22
2024-03-30 04:00,2024-03-30,4,16
2024-03-30 05:00,2024-03-30,5,49
2024-03-30 06:00,2024-03-30,6,189
2024-03-30 07:00,2024-03-30,7,219
2024-03-30 08:00,2024-03-30,8,340
2024-03-30 09:00,2024-03-30,9,307
2024-03-30 10:00,2024-03-30,10,215
2024-03-30 11:00,2024-03-30,11,238
2024-03-30 12:00,2024-03-30,12,266
2024-03-30 13:00,2024-03-30,13,256
2024-03-30 14:00,2024-03-30,14,320
2024-03-30 15:00,2024-03-30,15,247
2024-03-30 16:00,2024-03-30,16,219
2024-03-30 17:00,2024-03-30,17,420
2024-03-30 18:00,2024-03-30,18,426
2024-03-30 19:00,2024-03-30,19,350
2024-03-30 20:00,2024-03-30,20,279
2024-03-30 21:00,2024-03-30,21,187
2024-03-30 22:00,2024-03-30,22,107
2024-03-30 23:00,2024-03-30,23,84
2024-03-31 00:00,2024-03-31,0,84
2024-03-31 01:00,2024-03-31,1,47
2024-03-31 02:00,2024-03-31,2,49
2024-03-31 03:00,2024-03-31,3,23
2024-03-31 04:00,2024-03-31,4,10
2024-03-31 05:00,2024-03-31,5,64
2024-03-31 06:00,2024-03-31,6,181
2024-03-31 07:00,2024-03-31,7,203
2024-03-31 08:00,2024-03-31,8,247
2024-03-31 09:00,2024-03-31,9,406
2024-03-31 10:00,2024-03-31,10,246
2024-03-31 11:00,2024-03-31,11,223
2024-03-31 12:00,2024-03-31,12,249
2024-03-31 13:00,2024-03-31,13,259
2024-03-31 14:00,2024-03-31,14,254
2024-03-31 15:00,2024-03-31,15,228
2024-03-31 16:00,2024-03-31,16,206
2024-03-31 17:00,2024-03-31,17,333
2024-03-31 18:00,2024-03-31,18,381
2024-03-31 19:00,2024-03-31,19,453
2024-03-31 20:00,2024-03-31,20,218
2024-03-31 21:00,2024-03-31,21,134
2024-03-31 22:00,2024-03-31,22,116
2024-03-31 23:00,2024-03-31,23,77
2024-04-01 00:00,2024-04-01,0,106
2024-04-01 01:00,2024-04-01,1,74
2024-04-01 02:00,2024-04-01,2,50
2024-04-01 03:00,2024-04-01,3,33
2024-04-01 04:00,2024-04-01,4,23
2024-04-01 05:00,2024-04-01,5,74
2024-04-01 06:00,2024-04-01,6,252
2024-04-01 07:00,2024-04-01,7,334
2024-04-01 08:00,2024-04-01,8,360
2024-04-01 09:00,2024-04-01,9,597
2024-04-01 10:00,2024-04-01,10,354
2024-04-01 11:00,2024-04-01,11,346
2024-04-01 12:00,2024-04-01,12,357
2024-04-01 13:00,2024-04-01,13,426
2024-04-01 14:00,2024-04-01,14,357
2024-04-01 15:00,2024-04-01,15,519
2024-04-01 16:00,2024-04-01,16,430
2024-04-01 17:00,2024-04-01,17,373
2024-04-01 18:00,2024-04-01,18,462
2024-04-01 19:00,2024-04-01,19,526
2024-04-01 20:00,2024-04-01,20,311
2024-04-01 21:00,2024-04-01,21,253
2024-04-01 22:00,2024-04-01,22,224
2024-04-01 23:00,2024-04-01,23,149
2024-04-02 00:00,2024-04-02,0,85
2024-04-02 01:00,2024-04-02,1,92
2024-04-02 02:00,2024-04-02,2,72
2024-04-02 03:00,2024-04-02,3,35
2024-04-02 04:00,2024-04-02,4,23
2024-04-02 05:00,2024-04-02,5,64
2024-04-02 06:00,2024-04-02,6,289
2024-04-02 07:00,2024-04-02,7,498
2024-04-02 08:00,2024-04-02,8,337
2024-04-02 09:00,2024-04-02,9,583
2024-04-02 10:00,2024-04-02,10,388
2024-04-02 11:00,2024-04-02,11,391
2024-04-02 12:00,2024-04-02,12,502
2024-04-02 13:00,2024-04-02,13,392
2024-04-02 14:00,2024-04-02,14,451
2024-04-02 15:00,2024-04-02,15,324
2024-04-02 16:00,2024-04-02,16,403
2024-04-02 17:00,2024-04-02,17,554
2024-04-02 18:00,2024-04-02,18,670
2024-04-02 19:00,2024-04-02,19,417
2024-04-02 20:00,2024-04-02,20,404
2024-04-02 21:00,2024-04-02,21,272
2024-04-02 22:00,2024-04-02,22,210
2024-04-02 23:00,2024-04-02,23,145
2024-04-03 00:00,2024-04-03,0,91
2024-04-03 01:00,2024-04-03,1,84
2024-04-03 02:00,2024-04-03,2,71
2024-04-03 03:00,2024-04-03,3,43
2024-04-03 04:00,2024-04-03,4,18
2024-04-03 05:00,2024-04-03,5,96
2024-04-03 06:00,2024-04-03,6,281
2024-04-03 07:00,2024-04-03,7,423
2024-04-03 08:00,2024-04-03,8,481
2024-04-03 09:00,2024-04-03,9,444
2024-04-03 10:00,2024-04-03,10,283
2024-04-03 11:00,2024-04-03,11,432
2024-04-03 12:00,2024-04-03,12,445
2024-04-03 13:00,2024-04-03,13,446
2024-04-03 14:00,2024-04-03,14,270
2024-04-03 15:00,2024-04-03,15,352
2024-04-03 16:00,2024-04-03,16,466
2024-04-03 17:00,2024-04-03,17,381
2024-04-03 18:00,2024-04-03,18,607
2024-04-03 19:00,2024-04-03,19,393
2024-04-03 20:00,2024-04-03,20,282
2024-04-03 21:00,2024-04-03,21,277
2024-04-03 22:00,2024-04-03,22,145
2024-04-03 23:00,2024-04-03,23,144
2024-04-04 00:00,2024-04-04,0,98
2024-04-04 01:00,2024-04-04,1,60
2024-04-04 02:00,2024-04-04,2,48
2024-04-04 03:00,2024-04-04,3,30
2024-04-04 04:00,2024-04-04,4,20
2024-04-04 05:00,2024-04-04,5,78
2024-04-04 06:00,2024-04-04,6,387
2024-04-04 07:00,2024-04-04,7,398
2024-04-04 08:00,2024-04-04,8,385
2024-04-04 09:00,2024-04-04,9,464
2024-04-04 10:00,2024-04-04,10,325
2024-04-04 11:00,2024-04-04,11,287
2024-04-04 12:00,2024-04-04,12,494
2024-04-04 13:00,2024-04-04,13,312
2024-04-04 14:00,2024-04-04,14,375
2024-04-04 15:00,2024-04-04,15,320
2024-04-04 16:00,2024-04-04,16,414
2024-04-04 17:00,2024-04-04,17,534
2024-04-04 18:00,2024-04-04,18,484
2024-04-04 19:00,2024-04-04,19,414
2024-04-04 20:00,2024-04-04,20,363
2024-04-04 21:00,2024-04-04,21,240
2024-04-04 22:00,2024-04-04,22,164
2024-04-04 23:00,2024-04-04,23,104
2024-04-05 00:00,2024-04-05,0,95
2024-04-05 01:00,2024-04-05,1,76
2024-04-05 02:00,2024-04-05,2,46
2024-04-05 03:00,2024-04-05,3,41
2024-04-05 04:00,2024-04-05,4,19
2024-04-05 05:00,2024-04-05,5,88
2024-04-05 06:00,2024-04-05,6,334
2024-04-05 07:00,2024-04-05,7,424
2024-04-05 08:00,2024-04-05,8,419
2024-04-05 09:00,2024-04-05,9,516
2024-04-05 10:00,2024-04-05,10,281
2024-04-05 11:00,2024-04-05,11,288
2024-04-05 12:00,2024-04-05,12,431
2024-04-05 13:00,2024-04-05,13,318
2024-04-05 14:00,2024-04-05,14,289
2024-04-05 15:00,2024-04-05,15,355
2024-04-05 16:00,2024-04-05,16,362
2024-04-05 17:00,2024-04-05,17,433
2024-04-05 18:00,2024-04-05,18,562
2024-04-05 19:00,2024-04-05,19,487
2024-04-05 20:00,2024-04-05,20,360
2024-04-05 21:00,2024-04-05,21,252
2024-04-05 22:00,2024-04-05,22,162
2024-04-05 23:00,2024-04-05,23,115
2024-04-06 00:00,2024-04-06,0,67
2024-04-06 01:00,2024-04-06,1,67
2024-04-06 02:00,2024-04-06,2,50
2024-04-06 03:00,2024-04-06,3,32
2024-04-06 04:00,2024-04-06,4,15
2024-04-06 05:00,2024-04-06,5,64
2024-04-06 06:00,2024-04-06,6,197
2024-04-06 07:00,2024-04-06,7,335
2024-04-06 08:00,2024-04-06,8,330
2024-04-06 09:00,2024-04-06,9,294
2024-04-06 10:00,2024-04-06,10,242
2024-04-06 11:00,2024-04-06,11,252
2024-04-06 12:00,2024-04-06,12,345
2024-04-06 13:00,2024-04-06,13,253
2024-04-06 14:00,2024-04-06,14,317
2024-04-06 15:00,2024-04-06,15,225
2024-04-06 16:00,2024-04-06,16,280
2024-04-06 17:00,2024-04-06,17,402
2024-04-06 18:00,2024-04-06,18,481
2024-04-06 19:00,2024-04-06,19,276
2024-04-06 20:00,2024-04-06,20,239
2024-04-06 21:00,2024-04-06,21,168
2024-04-06 22:00,2024-04-06,22,135
2024-04-06 23:00,2024-04-06,23,84
2024-04-07 00:00,2024-04-07,0,52
2024-04-07 01:00,2024-04-07,1,69
2024-04-07 02:00,2024-04-07,2,33
2024-04-07 03:00,2024-04-07,3,22
2024-04-07 04:00,2024-04-07,4,14
2024-04-07 05:00,2024-04-07,5,49
2024-04-07 06:00,2024-04-07,6,152
2024-04-07 07:00,2024-04-07,7,321
2024-04-07 08:00,2024-04-07,8,312
2024-04-07 09:00,2024-04-07,9,296
2024-04-07 10:00,2024-04-07,10,254
2024-04-07 11:00,2024-04-07,11,264
2024-04-07 12:00,2024-04-07,12,347
2024-04-07 13:00,2024-04-07,13,284
2024-04-07 14:00,2024-04-07,14,218
2024-04-07 15:00,2024-04-07,15,211
2024-04-07 16:00,2024-04-07,16,300
2024-04-07 17:00,2024-04-07,17,250
2024-04-07 18:00,2024-04-07,18,433
2024-04-07 19:00,2024-04-07,19,361
2024-04-07 20:00,2024-04-07,20,250
2024-04-07 21:00,2024-04-07,21,174
2024-04-07 22:00,2024-04-07,22,110
2024-04-07 23:00,2024-04-07,23,83
2024-04-08 00:00,2024-04-08,0,97
2024-04-08 01:00,2024-04-08,1,68
2024-04-08 02:00,2024-04-08,2,59
2024-04-08 03:00,2024-04-08,3,32
2024-04-08 04:00,2024-04-08,4,18
2024-04-08 05:00,2024-04-08,5,94
2024-04-08 06:00,2024-04-08,6,312
2024-04-08 07:00,2024-04-08,7,431
2024-04-08 08:00,2024-04-08,8,372
2024-04-08 09:00,2024-04-08,9,465
2024-04-08 10:00,2024-04-08,10,407
2024-04-08 11:00,2024-04-08,11,272
2024-04-08 12:00,2024-04-08,12,333
2024-04-08 13:00,2024-04-08,13,275
2024-04-08 14:00,2024-04-08,14,292
2024-04-08 15:00,2024-04-08,15,509
2024-04-08 16:00,2024-04-08,16,415
2024-04-08 17:00,2024-04-08,17,574
2024-04-08 18:00,2024-04-08,18,654
2024-04-08 19:00,2024-04-08,19,519
2024-04-08 20:00,2024-04-08,20,275
2024-04-08 21:00,2024-04-08,21,260
2024-04-08 22:00,2024-04-08,22,203
2024-04-08 23:00,2024-04-08,23,152
2024-04-09 00:00,2024-04-09,0,96
2024-04-09 01:00,2024-04-09,1,80
2024-04-09 02:00,2024-04-09,2,60
2024-04-09 03:00,2024-04-09,3,38
2024-04-09 04:00,2024-04-09,4,20
2024-04-09 05:00,2024-04-09,5,77
2024-04-09 06:00,2024-04-09,6,352
2024-04-09 07:00,2024-04-09,7,402
2024-04-09 08:00,2024-04-09,8,519
2024-04-09 09:00,2024-04-09,9,366
2024-04-09 10:00,2024-04-09,10,409
2024-04-09 11:00,2024-04-09,11,297
2024-04-09 12:00,2024-04-09,12,488
2024-04-09 13:00,2024-04-09,13,439
2024-04-09 14:00,2024-04-09,14,385
2024-04-09 15:00,2024-04-09,15,456
2024-04-09 16:00,2024-04-09,16,345
2024-04-09 17:00,2024-04-09,17,390
2024-04-09 18:00,2024-04-09,18,457
2024-04-09 19:00,2024-04-09,19,487
2024-04-09 20:00,2024-04-09,20,445
2024-04-09 21:00,2024-04-09,21,288
2024-04-09 22:00,2024-04-09,22,229
2024-04-09 23:00,2024-04-09,23,146
2024-04-10 00:00,2024-04-10,0,108
2024-04-10 01:00,2024-04-10,1,102
2024-04-10 02:00,2024-04-10,2,64
2024-04-10 03:00,2024-04-10,3,38
2024-04-10 04:00,2024-04-10,4,16
2024-04-10 05:00,2024-04-10,5,76
2024-04-10 06:00,2024-04-10,6,270
2024-04-10 07:00,2024-04-10,7,502
2024-04-10 08:00,2024-04-10,8,419
2024-04-10 09:00,2024-04-10,9,511
2024-04-10 10:00,2024-04-10,10,338
2024-04-10 11:00,2024-04-10,11,411
2024-04-10 12:00,2024-04-10,12,512
2024-04-10 13:00,2024-04-10,13,451
2024-04-10 14:00,2024-04-10,14,381
2024-04-10 15:00,2024-04-10,15,480
2024-04-10 16:00,2024-04-10,16,341
2024-04-10 17:00,2024-04-10,17,542
2024-04-10 18:00,2024-04-10,18,477
2024-04-10 19:00,2024-04-10,19,421
2024-04-10 20:00,2024-04-10,20,432
2024-04-10 21:00,2024-04-10,21,225
2024-04-10 22:00,2024-04-10,22,146
2024-04-10 23:00,2024-04-10,23,105
2024-04-11 00:00,2024-04-11,0,125
2024-04-11 01:00,2024-04-11,1,92
2024-04-11 02:00,2024-04-11,2,60
2024-04-11 03:00,2024-04-11,3,34
2024-04-11 04:00,2024-04-11,4,26
2024-04-11 05:00,2024-04-11,5,82
2024-04-11 06:00,2024-04-11,6,370
2024-04-11 07:00,2024-04-11,7,422
2024-04-11 08:00,2024-04-11,8,466
2024-04-11 09:00,2024-04-11,9,571
2024-04-11 10:00,2024-04-11,10,330
2024-04-11 11:00,2024-04-11,11,305
2024-04-11 12:00,2024-04-11,12,370
2024-04-11 13:00,2024-04-11,13,381
2024-04-11 14:00,2024-04-11,14,413
2024-04-11 15:00,2024-04-11,15,397
2024-04-11 16:00,2024-04-11,16,466
2024-04-11 17:00,2024-04-11,17,436
2024-04-11 18:00,2024-04-11,18,571
2024-04-11 19:00,2024-04-11,19,372
2024-04-11 20:00,2024-04-11,20,367
2024-04-11 21:00,2024-04-11,21,294
2024-04-11 22:00,2024-04-11,22,198
2024-04-11 23:00,2024-04-11,23,108
2024-04-12 00:00,2024-04-12,0,76
2024-04-12 01:00,2024-04-12,1,72
2024-04-12 02:00,2024-04-12,2,67
2024-04-12 03:00,2024-04-12,3,43
2024-04-12 04:00,2024-04-12,4,26
2024-04-12 05:00,2024-04-12,5,99
2024-04-12 06:00,2024-04-12,6,367
2024-04-12 07:00,2024-04-12,7,389
2024-04-12 08:00,2024-04-12,8,519
2024-04-12 09:00,2024-04-12,9,424
2024-04-12 10:00,2024-04-12,10,377
2024-04-12 11:00,2024-04-12,11,379
2024-04-12 12:00,2024-04-12,12,303
2024-04-12 13:00,2024-04-12,13,313
2024-04-12 14:00,2024-04-12,14,298
2024-04-12 15:00,2024-04-12,15,325
2024-04-12 16:00,2024-04-12,16,314
2024-04-12 17:00,2024-04-12,17,521
2024-04-12 18:00,2024-04-12,18,568
2024-04-12 19:00,2024-04-12,19,333
2024-04-12 20:00,2024-04-12,20,440
2024-04-12 21:00,2024-04-12,21,265
2024-04-12 22:00,2024-04-12,22,157
2024-04-12 23:00,2024-04-12,23,120
2024-04-13 00:00,2024-04-13,0,62
2024-04-13 01:00,2024-04-13,1,51
2024-04-13 02:00,2024-04-13,2,34
2024-04-13 03:00,2024-04-13,3,33
2024-04-13 04:00,2024-04-13,4,17
2024-04-13 05:00,2024-04-13,5,67
2024-04-13 06:00,2024-04-13,6,190
2024-04-13 07:00,2024-04-13,7,258
2024-04-13 08:00,2024-04-13,8,270
2024-04-13 09:00,2024-04-13,9,342
2024-04-13 10:00,2024-04-13,10,180
2024-04-13 11:00,2024-04-13,11,174
2024-04-13 12:00,2024-04-13,12,213
2024-04-13 13:00,2024-04-13,13,171
2024-04-13 14:00,2024-04-13,14,262
2024-04-13 15:00,2024-04-13,15,215
2024-04-13 16:00,2024-04-13,16,259
2024-04-13 17:00,2024-04-13,17,244
2024-04-13 18:00,2024-04-13,18,399
2024-04-13 19:00,2024-04-13,19,358
2024-04-13 20:00,2024-04-13,20,198
2024-04-13 21:00,2024-04-13,21,116
2024-04-13 22:00,2024-04-13,22,139
2024-04-13 23:00,2024-04-13,23,100
2024-04-14 00:00,2024-04-14,0,73
2024-04-14 01:00,2024-04-14,1,46
2024-04-14 02:00,2024-04-14,2,50
2024-04-14 03:00,2024-04-14,3,26
2024-04-14 04:00,2024-04-14,4,15
2024-04-14 05:00,2024-04-14,5,66
2024-04-14 06:00,2024-04-14,6,253
2024-04-14 07:00,2024-04-14,7,281
2024-04-14 08:00,2024-04-14,8,346
2024-04-14 09:00,2024-04-14,9,370
2024-04-14 10:00,2024-04-14,10,168
2024-04-14 11:00,2024-04-14,11,198
2024-04-14 12:00,2024-04-14,12,237
2024-04-14 13:00,2024-04-14,13,299
2024-04-14 14:00,2024-04-14,14,252
2024-04-14 15:00,2024-04-14,15,303
2024-04-14 16:00,2024-04-14,16,219
2024-04-14 17:00,2024-04-14,17,372
2024-04-14 18:00,2024-04-14,18,437
2024-04-14 19:00,2024-04-14,19,333
2024-04-14 20:00,2024-04-14,20,264
2024-04-14 21:00,2024-04-14,21,144
2024-04-14 22:00,2024-04-14,22,132
2024-04-14 23:00,2024-04-14,23,100
2024-04-15 00:00,2024-04-15,0,89
2024-04-15 01:00,2024-04-15,1,88
2024-04-15 02:00,2024-04-15,2,51
2024-04-15 03:00,2024-04-15,3,48
2024-04-15 04:00,2024-04-15,4,17
2024-04-15 05:00,2024-04-15,5,62
2024-04-15 06:00,2024-04-15,6,349
2024-04-15 07:00,2024-04-15,7,391
2024-04-15 08:00,2024-04-15,8,470
2024-04-15 09:00,2024-04-15,9,512
2024-04-15 10:00,2024-04-15,10,273
2024-04-15 11:00,2024-04-15,11,352
2024-04-15 12:00,2024-04-15,12,357
2024-04-15 13:00,2024-04-15,13,394
2024-04-15 14:00,2024-04-15,14,430
2024-04-15 15:00,2024-04-15,15,382
2024-04-15 16:00,2024-04-15,16,459
2024-04-15 17:00,2024-04-15,17,495
2024-04-15 18:00,2024-04-15,18,736
2024-04-15 19:00,2024-04-15,19,368
2024-04-15 20:00,2024-04-15,20,362
2024-04-15 21:00,2024-04-15,21,261
2024-04-15 22:00,2024-04-15,22,139
2024-04-15 23:00,2024-04-15,23,105
2024-04-16 00:00,2024-04-16,0,112
2024-04-16 01:00,2024-04-16,1,77
2024-04-16 02:00,2024-04-16,2,64
2024-04-16 03:00,2024-04-16,3,49
2024-04-16 04:00,2024-04-16,4,20
2024-04-16 05:00,2024-04-16,5,64
2024-04-16 06:00,2024-04-16,6,276
2024-04-16 07:00,2024-04-16,7,513
2024-04-16 08:00,2024-04-16,8,341
2024-04-16 09:00,2024-04-16,9,524
2024-04-16 10:00,2024-04-16,10,385
2024-04-16 11:00,2024-04-16,11,382
2024-04-16 12:00,2024-04-16,12,364
2024-04-16 13:00,2024-04-16,13,388
2024-04-16 14:00,2024-04-16,14,327
2024-04-16 15:00,2024-04-16,15,522
2024-04-16 16:00,2024-04-16,16,356
2024-04-16 17:00,2024-04-16,17,591
2024-04-16 18:00,2024-04-16,18,586
2024-04-16 19:00,2024-04-16,19,517
2024-04-16 20:00,2024-04-16,20,422
2024-04-16 21:00,2024-04-16,21,297
2024-04-16 22:00,2024-04-16,22,192
2024-04-16 23:00,2024-04-16,23,105
2024-04-17 00:00,2024-04-17,0,116
2024-04-17 01:00,2024-04-17,1,68
2024-04-17 02:00,2024-04-17,2,50
2024-04-17 03:00,2024-04-17,3,37
2024-04-17 04:00,2024-04-17,4,16
2024-04-17 05:00,2024-04-17,5,85
2024-04-17 06:00,2024-04-17,6,268
2024-04-17 07:00,2024-04-17,7,532
2024-04-17 08:00,2024-04-17,8,569
2024-04-17 09:00,2024-04-17,9,513
2024-04-17 10:00,2024-04-17,10,351
2024-04-17 11:00,2024-04-17,11,315
2024-04-17 12:00,2024-04-17,12,485
2024-04-17 13:00,2024-04-17,13,375
2024-04-17 14:00,2024-04-17,14,451
2024-04-17 15:00,2024-04-17,15,498
2024-04-17 16:00,2024-04-17,16,348
2024-04-17 17:00,2024-04-17,17,543
2024-04-17 18:00,2024-04-17,18,598
2024-04-17 19:00,2024-04-17,19,588
2024-04-17 20:00,2024-04-17,20,385
2024-04-17 21:00,2024-04-17,21,275
2024-04-17 22:00,2024-04-17,22,181
2024-04-17 23:00,2024-04-17,23,123
2024-04-18 00:00,2024-04-18,0,125
2024-04-18 01:00,2024-04-18,1,78
2024-04-18 02:00,2024-04-18,2,49
2024-04-18 03:00,2024-04-18,3,43
2024-04-18 04:00,2024-04-18,4,17
2024-04-18 05:00,2024-04-18,5,72
2024-04-18 06:00,2024-04-18,6,306
2024-04-18 07:00,2024-04-18,7,540
2024-04-18 08:00,2024-04-18,8,534
2024-04-18 09:00,2024-04-18,9,478
2024-04-18 10:00,2024-04-18,10,334
2024-04-18 11:00,2024-04-18,11,383
2024-04-18 12:00,2024-04-18,12,535
2024-04-18 13:00,2024-04-18,13,471
2024-04-18 14:00,2024-04-18,14,492
2024-04-18 15:00,2024-04-18,15,366
2024-04-18 16:00,2024-04-18,16,464
2024-04-18 17:00,2024-04-18,17,528
2024-04-18 18:00,2024-04-18,18,669
2024-04-18 19:00,2024-04-18,19,434
2024-04-18 20:00,2024-04-18,20,420
2024-04-18 21:00,2024-04-18,21,303
2024-04-18 22:00,2024-04-18,22,195
2024-04-18 23:00,2024-04-18,23,149
2024-04-19 00:00,2024-04-19,0,89
2024-04-19 01:00,2024-04-19,1,84
2024-04-19 02:00,2024-04-19,2,48
2024-04-19 03:00,2024-04-19,3,41
2024-04-19 04:00,2024-04-19,4,18
2024-04-19 05:00,2024-04-19,5,95
2024-04-19 06:00,2024-04-19,6,252
2024-04-19 07:00,2024-04-19,7,444
2024-04-19 08:00,2024-04-19,8,483
2024-04-19 09:00,2024-04-19,9,512
2024-04-19 10:00,2024-04-19,10,340
2024-04-19 11:00,2024-04-19,11,395
2024-04-19 12:00,2024-04-19,12,548
2024-04-19 13:00,2024-04-19,13,423
2024-04-19 14:00,2024-04-19,14,365
2024-04-19 15:00,2024-04-19,15,346
2024-04-19 16:00,2024-04-19,16,342
2024-04-19 17:00,2024-04-19,17,559
2024-04-19 18:00,2024-04-19,18,687
2024-04-19 19:00,2024-04-19,19,478
2024-04-19 20:00,2024-04-19,20,396
2024-04-19 21:00,2024-04-19,21,295
2024-04-19 22:00,2024-04-19,22,149
2024-04-19 23:00,2024-04-19,23,145
2024-04-20 00:00,2024-04-20,0,66
2024-04-20 01:00,2024-04-20,1,53
2024-04-20 02:00,2024-04-20,2,38
2024-04-20 03:00,2024-04-20,3,29
2024-04-20 04:00,2024-04-20,4,12
2024-04-20 05:00,2024-04-20,5,47
2024-04-20 06:00,2024-04-20,6,251
2024-04-20 07:00,2024-04-20,7,266
2024-04-20 08:00,2024-04-20,8,369
2024-04-20 09:00,2024-04-20,9,376
2024-04-20 10:00,2024-04-20,10,174
2024-04-20 11:00,2024-04-20,11,248
2024-04-20 12:00,2024-04-20,12,277
2024-04-20 13:00,2024-04-20,13,209
2024-04-20 14:00,2024-04-20,14,263
2024-04-20 15:00,2024-04-20,15,321
2024-04-20 16:00,2024-04-20,16,348
2024-04-20 17:00,2024-04-20,17,306
2024-04-20 18:00,2024-04-20,18,327
2024-04-20 19:00,2024-04-20,19,241
2024-04-20 20:00,2024-04-20,20,312
2024-04-20 21:00,2024-04-20,21,178
2024-04-20 22:00,2024-04-20,22,99
2024-04-20 23:00,2024-04-20,23,67
2024-04-21 00:00,2024-04-21,0,91
2024-04-21 01:00,2024-04-21,1,42
2024-04-21 02:00,2024-04-21,2,34
2024-04-21 03:00,2024-04-21,3,33
2024-04-21 04:00,2024-04-21,4,14
2024-04-21 05:00,2024-04-21,5,42
2024-04-21 06:00,2024-04-21,6,181
2024-04-21 07:00,2024-04-21,7,217
2024-04-21 08:00,2024-04-21,8,313
2024-04-21 09:00,2024-04-21,9,397
2024-04-21 10:00,2024-04-21,10,214
2024-04-21 11:00,2024-04-21,11,313
2024-04-21 12:00,2024-04-21,12,276
2024-04-21 13:00,2024-04-21,13,273
2024-04-21 14:00,2024-04-21,14,244
2024-04-21 15:00,2024-04-21,15,282
2024-04-21 16:00,2024-04-21,16,263
2024-04-21 17:00,2024-04-21,17,258
2024-04-21 18:00,2024-04-21,18,424
2024-04-21 19:00,2024-04-21,19,315
2024-04-21 20:00,2024-04-21,20,255
2024-04-21 21:00,2024-04-21,21,160
2024-04-21 22:00,2024-04-21,22,107
2024-04-21 23:00,2024-04-21,23,98
2024-04-22 00:00,2024-04-22,0,115
2024-04-22 01:00,2024-04-22,1,85
2024-04-22 02:00,2024-04-22,2,65
2024-04-22 03:00,2024-04-22,3,52
2024-04-22 04:00,2024-04-22,4,20
2024-04-22 05:00,2024-04-22,5,96
2024-04-22 06:00,2024-04-22,6,268
2024-04-22 07:00,2024-04-22,7,435
2024-04-22 08:00,2024-04-22,8,351
2024-04-22 09:00,2024-04-22,9,530
2024-04-22 10:00,2024-04-22,10,275
2024-04-22 11:00,2024-04-22,11,318
2024-04-22 12:00,2024-04-22,12,464
2024-04-22 13:00,2024-04-22,13,318
2024-04-22 14:00,2024-04-22,14,405
2024-04-22 15:00,2024-04-22,15,317
2024-04-22 16:00,2024-04-22,16,451
2024-04-22 17:00,2024-04-22,17,384
2024-04-22 18:00,2024-04-22,18,519
2024-04-22 19:00,2024-04-22,19,421
2024-04-22 20:00,2024-04-22,20,295
2024-04-22 21:00,2024-04-22,21,303
2024-04-22 22:00,2024-04-22,22,235
2024-04-22 23:00,2024-04-22,23,126
2024-04-23 00:00,2024-04-23,0,91
2024-04-23 01:00,2024-04-23,1,74
2024-04-23 02:00,2024-04-23,2,64
2024-04-23 03:00,2024-04-23,3,37
2024-04-23 04:00,2024-04-23,4,26
2024-04-23 05:00,2024-04-23,5,64
2024-04-23 06:00,2024-04-23,6,324
2024-04-23 07:00,2024-04-23,7,410
2024-04-23 08:00,2024-04-23,8,565
2024-04-23 09:00,2024-04-23,9,622
2024-04-23 10:00,2024-04-23,10,288
2024-04-23 11:00,2024-04-23,11,436
2024-04-23 12:00,2024-04-23,12,391
2024-04-23 13:00,2024-04-23,13,331
2024-04-23 14:00,2024-04-23,14,325
2024-04-23 15:00,2024-04-23,15,467
2024-04-23 16:00,2024-04-23,16,360
2024-04-23 17:00,2024-04-23,17,402
2024-04-23 18:00,2024-04-23,18,676
2024-04-23 19:00,2024-04-23,19,381
2024-04-23 20:00,2024-04-23,20,390
2024-04-23 21:00,2024-04-23,21,279
2024-04-23 22:00,2024-04-23,22,161
2024-04-23 23:00,2024-04-23,23,149
2024-04-24 00:00,2024-04-24,0,116
2024-04-24 01:00,2024-04-24,1,74
2024-04-24 02:00,2024-04-24,2,58
2024-04-24 03:00,2024-04-24,3,45
2024-04-24 04:00,2024-04-24,4,23
2024-04-24 05:00,2024-04-24,5,97
2024-04-24 06:00,2024-04-24,6,361
2024-04-24 07:00,2024-04-24,7,357
2024-04-24 08:00,2024-04-24,8,445
2024-04-24 09:00,2024-04-24,9,495
2024-04-24 10:00,2024-04-24,10,273
2024-04-24 11:00,2024-04-24,11,300
2024-04-24 12:00,2024-04-24,12,500
2024-04-24 13:00,2024-04-24,13,400
2024-04-24 14:00,2024-04-24,14,492
2024-04-24 15:00,2024-04-24,15,507
2024-04-24 16:00,2024-04-24,16,448
2024-04-24 17:00,2024-04-24,17,544
2024-04-24 18:00,2024-04-24,18,651
2024-04-24 19:00,2024-04-24,19,590
2024-04-24 20:00,2024-04-24,20,420
2024-04-24 21:00,2024-04-24,21,292
2024-04-24 22:00,2024-04-24,22,178
2024-04-24 23:00,2024-04-24,23,141
2024-04-25 00:00,2024-04-25,0,103
2024-04-25 01:00,2024-04-25,1,77
2024-04-25 02:00,2024-04-25,2,47
2024-04-25 03:00,2024-04-25,3,29
2024-04-25 04:00,2024-04-25,4,18
2024-04-25 05:00,2024-04-25,5,69
2024-04-25 06:00,2024-04-25,6,255
2024-04-25 07:00,2024-04-25,7,395
2024-04-25 08:00,2024-04-25,8,379
2024-04-25 09:00,2024-04-25,9,296
2024-04-25 10:00,2024-04-25,10,234
2024-04-25 11:00,2024-04-25,11,341
2024-04-25 12:00,2024-04-25,12,329
2024-04-25 13:00,2024-04-25,13,320
2024-04-25 14:00,2024-04-25,14,366
2024-04-25 15:00,2024-04-25,15,342
2024-04-25 16:00,2024-04-25,16,366
2024-04-25 17:00,2024-04-25,17,360
2024-04-25 18:00,2024-04-25,18,596
2024-04-25 19:00,2024-04-25,19,475
2024-04-25 20:00,2024-04-25,20,306
2024-04-25 21:00,2024-04-25,21,200
2024-04-25 22:00,2024-04-25,22,127
2024-04-25 23:00,2024-04-25,23,96
2024-04-26 00:00,2024-04-26,0,70
2024-04-26 01:00,2024-04-26,1,54
2024-04-26 02:00,2024-04-26,2,53
2024-04-26 03:00,2024-04-26,3,37
2024-04-26 04:00,2024-04-26,4,16
2024-04-26 05:00,2024-04-26,5,56
2024-04-26 06:00,2024-04-26,6,301
2024-04-26 07:00,2024-04-26,7,289
2024-04-26 08:00,2024-04-26,8,391
2024-04-26 09:00,2024-04-26,9,372
2024-04-26 10:00,2024-04-26,10,274
2024-04-26 11:00,2024-04-26,11,275
2024-04-26 12:00,2024-04-26,12,374
2024-04-26 13:00,2024-04-26,13,262
2024-04-26 14:00,2024-04-26,14,397
2024-04-26 15:00,2024-04-26,15,345
2024-04-26 16:00,2024-04-26,16,273
2024-04-26 17:00,2024-04-26,17,395
2024-04-26 18:00,2024-04-26,18,579
2024-04-26 19:00,2024-04-26,19,310
2024-04-26 20:00,2024-04-26,20,317
2024-04-26 21:00,2024-04-26,21,175
2024-04-26 22:00,2024-04-26,22,176
2024-04-26 23:00,2024-04-26,23,101
2024-04-27 00:00,2024-04-27,0,41
2024-04-27 01:00,2024-04-27,1,55
2024-04-27 02:00,2024-04-27,2,27
2024-04-27 03:00,2024-04-27,3,19
2024-04-27 04:00,2024-04-27,4,10
2024-04-27 05:00,2024-04-27,5,44
2024-04-27 06:00,2024-04-27,6,165
2024-04-27 07:00,2024-04-27,7,263
2024-04-27 08:00,2024-04-27,8,263
2024-04-27 09:00,2024-04-27,9,240
2024-04-27 10:00,2024-04-27,10,214
2024-04-27 11:00,2024-04-27,11,203
2024-04-27 12:00,2024-04-27,12,177
2024-04-27 13:00,2024-04-27,13,232
2024-04-27 14:00,2024-04-27,14,246
2024-04-27 15:00,2024-04-27,15,288
2024-04-27 16:00,2024-04-27,16,210
2024-04-27 17:00,2024-04-27,17,249
2024-04-27 18:00,2024-04-27,18,321
2024-04-27 19:00,2024-04-27,19,217
2024-04-27 20:00,2024-04-27,20,243
2024-04-27 21:00,2024-04-27,21,166
2024-04-27 22:00,2024-04-27,22,119
2024-04-27 23:00,2024-04-27,23,81
2024-04-28 00:00,2024-04-28,0,82
2024-04-28 01:00,2024-04-28,1,48
2024-04-28 02:00,2024-04-28,2,35
2024-04-28 03:00,2024-04-28,3,30
2024-04-28 04:00,2024-04-28,4,13
2024-04-28 05:00,2024-04-28,5,55
2024-04-28 06:00,2024-04-28,6,237
2024-04-28 07:00,2024-04-28,7,207
2024-04-28 08:00,2024-04-28,8,261
2024-04-28 09:00,2024-04-28,9,400
2024-04-28 10:00,2024-04-28,10,203
2024-04-28 11:00,2024-04-28,11,182
2024-04-28 12:00,2024-04-28,12,276
2024-04-28 13:00,2024-04-28,13,202
2024-04-28 14:00,2024-04-28,14,281
2024-04-28 15:00,2024-04-28,15,229
2024-04-28 16:00,2024-04-28,16,255
2024-04-28 17:00,2024-04-28,17,313
2024-04-28 18:00,2024-04-28,18,516
2024-04-28 19:00,2024-04-28,19,310
2024-04-28 20:00,2024-04-28,20,225
2024-04-28 21:00,2024-04-28,21,186
2024-04-28 22:00,2024-04-28,22,108
2024-04-28 23:00,2024-04-28,23,76
2024-04-29 00:00,2024-04-29,0,131
2024-04-29 01:00,2024-04-29,1,104
2024-04-29 02:00,2024-04-29,2,78
2024-04-29 03:00,2024-04-29,3,40
2024-04-29 04:00,2024-04-29,4,19
2024-04-29 05:00,2024-04-29,5,60
2024-04-29 06:00,2024-04-29,6,363
2024-04-29 07:00,2024-04-29,7,306
2024-04-29 08:00,2024-04-29,8,434
2024-04-29 09:00,2024-04-29,9,381
2024-04-29 10:00,2024-04-29,10,297
2024-04-29 11:00,2024-04-29,11,446
2024-04-29 12:00,2024-04-29,12,458
2024-04-29 13:00,2024-04-29,13,342
2024-04-29 14:00,2024-04-29,14,511
2024-04-29 15:00,2024-04-29,15,503
2024-04-29 16:00,2024-04-29,16,399
2024-04-29 17:00,2024-04-29,17,430
2024-04-29 18:00,2024-04-29,18,718
2024-04-29 19:00,2024-04-29,19,393
2024-04-29 20:00,2024-04-29,20,360
2024-04-29 21:00,2024-04-29,21,284
2024-04-29 22:00,2024-04-29,22,162
2024-04-29 23:00,2024-04-29,23,125
2024-04-30 00:00,2024-04-30,0,90
2024-04-30 01:00,2024-04-30,1,77
2024-04-30 02:00,2024-04-30,2,61
2024-04-30 03:00,2024-04-30,3,47
2024-04-30 04:00,2024-04-30,4,24
2024-04-30 05:00,2024-04-30,5,81
2024-04-30 06:00,2024-04-30,6,248
2024-04-30 07:00,2024-04-30,7,440
2024-04-30 08:00,2024-04-30,8,514
2024-04-30 09:00,2024-04-30,9,586
2024-04-30 10:00,2024-04-30,10,385
2024-04-30 11:00,2024-04-30,11,446
2024-04-30 12:00,2024-04-30,12,341
2024-04-30 13:00,2024-04-30,13,338
2024-04-30 14:00,2024-04-30,14,406
2024-04-30 15:00,2024-04-30,15,367
2024-04-30 16:00,2024-04-30,16,385
2024-04-30 17:00,2024-04-30,17,445
2024-04-30 18:00,2024-04-30,18,720
2024-04-30 19:00,2024-04-30,19,470
2024-04-30 20:00,2024-04-30,20,304
2024-04-30 21:00,2024-04-30,21,205
2024-04-30 22:00,2024-04-30,22,219
2024-04-30 23:00,2024-04-30,23,144
2024-05-01 00:00,2024-05-01,0,93
2024-05-01 01:00,2024-05-01,1,56
2024-05-01 02:00,2024-05-01,2,46
2024-05-01 03:00,2024-05-01,3,26
2024-05-01 04:00,2024-05-01,4,12
2024-05-01 05:00,2024-05-01,5,72
2024-05-01 06:00,2024-05-01,6,255
2024-05-01 07:00,2024-05-01,7,315
2024-05-01 08:00,2024-05-01,8,309
2024-05-01 09:00,2024-05-01,9,456
2024-05-01 10:00,2024-05-01,10,238
2024-05-01 11:00,2024-05-01,11,322
2024-05-01 12:00,2024-05-01,12,338
2024-05-01 13:00,2024-05-01,13,248
2024-05-01 14:00,2024-05-01,14,358
2024-05-01 15:00,2024-05-01,15,388
2024-05-01 16:00,2024-05-01,16,433
2024-05-01 17:00,2024-05-01,17,394
2024-05-01 18:00,2024-05-01,18,640
2024-05-01 19:00,2024-05-01,19,454
2024-05-01 20:00,2024-05-01,20,265
2024-05-01 21:00,2024-05-01,21,261
2024-05-01 22:00,2024-05-01,22,182
2024-05-01 23:00,2024-05-01,23,94
2024-05-02 00:00,2024-05-02,0,100
2024-05-02 01:00,2024-05-02,1,107
2024-05-02 02:00,2024-05-02,2,78
2024-05-02 03:00,2024-05-02,3,33
2024-05-02 04:00,2024-05-02,4,21
2024-05-02 05:00,2024-05-02,5,93
2024-05-02 06:00,2024-05-02,6,310
2024-05-02 07:00,2024-05-02,7,333
2024-05-02 08:00,2024-05-02,8,575
2024-05-02 09:00,2024-05-02,9,576
2024-05-02 10:00,2024-05-02,10,405
2024-05-02 11:00,2024-05-02,11,361
2024-05-02 12:00,2024-05-02,12,403
2024-05-02 13:00,2024-05-02,13,443
2024-05-02 14:00,2024-05-02,14,492
2024-05-02 15:00,2024-05-02,15,343
2024-05-02 16:00,2024-05-02,16,304
2024-05-02 17:00,2024-05-02,17,375
2024-05-02 18:00,2024-05-02,18,726
2024-05-02 19:00,2024-05-02,19,399
2024-05-02 20:00,2024-05-02,20,444
2024-05-02 21:00,2024-05-02,21,204
2024-05-02 22:00,2024-05-02,22,151
2024-05-02 23:00,2024-05-02,23,117
2024-05-03 00:00,2024-05-03,0,108
2024-05-03 01:00,2024-05-03,1,93
2024-05-03 02:00,2024-05-03,2,60
2024-05-03 03:00,2024-05-03,3,35
2024-05-03 04:00,2024-05-03,4,25
2024-05-03 05:00,2024-05-03,5,83
2024-05-03 06:00,2024-05-03,6,377
2024-05-03 07:00,2024-05-03,7,407
2024-05-03 08:00,2024-05-03,8,532
2024-05-03 09:00,2024-05-03,9,547
2024-05-03 10:00,2024-05-03,10,414
2024-05-03 11:00,2024-05-03,11,353
2024-05-03 12:00,2024-05-03,12,534
2024-05-03 13:00,2024-05-03,13,470
2024-05-03 14:00,2024-05-03,14,337
2024-05-03 15:00,2024-05-03,15,400
2024-05-03 16:00,2024-05-03,16,387
2024-05-03 17:00,2024-05-03,17,444
2024-05-03 18:00,2024-05-03,18,619
2024-05-03 19:00,2024-05-03,19,415
2024-05-03 20:00,2024-05-03,20,309
2024-05-03 21:00,2024-05-03,21,249
2024-05-03 22:00,2024-05-03,22,167
2024-05-03 23:00,2024-05-03,23,133
2024-05-04 00:00,2024-05-04,0,58
2024-05-04 01:00,2024-05-04,1,56
2024-05-04 02:00,2024-05-04,2,40
2024-05-04 03:00,2024-05-04,3,25
2024-05-04 04:00,2024-05-04,4,16
2024-05-04 05:00,2024-05-04,5,59
2024-05-04 06:00,2024-05-04,6,202
2024-05-04 07:00,2024-05-04,7,218
2024-05-04 08:00,2024-05-04,8,248
2024-05-04 09:00,2024-05-04,9,268
2024-05-04 10:00,2024-05-04,10,256
2024-05-04 11:00,2024-05-04,11,219
2024-05-04 12:00,2024-05-04,12,265
2024-05-04 13:00,2024-05-04,13,244
2024-05-04 14:00,2024-05-04,14,199
2024-05-04 15:00,2024-05-04,15,292
2024-05-04 16:00,2024-05-04,16,252
2024-05-04 17:00,2024-05-04,17,275
2024-05-04 18:00,2024-05-04,18,412
2024-05-04 19:00,2024-05-04,19,316
2024-05-04 20:00,2024-05-04,20,239
2024-05-04 21:00,2024-05-04,21,194
2024-05-04 22:00,2024-05-04,22,117
2024-05-04 23:00,2024-05-04,23,101
2024-05-05 00:00,2024-05-05,0,83
2024-05-05 01:00,2024-05-05,1,49
2024-05-05 02:00,2024-05-05,2,46
2024-05-05 03:00,2024-05-05,3,23
2024-05-05 04:00,2024-05-05,4,12
2024-05-05 05:00,2024-05-05,5,63
2024-05-05 06:00,2024-05-05,6,243
2024-05-05 07:00,2024-05-05,7,333
2024-05-05 08:00,2024-05-05,8,325
2024-05-05 09:00,2024-05-05,9,373
2024-05-05 10:00,2024-05-05,10,261
2024-05-05 11:00,2024-05-05,11,240
2024-05-05 12:00,2024-05-05,12,275
2024-05-05 13:00,2024-05-05,13,291
2024-05-05 14:00,2024-05-05,14,272
2024-05-05 15:00,2024-05-05,15,223
2024-05-05 16:00,2024-05-05,16,213
2024-05-05 17:00,2024-05-05,17,338
2024-05-05 18:00,2024-05-05,18,393
2024-05-05 19:00,2024-05-05,19,277
2024-05-05 20:00,2024-05-05,20,362
2024-05-05 21:00,2024-05-05,21,175
2024-05-05 22:00,2024-05-05,22,150
2024-05-05 23:00,2024-05-05,23,78
2024-05-06 00:00,2024-05-06,0,115
2024-05-06 01:00,2024-05-06,1,65
2024-05-06 02:00,2024-05-06,2,67
2024-05-06 03:00,2024-05-06,3,36
2024-05-06 04:00,2024-05-06,4,21
2024-05-06 05:00,2024-05-06,5,100
2024-05-06 06:00,2024-05-06,6,289
2024-05-06 07:00,2024-05-06,7,391
2024-05-06 08:00,2024-05-06,8,418
2024-05-06 09:00,2024-05-06,9,480
2024-05-06 10:00,2024-05-06,10,390
2024-05-06 11:00,2024-05-06,11,388
2024-05-06 12:00,2024-05-06,12,517
2024-05-06 13:00,2024-05-06,13,316
2024-05-06 14:00,2024-05-06,14,430
2024-05-06 15:00,2024-05-06,15,466
2024-05-06 16:00,2024-05-06,16,367
2024-05-06 17:00,2024-05-06,17,403
2024-05-06 18:00,2024-05-06,18,739
2024-05-06 19:00,2024-05-06,19,422
2024-05-06 20:00,2024-05-06,20,271
2024-05-06 21:00,2024-05-06,21,214
2024-05-06 22:00,2024-05-06,22,175
2024-05-06 23:00,2024-05-06,23,133
2024-05-07 00:00,2024-05-07,0,95
2024-05-07 01:00,2024-05-07,1,85
2024-05-07 02:00,2024-05-07,2,64
2024-05-07 03:00,2024-05-07,3,35
2024-05-07 04:00,2024-05-07,4,20
2024-05-07 05:00,2024-05-07,5,75
2024-05-07 06:00,2024-05-07,6,227
2024-05-07 07:00,2024-05-07,7,365
2024-05-07 08:00,2024-05-07,8,540
2024-05-07 09:00,2024-05-07,9,417
2024-05-07 10:00,2024-05-07,10,372
2024-05-07 11:00,2024-05-07,11,292
2024-05-07 12:00,2024-05-07,12,370
2024-05-07 13:00,2024-05-07,13,387
2024-05-07 14:00,2024-05-07,14,452
2024-05-07 15:00,2024-05-07,15,425
2024-05-07 16:00,2024-05-07,16,401
2024-05-07 17:00,2024-05-07,17,577
2024-05-07 18:00,2024-05-07,18,670
2024-05-07 19:00,2024-05-07,19,621
2024-05-07 20:00,2024-05-07,20,438
2024-05-07 21:00,2024-05-07,21,240
2024-05-07 22:00,2024-05-07,22,164
2024-05-07 23:00,2024-05-07,23,126
2024-05-08 00:00,2024-05-08,0,88
2024-05-08 01:00,2024-05-08,1,60
2024-05-08 02:00,2024-05-08,2,43
2024-05-08 03:00,2024-05-08,3,26
2024-05-08 04:00,2024-05-08,4,19
2024-05-08 05:00,2024-05-08,5,59
2024-05-08 06:00,2024-05-08,6,203
2024-05-08 07:00,2024-05-08,7,248
2024-05-08 08:00,2024-05-08,8,396
2024-05-08 09:00,2024-05-08,9,327
2024-05-08 10:00,2024-05-08,10,241
2024-05-08 11:00,2024-05-08,11,318
2024-05-08 12:00,2024-05-08,12,278
2024-05-08 13:00,2024-05-08,13,267
2024-05-08 14:00,2024-05-08,14,306
2024-05-08 15:00,2024-05-08,15,356
2024-05-08 16:00,2024-05-08,16,351
2024-05-08 17:00,2024-05-08,17,405
2024-05-08 18:00,2024-05-08,18,454
2024-05-08 19:00,2024-05-08,19,369
2024-05-08 20:00,2024-05-08,20,274
2024-05-08 21:00,2024-05-08,21,213
2024-05-08 22:00,2024-05-08,22,169
2024-05-08 23:00,2024-05-08,23,92
2024-05-09 00:00,2024-05-09,0,80
2024-05-09 01:00,2024-05-09,1,79
2024-05-09 02:00,2024-05-09,2,58
2024-05-09 03:00,2024-05-09,3,26
2024-05-09 04:00,2024-05-09,4,17
2024-05-09 05:00,2024-05-09,5,54
2024-05-09 06:00,2024-05-09,6,239
2024-05-09 07:00,2024-05-09,7,242
2024-05-09 08:00,2024-05-09,8,267
2024-05-09 09:00,2024-05-09,9,441
2024-05-09 10:00,2024-05-09,10,223
2024-05-09 11:00,2024-05-09,11,245
2024-05-09 12:00,2024-05-09,12,324
2024-05-09 13:00,2024-05-09,13,244
2024-05-09 14:00,2024-05-09,14,251
2024-05-09 15:00,2024-05-09,15,304
2024-05-09 16:00,2024-05-09,16,285
2024-05-09 17:00,2024-05-09,17,423
2024-05-09 18:00,2024-05-09,18,533
2024-05-09 19:00,2024-05-09,19,431
2024-05-09 20:00,2024-05-09,20,305
2024-05-09 21:00,2024-05-09,21,216
2024-05-09 22:00,2024-05-09,22,120
2024-05-09 23:00,2024-05-09,23,72
2024-05-10 00:00,2024-05-10,0,99
2024-05-10 01:00,2024-05-10,1,60
2024-05-10 02:00,2024-05-10,2,45
2024-05-10 03:00,2024-05-10,3,46
2024-05-10 04:00,2024-05-10,4,17
2024-05-10 05:00,2024-05-10,5,91
2024-05-10 06:00,2024-05-10,6,300
2024-05-10 07:00,2024-05-10,7,376
2024-05-10 08:00,2024-05-10,8,504
2024-05-10 09:00,2024-05-10,9,425
2024-05-10 10:00,2024-05-10,10,374
2024-05-10 11:00,2024-05-10,11,348
2024-05-10 12:00,2024-05-10,12,451
2024-05-10 13:00,2024-05-10,13,283
2024-05-10 14:00,2024-05-10,14,276
2024-05-10 15:00,2024-05-10,15,380
2024-05-10 16:00,2024-05-10,16,285
2024-05-10 17:00,2024-05-10,17,341
2024-05-10 18:00,2024-05-10,18,606
2024-05-10 19:00,2024-05-10,19,519
2024-05-10 20:00,2024-05-10,20,403
2024-05-10 21:00,2024-05-10,21,270
2024-05-10 22:00,2024-05-10,22,148
2024-05-10 23:00,2024-05-10,23,117
2024-05-11 00:00,2024-05-11,0,75
2024-05-11 01:00,2024-05-11,1,49
2024-05-11 02:00,2024-05-11,2,47
2024-05-11 03:00,2024-05-11,3,29
2024-05-11 04:00,2024-05-11,4,14
2024-05-11 05:00,2024-05-11,5,69
2024-05-11 06:00,2024-05-11,6,260
2024-05-11 07:00,2024-05-11,7,246
2024-05-11 08:00,2024-05-11,8,224
2024-05-11 09:00,2024-05-11,9,361
2024-05-11 10:00,2024-05-11,10,207
2024-05-11 11:00,2024-05-11,11,276
2024-05-11 12:00,2024-05-11,12,340
2024-05-11 13:00,2024-05-11,13,241
2024-05-11 14:00,2024-05-11,14,225
2024-05-11 15:00,2024-05-11,15,226
2024-05-11 16:00,2024-05-11,16,255
2024-05-11 17:00,2024-05-11,17,357
2024-05-11 18:00,2024-05-11,18,376
2024-05-11 19:00,2024-05-11,19,345
2024-05-11 20:00,2024-05-11,20,175
2024-05-11 21:00,2024-05-11,21,135
2024-05-11 22:00,2024-05-11,22,145
2024-05-11 23:00,2024-05-11,23,102
2024-05-12 00:00,2024-05-12,0,58
2024-05-12 01:00,2024-05-12,1,40
2024-05-12 02:00,2024-05-12,2,43
2024-05-12 03:00,2024-05-12,3,20
2024-05-12 04:00,2024-05-12,4,13
2024-05-12 05:00,2024-05-12,5,62
2024-05-12 06:00,2024-05-12,6,261
2024-05-12 07:00,2024-05-12,7,301
2024-05-12 08:00,2024-05-12,8,345
2024-05-12 09:00,2024-05-12,9,262
2024-05-12 10:00,2024-05-12,10,175
2024-05-12 11:00,2024-05-12,11,179
2024-05-12 12:00,2024-05-12,12,309
2024-05-12 13:00,2024-05-12,13,301
2024-05-12 14:00,2024-05-12,14,268
2024-05-12 15:00,2024-05-12,15,322
2024-05-12 16:00,2024-05-12,16,276
2024-05-12 17:00,2024-05-12,17,295
2024-05-12 18:00,2024-05-12,18,373
2024-05-12 19:00,2024-05-12,19,243
2024-05-12 20:00,2024-05-12,20,266
2024-05-12 21:00,2024-05-12,21,184
2024-05-12 22:00,2024-05-12,22,131
2024-05-12 23:00,2024-05-12,23,73
2024-05-13 00:00,2024-05-13,0,84
2024-05-13 01:00,2024-05-13,1,88
2024-05-13 02:00,2024-05-13,2,57
2024-05-13 03:00,2024-05-13,3,33
2024-05-13 04:00,2024-05-13,4,23
2024-05-13 05:00,2024-05-13,5,60
2024-05-13 06:00,2024-05-13,6,281
2024-05-13 07:00,2024-05-13,7,410
2024-05-13 08:00,2024-05-13,8,368
2024-05-13 09:00,2024-05-13,9,352
2024-05-13 10:00,2024-05-13,10,284
2024-05-13 11:00,2024-05-13,11,266
2024-05-13 12:00,2024-05-13,12,304
2024-05-13 13:00,2024-05-13,13,268
2024-05-13 14:00,2024-05-13,14,342
2024-05-13 15:00,2024-05-13,15,413
2024-05-13 16:00,2024-05-13,16,315
2024-05-13 17:00,2024-05-13,17,376
2024-05-13 18:00,2024-05-13,18,709
2024-05-13 19:00,2024-05-13,19,463
2024-05-13 20:00,2024-05-13,20,309
2024-05-13 21:00,2024-05-13,21,235
2024-05-13 22:00,2024-05-13,22,169
2024-05-13 23:00,2024-05-13,23,107
2024-05-14 00:00,2024-05-14,0,99
2024-05-14 01:00,2024-05-14,1,63
2024-05-14 02:00,2024-05-14,2,63
2024-05-14 03:00,2024-05-14,3,52
2024-05-14 04:00,2024-05-14,4,25
2024-05-14 05:00,2024-05-14,5,63
2024-05-14 06:00,2024-05-14,6,296
2024-05-14 07:00,2024-05-14,7,433
2024-05-14 08:00,2024-05-14,8,429
2024-05-14 09:00,2024-05-14,9,389
2024-05-14 10:00,2024-05-14,10,407
2024-05-14 11:00,2024-05-14,11,299
2024-05-14 12:00,2024-05-14,12,426
2024-05-14 13:00,2024-05-14,13,416
2024-05-14 14:00,2024-05-14,14,375
2024-05-14 15:00,2024-05-14,15,409
2024-05-14 16:00,2024-05-14,16,456
2024-05-14 17:00,2024-05-14,17,467
2024-05-14 18:00,2024-05-14,18,721
2024-05-14 19:00,2024-05-14,19,524
2024-05-14 20:00,2024-05-14,20,350
2024-05-14 21:00,2024-05-14,21,225
2024-05-14 22:00,2024-05-14,22,174
2024-05-14 23:00,2024-05-14,23,108
2024-05-15 00:00,2024-05-15,0,81
2024-05-15 01:00,2024-05-15,1,87
2024-05-15 02:00,2024-05-15,2,67
2024-05-15 03:00,2024-05-15,3,45
2024-05-15 04:00,2024-05-15,4,24
2024-05-15 05:00,2024-05-15,5,66
2024-05-15 06:00,2024-05-15,6,248
2024-05-15 07:00,2024-05-15,7,334
2024-05-15 08:00,2024-05-15,8,541
2024-05-15 09:00,2024-05-15,9,363
2024-05-15 10:00,2024-05-15,10,388
2024-05-15 11:00,2024-05-15,11,343
2024-05-15 12:00,2024-05-15,12,442
2024-05-15 13:00,2024-05-15,13,397
2024-05-15 14:00,2024-05-15,14,343
2024-05-15 15:00,2024-05-15,15,345
2024-05-15 16:00,2024-05-15,16,389
2024-05-15 17:00,2024-05-15,17,412
2024-05-15 18:00,2024-05-15,18,693
2024-05-15 19:00,2024-05-15,19,496
2024-05-15 20:00,2024-05-15,20,324
2024-05-15 21:00,2024-05-15,21,233
2024-05-15 22:00,2024-05-15,22,139
2024-05-15 23:00,2024-05-15,23,118
2024-05-16 00:00,2024-05-16,0,117
2024-05-16 01:00,2024-05-16,1,81
2024-05-16 02:00,2024-05-16,2,48
2024-05-16 03:00,2024-05-16,3,36
2024-05-16 04:00,2024-05-16,4,21
2024-05-16 05:00,2024-05-16,5,90
2024-05-16 06:00,2024-05-16,6,239
2024-05-16 07:00,2024-05-16,7,398
2024-05-16 08:00,2024-05-16,8,401
2024-05-16 09:00,2024-05-16,9,445
2024-05-16 10:00,2024-05-16,10,358
2024-05-16 11:00,2024-05-16,11,410
2024-05-16 12:00,2024-05-16,12,416
2024-05-16 13:00,2024-05-16,13,312
2024-05-16 14:00,2024-05-16,14,491
2024-05-16 15:00,2024-05-16,15,430
2024-05-16 16:00,2024-05-16,16,362
2024-05-16 17:00,2024-05-16,17,402
2024-05-16 18:00,2024-05-16,18,454
2024-05-16 19:00,2024-05-16,19,378
2024-05-16 20:00,2024-05-16,20,446
2024-05-16 21:00,2024-05-16,21,264
2024-05-16 22:00,2024-05-16,22,150
2024-05-16 23:00,2024-05-16,23,139
2024-05-17 00:00,2024-05-17,0,96
2024-05-17 01:00,2024-05-17,1,95
2024-05-17 02:00,2024-05-17,2,69
2024-05-17 03:00,2024-05-17,3,45
2024-05-17 04:00,2024-05-17,4,16
2024-05-17 05:00,2024-05-17,5,65
2024-05-17 06:00,2024-05-17,6,277
2024-05-17 07:00,2024-05-17,7,407
2024-05-17 08:00,2024-05-17,8,506
2024-05-17 09:00,2024-05-17,9,429
2024-05-17 10:00,2024-05-17,10,255
2024-05-17 11:00,2024-05-17,11,284
2024-05-17 12:00,2024-05-17,12,513
2024-05-17 13:00,2024-05-17,13,285
2024-05-17 14:00,2024-05-17,14,400
2024-05-17 15:00,2024-05-17,15,367
2024-05-17 16:00,2024-05-17,16,350
2024-05-17 17:00,2024-05-17,17,495
2024-05-17 18:00,2024-05-17,18,622
2024-05-17 19:00,2024-05-17,19,487
2024-05-17 20:00,2024-05-17,20,314
2024-05-17 21:00,2024-05-17,21,288
2024-05-17 22:00,2024-05-17,22,204
2024-05-17 23:00,2024-05-17,23,129
2024-05-18 00:00,2024-05-18,0,65
2024-05-18 01:00,2024-05-18,1,55
2024-05-18 02:00,2024-05-18,2,32
2024-05-18 03:00,2024-05-18,3,27
2024-05-18 04:00,2024-05-18,4,13
2024-05-18 05:00,2024-05-18,5,64
2024-05-18 06:00,2024-05-18,6,254
2024-05-18 07:00,2024-05-18,7,264
2024-05-18 08:00,2024-05-18,8,270
2024-05-18 09:00,2024-05-18,9,327
2024-05-18 10:00,2024-05-18,10,189
2024-05-18 11:00,2024-05-18,11,201
2024-05-18 12:00,2024-05-18,12,381
2024-05-18 13:00,2024-05-18,13,255
2024-05-18 14:00,2024-05-18,14,284
2024-05-18 15:00,2024-05-18,15,226
2024-05-18 16:00,2024-05-18,16,185
2024-05-18 17:00,2024-05-18,17,243
2024-05-18 18:00,2024-05-18,18,390
2024-05-18 19:00,2024-05-18,19,420
2024-05-18 20:00,2024-05-18,20,200
2024-05-18 21:00,2024-05-18,21,175
2024-05-18 22:00,2024-05-18,22,108
2024-05-18 23:00,2024-05-18,23,64
2024-05-19 00:00,2024-05-19,0,81
2024-05-19 01:00,2024-05-19,1,46
2024-05-19 02:00,2024-05-19,2,34
2024-05-19 03:00,2024-05-19,3,32
2024-05-19 04:00,2024-05-19,4,13
2024-05-19 05:00,2024-05-19,5,41
2024-05-19 06:00,2024-05-19,6,207
2024-05-19 07:00,2024-05-19,7,275
2024-05-19 08:00,2024-05-19,8,284
2024-05-19 09:00,2024-05-19,9,388
2024-05-19 10:00,2024-05-19,10,234
2024-05-19 11:00,2024-05-19,11,293
2024-05-19 12:00,2024-05-19,12,317
2024-05-19 13:00,2024-05-19,13,223
2024-05-19 14:00,2024-05-19,14,253
2024-05-19 15:00,2024-05-19,15,267
2024-05-19 16:00,2024-05-19,16,352
2024-05-19 17:00,2024-05-19,17,351
2024-05-19 18:00,2024-05-19,18,378
2024-05-19 19:00,2024-05-19,19,244
2024-05-19 20:00,2024-05-19,20,307
2024-05-19 21:00,2024-05-19,21,176
2024-05-19 22:00,2024-05-19,22,106
2024-05-19 23:00,2024-05-19,23,80
2024-05-20 00:00,2024-05-20,0,88
2024-05-20 01:00,2024-05-20,1,70
2024-05-20 02:00,2024-05-20,2,62
2024-05-20 03:00,2024-05-20,3,42
2024-05-20 04:00,2024-05-20,4,23
2024-05-20 05:00,2024-05-20,5,84
2024-05-20 06:00,2024-05-20,6,320
2024-05-20 07:00,2024-05-20,7,485
2024-05-20 08:00,2024-05-20,8,338
2024-05-20 09:00,2024-05-20,9,480
2024-05-20 10:00,2024-05-20,10,345
2024-05-20 11:00,2024-05-20,11,351
2024-05-20 12:00,2024-05-20,12,513
2024-05-20 13:00,2024-05-20,13,445
2024-05-20 14:00,2024-05-20,14,367
2024-05-20 15:00,2024-05-20,15,433
2024-05-20 16:00,2024-05-20,16,462
2024-05-20 17:00,2024-05-20,17,576
2024-05-20 18:00,2024-05-20,18,460
2024-05-20 19:00,2024-05-20,19,432
2024-05-20 20:00,2024-05-20,20,433
2024-05-20 21:00,2024-05-20,21,264
2024-05-20 22:00,2024-05-20,22,163
2024-05-20 23:00,2024-05-20,23,122
2024-05-21 00:00,2024-05-21,0,102
2024-05-21 01:00,2024-05-21,1,66
2024-05-21 02:00,2024-05-21,2,74
2024-05-21 03:00,2024-05-21,3,33
2024-05-21 04:00,2024-05-21,4,20
2024-05-21 05:00,2024-05-21,5,87
2024-05-21 06:00,2024-05-21,6,352
2024-05-21 07:00,2024-05-21,7,448
2024-05-21 08:00,2024-05-21,8,506
2024-05-21 09:00,2024-05-21,9,384
2024-05-21 10:00,2024-05-21,10,415
2024-05-21 11:00,2024-05-21,11,360
2024-05-21 12:00,2024-05-21,12,440
2024-05-21 13:00,2024-05-21,13,441
2024-05-21 14:00,2024-05-21,14,347
2024-05-21 15:00,2024-05-21,15,525
2024-05-21 16:00,2024-05-21,16,478
2024-05-21 17:00,2024-05-21,17,518
2024-05-21 18:00,2024-05-21,18,714
2024-05-21 19:00,2024-05-21,19,465
2024-05-21 20:00,2024-05-21,20,287
2024-05-21 21:00,2024-05-21,21,219
2024-05-21 22:00,2024-05-21,22,180
2024-05-21 23:00,2024-05-21,23,109
2024-05-22 00:00,2024-05-22,0,111
2024-05-22 01:00,2024-05-22,1,70
2024-05-22 02:00,2024-05-22,2,56
2024-05-22 03:00,2024-05-22,3,44
2024-05-22 04:00,2024-05-22,4,20
2024-05-22 05:00,2024-05-22,5,77
2024-05-22 06:00,2024-05-22,6,330
2024-05-22 07:00,2024-05-22,7,363
2024-05-22 08:00,2024-05-22,8,490
2024-05-22 09:00,2024-05-22,9,483
2024-05-22 10:00,2024-05-22,10,413
2024-05-22 11:00,2024-05-22,11,300
2024-05-22 12:00,2024-05-22,12,344
2024-05-22 13:00,2024-05-22,13,308
2024-05-22 14:00,2024-05-22,14,320
2024-05-22 15:00,2024-05-22,15,323
2024-05-22 16:00,2024-05-22,16,376
2024-05-22 17:00,2024-05-22,17,378
2024-05-22 18:00,2024-05-22,18,520
2024-05-22 19:00,2024-05-22,19,385
2024-05-22 20:00,2024-05-22,20,517
2024-05-22 21:00,2024-05-22,21,327
2024-05-22 22:00,2024-05-22,22,179
2024-05-22 23:00,2024-05-22,23,111
2024-05-23 00:00,2024-05-23,0,117
2024-05-23 01:00,2024-05-23,1,94
2024-05-23 02:00,2024-05-23,2,65
2024-05-23 03:00,2024-05-23,3,43
2024-05-23 04:00,2024-05-23,4,18
2024-05-23 05:00,2024-05-23,5,81
2024-05-23 06:00,2024-05-23,6,282
2024-05-23 07:00,2024-05-23,7,459
2024-05-23 08:00,2024-05-23,8,462
2024-05-23 09:00,2024-05-23,9,419
2024-05-23 10:00,2024-05-23,10,379
2024-05-23 11:00,2024-05-23,11,372
2024-05-23 12:00,2024-05-23,12,370
2024-05-23 13:00,2024-05-23,13,402
2024-05-23 14:00,2024-05-23,14,360
2024-05-23 15:00,2024-05-23,15,456
2024-05-23 16:00,2024-05-23,16,323
2024-05-23 17:00,2024-05-23,17,471
2024-05-23 18:00,2024-05-23,18,633
2024-05-23 19:00,2024-05-23,19,594
2024-05-23 20:00,2024-05-23,20,420
2024-05-23 21:00,2024-05-23,21,297
2024-05-23 22:00,2024-05-23,22,205
2024-05-23 23:00,2024-05-23,23,95
2024-05-24 00:00,2024-05-24,0,81
2024-05-24 01:00,2024-05-24,1,69
2024-05-24 02:00,2024-05-24,2,52
2024-05-24 03:00,2024-05-24,3,49
2024-05-24 04:00,2024-05-24,4,18
2024-05-24 05:00,2024-05-24,5,71
2024-05-24 06:00,2024-05-24,6,310
2024-05-24 07:00,2024-05-24,7,472
2024-05-24 08:00,2024-05-24,8,389
2024-05-24 09:00,2024-05-24,9,427
2024-05-24 10:00,2024-05-24,10,355
2024-05-24 11:00,2024-05-24,11,337
2024-05-24 12:00,2024-05-24,12,372
2024-05-24 13:00,2024-05-24,13,408
2024-05-24 14:00,2024-05-24,14,365
2024-05-24 15:00,2024-05-24,15,471
2024-05-24 16:00,2024-05-24,16,432
2024-05-24 17:00,2024-05-24,17,389
2024-05-24 18:00,2024-05-24,18,483
2024-05-24 19:00,2024-05-24,19,417
2024-05-24 20:00,2024-05-24,20,291
2024-05-24 21:00,2024-05-24,21,209
2024-05-24 22:00,2024-05-24,22,157
2024-05-24 23:00,2024-05-24,23,128
2024-05-25 00:00,2024-05-25,0,54
2024-05-25 01:00,2024-05-25,1,56
2024-05-25 02:00,2024-05-25,2,46
2024-05-25 03:00,2024-05-25,3,31
2024-05-25 04:00,2024-05-25,4,13
2024-05-25 05:00,2024-05-25,5,52
2024-05-25 06:00,2024-05-25,6,177
2024-05-25 07:00,2024-05-25,7,245
2024-05-25 08:00,2024-05-25,8,361
2024-05-25 09:00,2024-05-25,9,390
2024-05-25 10:00,2024-05-25,10,218
2024-05-25 11:00,2024-05-25,11,200
2024-05-25 12:00,2024-05-25,12,303
2024-05-25 13:00,2024-05-25,13,273
2024-05-25 14:00,2024-05-25,14,194
2024-05-25 15:00,2024-05-25,15,230
2024-05-25 16:00,2024-05-25,16,238
2024-05-25 17:00,2024-05-25,17,236
2024-05-25 18:00,2024-05-25,18,395
2024-05-25 19:00,2024-05-25,19,243
2024-05-25 20:00,2024-05-25,20,241
2024-05-25 21:00,2024-05-25,21,204
2024-05-25 22:00,2024-05-25,22,147
2024-05-25 23:00,2024-05-25,23,74
2024-05-26 00:00,2024-05-26,0,72
2024-05-26 01:00,2024-05-26,1,49
2024-05-26 02:00,2024-05-26,2,45
2024-05-26 03:00,2024-05-26,3,35
2024-05-26 04:00,2024-05-26,4,14
2024-05-26 05:00,2024-05-26,5,69
2024-05-26 06:00,2024-05-26,6,213
2024-05-26 07:00,2024-05-26,7,260
2024-05-26 08:00,2024-05-26,8,365
2024-05-26 09:00,2024-05-26,9,361
2024-05-26 10:00,2024-05-26,10,249
2024-05-26 11:00,2024-05-26,11,195
2024-05-26 12:00,2024-05-26,12,310
2024-05-26 13:00,2024-05-26,13,218
2024-05-26 14:00,2024-05-26,14,267
2024-05-26 15:00,2024-05-26,15,327
2024-05-26 16:00,2024-05-26,16,314
2024-05-26 17:00,2024-05-26,17,367
2024-05-26 18:00,2024-05-26,18,478
2024-05-26 19:00,2024-05-26,19,360
2024-05-26 20:00,2024-05-26,20,310
2024-05-26 21:00,2024-05-26,21,189
2024-05-26 22:00,2024-05-26,22,121
2024-05-26 23:00,2024-05-26,23,100
2024-05-27 00:00,2024-05-27,0,78
2024-05-27 01:00,2024-05-27,1,77
2024-05-27 02:00,2024-05-27,2,68
2024-05-27 03:00,2024-05-27,3,33
2024-05-27 04:00,2024-05-27,4,17
2024-05-27 05:00,2024-05-27,5,66
2024-05-27 06:00,2024-05-27,6,386
2024-05-27 07:00,2024-05-27,7,343
2024-05-27 08:00,2024-05-27,8,396
2024-05-27 09:00,2024-05-27,9,433
2024-05-27 10:00,2024-05-27,10,414
2024-05-27 11:00,2024-05-27,11,310
2024-05-27 12:00,2024-05-27,12,436
2024-05-27 13:00,2024-05-27,13,457
2024-05-27 14:00,2024-05-27,14,331
2024-05-27 15:00,2024-05-27,15,447
2024-05-27 16:00,2024-05-27,16,325
2024-05-27 17:00,2024-05-27,17,376
2024-05-27 18:00,2024-05-27,18,618
2024-05-27 19:00,2024-05-27,19,387
2024-05-27 20:00,2024-05-27,20,270
2024-05-27 21:00,2024-05-27,21,187
2024-05-27 22:00,2024-05-27,22,179
2024-05-27 23:00,2024-05-27,23,125
2024-05-28 00:00,2024-05-28,0,91
2024-05-28 01:00,2024-05-28,1,85
2024-05-28 02:00,2024-05-28,2,59
2024-05-28 03:00,2024-05-28,3,42
2024-05-28 04:00,2024-05-28,4,22
2024-05-28 05:00,2024-05-28,5,82
2024-05-28 06:00,2024-05-28,6,312
2024-05-28 07:00,2024-05-28,7,370
2024-05-28 08:00,2024-05-28,8,431
2024-05-28 09:00,2024-05-28,9,361
2024-05-28 10:00,2024-05-28,10,419
2024-05-28 11:00,2024-05-28,11,411
2024-05-28 12:00,2024-05-28,12,502
2024-05-28 13:00,2024-05-28,13,378
2024-05-28 14:00,2024-05-28,14,405
2024-05-28 15:00,2024-05-28,15,455
2024-05-28 16:00,2024-05-28,16,314
2024-05-28 17:00,2024-05-28,17,529
2024-05-28 18:00,2024-05-28,18,407
2024-05-28 19:00,2024-05-28,19,483
2024-05-28 20:00,2024-05-28,20,418
2024-05-28 21:00,2024-05-28,21,246
2024-05-28 22:00,2024-05-28,22,148
2024-05-28 23:00,2024-05-28,23,127
2024-05-29 00:00,2024-05-29,0,61
2024-05-29 01:00,2024-05-29,1,72
2024-05-29 02:00,2024-05-29,2,55
2024-05-29 03:00,2024-05-29,3,36
2024-05-29 04:00,2024-05-29,4,18
2024-05-29 05:00,2024-05-29,5,57
2024-05-29 06:00,2024-05-29,6,298
2024-05-29 07:00,2024-05-29,7,273
2024-05-29 08:00,2024-05-29,8,370
2024-05-29 09:00,2024-05-29,9,386
2024-05-29 10:00,2024-05-29,10,269
2024-05-29 11:00,2024-05-29,11,271
2024-05-29 12:00,2024-05-29,12,383
2024-05-29 13:00,2024-05-29,13,295
2024-05-29 14:00,2024-05-29,14,224
2024-05-29 15:00,2024-05-29,15,266
2024-05-29 16:00,2024-05-29,16,298
2024-05-29 17:00,2024-05-29,17,328
2024-05-29 18:00,2024-05-29,18,368
2024-05-29 19:00,2024-05-29,19,403
2024-05-29 20:00,2024-05-29,20,233
2024-05-29 21:00,2024-05-29,21,198
2024-05-29 22:00,2024-05-29,22,108
2024-05-29 23:00,2024-05-29,23,87
2024-05-30 00:00,2024-05-30,0,61
2024-05-30 01:00,2024-05-30,1,48
2024-05-30 02:00,2024-05-30,2,40
2024-05-30 03:00,2024-05-30,3,35
2024-05-30 04:00,2024-05-30,4,14
2024-05-30 05:00,2024-05-30,5,55
2024-05-30 06:00,2024-05-30,6,281
2024-05-30 07:00,2024-05-30,7,331
2024-05-30 08:00,2024-05-30,8,318
2024-05-30 09:00,2024-05-30,9,454
2024-05-30 10:00,2024-05-30,10,306
2024-05-30 11:00,2024-05-30,11,326
2024-05-30 12:00,2024-05-30,12,279
2024-05-30 13:00,2024-05-30,13,326
2024-05-30 14:00,2024-05-30,14,306
2024-05-30 15:00,2024-05-30,15,272
2024-05-30 16:00,2024-05-30,16,224
2024-05-30 17:00,2024-05-30,17,416
2024-05-30 18:00,2024-05-30,18,366
2024-05-30 19:00,2024-05-30,19,390
2024-05-30 20:00,2024-05-30,20,344
2024-05-30 21:00,2024-05-30,21,198
2024-05-30 22:00,2024-05-30,22,148
2024-05-30 23:00,2024-05-30,23,91
2024-05-31 00:00,2024-05-31,0,94
2024-05-31 01:00,2024-05-31,1,58
2024-05-31 02:00,2024-05-31,2,46
2024-05-31 03:00,2024-05-31,3,33
2024-05-31 04:00,2024-05-31,4,12
2024-05-31 05:00,2024-05-31,5,66
2024-05-31 06:00,2024-05-31,6,269
2024-05-31 07:00,2024-05-31,7,385
2024-05-31 08:00,2024-05-31,8,429
2024-05-31 09:00,2024-05-31,9,500
2024-05-31 10:00,2024-05-31,10,318
2024-05-31 11:00,2024-05-31,11,277
2024-05-31 12:00,2024-05-31,12,296
2024-05-31 13:00,2024-05-31,13,373
2024-05-31 14:00,2024-05-31,14,357
2024-05-31 15:00,2024-05-31,15,303
2024-05-31 16:00,2024-05-31,16,227
2024-05-31 17:00,2024-05-31,17,312
2024-05-31 18:00,2024-05-31,18,352
2024-05-31 19:00,2024-05-31,19,414
2024-05-31 20:00,2024-05-31,20,288
2024-05-31 21:00,2024-05-31,21,150
2024-05-31 22:00,2024-05-31,22,115
2024-05-31 23:00,2024-05-31,23,88
2024-06-01 00:00,2024-06-01,0,67
2024-06-01 01:00,2024-06-01,1,68
2024-06-01 02:00,2024-06-01,2,37
2024-06-01 03:00,2024-06-01,3,21
2024-06-01 04:00,2024-06-01,4,17
2024-06-01 05:00,2024-06-01,5,65
2024-06-01 06:00,2024-06-01,6,186
2024-06-01 07:00,2024-06-01,7,265
2024-06-01 08:00,2024-06-01,8,383
2024-06-01 09:00,2024-06-01,9,321
2024-06-01 10:00,2024-06-01,10,282
2024-06-01 11:00,2024-06-01,11,275
2024-06-01 12:00,2024-06-01,12,347
2024-06-01 13:00,2024-06-01,13,190
2024-06-01 14:00,2024-06-01,14,231
2024-06-01 15:00,2024-06-01,15,190
2024-06-01 16:00,2024-06-01,16,263
2024-06-01 17:00,2024-06-01,17,246
2024-06-01 18:00,2024-06-01,18,480
2024-06-01 19:00,2024-06-01,19,243
2024-06-01 20:00,2024-06-01,20,217
2024-06-01 21:00,2024-06-01,21,193
2024-06-01 22:00,2024-06-01,22,111
2024-06-01 23:00,2024-06-01,23,88
2024-06-02 00:00,2024-06-02,0,76
2024-06-02 01:00,2024-06-02,1,53
2024-06-02 02:00,2024-06-02,2,31
2024-06-02 03:00,2024-06-02,3,34
2024-06-02 04:00,2024-06-02,4,12
2024-06-02 05:00,2024-06-02,5,61
2024-06-02 06:00,2024-06-02,6,173
2024-06-02 07:00,2024-06-02,7,274
2024-06-02 08:00,2024-06-02,8,342
2024-06-02 09:00,2024-06-02,9,279
2024-06-02 10:00,2024-06-02,10,215
2024-06-02 11:00,2024-06-02,11,214
2024-06-02 12:00,2024-06-02,12,280
2024-06-02 13:00,2024-06-02,13,278
2024-06-02 14:00,2024-06-02,14,244
2024-06-02 15:00,2024-06-02,15,238
2024-06-02 16:00,2024-06-02,16,277
2024-06-02 17:00,2024-06-02,17,305
2024-06-02 18:00,2024-06-02,18,353
2024-06-02 19:00,2024-06-02,19,354
2024-06-02 20:00,2024-06-02,20,267
2024-06-02 21:00,2024-06-02,21,189
2024-06-02 22:00,2024-06-02,22,132
2024-06-02 23:00,2024-06-02,23,75
2024-06-03 00:00,2024-06-03,0,88
2024-06-03 01:00,2024-06-03,1,60
2024-06-03 02:00,2024-06-03,2,58
2024-06-03 03:00,2024-06-03,3,48
2024-06-03 04:00,2024-06-03,4,21
2024-06-03 05:00,2024-06-03,5,69
2024-06-03 06:00,2024-06-03,6,235
2024-06-03 07:00,2024-06-03,7,401
2024-06-03 08:00,2024-06-03,8,391
2024-06-03 09:00,2024-06-03,9,393
2024-06-03 10:00,2024-06-03,10,344
2024-06-03 11:00,2024-06-03,11,367
2024-06-03 12:00,2024-06-03,12,468
2024-06-03 13:00,2024-06-03,13,335
2024-06-03 14:00,2024-06-03,14,417
2024-06-03 15:00,2024-06-03,15,332
2024-06-03 16:00,2024-06-03,16,277
2024-06-03 17:00,2024-06-03,17,501
2024-06-03 18:00,2024-06-03,18,471
2024-06-03 19:00,2024-06-03,19,429
2024-06-03 20:00,2024-06-03,20,278
2024-06-03 21:00,2024-06-03,21,262
2024-06-03 22:00,2024-06-03,22,147
2024-06-03 23:00,2024-06-03,23,117
2024-06-04 00:00,2024-06-04,0,83
2024-06-04 01:00,2024-06-04,1,99
2024-06-04 02:00,2024-06-04,2,72
2024-06-04 03:00,2024-06-04,3,47
2024-06-04 04:00,2024-06-04,4,24
2024-06-04 05:00,2024-06-04,5,79
2024-06-04 06:00,2024-06-04,6,244
2024-06-04 07:00,2024-06-04,7,375
2024-06-04 08:00,2024-06-04,8,354
2024-06-04 09:00,2024-06-04,9,403
2024-06-04 10:00,2024-06-04,10,252
2024-06-04 11:00,2024-06-04,11,335
2024-06-04 12:00,2024-06-04,12,460
2024-06-04 13:00,2024-06-04,13,269
2024-06-04 14:00,2024-06-04,14,299
2024-06-04 15:00,2024-06-04,15,408
2024-06-04 16:00,2024-06-04,16,450
2024-06-04 17:00,2024-06-04,17,489
2024-06-04 18:00,2024-06-04,18,616
2024-06-04 19:00,2024-06-04,19,329
2024-06-04 20:00,2024-06-04,20,400
2024-06-04 21:00,2024-06-04,21,211
2024-06-04 22:00,2024-06-04,22,147
2024-06-04 23:00,2024-06-04,23,126
2024-06-05 00:00,2024-06-05,0,123
2024-06-05 01:00,2024-06-05,1,75
2024-06-05 02:00,2024-06-05,2,56
2024-06-05 03:00,2024-06-05,3,38
2024-06-05 04:00,2024-06-05,4,16
2024-06-05 05:00,2024-06-05,5,90
2024-06-05 06:00,2024-06-05,6,275
2024-06-05 07:00,2024-06-05,7,325
2024-06-05 08:00,2024-06-05,8,365
2024-06-05 09:00,2024-06-05,9,428
2024-06-05 10:00,2024-06-05,10,286
2024-06-05 11:00,2024-06-05,11,349
2024-06-05 12:00,2024-06-05,12,471
2024-06-05 13:00,2024-06-05,13,327
2024-06-05 14:00,2024-06-05,14,341
2024-06-05 15:00,2024-06-05,15,309
2024-06-05 16:00,2024-06-05,16,384
2024-06-05 17:00,2024-06-05,17,397
2024-06-05 18:00,2024-06-05,18,584
2024-06-05 19:00,2024-06-05,19,474
2024-06-05 20:00,2024-06-05,20,246
2024-06-05 21:00,2024-06-05,21,221
2024-06-05 22:00,2024-06-05,22,193
2024-06-05 23:00,2024-06-05,23,98
2024-06-06 00:00,2024-06-06,0,94
2024-06-06 01:00,2024-06-06,1,79
2024-06-06 02:00,2024-06-06,2,71
2024-06-06 03:00,2024-06-06,3,34
2024-06-06 04:00,2024-06-06,4,18
2024-06-06 05:00,2024-06-06,5,97
2024-06-06 06:00,2024-06-06,6,369
2024-06-06 07:00,2024-06-06,7,383
2024-06-06 08:00,2024-06-06,8,398
2024-06-06 09:00,2024-06-06,9,407
2024-06-06 10:00,2024-06-06,10,371
2024-06-06 11:00,2024-06-06,11,311
2024-06-06 12:00,2024-06-06,12,321
2024-06-06 13:00,2024-06-06,13,283
2024-06-06 14:00,2024-06-06,14,283
2024-06-06 15:00,2024-06-06,15,444
2024-06-06 16:00,2024-06-06,16,384
2024-06-06 17:00,2024-06-06,17,429
2024-06-06 18:00,2024-06-06,18,513
2024-06-06 19:00,2024-06-06,19,452
2024-06-06 20:00,2024-06-06,20,365
2024-06-06 21:00,2024-06-06,21,231
2024-06-06 22:00,2024-06-06,22,174
2024-06-06 23:00,2024-06-06,23,130
2024-06-07 00:00,2024-06-07,0,80
2024-06-07 01:00,2024-06-07,1,88
2024-06-07 02:00,2024-06-07,2,67
2024-06-07 03:00,2024-06-07,3,34
2024-06-07 04:00,2024-06-07,4,23
2024-06-07 05:00,2024-06-07,5,83
2024-06-07 06:00,2024-06-07,6,303
2024-06-07 07:00,2024-06-07,7,337
2024-06-07 08:00,2024-06-07,8,430
2024-06-07 09:00,2024-06-07,9,460
2024-06-07 10:00,2024-06-07,10,302
2024-06-07 11:00,2024-06-07,11,396
2024-06-07 12:00,2024-06-07,12,351
2024-06-07 13:00,2024-06-07,13,359
2024-06-07 14:00,2024-06-07,14,319
2024-06-07 15:00,2024-06-07,15,434
2024-06-07 16:00,2024-06-07,16,308
2024-06-07 17:00,2024-06-07,17,465
2024-06-07 18:00,2024-06-07,18,603
2024-06-07 19:00,2024-06-07,19,392
2024-06-07 20:00,2024-06-07,20,277
2024-06-07 21:00,2024-06-07,21,177
2024-06-07 22:00,2024-06-07,22,150
2024-06-07 23:00,2024-06-07,23,103
2024-06-08 00:00,2024-06-08,0,60
2024-06-08 01:00,2024-06-08,1,51
2024-06-08 02:00,2024-06-08,2,33
2024-06-08 03:00,2024-06-08,3,23
2024-06-08 04:00,2024-06-08,4,16
2024-06-08 05:00,2024-06-08,5,58
2024-06-08 06:00,2024-06-08,6,162
2024-06-08 07:00,2024-06-08,7,227
2024-06-08 08:00,2024-06-08,8,280
2024-06-08 09:00,2024-06-08,9,328
2024-06-08 10:00,2024-06-08,10,228
2024-06-08 11:00,2024-06-08,11,257
2024-06-08 12:00,2024-06-08,12,248
2024-06-08 13:00,2024-06-08,13,276
2024-06-08 14:00,2024-06-08,14,226
2024-06-08 15:00,2024-06-08,15,270
2024-06-08 16:00,2024-06-08,16,268
2024-06-08 17:00,2024-06-08,17,317
2024-06-08 18:00,2024-06-08,18,337
2024-06-08 19:00,2024-06-08,19,369
2024-06-08 20:00,2024-06-08,20,204
2024-06-08 21:00,2024-06-08,21,167
2024-06-08 22:00,2024-06-08,22,97
2024-06-08 23:00,2024-06-08,23,79
2024-06-09 00:00,2024-06-09,0,64
2024-06-09 01:00,2024-06-09,1,47
2024-06-09 02:00,2024-06-09,2,27
2024-06-09 03:00,2024-06-09,3,18
2024-06-09 04:00,2024-06-09,4,13
2024-06-09 05:00,2024-06-09,5,36
2024-06-09 06:00,2024-06-09,6,180
2024-06-09 07:00,2024-06-09,7,184
2024-06-09 08:00,2024-06-09,8,205
2024-06-09 09:00,2024-06-09,9,242
2024-06-09 10:00,2024-06-09,10,144
2024-06-09 11:00,2024-06-09,11,176
2024-06-09 12:00,2024-06-09,12,277
2024-06-09 13:00,2024-06-09,13,191
2024-06-09 14:00,2024-06-09,14,164
2024-06-09 15:00,2024-06-09,15,204
2024-06-09 16:00,2024-06-09,16,293
2024-06-09 17:00,2024-06-09,17,310
2024-06-09 18:00,2024-06-09,18,362
2024-06-09 19:00,2024-06-09,19,272
2024-06-09 20:00,2024-06-09,20,197
2024-06-09 21:00,2024-06-09,21,102
2024-06-09 22:00,2024-06-09,22,82
2024-06-09 23:00,2024-06-09,23,76
2024-06-10 00:00,2024-06-10,0,87
2024-06-10 01:00,2024-06-10,1,77
2024-06-10 02:00,2024-06-10,2,40
2024-06-10 03:00,2024-06-10,3,37
2024-06-10 04:00,2024-06-10,4,12
2024-06-10 05:00,2024-06-10,5,68
2024-06-10 06:00,2024-06-10,6,268
2024-06-10 07:00,2024-06-10,7,265
2024-06-10 08:00,2024-06-10,8,343
2024-06-10 09:00,2024-06-10,9,467
2024-06-10 10:00,2024-06-10,10,264
2024-06-10 11:00,2024-06-10,11,279
2024-06-10 12:00,2024-06-10,12,296
2024-06-10 13:00,2024-06-10,13,279
2024-06-10 14:00,2024-06-10,14,280
2024-06-10 15:00,2024-06-10,15,347
2024-06-10 16:00,2024-06-10,16,288
2024-06-10 17:00,2024-06-10,17,301
2024-06-10 18:00,2024-06-10,18,453
2024-06-10 19:00,2024-06-10,19,268
2024-06-10 20:00,2024-06-10,20,266
2024-06-10 21:00,2024-06-10,21,239
2024-06-10 22:00,2024-06-10,22,177
2024-06-10 23:00,2024-06-10,23,103
2024-06-11 00:00,2024-06-11,0,86
2024-06-11 01:00,2024-06-11,1,61
2024-06-11 02:00,2024-06-11,2,58
2024-06-11 03:00,2024-06-11,3,44
2024-06-11 04:00,2024-06-11,4,24
2024-06-11 05:00,2024-06-11,5,85
2024-06-11 06:00,2024-06-11,6,244
2024-06-11 07:00,2024-06-11,7,356
2024-06-11 08:00,2024-06-11,8,456
2024-06-11 09:00,2024-06-11,9,516
2024-06-11 10:00,2024-06-11,10,268
2024-06-11 11:00,2024-06-11,11,316
2024-06-11 12:00,2024-06-11,12,397
2024-06-11 13:00,2024-06-11,13,312
2024-06-11 14:00,2024-06-11,14,443
2024-06-11 15:00,2024-06-11,15,487
2024-06-11 16:00,2024-06-11,16,404
2024-06-11 17:00,2024-06-11,17,436
2024-06-11 18:00,2024-06-11,18,690
2024-06-11 19:00,2024-06-11,19,438
2024-06-11 20:00,2024-06-11,20,319
2024-06-11 21:00,2024-06-11,21,268
2024-06-11 22:00,2024-06-11,22,209
2024-06-11 23:00,2024-06-11,23,125
2024-06-12 00:00,2024-06-12,0,101
2024-06-12 01:00,2024-06-12,1,99
2024-06-12 02:00,2024-06-12,2,66
2024-06-12 03:00,2024-06-12,3,35
2024-06-12 04:00,2024-06-12,4,17
2024-06-12 05:00,2024-06-12,5,72
2024-06-12 06:00,2024-06-12,6,329
2024-06-12 07:00,2024-06-12,7,432
2024-06-12 08:00,2024-06-12,8,460
2024-06-12 09:00,2024-06-12,9,444
2024-06-12 10:00,2024-06-12,10,260
2024-06-12 11:00,2024-06-12,11,414
2024-06-12 12:00,2024-06-12,12,385
2024-06-12 13:00,2024-06-12,13,324
2024-06-12 14:00,2024-06-12,14,492
2024-06-12 15:00,2024-06-12,15,383
2024-06-12 16:00,2024-06-12,16,374
2024-06-12 17:00,2024-06-12,17,518
2024-06-12 18:00,2024-06-12,18,477
2024-06-12 19:00,2024-06-12,19,584
2024-06-12 20:00,2024-06-12,20,283
2024-06-12 21:00,2024-06-12,21,268
2024-06-12 22:00,2024-06-12,22,151
2024-06-12 23:00,2024-06-12,23,116
2024-06-13 00:00,2024-06-13,0,117
2024-06-13 01:00,2024-06-13,1,88
2024-06-13 02:00,2024-06-13,2,54
2024-06-13 03:00,2024-06-13,3,37
2024-06-13 04:00,2024-06-13,4,22
2024-06-13 05:00,2024-06-13,5,90
2024-06-13 06:00,2024-06-13,6,226
2024-06-13 07:00,2024-06-13,7,486
2024-06-13 08:00,2024-06-13,8,380
2024-06-13 09:00,2024-06-13,9,558
2024-06-13 10:00,2024-06-13,10,259
2024-06-13 11:00,2024-06-13,11,296
2024-06-13 12:00,2024-06-13,12,299
2024-06-13 13:00,2024-06-13,13,310
2024-06-13 14:00,2024-06-13,14,276
2024-06-13 15:00,2024-06-13,15,382
2024-06-13 16:00,2024-06-13,16,297
2024-06-13 17:00,2024-06-13,17,432
2024-06-13 18:00,2024-06-13,18,583
2024-06-13 19:00,2024-06-13,19,426
2024-06-13 20:00,2024-06-13,20,379
2024-06-13 21:00,2024-06-13,21,249
2024-06-13 22:00,2024-06-13,22,132
2024-06-13 23:00,2024-06-13,23,111
2024-06-14 00:00,2024-06-14,0,98
2024-06-14 01:00,2024-06-14,1,91
2024-06-14 02:00,2024-06-14,2,71
2024-06-14 03:00,2024-06-14,3,33
2024-06-14 04:00,2024-06-14,4,22
2024-06-14 05:00,2024-06-14,5,99
2024-06-14 06:00,2024-06-14,6,313
2024-06-14 07:00,2024-06-14,7,329
2024-06-14 08:00,2024-06-14,8,469
2024-06-14 09:00,2024-06-14,9,470
2024-06-14 10:00,2024-06-14,10,324
2024-06-14 11:00,2024-06-14,11,257
2024-06-14 12:00,2024-06-14,12,396
2024-06-14 13:00,2024-06-14,13,349
2024-06-14 14:00,2024-06-14,14,288
2024-06-14 15:00,2024-06-14,15,339
2024-06-14 16:00,2024-06-14,16,299
2024-06-14 17:00,2024-06-14,17,390
2024-06-14 18:00,2024-06-14,18,576
2024-06-14 19:00,2024-06-14,19,506
2024-06-14 20:00,2024-06-14,20,272
2024-06-14 21:00,2024-06-14,21,196
2024-06-14 22:00,2024-06-14,22,195
2024-06-14 23:00,2024-06-14,23,145
2024-06-15 00:00,2024-06-15,0,88
2024-06-15 01:00,2024-06-15,1,55
2024-06-15 02:00,2024-06-15,2,37
2024-06-15 03:00,2024-06-15,3,32
2024-06-15 04:00,2024-06-15,4,14
2024-06-15 05:00,2024-06-15,5,50
2024-06-15 06:00,2024-06-15,6,225
2024-06-15 07:00,2024-06-15,7,256
2024-06-15 08:00,2024-06-15,8,353
2024-06-15 09:00,2024-06-15,9,276
2024-06-15 10:00,2024-06-15,10,188
2024-06-15 11:00,2024-06-15,11,270
2024-06-15 12:00,2024-06-15,12,359
2024-06-15 13:00,2024-06-15,13,232
2024-06-15 14:00,2024-06-15,14,261
2024-06-15 15:00,2024-06-15,15,313
2024-06-15 16:00,2024-06-15,16,280
2024-06-15 17:00,2024-06-15,17,287
2024-06-15 18:00,2024-06-15,18,469
2024-06-15 19:00,2024-06-15,19,364
2024-06-15 20:00,2024-06-15,20,306
2024-06-15 21:00,2024-06-15,21,124
2024-06-15 22:00,2024-06-15,22,126
2024-06-15 23:00,2024-06-15,23,74
2024-06-16 00:00,2024-06-16,0,63
2024-06-16 01:00,2024-06-16,1,67
2024-06-16 02:00,2024-06-16,2,48
2024-06-16 03:00,2024-06-16,3,30
2024-06-16 04:00,2024-06-16,4,15
2024-06-16 05:00,2024-06-16,5,49
2024-06-16 06:00,2024-06-16,6,225
2024-06-16 07:00,2024-06-16,7,338
2024-06-16 08:00,2024-06-16,8,367
2024-06-16 09:00,2024-06-16,9,349
2024-06-16 10:00,2024-06-16,10,172
2024-06-16 11:00,2024-06-16,11,206
2024-06-16 12:00,2024-06-16,12,291
2024-06-16 13:00,2024-06-16,13,254
2024-06-16 14:00,2024-06-16,14,218
2024-06-16 15:00,2024-06-16,15,316
2024-06-16 16:00,2024-06-16,16,192
2024-06-16 17:00,2024-06-16,17,374
2024-06-16 18:00,2024-06-16,18,291
2024-06-16 19:00,2024-06-16,19,273
2024-06-16 20:00,2024-06-16,20,224
2024-06-16 21:00,2024-06-16,21,170
2024-06-16 22:00,2024-06-16,22,81
2024-06-16 23:00,2024-06-16,23,97
2024-06-17 00:00,2024-06-17,0,106
2024-06-17 01:00,2024-06-17,1,81
2024-06-17 02:00,2024-06-17,2,63
2024-06-17 03:00,2024-06-17,3,46
2024-06-17 04:00,2024-06-17,4,19
2024-06-17 05:00,2024-06-17,5,89
2024-06-17 06:00,2024-06-17,6,370
2024-06-17 07:00,2024-06-17,7,330
2024-06-17 08:00,2024-06-17,8,297
2024-06-17 09:00,2024-06-17,9,402
2024-06-17 10:00,2024-06-17,10,258
2024-06-17 11:00,2024-06-17,11,382
2024-06-17 12:00,2024-06-17,12,464
2024-06-17 13:00,2024-06-17,13,401
2024-06-17 14:00,2024-06-17,14,283
2024-06-17 15:00,2024-06-17,15,379
2024-06-17 16:00,2024-06-17,16,409
2024-06-17 17:00,2024-06-17,17,521
2024-06-17 18:00,2024-06-17,18,450
2024-06-17 19:00,2024-06-17,19,521
2024-06-17 20:00,2024-06-17,20,305
2024-06-17 21:00,2024-06-17,21,181
2024-06-17 22:00,2024-06-17,22,155
2024-06-17 23:00,2024-06-17,23,112
2024-06-18 00:00,2024-06-18,0,114
2024-06-18 01:00,2024-06-18,1,72
2024-06-18 02:00,2024-06-18,2,52
2024-06-18 03:00,2024-06-18,3,48
2024-06-18 04:00,2024-06-18,4,18
2024-06-18 05:00,2024-06-18,5,66
2024-06-18 06:00,2024-06-18,6,258
2024-06-18 07:00,2024-06-18,7,413
2024-06-18 08:00,2024-06-18,8,422
2024-06-18 09:00,2024-06-18,9,473
2024-06-18 10:00,2024-06-18,10,374
2024-06-18 11:00,2024-06-18,11,383
2024-06-18 12:00,2024-06-18,12,443
2024-06-18 13:00,2024-06-18,13,267
2024-06-18 14:00,2024-06-18,14,333
2024-06-18 15:00,2024-06-18,15,358
2024-06-18 16:00,2024-06-18,16,378
2024-06-18 17:00,2024-06-18,17,451
2024-06-18 18:00,2024-06-18,18,657
2024-06-18 19:00,2024-06-18,19,370
2024-06-18 20:00,2024-06-18,20,258
2024-06-18 21:00,2024-06-18,21,174
2024-06-18 22:00,2024-06-18,22,196
2024-06-18 23:00,2024-06-18,23,129
2024-06-19 00:00,2024-06-19,0,113
2024-06-19 01:00,2024-06-19,1,63
2024-06-19 02:00,2024-06-19,2,63
2024-06-19 03:00,2024-06-19,3,33
2024-06-19 04:00,2024-06-19,4,22
2024-06-19 05:00,2024-06-19,5,95
2024-06-19 06:00,2024-06-19,6,244
2024-06-19 07:00,2024-06-19,7,388
2024-06-19 08:00,2024-06-19,8,482
2024-06-19 09:00,2024-06-19,9,379
2024-06-19 10:00,2024-06-19,10,350
2024-06-19 11:00,2024-06-19,11,292
2024-06-19 12:00,2024-06-19,12,412
2024-06-19 13:00,2024-06-19,13,301
2024-06-19 14:00,2024-06-19,14,448
2024-06-19 15:00,2024-06-19,15,420
2024-06-19 16:00,2024-06-19,16,377
2024-06-19 17:00,2024-06-19,17,491
2024-06-19 18:00,2024-06-19,18,592
2024-06-19 19:00,2024-06-19,19,462
2024-06-19 20:00,2024-06-19,20,291
2024-06-19 21:00,2024-06-19,21,232
2024-06-19 22:00,2024-06-19,22,214
2024-06-19 23:00,2024-06-19,23,128
2024-06-20 00:00,2024-06-20,0,122
2024-06-20 01:00,2024-06-20,1,71
2024-06-20 02:00,2024-06-20,2,51
2024-06-20 03:00,2024-06-20,3,42
2024-06-20 04:00,2024-06-20,4,24
2024-06-20 05:00,2024-06-20,5,68
2024-06-20 06:00,2024-06-20,6,293
2024-06-20 07:00,2024-06-20,7,368
2024-06-20 08:00,2024-06-20,8,435
2024-06-20 09:00,2024-06-20,9,395
2024-06-20 10:00,2024-06-20,10,371
2024-06-20 11:00,2024-06-20,11,289
2024-06-20 12:00,2024-06-20,12,541
2024-06-20 13:00,2024-06-20,13,288
2024-06-20 14:00,2024-06-20,14,517
2024-06-20 15:00,2024-06-20,15,601
2024-06-20 16:00,2024-06-20,16,466
2024-06-20 17:00,2024-06-20,17,536
2024-06-20 18:00,2024-06-20,18,781
2024-06-20 19:00,2024-06-20,19,418
2024-06-20 20:00,2024-06-20,20,446
2024-06-20 21:00,2024-06-20,21,245
2024-06-20 22:00,2024-06-20,22,195
2024-06-20 23:00,2024-06-20,23,133
2024-06-21 00:00,2024-06-21,0,80
2024-06-21 01:00,2024-06-21,1,82
2024-06-21 02:00,2024-06-21,2,63
2024-06-21 03:00,2024-06-21,3,34
2024-06-21 04:00,2024-06-21,4,18
2024-06-21 05:00,2024-06-21,5,88
2024-06-21 06:00,2024-06-21,6,258
2024-06-21 07:00,2024-06-21,7,491
2024-06-21 08:00,2024-06-21,8,344
2024-06-21 09:00,2024-06-21,9,493
2024-06-21 10:00,2024-06-21,10,350
2024-06-21 11:00,2024-06-21,11,274
2024-06-21 12:00,2024-06-21,12,423
2024-06-21 13:00,2024-06-21,13,277
2024-06-21 14:00,2024-06-21,14,438
2024-06-21 15:00,2024-06-21,15,381
2024-06-21 16:00,2024-06-21,16,316
2024-06-21 17:00,2024-06-21,17,385
2024-06-21 18:00,2024-06-21,18,414
2024-06-21 19:00,2024-06-21,19,421
2024-06-21 20:00,2024-06-21,20,432
2024-06-21 21:00,2024-06-21,21,295
2024-06-21 22:00,2024-06-21,22,215
2024-06-21 23:00,2024-06-21,23,99
2024-06-22 00:00,2024-06-22,0,66
2024-06-22 01:00,2024-06-22,1,56
2024-06-22 02:00,2024-06-22,2,47
2024-06-22 03:00,2024-06-22,3,29
2024-06-22 04:00,2024-06-22,4,15
2024-06-22 05:00,2024-06-22,5,67
2024-06-22 06:00,2024-06-22,6,225
2024-06-22 07:00,2024-06-22,7,219
2024-06-22 08:00,2024-06-22,8,319
2024-06-22 09:00,2024-06-22,9,303
2024-06-22 10:00,2024-06-22,10,239
2024-06-22 11:00,2024-06-22,11,302
2024-06-22 12:00,2024-06-22,12,311
2024-06-22 13:00,2024-06-22,13,218
2024-06-22 14:00,2024-06-22,14,268
2024-06-22 15:00,2024-06-22,15,283
2024-06-22 16:00,2024-06-22,16,231
2024-06-22 17:00,2024-06-22,17,385
2024-06-22 18:00,2024-06-22,18,411
2024-06-22 19:00,2024-06-22,19,347
2024-06-22 20:00,2024-06-22,20,281
2024-06-22 21:00,2024-06-22,21,142
2024-06-22 22:00,2024-06-22,22,159
2024-06-22 23:00,2024-06-22,23,86
2024-06-23 00:00,2024-06-23,0,71
2024-06-23 01:00,2024-06-23,1,51
2024-06-23 02:00,2024-06-23,2,42
2024-06-23 03:00,2024-06-23,3,33
2024-06-23 04:00,2024-06-23,4,16
2024-06-23 05:00,2024-06-23,5,43
2024-06-23 06:00,2024-06-23,6,258
2024-06-23 07:00,2024-06-23,7,322
2024-06-23 08:00,2024-06-23,8,268
2024-06-23 09:00,2024-06-23,9,325
2024-06-23 10:00,2024-06-23,10,290
2024-06-23 11:00,2024-06-23,11,282
2024-06-23 12:00,2024-06-23,12,265
2024-06-23 13:00,2024-06-23,13,201
2024-06-23 14:00,2024-06-23,14,198
2024-06-23 15:00,2024-06-23,15,302
2024-06-23 16:00,2024-06-23,16,198
2024-06-23 17:00,2024-06-23,17,368
2024-06-23 18:00,2024-06-23,18,276
2024-06-23 19:00,2024-06-23,19,328
2024-06-23 20:00,2024-06-23,20,238
2024-06-23 21:00,2024-06-23,21,143
2024-06-23 22:00,2024-06-23,22,94
2024-06-23 23:00,2024-06-23,23,83
2024-06-24 00:00,2024-06-24,0,93
2024-06-24 01:00,2024-06-24,1,86
2024-06-24 02:00,2024-06-24,2,63
2024-06-24 03:00,2024-06-24,3,36
2024-06-24 04:00,2024-06-24,4,19
2024-06-24 05:00,2024-06-24,5,74
2024-06-24 06:00,2024-06-24,6,306
2024-06-24 07:00,2024-06-24,7,327
2024-06-24 08:00,2024-06-24,8,445
2024-06-24 09:00,2024-06-24,9,327
2024-06-24 10:00,2024-06-24,10,231
2024-06-24 11:00,2024-06-24,11,370
2024-06-24 12:00,2024-06-24,12,429
2024-06-24 13:00,2024-06-24,13,300
2024-06-24 14:00,2024-06-24,14,448
2024-06-24 15:00,2024-06-24,15,375
2024-06-24 16:00,2024-06-24,16,288
2024-06-24 17:00,2024-06-24,17,436
2024-06-24 18:00,2024-06-24,18,508
2024-06-24 19:00,2024-06-24,19,386
2024-06-24 20:00,2024-06-24,20,264
2024-06-24 21:00,2024-06-24,21,178
2024-06-24 22:00,2024-06-24,22,126
2024-06-24 23:00,2024-06-24,23,132
2024-06-25 00:00,2024-06-25,0,80
2024-06-25 01:00,2024-06-25,1,62
2024-06-25 02:00,2024-06-25,2,46
2024-06-25 03:00,2024-06-25,3,32
2024-06-25 04:00,2024-06-25,4,17
2024-06-25 05:00,2024-06-25,5,61
2024-06-25 06:00,2024-06-25,6,318
2024-06-25 07:00,2024-06-25,7,412
2024-06-25 08:00,2024-06-25,8,411
2024-06-25 09:00,2024-06-25,9,326
2024-06-25 10:00,2024-06-25,10,322
2024-06-25 11:00,2024-06-25,11,377
2024-06-25 12:00,2024-06-25,12,419
2024-06-25 13:00,2024-06-25,13,301
2024-06-25 14:00,2024-06-25,14,276
2024-06-25 15:00,2024-06-25,15,325
2024-06-25 16:00,2024-06-25,16,432
2024-06-25 17:00,2024-06-25,17,371
2024-06-25 18:00,2024-06-25,18,610
2024-06-25 19:00,2024-06-25,19,467
2024-06-25 20:00,2024-06-25,20,329
2024-06-25 21:00,2024-06-25,21,262
2024-06-25 22:00,2024-06-25,22,180
2024-06-25 23:00,2024-06-25,23,89
2024-06-26 00:00,2024-06-26,0,98
2024-06-26 01:00,2024-06-26,1,66
2024-06-26 02:00,2024-06-26,2,50
2024-06-26 03:00,2024-06-26,3,35
2024-06-26 04:00,2024-06-26,4,19
2024-06-26 05:00,2024-06-26,5,71
2024-06-26 06:00,2024-06-26,6,277
2024-06-26 07:00,2024-06-26,7,324
2024-06-26 08:00,2024-06-26,8,364
2024-06-26 09:00,2024-06-26,9,529
2024-06-26 10:00,2024-06-26,10,299
2024-06-26 11:00,2024-06-26,11,323
2024-06-26 12:00,2024-06-26,12,451
2024-06-26 13:00,2024-06-26,13,410
2024-06-26 14:00,2024-06-26,14,436
2024-06-26 15:00,2024-06-26,15,357
2024-06-26 16:00,2024-06-26,16,306
2024-06-26 17:00,2024-06-26,17,408
2024-06-26 18:00,2024-06-26,18,529
2024-06-26 19:00,2024-06-26,19,441
2024-06-26 20:00,2024-06-26,20,383
2024-06-26 21:00,2024-06-26,21,254
2024-06-26 22:00,2024-06-26,22,194
2024-06-26 23:00,2024-06-26,23,90
2024-06-27 00:00,2024-06-27,0,93
2024-06-27 01:00,2024-06-27,1,85
2024-06-27 02:00,2024-06-27,2,65
2024-06-27 03:00,2024-06-27,3,36
2024-06-27 04:00,2024-06-27,4,16
2024-06-27 05:00,2024-06-27,5,61
2024-06-27 06:00,2024-06-27,6,238
2024-06-27 07:00,2024-06-27,7,424
2024-06-27 08:00,2024-06-27,8,471
2024-06-27 09:00,2024-06-27,9,528
2024-06-27 10:00,2024-06-27,10,282
2024-06-27 11:00,2024-06-27,11,247
2024-06-27 12:00,2024-06-27,12,484
2024-06-27 13:00,2024-06-27,13,407
2024-06-27 14:00,2024-06-27,14,284
2024-06-27 15:00,2024-06-27,15,299
2024-06-27 16:00,2024-06-27,16,345
2024-06-27 17:00,2024-06-27,17,347
2024-06-27 18:00,2024-06-27,18,442
2024-06-27 19:00,2024-06-27,19,372
2024-06-27 20:00,2024-06-27,20,251
2024-06-27 21:00,2024-06-27,21,250
2024-06-27 22:00,2024-06-27,22,167
2024-06-27 23:00,2024-06-27,23,108
2024-06-28 00:00,2024-06-28,0,94
2024-06-28 01:00,2024-06-28,1,86
2024-06-28 02:00,2024-06-28,2,66
2024-06-28 03:00,2024-06-28,3,29
2024-06-28 04:00,2024-06-28,4,19
2024-06-28 05:00,2024-06-28,5,76
2024-06-28 06:00,2024-06-28,6,280
2024-06-28 07:00,2024-06-28,7,405
2024-06-28 08:00,2024-06-28,8,315
2024-06-28 09:00,2024-06-28,9,450
2024-06-28 10:00,2024-06-28,10,314
2024-06-28 11:00,2024-06-28,11,332
2024-06-28 12:00,2024-06-28,12,377
2024-06-28 13:00,2024-06-28,13,353
2024-06-28 14:00,2024-06-28,14,420
2024-06-28 15:00,2024-06-28,15,385
2024-06-28 16:00,2024-06-28,16,390
2024-06-28 17:00,2024-06-28,17,382
2024-06-28 18:00,2024-06-28,18,480
2024-06-28 19:00,2024-06-28,19,336
2024-06-28 20:00,2024-06-28,20,368
2024-06-28 21:00,2024-06-28,21,162
2024-06-28 22:00,2024-06-28,22,187
2024-06-28 23:00,2024-06-28,23,102
2024-06-29 00:00,2024-06-29,0,74
2024-06-29 01:00,2024-06-29,1,54
2024-06-29 02:00,2024-06-29,2,46
2024-06-29 03:00,2024-06-29,3,26
2024-06-29 04:00,2024-06-29,4,11
2024-06-29 05:00,2024-06-29,5,39
2024-06-29 06:00,2024-06-29,6,235
2024-06-29 07:00,2024-06-29,7,235
2024-06-29 08:00,2024-06-29,8,253
2024-06-29 09:00,2024-06-29,9,354
2024-06-29 10:00,2024-06-29,10,169
2024-06-29 11:00,2024-06-29,11,274
2024-06-29 12:00,2024-06-29,12,241
2024-06-29 13:00,2024-06-29,13,236
2024-06-29 14:00,2024-06-29,14,204
2024-06-29 15:00,2024-06-29,15,224
2024-06-29 16:00,2024-06-29,16,248
2024-06-29 17:00,2024-06-29,17,266
2024-06-29 18:00,2024-06-29,18,459
2024-06-29 19:00,2024-06-29,19,309
2024-06-29 20:00,2024-06-29,20,197
2024-06-29 21:00,2024-06-29,21,156
2024-06-29 22:00,2024-06-29,22,99
2024-06-29 23:00,2024-06-29,23,78
2024-06-30 00:00,2024-06-30,0,56
2024-06-30 01:00,2024-06-30,1,68
2024-06-30 02:00,2024-06-30,2,31
2024-06-30 03:00,2024-06-30,3,33
2024-06-30 04:00,2024-06-30,4,16
2024-06-30 05:00,2024-06-30,5,68
2024-06-30 06:00,2024-06-30,6,180
2024-06-30 07:00,2024-06-30,7,229
2024-06-30 08:00,2024-06-30,8,369
2024-06-30 09:00,2024-06-30,9,409
2024-06-30 10:00,2024-06-30,10,181
2024-06-30 11:00,2024-06-30,11,241
2024-06-30 12:00,2024-06-30,12,285
2024-06-30 13:00,2024-06-30,13,224
2024-06-30 14:00,2024-06-30,14,293
2024-06-30 15:00,2024-06-30,15,258
2024-06-30 16:00,2024-06-30,16,235
2024-06-30 17:00,2024-06-30,17,287
2024-06-30 18:00,2024-06-30,18,371
2024-06-30 19:00,2024-06-30,19,336
2024-06-30 20:00,2024-06-30,20,255
2024-06-30 21:00,2024-06-30,21,183
2024-06-30 22:00,2024-06-30,22,134
2024-06-30 23:00,2024-06-30,23,86
2024-07-01 00:00,2024-07-01,0,87
2024-07-01 01:00,2024-07-01,1,64
2024-07-01 02:00,2024-07-01,2,62
2024-07-01 03:00,2024-07-01,3,34
2024-07-01 04:00,2024-07-01,4,16
2024-07-01 05:00,2024-07-01,5,74
2024-07-01 06:00,2024-07-01,6,288
2024-07-01 07:00,2024-07-01,7,342
2024-07-01 08:00,2024-07-01,8,345
2024-07-01 09:00,2024-07-01,9,505
2024-07-01 10:00,2024-07-01,10,318
2024-07-01 11:00,2024-07-01,11,316
2024-07-01 12:00,2024-07-01,12,452
2024-07-01 13:00,2024-07-01,13,283
2024-07-01 14:00,2024-07-01,14,407
2024-07-01 15:00,2024-07-01,15,332
2024-07-01 16:00,2024-07-01,16,297
2024-07-01 17:00,2024-07-01,17,419
2024-07-01 18:00,2024-07-01,18,638
2024-07-01 19:00,2024-07-01,19,428
2024-07-01 20:00,2024-07-01,20,341
2024-07-01 21:00,2024-07-01,21,209
2024-07-01 22:00,2024-07-01,22,180
2024-07-01 23:00,2024-07-01,23,128
2024-07-02 00:00,2024-07-02,0,87
2024-07-02 01:00,2024-07-02,1,75
2024-07-02 02:00,2024-07-02,2,47
2024-07-02 03:00,2024-07-02,3,34
2024-07-02 04:00,2024-07-02,4,23
2024-07-02 05:00,2024-07-02,5,94
2024-07-02 06:00,2024-07-02,6,255
2024-07-02 07:00,2024-07-02,7,364
2024-07-02 08:00,2024-07-02,8,401
2024-07-02 09:00,2024-07-02,9,434
2024-07-02 10:00,2024-07-02,10,391
2024-07-02 11:00,2024-07-02,11,315
2024-07-02 12:00,2024-07-02,12,332
2024-07-02 13:00,2024-07-02,13,301
2024-07-02 14:00,2024-07-02,14,305
2024-07-02 15:00,2024-07-02,15,342
2024-07-02 16:00,2024-07-02,16,437
2024-07-02 17:00,2024-07-02,17,513
2024-07-02 18:00,2024-07-02,18,564
2024-07-02 19:00,2024-07-02,19,421
2024-07-02 20:00,2024-07-02,20,443
2024-07-02 21:00,2024-07-02,21,211
2024-07-02 22:00,2024-07-02,22,141
2024-07-02 23:00,2024-07-02,23,133
2024-07-03 00:00,2024-07-03,0,76
2024-07-03 01:00,2024-07-03,1,70
2024-07-03 02:00,2024-07-03,2,69
2024-07-03 03:00,2024-07-03,3,36
2024-07-03 04:00,2024-07-03,4,24
2024-07-03 05:00,2024-07-03,5,68
2024-07-03 06:00,2024-07-03,6,255
2024-07-03 07:00,2024-07-03,7,438
2024-07-03 08:00,2024-07-03,8,382
2024-07-03 09:00,2024-07-03,9,500
2024-07-03 10:00,2024-07-03,10,364
2024-07-03 11:00,2024-07-03,11,381
2024-07-03 12:00,2024-07-03,12,348
2024-07-03 13:00,2024-07-03,13,412
2024-07-03 14:00,2024-07-03,14,340
2024-07-03 15:00,2024-07-03,15,369
2024-07-03 16:00,2024-07-03,16,444
2024-07-03 17:00,2024-07-03,17,479
2024-07-03 18:00,2024-07-03,18,463
2024-07-03 19:00,2024-07-03,19,348
2024-07-03 20:00,2024-07-03,20,320
2024-07-03 21:00,2024-07-03,21,163
2024-07-03 22:00,2024-07-03,22,182
2024-07-03 23:00,2024-07-03,23,148
2024-07-04 00:00,2024-07-04,0,95
2024-07-04 01:00,2024-07-04,1,79
2024-07-04 02:00,2024-07-04,2,47
2024-07-04 03:00,2024-07-04,3,38
2024-07-04 04:00,2024-07-04,4,19
2024-07-04 05:00,2024-07-04,5,93
2024-07-04 06:00,2024-07-04,6,290
2024-07-04 07:00,2024-07-04,7,421
2024-07-04 08:00,2024-07-04,8,453
2024-07-04 09:00,2024-07-04,9,349
2024-07-04 10:00,2024-07-04,10,288
2024-07-04 11:00,2024-07-04,11,402
2024-07-04 12:00,2024-07-04,12,313
2024-07-04 13:00,2024-07-04,13,402
2024-07-04 14:00,2024-07-04,14,383
2024-07-04 15:00,2024-07-04,15,427
2024-07-04 16:00,2024-07-04,16,395
2024-07-04 17:00,2024-07-04,17,475
2024-07-04 18:00,2024-07-04,18,622
2024-07-04 19:00,2024-07-04,19,361
2024-07-04 20:00,2024-07-04,20,309
2024-07-04 21:00,2024-07-04,21,226
2024-07-04 22:00,2024-07-04,22,177
2024-07-04 23:00,2024-07-04,23,147
2024-07-05 00:00,2024-07-05,0,124
2024-07-05 01:00,2024-07-05,1,96
2024-07-05 02:00,2024-07-05,2,64
2024-07-05 03:00,2024-07-05,3,34
2024-07-05 04:00,2024-07-05,4,15
2024-07-05 05:00,2024-07-05,5,99
2024-07-05 06:00,2024-07-05,6,288
2024-07-05 07:00,2024-07-05,7,461
2024-07-05 08:00,2024-07-05,8,437
2024-07-05 09:00,2024-07-05,9,447
2024-07-05 10:00,2024-07-05,10,318
2024-07-05 11:00,2024-07-05,11,346
2024-07-05 12:00,2024-07-05,12,328
2024-07-05 13:00,2024-07-05,13,369
2024-07-05 14:00,2024-07-05,14,295
2024-07-05 15:00,2024-07-05,15,420
2024-07-05 16:00,2024-07-05,16,374
2024-07-05 17:00,2024-07-05,17,424
2024-07-05 18:00,2024-07-05,18,561
2024-07-05 19:00,2024-07-05,19,487
2024-07-05 20:00,2024-07-05,20,277
2024-07-05 21:00,2024-07-05,21,235
2024-07-05 22:00,2024-07-05,22,190
2024-07-05 23:00,2024-07-05,23,109
2024-07-06 00:00,2024-07-06,0,79
2024-07-06 01:00,2024-07-06,1,38
2024-07-06 02:00,2024-07-06,2,36
2024-07-06 03:00,2024-07-06,3,34
2024-07-06 04:00,2024-07-06,4,15
2024-07-06 05:00,2024-07-06,5,68
2024-07-06 06:00,2024-07-06,6,184
2024-07-06 07:00,2024-07-06,7,296
2024-07-06 08:00,2024-07-06,8,304
2024-07-06 09:00,2024-07-06,9,273
2024-07-06 10:00,2024-07-06,10,289
2024-07-06 11:00,2024-07-06,11,209
2024-07-06 12:00,2024-07-06,12,248
2024-07-06 13:00,2024-07-06,13,266
2024-07-06 14:00,2024-07-06,14,206
2024-07-06 15:00,2024-07-06,15,216
2024-07-06 16:00,2024-07-06,16,257
2024-07-06 17:00,2024-07-06,17,334
2024-07-06 18:00,2024-07-06,18,513
2024-07-06 19:00,2024-07-06,19,249
2024-07-06 20:00,2024-07-06,20,246
2024-07-06 21:00,2024-07-06,21,192
2024-07-06 22:00,2024-07-06,22,138
2024-07-06 23:00,2024-07-06,23,100
2024-07-07 00:00,2024-07-07,0,59
2024-07-07 01:00,2024-07-07,1,52
2024-07-07 02:00,2024-07-07,2,47
2024-07-07 03:00,2024-07-07,3,24
2024-07-07 04:00,2024-07-07,4,12
2024-07-07 05:00,2024-07-07,5,56
2024-07-07 06:00,2024-07-07,6,181
2024-07-07 07:00,2024-07-07,7,215
2024-07-07 08:00,2024-07-07,8,309
2024-07-07 09:00,2024-07-07,9,289
2024-07-07 10:00,2024-07-07,10,250
2024-07-07 11:00,2024-07-07,11,266
2024-07-07 12:00,2024-07-07,12,201
2024-07-07 13:00,2024-07-07,13,261
2024-07-07 14:00,2024-07-07,14,207
2024-07-07 15:00,2024-07-07,15,274
2024-07-07 16:00,2024-07-07,16,188
2024-07-07 17:00,2024-07-07,17,332
2024-07-07 18:00,2024-07-07,18,444
2024-07-07 19:00,2024-07-07,19,228
2024-07-07 20:00,2024-07-07,20,196
2024-07-07 21:00,2024-07-07,21,176
2024-07-07 22:00,2024-07-07,22,145
2024-07-07 23:00,2024-07-07,23,65
2024-07-08 00:00,2024-07-08,0,95
2024-07-08 01:00,2024-07-08,1,77
2024-07-08 02:00,2024-07-08,2,58
2024-07-08 03:00,2024-07-08,3,36
2024-07-08 04:00,2024-07-08,4,23
2024-07-08 05:00,2024-07-08,5,68
2024-07-08 06:00,2024-07-08,6,372
2024-07-08 07:00,2024-07-08,7,386
2024-07-08 08:00,2024-07-08,8,318
2024-07-08 09:00,2024-07-08,9,340
2024-07-08 10:00,2024-07-08,10,289
2024-07-08 11:00,2024-07-08,11,296
2024-07-08 12:00,2024-07-08,12,409
2024-07-08 13:00,2024-07-08,13,318
2024-07-08 14:00,2024-07-08,14,312
2024-07-08 15:00,2024-07-08,15,404
2024-07-08 16:00,2024-07-08,16,291
2024-07-08 17:00,2024-07-08,17,433
2024-07-08 18:00,2024-07-08,18,646
2024-07-08 19:00,2024-07-08,19,520
2024-07-08 20:00,2024-07-08,20,273
2024-07-08 21:00,2024-07-08,21,205
2024-07-08 22:00,2024-07-08,22,197
2024-07-08 23:00,2024-07-08,23,98
2024-07-09 00:00,2024-07-09,0,73
2024-07-09 01:00,2024-07-09,1,57
2024-07-09 02:00,2024-07-09,2,45
2024-07-09 03:00,2024-07-09,3,34
2024-07-09 04:00,2024-07-09,4,17
2024-07-09 05:00,2024-07-09,5,67
2024-07-09 06:00,2024-07-09,6,235
2024-07-09 07:00,2024-07-09,7,424
2024-07-09 08:00,2024-07-09,8,316
2024-07-09 09:00,2024-07-09,9,400
2024-07-09 10:00,2024-07-09,10,322
2024-07-09 11:00,2024-07-09,11,375
2024-07-09 12:00,2024-07-09,12,487
2024-07-09 13:00,2024-07-09,13,393
2024-07-09 14:00,2024-07-09,14,430
2024-07-09 15:00,2024-07-09,15,471
2024-07-09 16:00,2024-07-09,16,275
2024-07-09 17:00,2024-07-09,17,336
2024-07-09 18:00,2024-07-09,18,477
2024-07-09 19:00,2024-07-09,19,495
2024-07-09 20:00,2024-07-09,20,280
2024-07-09 21:00,2024-07-09,21,189
2024-07-09 22:00,2024-07-09,22,128
2024-07-09 23:00,2024-07-09,23,99
2024-07-10 00:00,2024-07-10,0,108
2024-07-10 01:00,2024-07-10,1,75
2024-07-10 02:00,2024-07-10,2,59
2024-07-10 03:00,2024-07-10,3,33
2024-07-10 04:00,2024-07-10,4,18
2024-07-10 05:00,2024-07-10,5,60
2024-07-10 06:00,2024-07-10,6,313
2024-07-10 07:00,2024-07-10,7,433
2024-07-10 08:00,2024-07-10,8,398
2024-07-10 09:00,2024-07-10,9,487
2024-07-10 10:00,2024-07-10,10,256
2024-07-10 11:00,2024-07-10,11,394
2024-07-10 12:00,2024-07-10,12,375
2024-07-10 13:00,2024-07-10,13,386
2024-07-10 14:00,2024-07-10,14,340
2024-07-10 15:00,2024-07-10,15,292
2024-07-10 16:00,2024-07-10,16,423
2024-07-10 17:00,2024-07-10,17,344
2024-07-10 18:00,2024-07-10,18,657
2024-07-10 19:00,2024-07-10,19,367
2024-07-10 20:00,2024-07-10,20,387
2024-07-10 21:00,2024-07-10,21,194
2024-07-10 22:00,2024-07-10,22,162
2024-07-10 23:00,2024-07-10,23,133
2024-07-11 00:00,2024-07-11,0,100
2024-07-11 01:00,2024-07-11,1,59
2024-07-11 02:00,2024-07-11,2,58
2024-07-11 03:00,2024-07-11,3,43
2024-07-11 04:00,2024-07-11,4,18
2024-07-11 05:00,2024-07-11,5,84
2024-07-11 06:00,2024-07-11,6,282
2024-07-11 07:00,2024-07-11,7,378
2024-07-11 08:00,2024-07-11,8,370
2024-07-11 09:00,2024-07-11,9,437
2024-07-11 10:00,2024-07-11,10,244
2024-07-11 11:00,2024-07-11,11,400
2024-07-11 12:00,2024-07-11,12,401
2024-07-11 13:00,2024-07-11,13,262
2024-07-11 14:00,2024-07-11,14,430
2024-07-11 15:00,2024-07-11,15,467
2024-07-11 16:00,2024-07-11,16,426
2024-07-11 17:00,2024-07-11,17,509
2024-07-11 18:00,2024-07-11,18,531
2024-07-11 19:00,2024-07-11,19,493
2024-07-11 20:00,2024-07-11,20,287
2024-07-11 21:00,2024-07-11,21,163
2024-07-11 22:00,2024-07-11,22,187
2024-07-11 23:00,2024-07-11,23,120
2024-07-12 00:00,2024-07-12,0,100
2024-07-12 01:00,2024-07-12,1,68
2024-07-12 02:00,2024-07-12,2,50
2024-07-12 03:00,2024-07-12,3,37
2024-07-12 04:00,2024-07-12,4,21
2024-07-12 05:00,2024-07-12,5,66
2024-07-12 06:00,2024-07-12,6,317
2024-07-12 07:00,2024-07-12,7,271
2024-07-12 08:00,2024-07-12,8,434
2024-07-12 09:00,2024-07-12,9,462
2024-07-12 10:00,2024-07-12,10,382
2024-07-12 11:00,2024-07-12,11,298
2024-07-12 12:00,2024-07-12,12,466
2024-07-12 13:00,2024-07-12,13,279
2024-07-12 14:00,2024-07-12,14,279
2024-07-12 15:00,2024-07-12,15,396
2024-07-12 16:00,2024-07-12,16,418
2024-07-12 17:00,2024-07-12,17,380
2024-07-12 18:00,2024-07-12,18,452
2024-07-12 19:00,2024-07-12,19,479
2024-07-12 20:00,2024-07-12,20,398
2024-07-12 21:00,2024-07-12,21,244
2024-07-12 22:00,2024-07-12,22,192
2024-07-12 23:00,2024-07-12,23,118
2024-07-13 00:00,2024-07-13,0,60
2024-07-13 01:00,2024-07-13,1,63
2024-07-13 02:00,2024-07-13,2,37
2024-07-13 03:00,2024-07-13,3,26
2024-07-13 04:00,2024-07-13,4,14
2024-07-13 05:00,2024-07-13,5,66
2024-07-13 06:00,2024-07-13,6,206
2024-07-13 07:00,2024-07-13,7,258
2024-07-13 08:00,2024-07-13,8,317
2024-07-13 09:00,2024-07-13,9,399
2024-07-13 10:00,2024-07-13,10,206
2024-07-13 11:00,2024-07-13,11,227
2024-07-13 12:00,2024-07-13,12,245
2024-07-13 13:00,2024-07-13,13,288
2024-07-13 14:00,2024-07-13,14,196
2024-07-13 15:00,2024-07-13,15,282
2024-07-13 16:00,2024-07-13,16,270
2024-07-13 17:00,2024-07-13,17,265
2024-07-13 18:00,2024-07-13,18,373
2024-07-13 19:00,2024-07-13,19,322
2024-07-13 20:00,2024-07-13,20,185
2024-07-13 21:00,2024-07-13,21,179
2024-07-13 22:00,2024-07-13,22,102
2024-07-13 23:00,2024-07-13,23,97
2024-07-14 00:00,2024-07-14,0,51
2024-07-14 01:00,2024-07-14,1,50
2024-07-14 02:00,2024-07-14,2,33
2024-07-14 03:00,2024-07-14,3,18
2024-07-14 04:00,2024-07-14,4,11
2024-07-14 05:00,2024-07-14,5,39
2024-07-14 06:00,2024-07-14,6,141
2024-07-14 07:00,2024-07-14,7,260
2024-07-14 08:00,2024-07-14,8,274
2024-07-14 09:00,2024-07-14,9,275
2024-07-14 10:00,2024-07-14,10,202
2024-07-14 11:00,2024-07-14,11,143
2024-07-14 12:00,2024-07-14,12,208
2024-07-14 13:00,2024-07-14,13,199
2024-07-14 14:00,2024-07-14,14,199
2024-07-14 15:00,2024-07-14,15,231
2024-07-14 16:00,2024-07-14,16,229
2024-07-14 17:00,2024-07-14,17,287
2024-07-14 18:00,2024-07-14,18,265
2024-07-14 19:00,2024-07-14,19,246
2024-07-14 20:00,2024-07-14,20,209
2024-07-14 21:00,2024-07-14,21,100
2024-07-14 22:00,2024-07-14,22,94
2024-07-14 23:00,2024-07-14,23,64
2024-07-15 00:00,2024-07-15,0,85
2024-07-15 01:00,2024-07-15,1,55
2024-07-15 02:00,2024-07-15,2,41
2024-07-15 03:00,2024-07-15,3,33
2024-07-15 04:00,2024-07-15,4,13
2024-07-15 05:00,2024-07-15,5,54
2024-07-15 06:00,2024-07-15,6,259
2024-07-15 07:00,2024-07-15,7,313
2024-07-15 08:00,2024-07-15,8,366
2024-07-15 09:00,2024-07-15,9,365
2024-07-15 10:00,2024-07-15,10,206
2024-07-15 11:00,2024-07-15,11,194
2024-07-15 12:00,2024-07-15,12,302
2024-07-15 13:00,2024-07-15,13,283
2024-07-15 14:00,2024-07-15,14,305
2024-07-15 15:00,2024-07-15,15,355
2024-07-15 16:00,2024-07-15,16,293
2024-07-15 17:00,2024-07-15,17,393
2024-07-15 18:00,2024-07-15,18,394
2024-07-15 19:00,2024-07-15,19,400
2024-07-15 20:00,2024-07-15,20,278
2024-07-15 21:00,2024-07-15,21,180
2024-07-15 22:00,2024-07-15,22,112
2024-07-15 23:00,2024-07-15,23,106
2024-07-16 00:00,2024-07-16,0,90
2024-07-16 01:00,2024-07-16,1,66
2024-07-16 02:00,2024-07-16,2,49
2024-07-16 03:00,2024-07-16,3,42
2024-07-16 04:00,2024-07-16,4,22
2024-07-16 05:00,2024-07-16,5,73
2024-07-16 06:00,2024-07-16,6,355
2024-07-16 07:00,2024-07-16,7,279
2024-07-16 08:00,2024-07-16,8,354
2024-07-16 09:00,2024-07-16,9,433
2024-07-16 10:00,2024-07-16,10,329
2024-07-16 11:00,2024-07-16,11,246
2024-07-16 12:00,2024-07-16,12,348
2024-07-16 13:00,2024-07-16,13,276
2024-07-16 14:00,2024-07-16,14,357
2024-07-16 15:00,2024-07-16,15,423
2024-07-16 16:00,2024-07-16,16,343
2024-07-16 17:00,2024-07-16,17,500
2024-07-16 18:00,2024-07-16,18,409
2024-07-16 19:00,2024-07-16,19,520
2024-07-16 20:00,2024-07-16,20,354
2024-07-16 21:00,2024-07-16,21,246
2024-07-16 22:00,2024-07-16,22,134
2024-07-16 23:00,2024-07-16,23,102
2024-07-17 00:00,2024-07-17,0,67
2024-07-17 01:00,2024-07-17,1,62
2024-07-17 02:00,2024-07-17,2,74
2024-07-17 03:00,2024-07-17,3,35
2024-07-17 04:00,2024-07-17,4,22
2024-07-17 05:00,2024-07-17,5,89
2024-07-17 06:00,2024-07-17,6,340
2024-07-17 07:00,2024-07-17,7,415
2024-07-17 08:00,2024-07-17,8,341
2024-07-17 09:00,2024-07-17,9,385
2024-07-17 10:00,2024-07-17,10,257
2024-07-17 11:00,2024-07-17,11,365
2024-07-17 12:00,2024-07-17,12,398
2024-07-17 13:00,2024-07-17,13,394
2024-07-17 14:00,2024-07-17,14,317
2024-07-17 15:00,2024-07-17,15,358
2024-07-17 16:00,2024-07-17,16,316
2024-07-17 17:00,2024-07-17,17,538
2024-07-17 18:00,2024-07-17,18,615
2024-07-17 19:00,2024-07-17,19,324
2024-07-17 20:00,2024-07-17,20,381
2024-07-17 21:00,2024-07-17,21,251
2024-07-17 22:00,2024-07-17,22,157
2024-07-17 23:00,2024-07-17,23,116
2024-07-18 00:00,2024-07-18,0,84
2024-07-18 01:00,2024-07-18,1,66
2024-07-18 02:00,2024-07-18,2,51
2024-07-18 03:00,2024-07-18,3,47
2024-07-18 04:00,2024-07-18,4,18
2024-07-18 05:00,2024-07-18,5,76
2024-07-18 06:00,2024-07-18,6,238
2024-07-18 07:00,2024-07-18,7,415
2024-07-18 08:00,2024-07-18,8,393
2024-07-18 09:00,2024-07-18,9,500
2024-07-18 10:00,2024-07-18,10,229
2024-07-18 11:00,2024-07-18,11,264
2024-07-18 12:00,2024-07-18,12,325
2024-07-18 13:00,2024-07-18,13,397
2024-07-18 14:00,2024-07-18,14,355
2024-07-18 15:00,2024-07-18,15,359
2024-07-18 16:00,2024-07-18,16,372
2024-07-18 17:00,2024-07-18,17,414
2024-07-18 18:00,2024-07-18,18,557
2024-07-18 19:00,2024-07-18,19,412
2024-07-18 20:00,2024-07-18,20,311
2024-07-18 21:00,2024-07-18,21,232
2024-07-18 22:00,2024-07-18,22,170
2024-07-18 23:00,2024-07-18,23,96
2024-07-19 00:00,2024-07-19,0,110
2024-07-19 01:00,2024-07-19,1,88
2024-07-19 02:00,2024-07-19,2,45
2024-07-19 03:00,2024-07-19,3,41
2024-07-19 04:00,2024-07-19,4,17
2024-07-19 05:00,2024-07-19,5,75
2024-07-19 06:00,2024-07-19,6,293
2024-07-19 07:00,2024-07-19,7,441
2024-07-19 08:00,2024-07-19,8,395
2024-07-19 09:00,2024-07-19,9,465
2024-07-19 10:00,2024-07-19,10,322
2024-07-19 11:00,2024-07-19,11,400
2024-07-19 12:00,2024-07-19,12,434
2024-07-19 13:00,2024-07-19,13,324
2024-07-19 14:00,2024-07-19,14,274
2024-07-19 15:00,2024-07-19,15,447
2024-07-19 16:00,2024-07-19,16,449
2024-07-19 17:00,2024-07-19,17,328
2024-07-19 18:00,2024-07-19,18,500
2024-07-19 19:00,2024-07-19,19,405
2024-07-19 20:00,2024-07-19,20,396
2024-07-19 21:00,2024-07-19,21,246
2024-07-19 22:00,2024-07-19,22,195
2024-07-19 23:00,2024-07-19,23,128
2024-07-20 00:00,2024-07-20,0,45
2024-07-20 01:00,2024-07-20,1,37
2024-07-20 02:00,2024-07-20,2,28
2024-07-20 03:00,2024-07-20,3,22
2024-07-20 04:00,2024-07-20,4,14
2024-07-20 05:00,2024-07-20,5,37
2024-07-20 06:00,2024-07-20,6,173
2024-07-20 07:00,2024-07-20,7,280
2024-07-20 08:00,2024-07-20,8,280
2024-07-20 09:00,2024-07-20,9,216
2024-07-20 10:00,2024-07-20,10,161
2024-07-20 11:00,2024-07-20,11,187
2024-07-20 12:00,2024-07-20,12,252
2024-07-20 13:00,2024-07-20,13,178
2024-07-20 14:00,2024-07-20,14,223
2024-07-20 15:00,2024-07-20,15,193
2024-07-20 16:00,2024-07-20,16,209
2024-07-20 17:00,2024-07-20,17,353
2024-07-20 18:00,2024-07-20,18,292
2024-07-20 19:00,2024-07-20,19,374
2024-07-20 20:00,2024-07-20,20,281
2024-07-20 21:00,2024-07-20,21,178
2024-07-20 22:00,2024-07-20,22,126
2024-07-20 23:00,2024-07-20,23,76
2024-07-21 00:00,2024-07-21,0,54
2024-07-21 01:00,2024-07-21,1,70
2024-07-21 02:00,2024-07-21,2,36
2024-07-21 03:00,2024-07-21,3,34
2024-07-21 04:00,2024-07-21,4,15
2024-07-21 05:00,2024-07-21,5,40
2024-07-21 06:00,2024-07-21,6,234
2024-07-21 07:00,2024-07-21,7,279
2024-07-21 08:00,2024-07-21,8,310
2024-07-21 09:00,2024-07-21,9,363
2024-07-21 10:00,2024-07-21,10,214
2024-07-21 11:00,2024-07-21,11,175
2024-07-21 12:00,2024-07-21,12,229
2024-07-21 13:00,2024-07-21,13,266
2024-07-21 14:00,2024-07-21,14,224
2024-07-21 15:00,2024-07-21,15,318
2024-07-21 16:00,2024-07-21,16,219
2024-07-21 17:00,2024-07-21,17,410
2024-07-21 18:00,2024-07-21,18,388
2024-07-21 19:00,2024-07-21,19,250
2024-07-21 20:00,2024-07-21,20,265
2024-07-21 21:00,2024-07-21,21,178
2024-07-21 22:00,2024-07-21,22,144
2024-07-21 23:00,2024-07-21,23,87
2024-07-22 00:00,2024-07-22,0,98
2024-07-22 01:00,2024-07-22,1,70
2024-07-22 02:00,2024-07-22,2,49
2024-07-22 03:00,2024-07-22,3,49
2024-07-22 04:00,2024-07-22,4,15
2024-07-22 05:00,2024-07-22,5,94
2024-07-22 06:00,2024-07-22,6,285
2024-07-22 07:00,2024-07-22,7,345
2024-07-22 08:00,2024-07-22,8,545
2024-07-22 09:00,2024-07-22,9,430
2024-07-22 10:00,2024-07-22,10,377
2024-07-22 11:00,2024-07-22,11,251
2024-07-22 12:00,2024-07-22,12,346
2024-07-22 13:00,2024-07-22,13,305
2024-07-22 14:00,2024-07-22,14,342
2024-07-22 15:00,2024-07-22,15,342
2024-07-22 16:00,2024-07-22,16,425
2024-07-22 17:00,2024-07-22,17,327
2024-07-22 18:00,2024-07-22,18,507
2024-07-22 19:00,2024-07-22,19,471
2024-07-22 20:00,2024-07-22,20,277
2024-07-22 21:00,2024-07-22,21,230
2024-07-22 22:00,2024-07-22,22,225
2024-07-22 23:00,2024-07-22,23,128
2024-07-23 00:00,2024-07-23,0,98
2024-07-23 01:00,2024-07-23,1,94
2024-07-23 02:00,2024-07-23,2,61
2024-07-23 03:00,2024-07-23,3,36
2024-07-23 04:00,2024-07-23,4,18
2024-07-23 05:00,2024-07-23,5,79
2024-07-23 06:00,2024-07-23,6,333
2024-07-23 07:00,2024-07-23,7,488
2024-07-23 08:00,2024-07-23,8,446
2024-07-23 09:00,2024-07-23,9,408
2024-07-23 10:00,2024-07-23,10,276
2024-07-23 11:00,2024-07-23,11,285
2024-07-23 12:00,2024-07-23,12,480
2024-07-23 13:00,2024-07-23,13,311
2024-07-23 14:00,2024-07-23,14,371
2024-07-23 15:00,2024-07-23,15,304
2024-07-23 16:00,2024-07-23,16,344
2024-07-23 17:00,2024-07-23,17,463
2024-07-23 18:00,2024-07-23,18,500
2024-07-23 19:00,2024-07-23,19,380
2024-07-23 20:00,2024-07-23,20,274
2024-07-23 21:00,2024-07-23,21,180
2024-07-23 22:00,2024-07-23,22,193
2024-07-23 23:00,2024-07-23,23,83
2024-07-24 00:00,2024-07-24,0,71
2024-07-24 01:00,2024-07-24,1,62
2024-07-24 02:00,2024-07-24,2,52
2024-07-24 03:00,2024-07-24,3,27
2024-07-24 04:00,2024-07-24,4,19
2024-07-24 05:00,2024-07-24,5,90
2024-07-24 06:00,2024-07-24,6,299
2024-07-24 07:00,2024-07-24,7,408
2024-07-24 08:00,2024-07-24,8,386
2024-07-24 09:00,2024-07-24,9,334
2024-07-24 10:00,2024-07-24,10,351
2024-07-24 11:00,2024-07-24,11,348
2024-07-24 12:00,2024-07-24,12,461
2024-07-24 13:00,2024-07-24,13,276
2024-07-24 14:00,2024-07-24,14,273
2024-07-24 15:00,2024-07-24,15,349
2024-07-24 16:00,2024-07-24,16,433
2024-07-24 17:00,2024-07-24,17,359
2024-07-24 18:00,2024-07-24,18,569
2024-07-24 19:00,2024-07-24,19,396
2024-07-24 20:00,2024-07-24,20,316
2024-07-24 21:00,2024-07-24,21,196
2024-07-24 22:00,2024-07-24,22,186
2024-07-24 23:00,2024-07-24,23,90
2024-07-25 00:00,2024-07-25,0,110
2024-07-25 01:00,2024-07-25,1,56
2024-07-25 02:00,2024-07-25,2,66
2024-07-25 03:00,2024-07-25,3,41
2024-07-25 04:00,2024-07-25,4,23
2024-07-25 05:00,2024-07-25,5,79
2024-07-25 06:00,2024-07-25,6,255
2024-07-25 07:00,2024-07-25,7,280
2024-07-25 08:00,2024-07-25,8,326
2024-07-25 09:00,2024-07-25,9,527
2024-07-25 10:00,2024-07-25,10,347
2024-07-25 11:00,2024-07-25,11,405
2024-07-25 12:00,2024-07-25,12,413
2024-07-25 13:00,2024-07-25,13,327
2024-07-25 14:00,2024-07-25,14,328
2024-07-25 15:00,2024-07-25,15,284
2024-07-25 16:00,2024-07-25,16,329
2024-07-25 17:00,2024-07-25,17,442
2024-07-25 18:00,2024-07-25,18,668
2024-07-25 19:00,2024-07-25,19,351
2024-07-25 20:00,2024-07-25,20,247
2024-07-25 21:00,2024-07-25,21,264
2024-07-25 22:00,2024-07-25,22,170
2024-07-25 23:00,2024-07-25,23,110
2024-07-26 00:00,2024-07-26,0,109
2024-07-26 01:00,2024-07-26,1,81
2024-07-26 02:00,2024-07-26,2,48
2024-07-26 03:00,2024-07-26,3,41
2024-07-26 04:00,2024-07-26,4,15
2024-07-26 05:00,2024-07-26,5,100
2024-07-26 06:00,2024-07-26,6,329
2024-07-26 07:00,2024-07-26,7,415
2024-07-26 08:00,2024-07-26,8,419
2024-07-26 09:00,2024-07-26,9,497
2024-07-26 10:00,2024-07-26,10,276
2024-07-26 11:00,2024-07-26,11,255
2024-07-26 12:00,2024-07-26,12,298
2024-07-26 13:00,2024-07-26,13,351
2024-07-26 14:00,2024-07-26,14,414
2024-07-26 15:00,2024-07-26,15,331
2024-07-26 16:00,2024-07-26,16,409
2024-07-26 17:00,2024-07-26,17,381
2024-07-26 18:00,2024-07-26,18,596
2024-07-26 19:00,2024-07-26,19,480
2024-07-26 20:00,2024-07-26,20,379
2024-07-26 21:00,2024-07-26,21,227
2024-07-26 22:00,2024-07-26,22,176
2024-07-26 23:00,2024-07-26,23,88
2024-07-27 00:00,2024-07-27,0,67
2024-07-27 01:00,2024-07-27,1,37
2024-07-27 02:00,2024-07-27,2,35
2024-07-27 03:00,2024-07-27,3,29
2024-07-27 04:00,2024-07-27,4,13
2024-07-27 05:00,2024-07-27,5,47
2024-07-27 06:00,2024-07-27,6,208
2024-07-27 07:00,2024-07-27,7,286
2024-07-27 08:00,2024-07-27,8,206
2024-07-27 09:00,2024-07-27,9,308
2024-07-27 10:00,2024-07-27,10,193
2024-07-27 11:00,2024-07-27,11,283
2024-07-27 12:00,2024-07-27,12,266
2024-07-27 13:00,2024-07-27,13,182
2024-07-27 14:00,2024-07-27,14,310
2024-07-27 15:00,2024-07-27,15,252
2024-07-27 16:00,2024-07-27,16,225
2024-07-27 17:00,2024-07-27,17,328
2024-07-27 18:00,2024-07-27,18,298
2024-07-27 19:00,2024-07-27,19,233
2024-07-27 20:00,2024-07-27,20,184
2024-07-27 21:00,2024-07-27,21,174
2024-07-27 22:00,2024-07-27,22,81
2024-07-27 23:00,2024-07-27,23,85
2024-07-28 00:00,2024-07-28,0,56
2024-07-28 01:00,2024-07-28,1,62
2024-07-28 02:00,2024-07-28,2,32
2024-07-28 03:00,2024-07-28,3,19
2024-07-28 04:00,2024-07-28,4,9
2024-07-28 05:00,2024-07-28,5,55
2024-07-28 06:00,2024-07-28,6,233
2024-07-28 07:00,2024-07-28,7,288
2024-07-28 08:00,2024-07-28,8,313
2024-07-28 09:00,2024-07-28,9,341
2024-07-28 10:00,2024-07-28,10,172
2024-07-28 11:00,2024-07-28,11,238
2024-07-28 12:00,2024-07-28,12,221
2024-07-28 13:00,2024-07-28,13,251
2024-07-28 14:00,2024-07-28,14,244
2024-07-28 15:00,2024-07-28,15,247
2024-07-28 16:00,2024-07-28,16,199
2024-07-28 17:00,2024-07-28,17,240
2024-07-28 18:00,2024-07-28,18,342
2024-07-28 19:00,2024-07-28,19,227
2024-07-28 20:00,2024-07-28,20,183
2024-07-28 21:00,2024-07-28,21,182
2024-07-28 22:00,2024-07-28,22,110
2024-07-28 23:00,2024-07-28,23,81
2024-07-29 00:00,2024-07-29,0,98
2024-07-29 01:00,2024-07-29,1,81
2024-07-29 02:00,2024-07-29,2,64
2024-07-29 03:00,2024-07-29,3,39
2024-07-29 04:00,2024-07-29,4,14
2024-07-29 05:00,2024-07-29,5,80
2024-07-29 06:00,2024-07-29,6,301
2024-07-29 07:00,2024-07-29,7,380
2024-07-29 08:00,2024-07-29,8,315
2024-07-29 09:00,2024-07-29,9,497
2024-07-29 10:00,2024-07-29,10,300
2024-07-29 11:00,2024-07-29,11,348
2024-07-29 12:00,2024-07-29,12,462
2024-07-29 13:00,2024-07-29,13,265
2024-07-29 14:00,2024-07-29,14,318
2024-07-29 15:00,2024-07-29,15,409
2024-07-29 16:00,2024-07-29,16,380
2024-07-29 17:00,2024-07-29,17,487
2024-07-29 18:00,2024-07-29,18,664
2024-07-29 19:00,2024-07-29,19,535
2024-07-29 20:00,2024-07-29,20,395
2024-07-29 21:00,2024-07-29,21,264
2024-07-29 22:00,2024-07-29,22,157
2024-07-29 23:00,2024-07-29,23,120
2024-07-30 00:00,2024-07-30,0,78
2024-07-30 01:00,2024-07-30,1,59
2024-07-30 02:00,2024-07-30,2,63
2024-07-30 03:00,2024-07-30,3,30
2024-07-30 04:00,2024-07-30,4,22
2024-07-30 05:00,2024-07-30,5,59
2024-07-30 06:00,2024-07-30,6,275
2024-07-30 07:00,2024-07-30,7,301
2024-07-30 08:00,2024-07-30,8,409
2024-07-30 09:00,2024-07-30,9,334
2024-07-30 10:00,2024-07-30,10,254
2024-07-30 11:00,2024-07-30,11,337
2024-07-30 12:00,2024-07-30,12,364
2024-07-30 13:00,2024-07-30,13,398
2024-07-30 14:00,2024-07-30,14,342
2024-07-30 15:00,2024-07-30,15,433
2024-07-30 16:00,2024-07-30,16,381
2024-07-30 17:00,2024-07-30,17,434
2024-07-30 18:00,2024-07-30,18,589
2024-07-30 19:00,2024-07-30,19,347
2024-07-30 20:00,2024-07-30,20,307
2024-07-30 21:00,2024-07-30,21,228
2024-07-30 22:00,2024-07-30,22,169
2024-07-30 23:00,2024-07-30,23,98
2024-07-31 00:00,2024-07-31,0,78
2024-07-31 01:00,2024-07-31,1,80
2024-07-31 02:00,2024-07-31,2,46
2024-07-31 03:00,2024-07-31,3,38
2024-07-31 04:00,2024-07-31,4,21
2024-07-31 05:00,2024-07-31,5,76
2024-07-31 06:00,2024-07-31,6,208
2024-07-31 07:00,2024-07-31,7,366
2024-07-31 08:00,2024-07-31,8,298
2024-07-31 09:00,2024-07-31,9,521
2024-07-31 10:00,2024-07-31,10,273
2024-07-31 11:00,2024-07-31,11,338
2024-07-31 12:00,2024-07-31,12,340
2024-07-31 13:00,2024-07-31,13,320
2024-07-31 14:00,2024-07-31,14,328
2024-07-31 15:00,2024-07-31,15,321
2024-07-31 16:00,2024-07-31,16,422
2024-07-31 17:00,2024-07-31,17,380
2024-07-31 18:00,2024-07-31,18,560
2024-07-31 19:00,2024-07-31,19,399
2024-07-31 20:00,2024-07-31,20,316
2024-07-31 21:00,2024-07-31,21,194
2024-07-31 22:00,2024-07-31,22,158
2024-07-31 23:00,2024-07-31,23,93
2024-08-01 00:00,2024-08-01,0,92
2024-08-01 01:00,2024-08-01,1,59
2024-08-01 02:00,2024-08-01,2,40
2024-08-01 03:00,2024-08-01,3,35
2024-08-01 04:00,2024-08-01,4,18
2024-08-01 05:00,2024-08-01,5,70
2024-08-01 06:00,2024-08-01,6,305
2024-08-01 07:00,2024-08-01,7,358
2024-08-01 08:00,2024-08-01,8,298
2024-08-01 09:00,2024-08-01,9,469
2024-08-01 10:00,2024-08-01,10,257
2024-08-01 11:00,2024-08-01,11,389
2024-08-01 12:00,2024-08-01,12,416
2024-08-01 13:00,2024-08-01,13,315
2024-08-01 14:00,2024-08-01,14,371
2024-08-01 15:00,2024-08-01,15,328
2024-08-01 16:00,2024-08-01,16,370
2024-08-01 17:00,2024-08-01,17,471
2024-08-01 18:00,2024-08-01,18,646
2024-08-01 19:00,2024-08-01,19,355
2024-08-01 20:00,2024-08-01,20,287
2024-08-01 21:00,2024-08-01,21,254
2024-08-01 22:00,2024-08-01,22,122
2024-08-01 23:00,2024-08-01,23,111
2024-08-02 00:00,2024-08-02,0,83
2024-08-02 01:00,2024-08-02,1,58
2024-08-02 02:00,2024-08-02,2,45
2024-08-02 03:00,2024-08-02,3,28
2024-08-02 04:00,2024-08-02,4,20
2024-08-02 05:00,2024-08-02,5,54
2024-08-02 06:00,2024-08-02,6,257
2024-08-02 07:00,2024-08-02,7,278
2024-08-02 08:00,2024-08-02,8,466
2024-08-02 09:00,2024-08-02,9,374
2024-08-02 10:00,2024-08-02,10,315
2024-08-02 11:00,2024-08-02,11,392
2024-08-02 12:00,2024-08-02,12,435
2024-08-02 13:00,2024-08-02,13,326
2024-08-02 14:00,2024-08-02,14,320
2024-08-02 15:00,2024-08-02,15,455
2024-08-02 16:00,2024-08-02,16,301
2024-08-02 17:00,2024-08-02,17,416
2024-08-02 18:00,2024-08-02,18,587
2024-08-02 19:00,2024-08-02,19,338
2024-08-02 20:00,2024-08-02,20,375
2024-08-02 21:00,2024-08-02,21,183
2024-08-02 22:00,2024-08-02,22,178
2024-08-02 23:00,2024-08-02,23,130
2024-08-03 00:00,2024-08-03,0,45
2024-08-03 01:00,2024-08-03,1,45
2024-08-03 02:00,2024-08-03,2,42
2024-08-03 03:00,2024-08-03,3,24
2024-08-03 04:00,2024-08-03,4,12
2024-08-03 05:00,2024-08-03,5,53
2024-08-03 06:00,2024-08-03,6,219
2024-08-03 07:00,2024-08-03,7,229
2024-08-03 08:00,2024-08-03,8,303
2024-08-03 09:00,2024-08-03,9,317
2024-08-03 10:00,2024-08-03,10,231
2024-08-03 11:00,2024-08-03,11,204
2024-08-03 12:00,2024-08-03,12,331
2024-08-03 13:00,2024-08-03,13,288
2024-08-03 14:00,2024-08-03,14,242
2024-08-03 15:00,2024-08-03,15,225
2024-08-03 16:00,2024-08-03,16,181
2024-08-03 17:00,2024-08-03,17,261
2024-08-03 18:00,2024-08-03,18,472
2024-08-03 19:00,2024-08-03,19,356
2024-08-03 20:00,2024-08-03,20,164
2024-08-03 21:00,2024-08-03,21,176
2024-08-03 22:00,2024-08-03,22,134
2024-08-03 23:00,2024-08-03,23,61
2024-08-04 00:00,2024-08-04,0,63
2024-08-04 01:00,2024-08-04,1,45
2024-08-04 02:00,2024-08-04,2,42
2024-08-04 03:00,2024-08-04,3,21
2024-08-04 04:00,2024-08-04,4,14
2024-08-04 05:00,2024-08-04,5,47
2024-08-04 06:00,2024-08-04,6,201
2024-08-04 07:00,2024-08-04,7,281
2024-08-04 08:00,2024-08-04,8,334
2024-08-04 09:00,2024-08-04,9,363
2024-08-04 10:00,2024-08-04,10,210
2024-08-04 11:00,2024-08-04,11,257
2024-08-04 12:00,2024-08-04,12,234
2024-08-04 13:00,2024-08-04,13,266
2024-08-04 14:00,2024-08-04,14,194
2024-08-04 15:00,2024-08-04,15,214
2024-08-04 16:00,2024-08-04,16,223
2024-08-04 17:00,2024-08-04,17,341
2024-08-04 18:00,2024-08-04,18,437
2024-08-04 19:00,2024-08-04,19,287
2024-08-04 20:00,2024-08-04,20,207
2024-08-04 21:00,2024-08-04,21,177
2024-08-04 22:00,2024-08-04,22,98
2024-08-04 23:00,2024-08-04,23,68
2024-08-05 00:00,2024-08-05,0,76
2024-08-05 01:00,2024-08-05,1,78
2024-08-05 02:00,2024-08-05,2,60
2024-08-05 03:00,2024-08-05,3,39
2024-08-05 04:00,2024-08-05,4,24
2024-08-05 05:00,2024-08-05,5,95
2024-08-05 06:00,2024-08-05,6,343
2024-08-05 07:00,2024-08-05,7,314
2024-08-05 08:00,2024-08-05,8,302
2024-08-05 09:00,2024-08-05,9,326
2024-08-05 10:00,2024-08-05,10,261
2024-08-05 11:00,2024-08-05,11,370
2024-08-05 12:00,2024-08-05,12,311
2024-08-05 13:00,2024-08-05,13,367
2024-08-05 14:00,2024-08-05,14,306
2024-08-05 15:00,2024-08-05,15,342
2024-08-05 16:00,2024-08-05,16,376
2024-08-05 17:00,2024-08-05,17,397
2024-08-05 18:00,2024-08-05,18,619
2024-08-05 19:00,2024-08-05,19,387
2024-08-05 20:00,2024-08-05,20,387
2024-08-05 21:00,2024-08-05,21,244
2024-08-05 22:00,2024-08-05,22,152
2024-08-05 23:00,2024-08-05,23,103
2024-08-06 00:00,2024-08-06,0,80
2024-08-06 01:00,2024-08-06,1,76
2024-08-06 02:00,2024-08-06,2,57
2024-08-06 03:00,2024-08-06,3,41
2024-08-06 04:00,2024-08-06,4,16
2024-08-06 05:00,2024-08-06,5,88
2024-08-06 06:00,2024-08-06,6,322
2024-08-06 07:00,2024-08-06,7,331
2024-08-06 08:00,2024-08-06,8,372
2024-08-06 09:00,2024-08-06,9,432
2024-08-06 10:00,2024-08-06,10,263
2024-08-06 11:00,2024-08-06,11,370
2024-08-06 12:00,2024-08-06,12,320
2024-08-06 13:00,2024-08-06,13,302
2024-08-06 14:00,2024-08-06,14,317
2024-08-06 15:00,2024-08-06,15,424
2024-08-06 16:00,2024-08-06,16,395
2024-08-06 17:00,2024-08-06,17,496
2024-08-06 18:00,2024-08-06,18,548
2024-08-06 19:00,2024-08-06,19,449
2024-08-06 20:00,2024-08-06,20,304
2024-08-06 21:00,2024-08-06,21,174
2024-08-06 22:00,2024-08-06,22,174
2024-08-06 23:00,2024-08-06,23,117
2024-08-07 00:00,2024-08-07,0,110
2024-08-07 01:00,2024-08-07,1,75
2024-08-07 02:00,2024-08-07,2,61
2024-08-07 03:00,2024-08-07,3,40
2024-08-07 04:00,2024-08-07,4,21
2024-08-07 05:00,2024-08-07,5,75
2024-08-07 06:00,2024-08-07,6,242
2024-08-07 07:00,2024-08-07,7,319
2024-08-07 08:00,2024-08-07,8,359
2024-08-07 09:00,2024-08-07,9,516
2024-08-07 10:00,2024-08-07,10,260
2024-08-07 11:00,2024-08-07,11,323
2024-08-07 12:00,2024-08-07,12,308
2024-08-07 13:00,2024-08-07,13,411
2024-08-07 14:00,2024-08-07,14,410
2024-08-07 15:00,2024-08-07,15,305
2024-08-07 16:00,2024-08-07,16,276
2024-08-07 17:00,2024-08-07,17,506
2024-08-07 18:00,2024-08-07,18,598
2024-08-07 19:00,2024-08-07,19,327
2024-08-07 20:00,2024-08-07,20,370
2024-08-07 21:00,2024-08-07,21,262
2024-08-07 22:00,2024-08-07,22,127
2024-08-07 23:00,2024-08-07,23,129
2024-08-08 00:00,2024-08-08,0,100
2024-08-08 01:00,2024-08-08,1,77
2024-08-08 02:00,2024-08-08,2,55
2024-08-08 03:00,2024-08-08,3,32
2024-08-08 04:00,2024-08-08,4,18
2024-08-08 05:00,2024-08-08,5,69
2024-08-08 06:00,2024-08-08,6,253
2024-08-08 07:00,2024-08-08,7,349
2024-08-08 08:00,2024-08-08,8,321
2024-08-08 09:00,2024-08-08,9,396
2024-08-08 10:00,2024-08-08,10,341
2024-08-08 11:00,2024-08-08,11,331
2024-08-08 12:00,2024-08-08,12,476
2024-08-08 13:00,2024-08-08,13,419
2024-08-08 14:00,2024-08-08,14,345
2024-08-08 15:00,2024-08-08,15,431
2024-08-08 16:00,2024-08-08,16,438
2024-08-08 17:00,2024-08-08,17,475
2024-08-08 18:00,2024-08-08,18,486
2024-08-08 19:00,2024-08-08,19,329
2024-08-08 20:00,2024-08-08,20,289
2024-08-08 21:00,2024-08-08,21,221
2024-08-08 22:00,2024-08-08,22,190
2024-08-08 23:00,2024-08-08,23,123
2024-08-09 00:00,2024-08-09,0,94
2024-08-09 01:00,2024-08-09,1,55
2024-08-09 02:00,2024-08-09,2,47
2024-08-09 03:00,2024-08-09,3,31
2024-08-09 04:00,2024-08-09,4,16
2024-08-09 05:00,2024-08-09,5,94
2024-08-09 06:00,2024-08-09,6,291
2024-08-09 07:00,2024-08-09,7,295
2024-08-09 08:00,2024-08-09,8,489
2024-08-09 09:00,2024-08-09,9,455
2024-08-09 10:00,2024-08-09,10,313
2024-08-09 11:00,2024-08-09,11,282
2024-08-09 12:00,2024-08-09,12,316
2024-08-09 13:00,2024-08-09,13,341
2024-08-09 14:00,2024-08-09,14,328
2024-08-09 15:00,2024-08-09,15,347
2024-08-09 16:00,2024-08-09,16,378
2024-08-09 17:00,2024-08-09,17,382
2024-08-09 18:00,2024-08-09,18,425
2024-08-09 19:00,2024-08-09,19,416
2024-08-09 20:00,2024-08-09,20,357
2024-08-09 21:00,2024-08-09,21,177
2024-08-09 22:00,2024-08-09,22,162
2024-08-09 23:00,2024-08-09,23,126
2024-08-10 00:00,2024-08-10,0,66
2024-08-10 01:00,2024-08-10,1,38
2024-08-10 02:00,2024-08-10,2,37
2024-08-10 03:00,2024-08-10,3,25
2024-08-10 04:00,2024-08-10,4,13
2024-08-10 05:00,2024-08-10,5,46
2024-08-10 06:00,2024-08-10,6,185
2024-08-10 07:00,2024-08-10,7,254
2024-08-10 08:00,2024-08-10,8,324
2024-08-10 09:00,2024-08-10,9,295
2024-08-10 10:00,2024-08-10,10,247
2024-08-10 11:00,2024-08-10,11,208
2024-08-10 12:00,2024-08-10,12,334
2024-08-10 13:00,2024-08-10,13,220
2024-08-10 14:00,2024-08-10,14,308
2024-08-10 15:00,2024-08-10,15,225
2024-08-10 16:00,2024-08-10,16,214
2024-08-10 17:00,2024-08-10,17,289
2024-08-10 18:00,2024-08-10,18,321
2024-08-10 19:00,2024-08-10,19,367
2024-08-10 20:00,2024-08-10,20,233
2024-08-10 21:00,2024-08-10,21,144
2024-08-10 22:00,2024-08-10,22,131
2024-08-10 23:00,2024-08-10,23,78
2024-08-11 00:00,2024-08-11,0,64
2024-08-11 01:00,2024-08-11,1,55
2024-08-11 02:00,2024-08-11,2,29
2024-08-11 03:00,2024-08-11,3,27
2024-08-11 04:00,2024-08-11,4,12
2024-08-11 05:00,2024-08-11,5,59
2024-08-11 06:00,2024-08-11,6,166
2024-08-11 07:00,2024-08-11,7,181
2024-08-11 08:00,2024-08-11,8,212
2024-08-11 09:00,2024-08-11,9,346
2024-08-11 10:00,2024-08-11,10,249
2024-08-11 11:00,2024-08-11,11,201
2024-08-11 12:00,2024-08-11,12,346
2024-08-11 13:00,2024-08-11,13,223
2024-08-11 14:00,2024-08-11,14,267
2024-08-11 15:00,2024-08-11,15,320
2024-08-11 16:00,2024-08-11,16,267
2024-08-11 17:00,2024-08-11,17,294
2024-08-11 18:00,2024-08-11,18,315
2024-08-11 19:00,2024-08-11,19,316
2024-08-11 20:00,2024-08-11,20,210
2024-08-11 21:00,2024-08-11,21,156
2024-08-11 22:00,2024-08-11,22,141
2024-08-11 23:00,2024-08-11,23,81
2024-08-12 00:00,2024-08-12,0,97
2024-08-12 01:00,2024-08-12,1,54
2024-08-12 02:00,2024-08-12,2,48
2024-08-12 03:00,2024-08-12,3,43
2024-08-12 04:00,2024-08-12,4,17
2024-08-12 05:00,2024-08-12,5,54
2024-08-12 06:00,2024-08-12,6,208
2024-08-12 07:00,2024-08-12,7,308
2024-08-12 08:00,2024-08-12,8,471
2024-08-12 09:00,2024-08-12,9,505
2024-08-12 10:00,2024-08-12,10,359
2024-08-12 11:00,2024-08-12,11,360
2024-08-12 12:00,2024-08-12,12,467
2024-08-12 13:00,2024-08-12,13,419
2024-08-12 14:00,2024-08-12,14,378
2024-08-12 15:00,2024-08-12,15,396
2024-08-12 16:00,2024-08-12,16,309
2024-08-12 17:00,2024-08-12,17,520
2024-08-12 18:00,2024-08-12,18,670
2024-08-12 19:00,2024-08-12,19,438
2024-08-12 20:00,2024-08-12,20,376
2024-08-12 21:00,2024-08-12,21,198
2024-08-12 22:00,2024-08-12,22,198
2024-08-12 23:00,2024-08-12,23,104
2024-08-13 00:00,2024-08-13,0,72
2024-08-13 01:00,2024-08-13,1,88
2024-08-13 02:00,2024-08-13,2,43
2024-08-13 03:00,2024-08-13,3,36
2024-08-13 04:00,2024-08-13,4,20
2024-08-13 05:00,2024-08-13,5,83
2024-08-13 06:00,2024-08-13,6,314
2024-08-13 07:00,2024-08-13,7,420
2024-08-13 08:00,2024-08-13,8,447
2024-08-13 09:00,2024-08-13,9,344
2024-08-13 10:00,2024-08-13,10,325
2024-08-13 11:00,2024-08-13,11,401
2024-08-13 12:00,2024-08-13,12,405
2024-08-13 13:00,2024-08-13,13,389
2024-08-13 14:00,2024-08-13,14,398
2024-08-13 15:00,2024-08-13,15,358
2024-08-13 16:00,2024-08-13,16,280
2024-08-13 17:00,2024-08-13,17,351
2024-08-13 18:00,2024-08-13,18,641
2024-08-13 19:00,2024-08-13,19,375
2024-08-13 20:00,2024-08-13,20,309
2024-08-13 21:00,2024-08-13,21,177
2024-08-13 22:00,2024-08-13,22,167
2024-08-13 23:00,2024-08-13,23,95
2024-08-14 00:00,2024-08-14,0,99
2024-08-14 01:00,2024-08-14,1,86
2024-08-14 02:00,2024-08-14,2,49
2024-08-14 03:00,2024-08-14,3,43
2024-08-14 04:00,2024-08-14,4,15
2024-08-14 05:00,2024-08-14,5,58
2024-08-14 06:00,2024-08-14,6,350
2024-08-14 07:00,2024-08-14,7,468
2024-08-14 08:00,2024-08-14,8,455
2024-08-14 09:00,2024-08-14,9,691
2024-08-14 10:00,2024-08-14,10,391
2024-08-14 11:00,2024-08-14,11,409
2024-08-14 12:00,2024-08-14,12,445
2024-08-14 13:00,2024-08-14,13,451
2024-08-14 14:00,2024-08-14,14,400
2024-08-14 15:00,2024-08-14,15,320
2024-08-14 16:00,2024-08-14,16,331
2024-08-14 17:00,2024-08-14,17,498
2024-08-14 18:00,2024-08-14,18,738
2024-08-14 19:00,2024-08-14,19,447
2024-08-14 20:00,2024-08-14,20,396
2024-08-14 21:00,2024-08-14,21,216
2024-08-14 22:00,2024-08-14,22,138
2024-08-14 23:00,2024-08-14,23,105
2024-08-15 00:00,2024-08-15,0,89
2024-08-15 01:00,2024-08-15,1,77
2024-08-15 02:00,2024-08-15,2,41
2024-08-15 03:00,2024-08-15,3,25
2024-08-15 04:00,2024-08-15,4,13
2024-08-15 05:00,2024-08-15,5,75
2024-08-15 06:00,2024-08-15,6,240
2024-08-15 07:00,2024-08-15,7,254
2024-08-15 08:00,2024-08-15,8,424
2024-08-15 09:00,2024-08-15,9,380
2024-08-15 10:00,2024-08-15,10,205
2024-08-15 11:00,2024-08-15,11,243
2024-08-15 12:00,2024-08-15,12,244
2024-08-15 13:00,2024-08-15,13,270
2024-08-15 14:00,2024-08-15,14,249
2024-08-15 15:00,2024-08-15,15,352
2024-08-15 16:00,2024-08-15,16,267
2024-08-15 17:00,2024-08-15,17,269
2024-08-15 18:00,2024-08-15,18,525
2024-08-15 19:00,2024-08-15,19,362
2024-08-15 20:00,2024-08-15,20,310
2024-08-15 21:00,2024-08-15,21,212
2024-08-15 22:00,2024-08-15,22,154
2024-08-15 23:00,2024-08-15,23,96
2024-08-16 00:00,2024-08-16,0,80
2024-08-16 01:00,2024-08-16,1,70
2024-08-16 02:00,2024-08-16,2,38
2024-08-16 03:00,2024-08-16,3,32
2024-08-16 04:00,2024-08-16,4,17
2024-08-16 05:00,2024-08-16,5,60
2024-08-16 06:00,2024-08-16,6,199
2024-08-16 07:00,2024-08-16,7,319
2024-08-16 08:00,2024-08-16,8,331
2024-08-16 09:00,2024-08-16,9,317
2024-08-16 10:00,2024-08-16,10,244
2024-08-16 11:00,2024-08-16,11,311
2024-08-16 12:00,2024-08-16,12,313
2024-08-16 13:00,2024-08-16,13,216
2024-08-16 14:00,2024-08-16,14,311
2024-08-16 15:00,2024-08-16,15,254
2024-08-16 16:00,2024-08-16,16,252
2024-08-16 17:00,2024-08-16,17,356
2024-08-16 18:00,2024-08-16,18,495
2024-08-16 19:00,2024-08-16,19,421
2024-08-16 20:00,2024-08-16,20,316
2024-08-16 21:00,2024-08-16,21,136
2024-08-16 22:00,2024-08-16,22,108
2024-08-16 23:00,2024-08-16,23,90
2024-08-17 00:00,2024-08-17,0,52
2024-08-17 01:00,2024-08-17,1,41
2024-08-17 02:00,2024-08-17,2,23
2024-08-17 03:00,2024-08-17,3,23
2024-08-17 04:00,2024-08-17,4,8
2024-08-17 05:00,2024-08-17,5,35
2024-08-17 06:00,2024-08-17,6,207
2024-08-17 07:00,2024-08-17,7,231
2024-08-17 08:00,2024-08-17,8,183
2024-08-17 09:00,2024-08-17,9,222
2024-08-17 10:00,2024-08-17,10,197
2024-08-17 11:00,2024-08-17,11,159
2024-08-17 12:00,2024-08-17,12,187
2024-08-17 13:00,2024-08-17,13,235
2024-08-17 14:00,2024-08-17,14,247
2024-08-17 15:00,2024-08-17,15,260
2024-08-17 16:00,2024-08-17,16,187
2024-08-17 17:00,2024-08-17,17,253
2024-08-17 18:00,2024-08-17,18,346
2024-08-17 19:00,2024-08-17,19,196
2024-08-17 20:00,2024-08-17,20,160
2024-08-17 21:00,2024-08-17,21,86
2024-08-17 22:00,2024-08-17,22,93
2024-08-17 23:00,2024-08-17,23,44
2024-08-18 00:00,2024-08-18,0,67
2024-08-18 01:00,2024-08-18,1,62
2024-08-18 02:00,2024-08-18,2,38
2024-08-18 03:00,2024-08-18,3,29
2024-08-18 04:00,2024-08-18,4,10
2024-08-18 05:00,2024-08-18,5,46
2024-08-18 06:00,2024-08-18,6,174
2024-08-18 07:00,2024-08-18,7,191
2024-08-18 08:00,2024-08-18,8,330
2024-08-18 09:00,2024-08-18,9,237
2024-08-18 10:00,2024-08-18,10,221
2024-08-18 11:00,2024-08-18,11,180
2024-08-18 12:00,2024-08-18,12,251
2024-08-18 13:00,2024-08-18,13,187
2024-08-18 14:00,2024-08-18,14,222
2024-08-18 15:00,2024-08-18,15,321
2024-08-18 16:00,2024-08-18,16,245
2024-08-18 17:00,2024-08-18,17,352
2024-08-18 18:00,2024-08-18,18,291
2024-08-18 19:00,2024-08-18,19,257
2024-08-18 20:00,2024-08-18,20,165
2024-08-18 21:00,2024-08-18,21,160
2024-08-18 22:00,2024-08-18,22,131
2024-08-18 23:00,2024-08-18,23,82
2024-08-19 00:00,2024-08-19,0,88
2024-08-19 01:00,2024-08-19,1,99
2024-08-19 02:00,2024-08-19,2,64
2024-08-19 03:00,2024-08-19,3,30
2024-08-19 04:00,2024-08-19,4,22
2024-08-19 05:00,2024-08-19,5,65
2024-08-19 06:00,2024-08-19,6,251
2024-08-19 07:00,2024-08-19,7,418
2024-08-19 08:00,2024-08-19,8,348
2024-08-19 09:00,2024-08-19,9,419
2024-08-19 10:00,2024-08-19,10,343
2024-08-19 11:00,2024-08-19,11,323
2024-08-19 12:00,2024-08-19,12,332
2024-08-19 13:00,2024-08-19,13,315
2024-08-19 14:00,2024-08-19,14,438
2024-08-19 15:00,2024-08-19,15,354
2024-08-19 16:00,2024-08-19,16,324
2024-08-19 17:00,2024-08-19,17,437
2024-08-19 18:00,2024-08-19,18,492
2024-08-19 19:00,2024-08-19,19,491
2024-08-19 20:00,2024-08-19,20,370
2024-08-19 21:00,2024-08-19,21,221
2024-08-19 22:00,2024-08-19,22,144
2024-08-19 23:00,2024-08-19,23,121
2024-08-20 00:00,2024-08-20,0,87
2024-08-20 01:00,2024-08-20,1,90
2024-08-20 02:00,2024-08-20,2,48
2024-08-20 03:00,2024-08-20,3,38
2024-08-20 04:00,2024-08-20,4,17
2024-08-20 05:00,2024-08-20,5,80
2024-08-20 06:00,2024-08-20,6,309
2024-08-20 07:00,2024-08-20,7,485
2024-08-20 08:00,2024-08-20,8,346
2024-08-20 09:00,2024-08-20,9,484
2024-08-20 10:00,2024-08-20,10,249
2024-08-20 11:00,2024-08-20,11,379
2024-08-20 12:00,2024-08-20,12,394
2024-08-20 13:00,2024-08-20,13,386
2024-08-20 14:00,2024-08-20,14,318
2024-08-20 15:00,2024-08-20,15,321
2024-08-20 16:00,2024-08-20,16,325
2024-08-20 17:00,2024-08-20,17,396
2024-08-20 18:00,2024-08-20,18,606
2024-08-20 19:00,2024-08-20,19,479
2024-08-20 20:00,2024-08-20,20,348
2024-08-20 21:00,2024-08-20,21,212
2024-08-20 22:00,2024-08-20,22,179
2024-08-20 23:00,2024-08-20,23,125
2024-08-21 00:00,2024-08-21,0,98
2024-08-21 01:00,2024-08-21,1,73
2024-08-21 02:00,2024-08-21,2,74
2024-08-21 03:00,2024-08-21,3,32
2024-08-21 04:00,2024-08-21,4,17
2024-08-21 05:00,2024-08-21,5,73
2024-08-21 06:00,2024-08-21,6,306
2024-08-21 07:00,2024-08-21,7,302
2024-08-21 08:00,2024-08-21,8,410
2024-08-21 09:00,2024-08-21,9,411
2024-08-21 10:00,2024-08-21,10,320
2024-08-21 11:00,2024-08-21,11,293
2024-08-21 12:00,2024-08-21,12,477
2024-08-21 13:00,2024-08-21,13,418
2024-08-21 14:00,2024-08-21,14,315
2024-08-21 15:00,2024-08-21,15,386
2024-08-21 16:00,2024-08-21,16,398
2024-08-21 17:00,2024-08-21,17,537
2024-08-21 18:00,2024-08-21,18,414
2024-08-21 19:00,2024-08-21,19,435
2024-08-21 20:00,2024-08-21,20,400
2024-08-21 21:00,2024-08-21,21,214
2024-08-21 22:00,2024-08-21,22,189
2024-08-21 23:00,2024-08-21,23,121
2024-08-22 00:00,2024-08-22,0,124
2024-08-22 01:00,2024-08-22,1,67
2024-08-22 02:00,2024-08-22,2,64
2024-08-22 03:00,2024-08-22,3,39
2024-08-22 04:00,2024-08-22,4,18
2024-08-22 05:00,2024-08-22,5,82
2024-08-22 06:00,2024-08-22,6,277
2024-08-22 07:00,2024-08-22,7,464
2024-08-22 08:00,2024-08-22,8,355
2024-08-22 09:00,2024-08-22,9,450
2024-08-22 10:00,2024-08-22,10,249
2024-08-22 11:00,2024-08-22,11,401
2024-08-22 12:00,2024-08-22,12,304
2024-08-22 13:00,2024-08-22,13,371
2024-08-22 14:00,2024-08-22,14,378
2024-08-22 15:00,2024-08-22,15,414
2024-08-22 16:00,2024-08-22,16,396
2024-08-22 17:00,2024-08-22,17,403
2024-08-22 18:00,2024-08-22,18,614
2024-08-22 19:00,2024-08-22,19,477
2024-08-22 20:00,2024-08-22,20,330
2024-08-22 21:00,2024-08-22,21,208
2024-08-22 22:00,2024-08-22,22,191
2024-08-22 23:00,2024-08-22,23,127
2024-08-23 00:00,2024-08-23,0,69
2024-08-23 01:00,2024-08-23,1,90
2024-08-23 02:00,2024-08-23,2,60
2024-08-23 03:00,2024-08-23,3,50
2024-08-23 04:00,2024-08-23,4,15
2024-08-23 05:00,2024-08-23,5,91
2024-08-23 06:00,2024-08-23,6,261
2024-08-23 07:00,2024-08-23,7,368
2024-08-23 08:00,2024-08-23,8,330
2024-08-23 09:00,2024-08-23,9,495
2024-08-23 10:00,2024-08-23,10,240
2024-08-23 11:00,2024-08-23,11,248
2024-08-23 12:00,2024-08-23,12,394
2024-08-23 13:00,2024-08-23,13,413
2024-08-23 14:00,2024-08-23,14,346
2024-08-23 15:00,2024-08-23,15,296
2024-08-23 16:00,2024-08-23,16,405
2024-08-23 17:00,2024-08-23,17,523
2024-08-23 18:00,2024-08-23,18,550
2024-08-23 19:00,2024-08-23,19,336
2024-08-23 20:00,2024-08-23,20,323
2024-08-23 21:00,2024-08-23,21,267
2024-08-23 22:00,2024-08-23,22,140
2024-08-23 23:00,2024-08-23,23,109
2024-08-24 00:00,2024-08-24,0,62
2024-08-24 01:00,2024-08-24,1,49
2024-08-24 02:00,2024-08-24,2,48
2024-08-24 03:00,2024-08-24,3,23
2024-08-24 04:00,2024-08-24,4,13
2024-08-24 05:00,2024-08-24,5,57
2024-08-24 06:00,2024-08-24,6,216
2024-08-24 07:00,2024-08-24,7,238
2024-08-24 08:00,2024-08-24,8,295
2024-08-24 09:00,2024-08-24,9,340
2024-08-24 10:00,2024-08-24,10,227
2024-08-24 11:00,2024-08-24,11,194
2024-08-24 12:00,2024-08-24,12,330
2024-08-24 13:00,2024-08-24,13,259
2024-08-24 14:00,2024-08-24,14,261
2024-08-24 15:00,2024-08-24,15,301
2024-08-24 16:00,2024-08-24,16,304
2024-08-24 17:00,2024-08-24,17,367
2024-08-24 18:00,2024-08-24,18,287
2024-08-24 19:00,2024-08-24,19,233
2024-08-24 20:00,2024-08-24,20,239
2024-08-24 21:00,2024-08-24,21,186
2024-08-24 22:00,2024-08-24,22,127
2024-08-24 23:00,2024-08-24,23,65
2024-08-25 00:00,2024-08-25,0,60
2024-08-25 01:00,2024-08-25,1,52
2024-08-25 02:00,2024-08-25,2,37
2024-08-25 03:00,2024-08-25,3,25
2024-08-25 04:00,2024-08-25,4,15
2024-08-25 05:00,2024-08-25,5,48
2024-08-25 06:00,2024-08-25,6,248
2024-08-25 07:00,2024-08-25,7,294
2024-08-25 08:00,2024-08-25,8,198
2024-08-25 09:00,2024-08-25,9,315
2024-08-25 10:00,2024-08-25,10,258
2024-08-25 11:00,2024-08-25,11,243
2024-08-25 12:00,2024-08-25,12,302
2024-08-25 13:00,2024-08-25,13,230
2024-08-25 14:00,2024-08-25,14,240
2024-08-25 15:00,2024-08-25,15,298
2024-08-25 16:00,2024-08-25,16,269
2024-08-25 17:00,2024-08-25,17,308
2024-08-25 18:00,2024-08-25,18,340
2024-08-25 19:00,2024-08-25,19,279
2024-08-25 20:00,2024-08-25,20,182
2024-08-25 21:00,2024-08-25,21,168
2024-08-25 22:00,2024-08-25,22,122
2024-08-25 23:00,2024-08-25,23,56
2024-08-26 00:00,2024-08-26,0,79
2024-08-26 01:00,2024-08-26,1,97
2024-08-26 02:00,2024-08-26,2,49
2024-08-26 03:00,2024-08-26,3,37
2024-08-26 04:00,2024-08-26,4,19
2024-08-26 05:00,2024-08-26,5,72
2024-08-26 06:00,2024-08-26,6,338
2024-08-26 07:00,2024-08-26,7,440
2024-08-26 08:00,2024-08-26,8,410
2024-08-26 09:00,2024-08-26,9,533
2024-08-26 10:00,2024-08-26,10,295
2024-08-26 11:00,2024-08-26,11,308
2024-08-26 12:00,2024-08-26,12,346
2024-08-26 13:00,2024-08-26,13,365
2024-08-26 14:00,2024-08-26,14,296
2024-08-26 15:00,2024-08-26,15,289
2024-08-26 16:00,2024-08-26,16,358
2024-08-26 17:00,2024-08-26,17,435
2024-08-26 18:00,2024-08-26,18,611
2024-08-26 19:00,2024-08-26,19,328
2024-08-26 20:00,2024-08-26,20,327
2024-08-26 21:00,2024-08-26,21,268
2024-08-26 22:00,2024-08-26,22,178
2024-08-26 23:00,2024-08-26,23,104
2024-08-27 00:00,2024-08-27,0,123
2024-08-27 01:00,2024-08-27,1,62
2024-08-27 02:00,2024-08-27,2,64
2024-08-27 03:00,2024-08-27,3,40
2024-08-27 04:00,2024-08-27,4,22
2024-08-27 05:00,2024-08-27,5,78
2024-08-27 06:00,2024-08-27,6,302
2024-08-27 07:00,2024-08-27,7,310
2024-08-27 08:00,2024-08-27,8,423
2024-08-27 09:00,2024-08-27,9,478
2024-08-27 10:00,2024-08-27,10,321
2024-08-27 11:00,2024-08-27,11,382
2024-08-27 12:00,2024-08-27,12,299
2024-08-27 13:00,2024-08-27,13,353
2024-08-27 14:00,2024-08-27,14,334
2024-08-27 15:00,2024-08-27,15,461
2024-08-27 16:00,2024-08-27,16,341
2024-08-27 17:00,2024-08-27,17,369
2024-08-27 18:00,2024-08-27,18,544
2024-08-27 19:00,2024-08-27,19,401
2024-08-27 20:00,2024-08-27,20,289
2024-08-27 21:00,2024-08-27,21,196
2024-08-27 22:00,2024-08-27,22,151
2024-08-27 23:00,2024-08-27,23,121
2024-08-28 00:00,2024-08-28,0,88
2024-08-28 01:00,2024-08-28,1,59
2024-08-28 02:00,2024-08-28,2,50
2024-08-28 03:00,2024-08-28,3,33
2024-08-28 04:00,2024-08-28,4,24
2024-08-28 05:00,2024-08-28,5,98
2024-08-28 06:00,2024-08-28,6,318
2024-08-28 07:00,2024-08-28,7,365
2024-08-28 08:00,2024-08-28,8,371
2024-08-28 09:00,2024-08-28,9,435
2024-08-28 10:00,2024-08-28,10,380
2024-08-28 11:00,2024-08-28,11,369
2024-08-28 12:00,2024-08-28,12,438
2024-08-28 13:00,2024-08-28,13,425
2024-08-28 14:00,2024-08-28,14,415
2024-08-28 15:00,2024-08-28,15,450
2024-08-28 16:00,2024-08-28,16,422
2024-08-28 17:00,2024-08-28,17,348
2024-08-28 18:00,2024-08-28,18,531
2024-08-28 19:00,2024-08-28,19,432
2024-08-28 20:00,2024-08-28,20,387
2024-08-28 21:00,2024-08-28,21,229
2024-08-28 22:00,2024-08-28,22,151
2024-08-28 23:00,2024-08-28,23,103
2024-08-29 00:00,2024-08-29,0,108
2024-08-29 01:00,2024-08-29,1,73
2024-08-29 02:00,2024-08-29,2,64
2024-08-29 03:00,2024-08-29,3,31
2024-08-29 04:00,2024-08-29,4,14
2024-08-29 05:00,2024-08-29,5,81
2024-08-29 06:00,2024-08-29,6,248
2024-08-29 07:00,2024-08-29,7,437
2024-08-29 08:00,2024-08-29,8,352
2024-08-29 09:00,2024-08-29,9,397
2024-08-29 10:00,2024-08-29,10,265
2024-08-29 11:00,2024-08-29,11,379
2024-08-29 12:00,2024-08-29,12,337
2024-08-29 13:00,2024-08-29,13,301
2024-08-29 14:00,2024-08-29,14,280
2024-08-29 15:00,2024-08-29,15,459
2024-08-29 16:00,2024-08-29,16,419
2024-08-29 17:00,2024-08-29,17,492
2024-08-29 18:00,2024-08-29,18,545
2024-08-29 19:00,2024-08-29,19,358
2024-08-29 20:00,2024-08-29,20,370
2024-08-29 21:00,2024-08-29,21,209
2024-08-29 22:00,2024-08-29,22,147
2024-08-29 23:00,2024-08-29,23,102
2024-08-30 00:00,2024-08-30,0,116
2024-08-30 01:00,2024-08-30,1,59
2024-08-30 02:00,2024-08-30,2,47
2024-08-30 03:00,2024-08-30,3,42
2024-08-30 04:00,2024-08-30,4,22
2024-08-30 05:00,2024-08-30,5,79
2024-08-30 06:00,2024-08-30,6,234
2024-08-30 07:00,2024-08-30,7,340
2024-08-30 08:00,2024-08-30,8,339
2024-08-30 09:00,2024-08-30,9,493
2024-08-30 10:00,2024-08-30,10,323
2024-08-30 11:00,2024-08-30,11,282
2024-08-30 12:00,2024-08-30,12,416
2024-08-30 13:00,2024-08-30,13,315
2024-08-30 14:00,2024-08-30,14,336
2024-08-30 15:00,2024-08-30,15,403
2024-08-30 16:00,2024-08-30,16,393
2024-08-30 17:00,2024-08-30,17,369
2024-08-30 18:00,2024-08-30,18,500
2024-08-30 19:00,2024-08-30,19,395
2024-08-30 20:00,2024-08-30,20,389
2024-08-30 21:00,2024-08-30,21,210
2024-08-30 22:00,2024-08-30,22,163
2024-08-30 23:00,2024-08-30,23,81
2024-08-31 00:00,2024-08-31,0,75
2024-08-31 01:00,2024-08-31,1,54
2024-08-31 02:00,2024-08-31,2,31
2024-08-31 03:00,2024-08-31,3,24
2024-08-31 04:00,2024-08-31,4,10
2024-08-31 05:00,2024-08-31,5,57
2024-08-31 06:00,2024-08-31,6,149
2024-08-31 07:00,2024-08-31,7,217
2024-08-31 08:00,2024-08-31,8,300
2024-08-31 09:00,2024-08-31,9,376
2024-08-31 10:00,2024-08-31,10,245
2024-08-31 11:00,2024-08-31,11,163
2024-08-31 12:00,2024-08-31,12,229
2024-08-31 13:00,2024-08-31,13,218
2024-08-31 14:00,2024-08-31,14,186
2024-08-31 15:00,2024-08-31,15,223
2024-08-31 16:00,2024-08-31,16,297
2024-08-31 17:00,2024-08-31,17,311
2024-08-31 18:00,2024-08-31,18,348
2024-08-31 19:00,2024-08-31,19,249
2024-08-31 20:00,2024-08-31,20,215
2024-08-31 21:00,2024-08-31,21,127
2024-08-31 22:00,2024-08-31,22,134
2024-08-31 23:00,2024-08-31,23,73
2024-09-01 00:00,2024-09-01,0,55
2024-09-01 01:00,2024-09-01,1,61
2024-09-01 02:00,2024-09-01,2,40
2024-09-01 03:00,2024-09-01,3,36
2024-09-01 04:00,2024-09-01,4,11
2024-09-01 05:00,2024-09-01,5,43
2024-09-01 06:00,2024-09-01,6,201
2024-09-01 07:00,2024-09-01,7,262
2024-09-01 08:00,2024-09-01,8,235
2024-09-01 09:00,2024-09-01,9,319
2024-09-01 10:00,2024-09-01,10,169
2024-09-01 11:00,2024-09-01,11,264
2024-09-01 12:00,2024-09-01,12,224
2024-09-01 13:00,2024-09-01,13,194
2024-09-01 14:00,2024-09-01,14,250
2024-09-01 15:00,2024-09-01,15,247
2024-09-01 16:00,2024-09-01,16,262
2024-09-01 17:00,2024-09-01,17,340
2024-09-01 18:00,2024-09-01,18,376
2024-09-01 19:00,2024-09-01,19,303
2024-09-01 20:00,2024-09-01,20,243
2024-09-01 21:00,2024-09-01,21,151
2024-09-01 22:00,2024-09-01,22,132
2024-09-01 23:00,2024-09-01,23,94
2024-09-02 00:00,2024-09-02,0,87
2024-09-02 01:00,2024-09-02,1,99
2024-09-02 02:00,2024-09-02,2,66
2024-09-02 03:00,2024-09-02,3,33
2024-09-02 04:00,2024-09-02,4,23
2024-09-02 05:00,2024-09-02,5,86
2024-09-02 06:00,2024-09-02,6,260
2024-09-02 07:00,2024-09-02,7,487
2024-09-02 08:00,2024-09-02,8,426
2024-09-02 09:00,2024-09-02,9,484
2024-09-02 10:00,2024-09-02,10,345
2024-09-02 11:00,2024-09-02,11,345
2024-09-02 12:00,2024-09-02,12,413
2024-09-02 13:00,2024-09-02,13,398
2024-09-02 14:00,2024-09-02,14,419
2024-09-02 15:00,2024-09-02,15,425
2024-09-02 16:00,2024-09-02,16,421
2024-09-02 17:00,2024-09-02,17,461
2024-09-02 18:00,2024-09-02,18,560
2024-09-02 19:00,2024-09-02,19,399
2024-09-02 20:00,2024-09-02,20,372
2024-09-02 21:00,2024-09-02,21,178
2024-09-02 22:00,2024-09-02,22,201
2024-09-02 23:00,2024-09-02,23,103
2024-09-03 00:00,2024-09-03,0,85
2024-09-03 01:00,2024-09-03,1,86
2024-09-03 02:00,2024-09-03,2,70
2024-09-03 03:00,2024-09-03,3,44
2024-09-03 04:00,2024-09-03,4,19
2024-09-03 05:00,2024-09-03,5,79
2024-09-03 06:00,2024-09-03,6,286
2024-09-03 07:00,2024-09-03,7,488
2024-09-03 08:00,2024-09-03,8,367
2024-09-03 09:00,2024-09-03,9,410
2024-09-03 10:00,2024-09-03,10,268
2024-09-03 11:00,2024-09-03,11,308
2024-09-03 12:00,2024-09-03,12,376
2024-09-03 13:00,2024-09-03,13,265
2024-09-03 14:00,2024-09-03,14,298
2024-09-03 15:00,2024-09-03,15,420
2024-09-03 16:00,2024-09-03,16,407
2024-09-03 17:00,2024-09-03,17,422
2024-09-03 18:00,2024-09-03,18,654
2024-09-03 19:00,2024-09-03,19,359
2024-09-03 20:00,2024-09-03,20,379
2024-09-03 21:00,2024-09-03,21,205
2024-09-03 22:00,2024-09-03,22,151
2024-09-03 23:00,2024-09-03,23,100
2024-09-04 00:00,2024-09-04,0,92
2024-09-04 01:00,2024-09-04,1,89
2024-09-04 02:00,2024-09-04,2,74
2024-09-04 03:00,2024-09-04,3,46
2024-09-04 04:00,2024-09-04,4,21
2024-09-04 05:00,2024-09-04,5,83
2024-09-04 06:00,2024-09-04,6,277
2024-09-04 07:00,2024-09-04,7,467
2024-09-04 08:00,2024-09-04,8,636
2024-09-04 09:00,2024-09-04,9,441
2024-09-04 10:00,2024-09-04,10,292
2024-09-04 11:00,2024-09-04,11,381
2024-09-04 12:00,2024-09-04,12,569
2024-09-04 13:00,2024-09-04,13,474
2024-09-04 14:00,2024-09-04,14,316
2024-09-04 15:00,2024-09-04,15,369
2024-09-04 16:00,2024-09-04,16,441
2024-09-04 17:00,2024-09-04,17,376
2024-09-04 18:00,2024-09-04,18,589
2024-09-04 19:00,2024-09-04,19,502
2024-09-04 20:00,2024-09-04,20,287
2024-09-04 21:00,2024-09-04,21,200
2024-09-04 22:00,2024-09-04,22,148
2024-09-04 23:00,2024-09-04,23,117
2024-09-05 00:00,2024-09-05,0,115
2024-09-05 01:00,2024-09-05,1,61
2024-09-05 02:00,2024-09-05,2,59
2024-09-05 03:00,2024-09-05,3,31
2024-09-05 04:00,2024-09-05,4,24
2024-09-05 05:00,2024-09-05,5,97
2024-09-05 06:00,2024-09-05,6,333
2024-09-05 07:00,2024-09-05,7,450
2024-09-05 08:00,2024-09-05,8,430
2024-09-05 09:00,2024-09-05,9,374
2024-09-05 10:00,2024-09-05,10,338
2024-09-05 11:00,2024-09-05,11,362
2024-09-05 12:00,2024-09-05,12,503
2024-09-05 13:00,2024-09-05,13,300
2024-09-05 14:00,2024-09-05,14,421
2024-09-05 15:00,2024-09-05,15,369
2024-09-05 16:00,2024-09-05,16,441
2024-09-05 17:00,2024-09-05,17,492
2024-09-05 18:00,2024-09-05,18,499
2024-09-05 19:00,2024-09-05,19,554
2024-09-05 20:00,2024-09-05,20,305
2024-09-05 21:00,2024-09-05,21,244
2024-09-05 22:00,2024-09-05,22,190
2024-09-05 23:00,2024-09-05,23,96
2024-09-06 00:00,2024-09-06,0,115
2024-09-06 01:00,2024-09-06,1,70
2024-09-06 02:00,2024-09-06,2,68
2024-09-06 03:00,2024-09-06,3,46
2024-09-06 04:00,2024-09-06,4,19
2024-09-06 05:00,2024-09-06,5,71
2024-09-06 06:00,2024-09-06,6,230
2024-09-06 07:00,2024-09-06,7,432
2024-09-06 08:00,2024-09-06,8,443
2024-09-06 09:00,2024-09-06,9,526
2024-09-06 10:00,2024-09-06,10,258
2024-09-06 11:00,2024-09-06,11,319
2024-09-06 12:00,2024-09-06,12,480
2024-09-06 13:00,2024-09-06,13,341
2024-09-06 14:00,2024-09-06,14,349
2024-09-06 15:00,2024-09-06,15,368
2024-09-06 16:00,2024-09-06,16,442
2024-09-06 17:00,2024-09-06,17,400
2024-09-06 18:00,2024-09-06,18,485
2024-09-06 19:00,2024-09-06,19,590
2024-09-06 20:00,2024-09-06,20,478
2024-09-06 21:00,2024-09-06,21,280
2024-09-06 22:00,2024-09-06,22,186
2024-09-06 23:00,2024-09-06,23,147
2024-09-07 00:00,2024-09-07,0,64
2024-09-07 01:00,2024-09-07,1,47
2024-09-07 02:00,2024-09-07,2,37
2024-09-07 03:00,2024-09-07,3,33
2024-09-07 04:00,2024-09-07,4,17
2024-09-07 05:00,2024-09-07,5,69
2024-09-07 06:00,2024-09-07,6,237
2024-09-07 07:00,2024-09-07,7,322
2024-09-07 08:00,2024-09-07,8,244
2024-09-07 09:00,2024-09-07,9,285
2024-09-07 10:00,2024-09-07,10,183
2024-09-07 11:00,2024-09-07,11,200
2024-09-07 12:00,2024-09-07,12,237
2024-09-07 13:00,2024-09-07,13,274
2024-09-07 14:00,2024-09-07,14,236
2024-09-07 15:00,2024-09-07,15,191
2024-09-07 16:00,2024-09-07,16,279
2024-09-07 17:00,2024-09-07,17,362
2024-09-07 18:00,2024-09-07,18,342
2024-09-07 19:00,2024-09-07,19,343
2024-09-07 20:00,2024-09-07,20,233
2024-09-07 21:00,2024-09-07,21,132
2024-09-07 22:00,2024-09-07,22,149
2024-09-07 23:00,2024-09-07,23,80
2024-09-08 00:00,2024-09-08,0,68
2024-09-08 01:00,2024-09-08,1,56
2024-09-08 02:00,2024-09-08,2,31
2024-09-08 03:00,2024-09-08,3,20
2024-09-08 04:00,2024-09-08,4,12
2024-09-08 05:00,2024-09-08,5,52
2024-09-08 06:00,2024-09-08,6,195
2024-09-08 07:00,2024-09-08,7,270
2024-09-08 08:00,2024-09-08,8,308
2024-09-08 09:00,2024-09-08,9,356
2024-09-08 10:00,2024-09-08,10,175
2024-09-08 11:00,2024-09-08,11,201
2024-09-08 12:00,2024-09-08,12,246
2024-09-08 13:00,2024-09-08,13,277
2024-09-08 14:00,2024-09-08,14,290
2024-09-08 15:00,2024-09-08,15,287
2024-09-08 16:00,2024-09-08,16,264
2024-09-08 17:00,2024-09-08,17,376
2024-09-08 18:00,2024-09-08,18,343
2024-09-08 19:00,2024-09-08,19,349
2024-09-08 20:00,2024-09-08,20,230
2024-09-08 21:00,2024-09-08,21,175
2024-09-08 22:00,2024-09-08,22,108
2024-09-08 23:00,2024-09-08,23,65
2024-09-09 00:00,2024-09-09,0,111
2024-09-09 01:00,2024-09-09,1,78
2024-09-09 02:00,2024-09-09,2,65
2024-09-09 03:00,2024-09-09,3,30
2024-09-09 04:00,2024-09-09,4,24
2024-09-09 05:00,2024-09-09,5,61
2024-09-09 06:00,2024-09-09,6,237
2024-09-09 07:00,2024-09-09,7,478
2024-09-09 08:00,2024-09-09,8,459
2024-09-09 09:00,2024-09-09,9,391
2024-09-09 10:00,2024-09-09,10,332
2024-09-09 11:00,2024-09-09,11,301
2024-09-09 12:00,2024-09-09,12,350
2024-09-09 13:00,2024-09-09,13,389
2024-09-09 14:00,2024-09-09,14,429
2024-09-09 15:00,2024-09-09,15,399
2024-09-09 16:00,2024-09-09,16,440
2024-09-09 17:00,2024-09-09,17,524
2024-09-09 18:00,2024-09-09,18,463
2024-09-09 19:00,2024-09-09,19,399
2024-09-09 20:00,2024-09-09,20,372
2024-09-09 21:00,2024-09-09,21,246
2024-09-09 22:00,2024-09-09,22,212
2024-09-09 23:00,2024-09-09,23,116
2024-09-10 00:00,2024-09-10,0,125
2024-09-10 01:00,2024-09-10,1,74
2024-09-10 02:00,2024-09-10,2,51
2024-09-10 03:00,2024-09-10,3,44
2024-09-10 04:00,2024-09-10,4,15
2024-09-10 05:00,2024-09-10,5,65
2024-09-10 06:00,2024-09-10,6,279
2024-09-10 07:00,2024-09-10,7,357
2024-09-10 08:00,2024-09-10,8,381
2024-09-10 09:00,2024-09-10,9,426
2024-09-10 10:00,2024-09-10,10,317
2024-09-10 11:00,2024-09-10,11,332
2024-09-10 12:00,2024-09-10,12,455
2024-09-10 13:00,2024-09-10,13,359
2024-09-10 14:00,2024-09-10,14,396
2024-09-10 15:00,2024-09-10,15,315
2024-09-10 16:00,2024-09-10,16,449
2024-09-10 17:00,2024-09-10,17,510
2024-09-10 18:00,2024-09-10,18,654
2024-09-10 19:00,2024-09-10,19,462
2024-09-10 20:00,2024-09-10,20,412
2024-09-10 21:00,2024-09-10,21,189
2024-09-10 22:00,2024-09-10,22,139
2024-09-10 23:00,2024-09-10,23,102
2024-09-11 00:00,2024-09-11,0,107
2024-09-11 01:00,2024-09-11,1,83
2024-09-11 02:00,2024-09-11,2,51
2024-09-11 03:00,2024-09-11,3,40
2024-09-11 04:00,2024-09-11,4,21
2024-09-11 05:00,2024-09-11,5,90
2024-09-11 06:00,2024-09-11,6,312
2024-09-11 07:00,2024-09-11,7,390
2024-09-11 08:00,2024-09-11,8,484
2024-09-11 09:00,2024-09-11,9,586
2024-09-11 10:00,2024-09-11,10,380
2024-09-11 11:00,2024-09-11,11,403
2024-09-11 12:00,2024-09-11,12,443
2024-09-11 13:00,2024-09-11,13,305
2024-09-11 14:00,2024-09-11,14,276
2024-09-11 15:00,2024-09-11,15,442
2024-09-11 16:00,2024-09-11,16,308
2024-09-11 17:00,2024-09-11,17,514
2024-09-11 18:00,2024-09-11,18,768
2024-09-11 19:00,2024-09-11,19,415
2024-09-11 20:00,2024-09-11,20,288
2024-09-11 21:00,2024-09-11,21,219
2024-09-11 22:00,2024-09-11,22,227
2024-09-11 23:00,2024-09-11,23,120
2024-09-12 00:00,2024-09-12,0,80
2024-09-12 01:00,2024-09-12,1,79
2024-09-12 02:00,2024-09-12,2,63
2024-09-12 03:00,2024-09-12,3,44
2024-09-12 04:00,2024-09-12,4,21
2024-09-12 05:00,2024-09-12,5,70
2024-09-12 06:00,2024-09-12,6,300
2024-09-12 07:00,2024-09-12,7,346
2024-09-12 08:00,2024-09-12,8,496
2024-09-12 09:00,2024-09-12,9,376
2024-09-12 10:00,2024-09-12,10,306
2024-09-12 11:00,2024-09-12,11,286
2024-09-12 12:00,2024-09-12,12,346
2024-09-12 13:00,2024-09-12,13,440
2024-09-12 14:00,2024-09-12,14,349
2024-09-12 15:00,2024-09-12,15,506
2024-09-12 16:00,2024-09-12,16,448
2024-09-12 17:00,2024-09-12,17,559
2024-09-12 18:00,2024-09-12,18,709
2024-09-12 19:00,2024-09-12,19,393
2024-09-12 20:00,2024-09-12,20,353
2024-09-12 21:00,2024-09-12,21,236
2024-09-12 22:00,2024-09-12,22,156
2024-09-12 23:00,2024-09-12,23,98
2024-09-13 00:00,2024-09-13,0,106
2024-09-13 01:00,2024-09-13,1,62
2024-09-13 02:00,2024-09-13,2,56
2024-09-13 03:00,2024-09-13,3,33
2024-09-13 04:00,2024-09-13,4,20
2024-09-13 05:00,2024-09-13,5,81
2024-09-13 06:00,2024-09-13,6,339
2024-09-13 07:00,2024-09-13,7,307
2024-09-13 08:00,2024-09-13,8,487
2024-09-13 09:00,2024-09-13,9,488
2024-09-13 10:00,2024-09-13,10,416
2024-09-13 11:00,2024-09-13,11,290
2024-09-13 12:00,2024-09-13,12,485
2024-09-13 13:00,2024-09-13,13,457
2024-09-13 14:00,2024-09-13,14,466
2024-09-13 15:00,2024-09-13,15,466
2024-09-13 16:00,2024-09-13,16,439
2024-09-13 17:00,2024-09-13,17,456
2024-09-13 18:00,2024-09-13,18,736
2024-09-13 19:00,2024-09-13,19,469
2024-09-13 20:00,2024-09-13,20,410
2024-09-13 21:00,2024-09-13,21,184
2024-09-13 22:00,2024-09-13,22,163
2024-09-13 23:00,2024-09-13,23,102
2024-09-14 00:00,2024-09-14,0,78
2024-09-14 01:00,2024-09-14,1,63
2024-09-14 02:00,2024-09-14,2,52
2024-09-14 03:00,2024-09-14,3,35
2024-09-14 04:00,2024-09-14,4,16
2024-09-14 05:00,2024-09-14,5,59
2024-09-14 06:00,2024-09-14,6,170
2024-09-14 07:00,2024-09-14,7,213
2024-09-14 08:00,2024-09-14,8,277
2024-09-14 09:00,2024-09-14,9,411
2024-09-14 10:00,2024-09-14,10,252
2024-09-14 11:00,2024-09-14,11,288
2024-09-14 12:00,2024-09-14,12,256
2024-09-14 13:00,2024-09-14,13,272
2024-09-14 14:00,2024-09-14,14,312
2024-09-14 15:00,2024-09-14,15,190
2024-09-14 16:00,2024-09-14,16,181
2024-09-14 17:00,2024-09-14,17,353
2024-09-14 18:00,2024-09-14,18,436
2024-09-14 19:00,2024-09-14,19,241
2024-09-14 20:00,2024-09-14,20,298
2024-09-14 21:00,2024-09-14,21,148
2024-09-14 22:00,2024-09-14,22,98
2024-09-14 23:00,2024-09-14,23,88
2024-09-15 00:00,2024-09-15,0,68
2024-09-15 01:00,2024-09-15,1,51
2024-09-15 02:00,2024-09-15,2,45
2024-09-15 03:00,2024-09-15,3,29
2024-09-15 04:00,2024-09-15,4,16
2024-09-15 05:00,2024-09-15,5,51
2024-09-15 06:00,2024-09-15,6,240
2024-09-15 07:00,2024-09-15,7,355
2024-09-15 08:00,2024-09-15,8,361
2024-09-15 09:00,2024-09-15,9,252
2024-09-15 10:00,2024-09-15,10,204
2024-09-15 11:00,2024-09-15,11,308
2024-09-15 12:00,2024-09-15,12,368
2024-09-15 13:00,2024-09-15,13,218
2024-09-15 14:00,2024-09-15,14,282
2024-09-15 15:00,2024-09-15,15,206
2024-09-15 16:00,2024-09-15,16,196
2024-09-15 17:00,2024-09-15,17,255
2024-09-15 18:00,2024-09-15,18,463
2024-09-15 19:00,2024-09-15,19,394
2024-09-15 20:00,2024-09-15,20,199
2024-09-15 21:00,2024-09-15,21,133
2024-09-15 22:00,2024-09-15,22,112
2024-09-15 23:00,2024-09-15,23,60
2024-09-16 00:00,2024-09-16,0,109
2024-09-16 01:00,2024-09-16,1,84
2024-09-16 02:00,2024-09-16,2,73
2024-09-16 03:00,2024-09-16,3,38
2024-09-16 04:00,2024-09-16,4,15
2024-09-16 05:00,2024-09-16,5,83
2024-09-16 06:00,2024-09-16,6,345
2024-09-16 07:00,2024-09-16,7,462
2024-09-16 08:00,2024-09-16,8,363
2024-09-16 09:00,2024-09-16,9,380
2024-09-16 10:00,2024-09-16,10,362
2024-09-16 11:00,2024-09-16,11,381
2024-09-16 12:00,2024-09-16,12,508
2024-09-16 13:00,2024-09-16,13,305
2024-09-16 14:00,2024-09-16,14,424
2024-09-16 15:00,2024-09-16,15,359
2024-09-16 16:00,2024-09-16,16,282
2024-09-16 17:00,2024-09-16,17,427
2024-09-16 18:00,2024-09-16,18,528
2024-09-16 19:00,2024-09-16,19,390
2024-09-16 20:00,2024-09-16,20,360
2024-09-16 21:00,2024-09-16,21,210
2024-09-16 22:00,2024-09-16,22,176
2024-09-16 23:00,2024-09-16,23,117
2024-09-17 00:00,2024-09-17,0,110
2024-09-17 01:00,2024-09-17,1,79
2024-09-17 02:00,2024-09-17,2,65
2024-09-17 03:00,2024-09-17,3,43
2024-09-17 04:00,2024-09-17,4,15
2024-09-17 05:00,2024-09-17,5,69
2024-09-17 06:00,2024-09-17,6,294
2024-09-17 07:00,2024-09-17,7,380
2024-09-17 08:00,2024-09-17,8,530
2024-09-17 09:00,2024-09-17,9,490
2024-09-17 10:00,2024-09-17,10,291
2024-09-17 11:00,2024-09-17,11,338
2024-09-17 12:00,2024-09-17,12,546
2024-09-17 13:00,2024-09-17,13,337
2024-09-17 14:00,2024-09-17,14,391
2024-09-17 15:00,2024-09-17,15,422
2024-09-17 16:00,2024-09-17,16,476
2024-09-17 17:00,2024-09-17,17,382
2024-09-17 18:00,2024-09-17,18,732
2024-09-17 19:00,2024-09-17,19,546
2024-09-17 20:00,2024-09-17,20,305
2024-09-17 21:00,2024-09-17,21,300
2024-09-17 22:00,2024-09-17,22,151
2024-09-17 23:00,2024-09-17,23,104
2024-09-18 00:00,2024-09-18,0,104
2024-09-18 01:00,2024-09-18,1,84
2024-09-18 02:00,2024-09-18,2,54
2024-09-18 03:00,2024-09-18,3,35
2024-09-18 04:00,2024-09-18,4,18
2024-09-18 05:00,2024-09-18,5,63
2024-09-18 06:00,2024-09-18,6,264
2024-09-18 07:00,2024-09-18,7,434
2024-09-18 08:00,2024-09-18,8,389
2024-09-18 09:00,2024-09-18,9,590
2024-09-18 10:00,2024-09-18,10,336
2024-09-18 11:00,2024-09-18,11,398
2024-09-18 12:00,2024-09-18,12,325
2024-09-18 13:00,2024-09-18,13,389
2024-09-18 14:00,2024-09-18,14,274
2024-09-18 15:00,2024-09-18,15,292
2024-09-18 16:00,2024-09-18,16,304
2024-09-18 17:00,2024-09-18,17,401
2024-09-18 18:00,2024-09-18,18,538
2024-09-18 19:00,2024-09-18,19,416
2024-09-18 20:00,2024-09-18,20,289
2024-09-18 21:00,2024-09-18,21,197
2024-09-18 22:00,2024-09-18,22,157
2024-09-18 23:00,2024-09-18,23,101
2024-09-19 00:00,2024-09-19,0,123
2024-09-19 01:00,2024-09-19,1,74
2024-09-19 02:00,2024-09-19,2,54
2024-09-19 03:00,2024-09-19,3,46
2024-09-19 04:00,2024-09-19,4,24
2024-09-19 05:00,2024-09-19,5,99
2024-09-19 06:00,2024-09-19,6,368
2024-09-19 07:00,2024-09-19,7,383
2024-09-19 08:00,2024-09-19,8,486
2024-09-19 09:00,2024-09-19,9,579
2024-09-19 10:00,2024-09-19,10,306
2024-09-19 11:00,2024-09-19,11,360
2024-09-19 12:00,2024-09-19,12,309
2024-09-19 13:00,2024-09-19,13,336
2024-09-19 14:00,2024-09-19,14,336
2024-09-19 15:00,2024-09-19,15,445
2024-09-19 16:00,2024-09-19,16,351
2024-09-19 17:00,2024-09-19,17,362
2024-09-19 18:00,2024-09-19,18,530
2024-09-19 19:00,2024-09-19,19,471
2024-09-19 20:00,2024-09-19,20,435
2024-09-19 21:00,2024-09-19,21,183
2024-09-19 22:00,2024-09-19,22,177
2024-09-19 23:00,2024-09-19,23,130
2024-09-20 00:00,2024-09-20,0,108
2024-09-20 01:00,2024-09-20,1,89
2024-09-20 02:00,2024-09-20,2,53
2024-09-20 03:00,2024-09-20,3,32
2024-09-20 04:00,2024-09-20,4,16
2024-09-20 05:00,2024-09-20,5,72
2024-09-20 06:00,2024-09-20,6,333
2024-09-20 07:00,2024-09-20,7,361
2024-09-20 08:00,2024-09-20,8,418
2024-09-20 09:00,2024-09-20,9,511
2024-09-20 10:00,2024-09-20,10,247
2024-09-20 11:00,2024-09-20,11,243
2024-09-20 12:00,2024-09-20,12,449
2024-09-20 13:00,2024-09-20,13,347
2024-09-20 14:00,2024-09-20,14,311
2024-09-20 15:00,2024-09-20,15,354
2024-09-20 16:00,2024-09-20,16,292
2024-09-20 17:00,2024-09-20,17,343
2024-09-20 18:00,2024-09-20,18,648
2024-09-20 19:00,2024-09-20,19,370
2024-09-20 20:00,2024-09-20,20,387
2024-09-20 21:00,2024-09-20,21,247
2024-09-20 22:00,2024-09-20,22,198
2024-09-20 23:00,2024-09-20,23,137
2024-09-21 00:00,2024-09-21,0,60
2024-09-21 01:00,2024-09-21,1,67
2024-09-21 02:00,2024-09-21,2,49
2024-09-21 03:00,2024-09-21,3,20
2024-09-21 04:00,2024-09-21,4,10
2024-09-21 05:00,2024-09-21,5,68
2024-09-21 06:00,2024-09-21,6,249
2024-09-21 07:00,2024-09-21,7,255
2024-09-21 08:00,2024-09-21,8,235
2024-09-21 09:00,2024-09-21,9,224
2024-09-21 10:00,2024-09-21,10,231
2024-09-21 11:00,2024-09-21,11,199
2024-09-21 12:00,2024-09-21,12,323
2024-09-21 13:00,2024-09-21,13,266
2024-09-21 14:00,2024-09-21,14,219
2024-09-21 15:00,2024-09-21,15,299
2024-09-21 16:00,2024-09-21,16,290
2024-09-21 17:00,2024-09-21,17,361
2024-09-21 18:00,2024-09-21,18,501
2024-09-21 19:00,2024-09-21,19,354
2024-09-21 20:00,2024-09-21,20,196
2024-09-21 21:00,2024-09-21,21,126
2024-09-21 22:00,2024-09-21,22,148
2024-09-21 23:00,2024-09-21,23,94
2024-09-22 00:00,2024-09-22,0,72
2024-09-22 01:00,2024-09-22,1,63
2024-09-22 02:00,2024-09-22,2,49
2024-09-22 03:00,2024-09-22,3,33
2024-09-22 04:00,2024-09-22,4,16
2024-09-22 05:00,2024-09-22,5,52
2024-09-22 06:00,2024-09-22,6,255
2024-09-22 07:00,2024-09-22,7,277
2024-09-22 08:00,2024-09-22,8,324
2024-09-22 09:00,2024-09-22,9,271
2024-09-22 10:00,2024-09-22,10,256
2024-09-22 11:00,2024-09-22,11,224
2024-09-22 12:00,2024-09-22,12,369
2024-09-22 13:00,2024-09-22,13,289
2024-09-22 14:00,2024-09-22,14,219
2024-09-22 15:00,2024-09-22,15,189
2024-09-22 16:00,2024-09-22,16,315
2024-09-22 17:00,2024-09-22,17,315
2024-09-22 18:00,2024-09-22,18,486
2024-09-22 19:00,2024-09-22,19,309
2024-09-22 20:00,2024-09-22,20,203
2024-09-22 21:00,2024-09-22,21,191
2024-09-22 22:00,2024-09-22,22,125
2024-09-22 23:00,2024-09-22,23,71
2024-09-23 00:00,2024-09-23,0,120
2024-09-23 01:00,2024-09-23,1,70
2024-09-23 02:00,2024-09-23,2,67
2024-09-23 03:00,2024-09-23,3,32
2024-09-23 04:00,2024-09-23,4,15
2024-09-23 05:00,2024-09-23,5,96
2024-09-23 06:00,2024-09-23,6,321
2024-09-23 07:00,2024-09-23,7,434
2024-09-23 08:00,2024-09-23,8,410
2024-09-23 09:00,2024-09-23,9,433
2024-09-23 10:00,2024-09-23,10,285
2024-09-23 11:00,2024-09-23,11,432
2024-09-23 12:00,2024-09-23,12,437
2024-09-23 13:00,2024-09-23,13,325
2024-09-23 14:00,2024-09-23,14,346
2024-09-23 15:00,2024-09-23,15,369
2024-09-23 16:00,2024-09-23,16,427
2024-09-23 17:00,2024-09-23,17,505
2024-09-23 18:00,2024-09-23,18,457
2024-09-23 19:00,2024-09-23,19,556
2024-09-23 20:00,2024-09-23,20,331
2024-09-23 21:00,2024-09-23,21,222
2024-09-23 22:00,2024-09-23,22,137
2024-09-23 23:00,2024-09-23,23,114
2024-09-24 00:00,2024-09-24,0,108
2024-09-24 01:00,2024-09-24,1,72
2024-09-24 02:00,2024-09-24,2,51
2024-09-24 03:00,2024-09-24,3,38
2024-09-24 04:00,2024-09-24,4,18
2024-09-24 05:00,2024-09-24,5,78
2024-09-24 06:00,2024-09-24,6,299
2024-09-24 07:00,2024-09-24,7,370
2024-09-24 08:00,2024-09-24,8,488
2024-09-24 09:00,2024-09-24,9,541
2024-09-24 10:00,2024-09-24,10,265
2024-09-24 11:00,2024-09-24,11,388
2024-09-24 12:00,2024-09-24,12,419
2024-09-24 13:00,2024-09-24,13,311
2024-09-24 14:00,2024-09-24,14,294
2024-09-24 15:00,2024-09-24,15,430
2024-09-24 16:00,2024-09-24,16,432
2024-09-24 17:00,2024-09-24,17,468
2024-09-24 18:00,2024-09-24,18,453
2024-09-24 19:00,2024-09-24,19,475
2024-09-24 20:00,2024-09-24,20,298
2024-09-24 21:00,2024-09-24,21,216
2024-09-24 22:00,2024-09-24,22,205
2024-09-24 23:00,2024-09-24,23,136
2024-09-25 00:00,2024-09-25,0,111
2024-09-25 01:00,2024-09-25,1,65
2024-09-25 02:00,2024-09-25,2,64
2024-09-25 03:00,2024-09-25,3,47
2024-09-25 04:00,2024-09-25,4,21
2024-09-25 05:00,2024-09-25,5,90
2024-09-25 06:00,2024-09-25,6,247
2024-09-25 07:00,2024-09-25,7,438
2024-09-25 08:00,2024-09-25,8,523
2024-09-25 09:00,2024-09-25,9,505
2024-09-25 10:00,2024-09-25,10,273
2024-09-25 11:00,2024-09-25,11,253
2024-09-25 12:00,2024-09-25,12,384
2024-09-25 13:00,2024-09-25,13,278
2024-09-25 14:00,2024-09-25,14,426
2024-09-25 15:00,2024-09-25,15,425
2024-09-25 16:00,2024-09-25,16,343
2024-09-25 17:00,2024-09-25,17,375
2024-09-25 18:00,2024-09-25,18,562
2024-09-25 19:00,2024-09-25,19,372
2024-09-25 20:00,2024-09-25,20,282
2024-09-25 21:00,2024-09-25,21,290
2024-09-25 22:00,2024-09-25,22,192
2024-09-25 23:00,2024-09-25,23,106
2024-09-26 00:00,2024-09-26,0,90
2024-09-26 01:00,2024-09-26,1,84
2024-09-26 02:00,2024-09-26,2,42
2024-09-26 03:00,2024-09-26,3,38
2024-09-26 04:00,2024-09-26,4,24
2024-09-26 05:00,2024-09-26,5,92
2024-09-26 06:00,2024-09-26,6,358
2024-09-26 07:00,2024-09-26,7,466
2024-09-26 08:00,2024-09-26,8,391
2024-09-26 09:00,2024-09-26,9,622
2024-09-26 10:00,2024-09-26,10,347
2024-09-26 11:00,2024-09-26,11,450
2024-09-26 12:00,2024-09-26,12,498
2024-09-26 13:00,2024-09-26,13,479
2024-09-26 14:00,2024-09-26,14,476
2024-09-26 15:00,2024-09-26,15,413
2024-09-26 16:00,2024-09-26,16,476
2024-09-26 17:00,2024-09-26,17,498
2024-09-26 18:00,2024-09-26,18,538
2024-09-26 19:00,2024-09-26,19,476
2024-09-26 20:00,2024-09-26,20,361
2024-09-26 21:00,2024-09-26,21,261
2024-09-26 22:00,2024-09-26,22,208
2024-09-26 23:00,2024-09-26,23,101
2024-09-27 00:00,2024-09-27,0,80
2024-09-27 01:00,2024-09-27,1,92
2024-09-27 02:00,2024-09-27,2,74
2024-09-27 03:00,2024-09-27,3,41
2024-09-27 04:00,2024-09-27,4,24
2024-09-27 05:00,2024-09-27,5,88
2024-09-27 06:00,2024-09-27,6,233
2024-09-27 07:00,2024-09-27,7,468
2024-09-27 08:00,2024-09-27,8,399
2024-09-27 09:00,2024-09-27,9,506
2024-09-27 10:00,2024-09-27,10,357
2024-09-27 11:00,2024-09-27,11,304
2024-09-27 12:00,2024-09-27,12,409
2024-09-27 13:00,2024-09-27,13,380
2024-09-27 14:00,2024-09-27,14,407
2024-09-27 15:00,2024-09-27,15,447
2024-09-27 16:00,2024-09-27,16,359
2024-09-27 17:00,2024-09-27,17,393
2024-09-27 18:00,2024-09-27,18,634
2024-09-27 19:00,2024-09-27,19,417
2024-09-27 20:00,2024-09-27,20,288
2024-09-27 21:00,2024-09-27,21,186
2024-09-27 22:00,2024-09-27,22,224
2024-09-27 23:00,2024-09-27,23,126
2024-09-28 00:00,2024-09-28,0,74
2024-09-28 01:00,2024-09-28,1,59
2024-09-28 02:00,2024-09-28,2,34
2024-09-28 03:00,2024-09-28,3,28
2024-09-28 04:00,2024-09-28,4,12
2024-09-28 05:00,2024-09-28,5,50
2024-09-28 06:00,2024-09-28,6,205
2024-09-28 07:00,2024-09-28,7,256
2024-09-28 08:00,2024-09-28,8,223
2024-09-28 09:00,2024-09-28,9,318
2024-09-28 10:00,2024-09-28,10,199
2024-09-28 11:00,2024-09-28,11,241
2024-09-28 12:00,2024-09-28,12,327
2024-09-28 13:00,2024-09-28,13,208
2024-09-28 14:00,2024-09-28,14,319
2024-09-28 15:00,2024-09-28,15,280
2024-09-28 16:00,2024-09-28,16,338
2024-09-28 17:00,2024-09-28,17,396
2024-09-28 18:00,2024-09-28,18,523
2024-09-28 19:00,2024-09-28,19,332
2024-09-28 20:00,2024-09-28,20,276
2024-09-28 21:00,2024-09-28,21,195
2024-09-28 22:00,2024-09-28,22,122
2024-09-28 23:00,2024-09-28,23,98
2024-09-29 00:00,2024-09-29,0,70
2024-09-29 01:00,2024-09-29,1,47
2024-09-29 02:00,2024-09-29,2,35
2024-09-29 03:00,2024-09-29,3,32
2024-09-29 04:00,2024-09-29,4,17
2024-09-29 05:00,2024-09-29,5,56
2024-09-29 06:00,2024-09-29,6,217
2024-09-29 07:00,2024-09-29,7,309
2024-09-29 08:00,2024-09-29,8,339
2024-09-29 09:00,2024-09-29,9,254
2024-09-29 10:00,2024-09-29,10,236
2024-09-29 11:00,2024-09-29,11,207
2024-09-29 12:00,2024-09-29,12,273
2024-09-29 13:00,2024-09-29,13,182
2024-09-29 14:00,2024-09-29,14,315
2024-09-29 15:00,2024-09-29,15,219
2024-09-29 16:00,2024-09-29,16,262
2024-09-29 17:00,2024-09-29,17,233
2024-09-29 18:00,2024-09-29,18,418
2024-09-29 19:00,2024-09-29,19,279
2024-09-29 20:00,2024-09-29,20,279
2024-09-29 21:00,2024-09-29,21,177
2024-09-29 22:00,2024-09-29,22,150
2024-09-29 23:00,2024-09-29,23,69
2024-09-30 00:00,2024-09-30,0,121
2024-09-30 01:00,2024-09-30,1,89
2024-09-30 02:00,2024-09-30,2,53
2024-09-30 03:00,2024-09-30,3,47
2024-09-30 04:00,2024-09-30,4,22
2024-09-30 05:00,2024-09-30,5,99
2024-09-30 06:00,2024-09-30,6,246
2024-09-30 07:00,2024-09-30,7,465
2024-09-30 08:00,2024-09-30,8,453
2024-09-30 09:00,2024-09-30,9,375
2024-09-30 10:00,2024-09-30,10,320
2024-09-30 11:00,2024-09-30,11,323
2024-09-30 12:00,2024-09-30,12,414
2024-09-30 13:00,2024-09-30,13,340
2024-09-30 14:00,2024-09-30,14,350
2024-09-30 15:00,2024-09-30,15,336
2024-09-30 16:00,2024-09-30,16,344
2024-09-30 17:00,2024-09-30,17,384
2024-09-30 18:00,2024-09-30,18,649
2024-09-30 19:00,2024-09-30,19,537
2024-09-30 20:00,2024-09-30,20,307
2024-09-30 21:00,2024-09-30,21,224
2024-09-30 22:00,2024-09-30,22,218
2024-09-30 23:00,2024-09-30,23,127
2024-10-01 00:00,2024-10-01,0,109
2024-10-01 01:00,2024-10-01,1,91
2024-10-01 02:00,2024-10-01,2,56
2024-10-01 03:00,2024-10-01,3,41
2024-10-01 04:00,2024-10-01,4,19
2024-10-01 05:00,2024-10-01,5,73
2024-10-01 06:00,2024-10-01,6,243
2024-10-01 07:00,2024-10-01,7,404
2024-10-01 08:00,2024-10-01,8,437
2024-10-01 09:00,2024-10-01,9,524
2024-10-01 10:00,2024-10-01,10,313
2024-10-01 11:00,2024-10-01,11,391
2024-10-01 12:00,2024-10-01,12,396
2024-10-01 13:00,2024-10-01,13,366
2024-10-01 14:00,2024-10-01,14,311
2024-10-01 15:00,2024-10-01,15,287
2024-10-01 16:00,2024-10-01,16,386
2024-10-01 17:00,2024-10-01,17,505
2024-10-01 18:00,2024-10-01,18,511
2024-10-01 19:00,2024-10-01,19,513
2024-10-01 20:00,2024-10-01,20,289
2024-10-01 21:00,2024-10-01,21,205
2024-10-01 22:00,2024-10-01,22,158
2024-10-01 23:00,2024-10-01,23,109
2024-10-02 00:00,2024-10-02,0,79
2024-10-02 01:00,2024-10-02,1,94
2024-10-02 02:00,2024-10-02,2,56
2024-10-02 03:00,2024-10-02,3,38
2024-10-02 04:00,2024-10-02,4,23
2024-10-02 05:00,2024-10-02,5,61
2024-10-02 06:00,2024-10-02,6,299
2024-10-02 07:00,2024-10-02,7,455
2024-10-02 08:00,2024-10-02,8,553
2024-10-02 09:00,2024-10-02,9,437
2024-10-02 10:00,2024-10-02,10,368
2024-10-02 11:00,2024-10-02,11,348
2024-10-02 12:00,2024-10-02,12,492
2024-10-02 13:00,2024-10-02,13,388
2024-10-02 14:00,2024-10-02,14,335
2024-10-02 15:00,2024-10-02,15,337
2024-10-02 16:00,2024-10-02,16,506
2024-10-02 17:00,2024-10-02,17,512
2024-10-02 18:00,2024-10-02,18,653
2024-10-02 19:00,2024-10-02,19,579
2024-10-02 20:00,2024-10-02,20,349
2024-10-02 21:00,2024-10-02,21,216
2024-10-02 22:00,2024-10-02,22,177
2024-10-02 23:00,2024-10-02,23,104
2024-10-03 00:00,2024-10-03,0,75
2024-10-03 01:00,2024-10-03,1,81
2024-10-03 02:00,2024-10-03,2,74
2024-10-03 03:00,2024-10-03,3,32
2024-10-03 04:00,2024-10-03,4,15
2024-10-03 05:00,2024-10-03,5,61
2024-10-03 06:00,2024-10-03,6,332
2024-10-03 07:00,2024-10-03,7,338
2024-10-03 08:00,2024-10-03,8,333
2024-10-03 09:00,2024-10-03,9,427
2024-10-03 10:00,2024-10-03,10,294
2024-10-03 11:00,2024-10-03,11,369
2024-10-03 12:00,2024-10-03,12,347
2024-10-03 13:00,2024-10-03,13,423
2024-10-03 14:00,2024-10-03,14,486
2024-10-03 15:00,2024-10-03,15,346
2024-10-03 16:00,2024-10-03,16,394
2024-10-03 17:00,2024-10-03,17,480
2024-10-03 18:00,2024-10-03,18,685
2024-10-03 19:00,2024-10-03,19,480
2024-10-03 20:00,2024-10-03,20,400
2024-10-03 21:00,2024-10-03,21,267
2024-10-03 22:00,2024-10-03,22,212
2024-10-03 23:00,2024-10-03,23,123
2024-10-04 00:00,2024-10-04,0,85
2024-10-04 01:00,2024-10-04,1,61
2024-10-04 02:00,2024-10-04,2,65
2024-10-04 03:00,2024-10-04,3,50
2024-10-04 04:00,2024-10-04,4,19
2024-10-04 05:00,2024-10-04,5,90
2024-10-04 06:00,2024-10-04,6,310
2024-10-04 07:00,2024-10-04,7,504
2024-10-04 08:00,2024-10-04,8,467
2024-10-04 09:00,2024-10-04,9,397
2024-10-04 10:00,2024-10-04,10,391
2024-10-04 11:00,2024-10-04,11,447
2024-10-04 12:00,2024-10-04,12,464
2024-10-04 13:00,2024-10-04,13,355
2024-10-04 14:00,2024-10-04,14,494
2024-10-04 15:00,2024-10-04,15,388
2024-10-04 16:00,2024-10-04,16,389
2024-10-04 17:00,2024-10-04,17,500
2024-10-04 18:00,2024-10-04,18,538
2024-10-04 19:00,2024-10-04,19,480
2024-10-04 20:00,2024-10-04,20,361
2024-10-04 21:00,2024-10-04,21,200
2024-10-04 22:00,2024-10-04,22,194
2024-10-04 23:00,2024-10-04,23,94
2024-10-05 00:00,2024-10-05,0,55
2024-10-05 01:00,2024-10-05,1,69
2024-10-05 02:00,2024-10-05,2,39
2024-10-05 03:00,2024-10-05,3,21
2024-10-05 04:00,2024-10-05,4,16
2024-10-05 05:00,2024-10-05,5,49
2024-10-05 06:00,2024-10-05,6,254
2024-10-05 07:00,2024-10-05,7,315
2024-10-05 08:00,2024-10-05,8,309
2024-10-05 09:00,2024-10-05,9,291
2024-10-05 10:00,2024-10-05,10,280
2024-10-05 11:00,2024-10-05,11,202
2024-10-05 12:00,2024-10-05,12,291
2024-10-05 13:00,2024-10-05,13,278
2024-10-05 14:00,2024-10-05,14,301
2024-10-05 15:00,2024-10-05,15,305
2024-10-05 16:00,2024-10-05,16,278
2024-10-05 17:00,2024-10-05,17,392
2024-10-05 18:00,2024-10-05,18,366
2024-10-05 19:00,2024-10-05,19,244
2024-10-05 20:00,2024-10-05,20,188
2024-10-05 21:00,2024-10-05,21,158
2024-10-05 22:00,2024-10-05,22,94
2024-10-05 23:00,2024-10-05,23,95
2024-10-06 00:00,2024-10-06,0,67
2024-10-06 01:00,2024-10-06,1,57
2024-10-06 02:00,2024-10-06,2,49
2024-10-06 03:00,2024-10-06,3,23
2024-10-06 04:00,2024-10-06,4,14
2024-10-06 05:00,2024-10-06,5,40
2024-10-06 06:00,2024-10-06,6,174
2024-10-06 07:00,2024-10-06,7,252
2024-10-06 08:00,2024-10-06,8,265
2024-10-06 09:00,2024-10-06,9,277
2024-10-06 10:00,2024-10-06,10,237
2024-10-06 11:00,2024-10-06,11,203
2024-10-06 12:00,2024-10-06,12,198
2024-10-06 13:00,2024-10-06,13,188
2024-10-06 14:00,2024-10-06,14,284
2024-10-06 15:00,2024-10-06,15,201
2024-10-06 16:00,2024-10-06,16,325
2024-10-06 17:00,2024-10-06,17,280
2024-10-06 18:00,2024-10-06,18,381
2024-10-06 19:00,2024-10-06,19,264
2024-10-06 20:00,2024-10-06,20,231
2024-10-06 21:00,2024-10-06,21,168
2024-10-06 22:00,2024-10-06,22,124
2024-10-06 23:00,2024-10-06,23,103
2024-10-07 00:00,2024-10-07,0,86
2024-10-07 01:00,2024-10-07,1,77
2024-10-07 02:00,2024-10-07,2,63
2024-10-07 03:00,2024-10-07,3,35
2024-10-07 04:00,2024-10-07,4,22
2024-10-07 05:00,2024-10-07,5,74
2024-10-07 06:00,2024-10-07,6,321
2024-10-07 07:00,2024-10-07,7,355
2024-10-07 08:00,2024-10-07,8,542
2024-10-07 09:00,2024-10-07,9,435
2024-10-07 10:00,2024-10-07,10,290
2024-10-07 11:00,2024-10-07,11,299
2024-10-07 12:00,2024-10-07,12,372
2024-10-07 13:00,2024-10-07,13,364
2024-10-07 14:00,2024-10-07,14,326
2024-10-07 15:00,2024-10-07,15,393
2024-10-07 16:00,2024-10-07,16,391
2024-10-07 17:00,2024-10-07,17,501
2024-10-07 18:00,2024-10-07,18,483
2024-10-07 19:00,2024-10-07,19,510
2024-10-07 20:00,2024-10-07,20,299
2024-10-07 21:00,2024-10-07,21,229
2024-10-07 22:00,2024-10-07,22,186
2024-10-07 23:00,2024-10-07,23,112
2024-10-08 00:00,2024-10-08,0,107
2024-10-08 01:00,2024-10-08,1,66
2024-10-08 02:00,2024-10-08,2,70
2024-10-08 03:00,2024-10-08,3,44
2024-10-08 04:00,2024-10-08,4,22
2024-10-08 05:00,2024-10-08,5,73
2024-10-08 06:00,2024-10-08,6,287
2024-10-08 07:00,2024-10-08,7,426
2024-10-08 08:00,2024-10-08,8,436
2024-10-08 09:00,2024-10-08,9,381
2024-10-08 10:00,2024-10-08,10,307
2024-10-08 11:00,2024-10-08,11,346
2024-10-08 12:00,2024-10-08,12,356
2024-10-08 13:00,2024-10-08,13,332
2024-10-08 14:00,2024-10-08,14,393
2024-10-08 15:00,2024-10-08,15,300
2024-10-08 16:00,2024-10-08,16,318
2024-10-08 17:00,2024-10-08,17,514
2024-10-08 18:00,2024-10-08,18,666
2024-10-08 19:00,2024-10-08,19,498
2024-10-08 20:00,2024-10-08,20,378
2024-10-08 21:00,2024-10-08,21,252
2024-10-08 22:00,2024-10-08,22,167
2024-10-08 23:00,2024-10-08,23,97
2024-10-09 00:00,2024-10-09,0,82
2024-10-09 01:00,2024-10-09,1,83
2024-10-09 02:00,2024-10-09,2,59
2024-10-09 03:00,2024-10-09,3,48
2024-10-09 04:00,2024-10-09,4,21
2024-10-09 05:00,2024-10-09,5,80
2024-10-09 06:00,2024-10-09,6,242
2024-10-09 07:00,2024-10-09,7,311
2024-10-09 08:00,2024-10-09,8,444
2024-10-09 09:00,2024-10-09,9,370
2024-10-09 10:00,2024-10-09,10,282
2024-10-09 11:00,2024-10-09,11,284
2024-10-09 12:00,2024-10-09,12,380
2024-10-09 13:00,2024-10-09,13,405
2024-10-09 14:00,2024-10-09,14,331
2024-10-09 15:00,2024-10-09,15,295
2024-10-09 16:00,2024-10-09,16,381
2024-10-09 17:00,2024-10-09,17,422
2024-10-09 18:00,2024-10-09,18,478
2024-10-09 19:00,2024-10-09,19,606
2024-10-09 20:00,2024-10-09,20,309
2024-10-09 21:00,2024-10-09,21,280
2024-10-09 22:00,2024-10-09,22,160
2024-10-09 23:00,2024-10-09,23,98
2024-10-10 00:00,2024-10-10,0,118
2024-10-10 01:00,2024-10-10,1,71
2024-10-10 02:00,2024-10-10,2,62
2024-10-10 03:00,2024-10-10,3,30
2024-10-10 04:00,2024-10-10,4,18
2024-10-10 05:00,2024-10-10,5,66
2024-10-10 06:00,2024-10-10,6,335
2024-10-10 07:00,2024-10-10,7,498
2024-10-10 08:00,2024-10-10,8,480
2024-10-10 09:00,2024-10-10,9,595
2024-10-10 10:00,2024-10-10,10,408
2024-10-10 11:00,2024-10-10,11,281
2024-10-10 12:00,2024-10-10,12,426
2024-10-10 13:00,2024-10-10,13,296
2024-10-10 14:00,2024-10-10,14,388
2024-10-10 15:00,2024-10-10,15,361
2024-10-10 16:00,2024-10-10,16,502
2024-10-10 17:00,2024-10-10,17,544
2024-10-10 18:00,2024-10-10,18,679
2024-10-10 19:00,2024-10-10,19,494
2024-10-10 20:00,2024-10-10,20,297
2024-10-10 21:00,2024-10-10,21,186
2024-10-10 22:00,2024-10-10,22,216
2024-10-10 23:00,2024-10-10,23,133
2024-10-11 00:00,2024-10-11,0,96
2024-10-11 01:00,2024-10-11,1,74
2024-10-11 02:00,2024-10-11,2,74
2024-10-11 03:00,2024-10-11,3,33
2024-10-11 04:00,2024-10-11,4,20
2024-10-11 05:00,2024-10-11,5,96
2024-10-11 06:00,2024-10-11,6,248
2024-10-11 07:00,2024-10-11,7,379
2024-10-11 08:00,2024-10-11,8,517
2024-10-11 09:00,2024-10-11,9,454
2024-10-11 10:00,2024-10-11,10,291
2024-10-11 11:00,2024-10-11,11,409
2024-10-11 12:00,2024-10-11,12,404
2024-10-11 13:00,2024-10-11,13,318
2024-10-11 14:00,2024-10-11,14,387
2024-10-11 15:00,2024-10-11,15,508
2024-10-11 16:00,2024-10-11,16,493
2024-10-11 17:00,2024-10-11,17,594
2024-10-11 18:00,2024-10-11,18,603
2024-10-11 19:00,2024-10-11,19,366
2024-10-11 20:00,2024-10-11,20,330
2024-10-11 21:00,2024-10-11,21,192
2024-10-11 22:00,2024-10-11,22,142
2024-10-11 23:00,2024-10-11,23,145
2024-10-12 00:00,2024-10-12,0,51
2024-10-12 01:00,2024-10-12,1,67
2024-10-12 02:00,2024-10-12,2,47
2024-10-12 03:00,2024-10-12,3,20
2024-10-12 04:00,2024-10-12,4,16
2024-10-12 05:00,2024-10-12,5,41
2024-10-12 06:00,2024-10-12,6,252
2024-10-12 07:00,2024-10-12,7,284
2024-10-12 08:00,2024-10-12,8,236
2024-10-12 09:00,2024-10-12,9,357
2024-10-12 10:00,2024-10-12,10,274
2024-10-12 11:00,2024-10-12,11,208
2024-10-12 12:00,2024-10-12,12,223
2024-10-12 13:00,2024-10-12,13,297
2024-10-12 14:00,2024-10-12,14,249
2024-10-12 15:00,2024-10-12,15,301
2024-10-12 16:00,2024-10-12,16,196
2024-10-12 17:00,2024-10-12,17,228
2024-10-12 18:00,2024-10-12,18,345
2024-10-12 19:00,2024-10-12,19,385
2024-10-12 20:00,2024-10-12,20,187
2024-10-12 21:00,2024-10-12,21,132
2024-10-12 22:00,2024-10-12,22,143
2024-10-12 23:00,2024-10-12,23,66
2024-10-13 00:00,2024-10-13,0,83
2024-10-13 01:00,2024-10-13,1,46
2024-10-13 02:00,2024-10-13,2,35
2024-10-13 03:00,2024-10-13,3,25
2024-10-13 04:00,2024-10-13,4,11
2024-10-13 05:00,2024-10-13,5,64
2024-10-13 06:00,2024-10-13,6,256
2024-10-13 07:00,2024-10-13,7,257
2024-10-13 08:00,2024-10-13,8,292
2024-10-13 09:00,2024-10-13,9,344
2024-10-13 10:00,2024-10-13,10,243
2024-10-13 11:00,2024-10-13,11,218
2024-10-13 12:00,2024-10-13,12,285
2024-10-13 13:00,2024-10-13,13,241
2024-10-13 14:00,2024-10-13,14,294
2024-10-13 15:00,2024-10-13,15,192
2024-10-13 16:00,2024-10-13,16,212
2024-10-13 17:00,2024-10-13,17,366
2024-10-13 18:00,2024-10-13,18,405
2024-10-13 19:00,2024-10-13,19,260
2024-10-13 20:00,2024-10-13,20,255
2024-10-13 21:00,2024-10-13,21,169
2024-10-13 22:00,2024-10-13,22,95
2024-10-13 23:00,2024-10-13,23,88
2024-10-14 00:00,2024-10-14,0,120
2024-10-14 01:00,2024-10-14,1,81
2024-10-14 02:00,2024-10-14,2,64
2024-10-14 03:00,2024-10-14,3,39
2024-10-14 04:00,2024-10-14,4,21
2024-10-14 05:00,2024-10-14,5,81
2024-10-14 06:00,2024-10-14,6,285
2024-10-14 07:00,2024-10-14,7,391
2024-10-14 08:00,2024-10-14,8,356
2024-10-14 09:00,2024-10-14,9,578
2024-10-14 10:00,2024-10-14,10,322
2024-10-14 11:00,2024-10-14,11,274
2024-10-14 12:00,2024-10-14,12,478
2024-10-14 13:00,2024-10-14,13,307
2024-10-14 14:00,2024-10-14,14,354
2024-10-14 15:00,2024-10-14,15,300
2024-10-14 16:00,2024-10-14,16,355
2024-10-14 17:00,2024-10-14,17,480
2024-10-14 18:00,2024-10-14,18,624
2024-10-14 19:00,2024-10-14,19,420
2024-10-14 20:00,2024-10-14,20,288
2024-10-14 21:00,2024-10-14,21,273
2024-10-14 22:00,2024-10-14,22,158
2024-10-14 23:00,2024-10-14,23,131
2024-10-15 00:00,2024-10-15,0,75
2024-10-15 01:00,2024-10-15,1,90
2024-10-15 02:00,2024-10-15,2,64
2024-10-15 03:00,2024-10-15,3,47
2024-10-15 04:00,2024-10-15,4,24
2024-10-15 05:00,2024-10-15,5,71
2024-10-15 06:00,2024-10-15,6,310
2024-10-15 07:00,2024-10-15,7,484
2024-10-15 08:00,2024-10-15,8,532
2024-10-15 09:00,2024-10-15,9,498
2024-10-15 10:00,2024-10-15,10,263
2024-10-15 11:00,2024-10-15,11,294
2024-10-15 12:00,2024-10-15,12,309
2024-10-15 13:00,2024-10-15,13,395
2024-10-15 14:00,2024-10-15,14,297
2024-10-15 15:00,2024-10-15,15,417
2024-10-15 16:00,2024-10-15,16,297
2024-10-15 17:00,2024-10-15,17,496
2024-10-15 18:00,2024-10-15,18,494
2024-10-15 19:00,2024-10-15,19,452
2024-10-15 20:00,2024-10-15,20,399
2024-10-15 21:00,2024-10-15,21,224
2024-10-15 22:00,2024-10-15,22,138
2024-10-15 23:00,2024-10-15,23,115
2024-10-16 00:00,2024-10-16,0,97
2024-10-16 01:00,2024-10-16,1,91
2024-10-16 02:00,2024-10-16,2,67
2024-10-16 03:00,2024-10-16,3,33
2024-10-16 04:00,2024-10-16,4,16
2024-10-16 05:00,2024-10-16,5,86
2024-10-16 06:00,2024-10-16,6,228
2024-10-16 07:00,2024-10-16,7,376
2024-10-16 08:00,2024-10-16,8,460
2024-10-16 09:00,2024-10-16,9,496
2024-10-16 10:00,2024-10-16,10,334
2024-10-16 11:00,2024-10-16,11,312
2024-10-16 12:00,2024-10-16,12,428
2024-10-16 13:00,2024-10-16,13,297
2024-10-16 14:00,2024-10-16,14,304
2024-10-16 15:00,2024-10-16,15,324
2024-10-16 16:00,2024-10-16,16,431
2024-10-16 17:00,2024-10-16,17,479
2024-10-16 18:00,2024-10-16,18,437
2024-10-16 19:00,2024-10-16,19,510
2024-10-16 20:00,2024-10-16,20,309
2024-10-16 21:00,2024-10-16,21,294
2024-10-16 22:00,2024-10-16,22,193
2024-10-16 23:00,2024-10-16,23,95
2024-10-17 00:00,2024-10-17,0,106
2024-10-17 01:00,2024-10-17,1,100
2024-10-17 02:00,2024-10-17,2,67
2024-10-17 03:00,2024-10-17,3,45
2024-10-17 04:00,2024-10-17,4,24
2024-10-17 05:00,2024-10-17,5,98
2024-10-17 06:00,2024-10-17,6,324
2024-10-17 07:00,2024-10-17,7,363
2024-10-17 08:00,2024-10-17,8,487
2024-10-17 09:00,2024-10-17,9,452
2024-10-17 10:00,2024-10-17,10,255
2024-10-17 11:00,2024-10-17,11,387
2024-10-17 12:00,2024-10-17,12,531
2024-10-17 13:00,2024-10-17,13,463
2024-10-17 14:00,2024-10-17,14,386
2024-10-17 15:00,2024-10-17,15,388
2024-10-17 16:00,2024-10-17,16,345
2024-10-17 17:00,2024-10-17,17,510
2024-10-17 18:00,2024-10-17,18,621
2024-10-17 19:00,2024-10-17,19,573
2024-10-17 20:00,2024-10-17,20,378
2024-10-17 21:00,2024-10-17,21,200
2024-10-17 22:00,2024-10-17,22,156
2024-10-17 23:00,2024-10-17,23,118
2024-10-18 00:00,2024-10-18,0,116
2024-10-18 01:00,2024-10-18,1,82
2024-10-18 02:00,2024-10-18,2,73
2024-10-18 03:00,2024-10-18,3,33
2024-10-18 04:00,2024-10-18,4,19
2024-10-18 05:00,2024-10-18,5,99
2024-10-18 06:00,2024-10-18,6,365
2024-10-18 07:00,2024-10-18,7,428
2024-10-18 08:00,2024-10-18,8,511
2024-10-18 09:00,2024-10-18,9,437
2024-10-18 10:00,2024-10-18,10,406
2024-10-18 11:00,2024-10-18,11,270
2024-10-18 12:00,2024-10-18,12,363
2024-10-18 13:00,2024-10-18,13,309
2024-10-18 14:00,2024-10-18,14,413
2024-10-18 15:00,2024-10-18,15,458
2024-10-18 16:00,2024-10-18,16,387
2024-10-18 17:00,2024-10-18,17,606
2024-10-18 18:00,2024-10-18,18,492
2024-10-18 19:00,2024-10-18,19,561
2024-10-18 20:00,2024-10-18,20,416
2024-10-18 21:00,2024-10-18,21,253
2024-10-18 22:00,2024-10-18,22,233
2024-10-18 23:00,2024-10-18,23,133
2024-10-19 00:00,2024-10-19,0,75
2024-10-19 01:00,2024-10-19,1,59
2024-10-19 02:00,2024-10-19,2,34
2024-10-19 03:00,2024-10-19,3,29
2024-10-19 04:00,2024-10-19,4,10
2024-10-19 05:00,2024-10-19,5,43
2024-10-19 06:00,2024-10-19,6,205
2024-10-19 07:00,2024-10-19,7,311
2024-10-19 08:00,2024-10-19,8,276
2024-10-19 09:00,2024-10-19,9,318
2024-10-19 10:00,2024-10-19,10,255
2024-10-19 11:00,2024-10-19,11,252
2024-10-19 12:00,2024-10-19,12,225
2024-10-19 13:00,2024-10-19,13,318
2024-10-19 14:00,2024-10-19,14,243
2024-10-19 15:00,2024-10-19,15,346
2024-10-19 16:00,2024-10-19,16,292
2024-10-19 17:00,2024-10-19,17,370
2024-10-19 18:00,2024-10-19,18,474
2024-10-19 19:00,2024-10-19,19,363
2024-10-19 20:00,2024-10-19,20,185
2024-10-19 21:00,2024-10-19,21,180
2024-10-19 22:00,2024-10-19,22,118
2024-10-19 23:00,2024-10-19,23,99
2024-10-20 00:00,2024-10-20,0,60
2024-10-20 01:00,2024-10-20,1,56
2024-10-20 02:00,2024-10-20,2,51
2024-10-20 03:00,2024-10-20,3,26
2024-10-20 04:00,2024-10-20,4,13
2024-10-20 05:00,2024-10-20,5,40
2024-10-20 06:00,2024-10-20,6,152
2024-10-20 07:00,2024-10-20,7,295
2024-10-20 08:00,2024-10-20,8,259
2024-10-20 09:00,2024-10-20,9,318
2024-10-20 10:00,2024-10-20,10,257
2024-10-20 11:00,2024-10-20,11,268
2024-10-20 12:00,2024-10-20,12,227
2024-10-20 13:00,2024-10-20,13,189
2024-10-20 14:00,2024-10-20,14,219
2024-10-20 15:00,2024-10-20,15,279
2024-10-20 16:00,2024-10-20,16,261
2024-10-20 17:00,2024-10-20,17,244
2024-10-20 18:00,2024-10-20,18,453
2024-10-20 19:00,2024-10-20,19,339
2024-10-20 20:00,2024-10-20,20,180
2024-10-20 21:00,2024-10-20,21,196
2024-10-20 22:00,2024-10-20,22,115
2024-10-20 23:00,2024-10-20,23,81
2024-10-21 00:00,2024-10-21,0,79
2024-10-21 01:00,2024-10-21,1,75
2024-10-21 02:00,2024-10-21,2,70
2024-10-21 03:00,2024-10-21,3,42
2024-10-21 04:00,2024-10-21,4,18
2024-10-21 05:00,2024-10-21,5,61
2024-10-21 06:00,2024-10-21,6,232
2024-10-21 07:00,2024-10-21,7,349
2024-10-21 08:00,2024-10-21,8,421
2024-10-21 09:00,2024-10-21,9,426
2024-10-21 10:00,2024-10-21,10,253
2024-10-21 11:00,2024-10-21,11,309
2024-10-21 12:00,2024-10-21,12,405
2024-10-21 13:00,2024-10-21,13,342
2024-10-21 14:00,2024-10-21,14,413
2024-10-21 15:00,2024-10-21,15,460
2024-10-21 16:00,2024-10-21,16,386
2024-10-21 17:00,2024-10-21,17,497
2024-10-21 18:00,2024-10-21,18,523
2024-10-21 19:00,2024-10-21,19,498
2024-10-21 20:00,2024-10-21,20,301
2024-10-21 21:00,2024-10-21,21,247
2024-10-21 22:00,2024-10-21,22,202
2024-10-21 23:00,2024-10-21,23,122
2024-10-22 00:00,2024-10-22,0,107
2024-10-22 01:00,2024-10-22,1,98
2024-10-22 02:00,2024-10-22,2,58
2024-10-22 03:00,2024-10-22,3,39
2024-10-22 04:00,2024-10-22,4,19
2024-10-22 05:00,2024-10-22,5,103
2024-10-22 06:00,2024-10-22,6,277
2024-10-22 07:00,2024-10-22,7,325
2024-10-22 08:00,2024-10-22,8,513
2024-10-22 09:00,2024-10-22,9,396
2024-10-22 10:00,2024-10-22,10,390
2024-10-22 11:00,2024-10-22,11,392
2024-10-22 12:00,2024-10-22,12,548
2024-10-22 13:00,2024-10-22,13,474
2024-10-22 14:00,2024-10-22,14,408
2024-10-22 15:00,2024-10-22,15,455
2024-10-22 16:00,2024-10-22,16,480
2024-10-22 17:00,2024-10-22,17,372
2024-10-22 18:00,2024-10-22,18,469
2024-10-22 19:00,2024-10-22,19,500
2024-10-22 20:00,2024-10-22,20,289
2024-10-22 21:00,2024-10-22,21,212
2024-10-22 22:00,2024-10-22,22,199
2024-10-22 23:00,2024-10-22,23,138
2024-10-23 00:00,2024-10-23,0,82
2024-10-23 01:00,2024-10-23,1,72
2024-10-23 02:00,2024-10-23,2,53
2024-10-23 03:00,2024-10-23,3,40
2024-10-23 04:00,2024-10-23,4,18
2024-10-23 05:00,2024-10-23,5,78
2024-10-23 06:00,2024-10-23,6,230
2024-10-23 07:00,2024-10-23,7,361
2024-10-23 08:00,2024-10-23,8,363
2024-10-23 09:00,2024-10-23,9,492
2024-10-23 10:00,2024-10-23,10,317
2024-10-23 11:00,2024-10-23,11,275
2024-10-23 12:00,2024-10-23,12,484
2024-10-23 13:00,2024-10-23,13,396
2024-10-23 14:00,2024-10-23,14,458
2024-10-23 15:00,2024-10-23,15,470
2024-10-23 16:00,2024-10-23,16,301
2024-10-23 17:00,2024-10-23,17,573
2024-10-23 18:00,2024-10-23,18,624
2024-10-23 19:00,2024-10-23,19,556
2024-10-23 20:00,2024-10-23,20,348
2024-10-23 21:00,2024-10-23,21,208
2024-10-23 22:00,2024-10-23,22,140
2024-10-23 23:00,2024-10-23,23,110
2024-10-24 00:00,2024-10-24,0,80
2024-10-24 01:00,2024-10-24,1,72
2024-10-24 02:00,2024-10-24,2,55
2024-10-24 03:00,2024-10-24,3,44
2024-10-24 04:00,2024-10-24,4,23
2024-10-24 05:00,2024-10-24,5,63
2024-10-24 06:00,2024-10-24,6,259
2024-10-24 07:00,2024-10-24,7,427
2024-10-24 08:00,2024-10-24,8,370
2024-10-24 09:00,2024-10-24,9,406
2024-10-24 10:00,2024-10-24,10,414
2024-10-24 11:00,2024-10-24,11,319
2024-10-24 12:00,2024-10-24,12,457
2024-10-24 13:00,2024-10-24,13,268
2024-10-24 14:00,2024-10-24,14,400
2024-10-24 15:00,2024-10-24,15,412
2024-10-24 16:00,2024-10-24,16,431
2024-10-24 17:00,2024-10-24,17,486
2024-10-24 18:00,2024-10-24,18,637
2024-10-24 19:00,2024-10-24,19,594
2024-10-24 20:00,2024-10-24,20,290
2024-10-24 21:00,2024-10-24,21,271
2024-10-24 22:00,2024-10-24,22,139
2024-10-24 23:00,2024-10-24,23,147
2024-10-25 00:00,2024-10-25,0,99
2024-10-25 01:00,2024-10-25,1,78
2024-10-25 02:00,2024-10-25,2,71
2024-10-25 03:00,2024-10-25,3,38
2024-10-25 04:00,2024-10-25,4,21
2024-10-25 05:00,2024-10-25,5,81
2024-10-25 06:00,2024-10-25,6,323
2024-10-25 07:00,2024-10-25,7,382
2024-10-25 08:00,2024-10-25,8,425
2024-10-25 09:00,2024-10-25,9,427
2024-10-25 10:00,2024-10-25,10,288
2024-10-25 11:00,2024-10-25,11,363
2024-10-25 12:00,2024-10-25,12,495
2024-10-25 13:00,2024-10-25,13,454
2024-10-25 14:00,2024-10-25,14,491
2024-10-25 15:00,2024-10-25,15,352
2024-10-25 16:00,2024-10-25,16,306
2024-10-25 17:00,2024-10-25,17,541
2024-10-25 18:00,2024-10-25,18,580
2024-10-25 19:00,2024-10-25,19,433
2024-10-25 20:00,2024-10-25,20,405
2024-10-25 21:00,2024-10-25,21,193
2024-10-25 22:00,2024-10-25,22,179
2024-10-25 23:00,2024-10-25,23,148
2024-10-26 00:00,2024-10-26,0,80
2024-10-26 01:00,2024-10-26,1,56
2024-10-26 02:00,2024-10-26,2,51
2024-10-26 03:00,2024-10-26,3,24
2024-10-26 04:00,2024-10-26,4,10
2024-10-26 05:00,2024-10-26,5,46
2024-10-26 06:00,2024-10-26,6,210
2024-10-26 07:00,2024-10-26,7,287
2024-10-26 08:00,2024-10-26,8,384
2024-10-26 09:00,2024-10-26,9,252
2024-10-26 10:00,2024-10-26,10,253
2024-10-26 11:00,2024-10-26,11,272
2024-10-26 12:00,2024-10-26,12,337
2024-10-26 13:00,2024-10-26,13,299
2024-10-26 14:00,2024-10-26,14,212
2024-10-26 15:00,2024-10-26,15,307
2024-10-26 16:00,2024-10-26,16,339
2024-10-26 17:00,2024-10-26,17,320
2024-10-26 18:00,2024-10-26,18,478
2024-10-26 19:00,2024-10-26,19,372
2024-10-26 20:00,2024-10-26,20,252
2024-10-26 21:00,2024-10-26,21,194
2024-10-26 22:00,2024-10-26,22,119
2024-10-26 23:00,2024-10-26,23,96
2024-10-27 00:00,2024-10-27,0,57
2024-10-27 01:00,2024-10-27,1,61
2024-10-27 02:00,2024-10-27,2,37
2024-10-27 03:00,2024-10-27,3,27
2024-10-27 04:00,2024-10-27,4,11
2024-10-27 05:00,2024-10-27,5,60
2024-10-27 06:00,2024-10-27,6,166
2024-10-27 07:00,2024-10-27,7,285
2024-10-27 08:00,2024-10-27,8,345
2024-10-27 09:00,2024-10-27,9,403
2024-10-27 10:00,2024-10-27,10,192
2024-10-27 11:00,2024-10-27,11,299
2024-10-27 12:00,2024-10-27,12,338
2024-10-27 13:00,2024-10-27,13,280
2024-10-27 14:00,2024-10-27,14,346
2024-10-27 15:00,2024-10-27,15,268
2024-10-27 16:00,2024-10-27,16,287
2024-10-27 17:00,2024-10-27,17,333
2024-10-27 18:00,2024-10-27,18,439
2024-10-27 19:00,2024-10-27,19,382
2024-10-27 20:00,2024-10-27,20,198
2024-10-27 21:00,2024-10-27,21,177
2024-10-27 22:00,2024-10-27,22,157
2024-10-27 23:00,2024-10-27,23,74
2024-10-28 00:00,2024-10-28,0,113
2024-10-28 01:00,2024-10-28,1,87
2024-10-28 02:00,2024-10-28,2,51
2024-10-28 03:00,2024-10-28,3,37
2024-10-28 04:00,2024-10-28,4,18
2024-10-28 05:00,2024-10-28,5,88
2024-10-28 06:00,2024-10-28,6,239
2024-10-28 07:00,2024-10-28,7,345
2024-10-28 08:00,2024-10-28,8,378
2024-10-28 09:00,2024-10-28,9,361
2024-10-28 10:00,2024-10-28,10,277
2024-10-28 11:00,2024-10-28,11,416
2024-10-28 12:00,2024-10-28,12,421
2024-10-28 13:00,2024-10-28,13,461
2024-10-28 14:00,2024-10-28,14,331
2024-10-28 15:00,2024-10-28,15,386
2024-10-28 16:00,2024-10-28,16,402
2024-10-28 17:00,2024-10-28,17,373
2024-10-28 18:00,2024-10-28,18,622
2024-10-28 19:00,2024-10-28,19,429
2024-10-28 20:00,2024-10-28,20,318
2024-10-28 21:00,2024-10-28,21,229
2024-10-28 22:00,2024-10-28,22,170
2024-10-28 23:00,2024-10-28,23,139
2024-10-29 00:00,2024-10-29,0,108
2024-10-29 01:00,2024-10-29,1,95
2024-10-29 02:00,2024-10-29,2,72
2024-10-29 03:00,2024-10-29,3,37
2024-10-29 04:00,2024-10-29,4,22
2024-10-29 05:00,2024-10-29,5,98
2024-10-29 06:00,2024-10-29,6,385
2024-10-29 07:00,2024-10-29,7,330
2024-10-29 08:00,2024-10-29,8,380
2024-10-29 09:00,2024-10-29,9,439
2024-10-29 10:00,2024-10-29,10,412
2024-10-29 11:00,2024-10-29,11,279
2024-10-29 12:00,2024-10-29,12,343
2024-10-29 13:00,2024-10-29,13,330
2024-10-29 14:00,2024-10-29,14,474
2024-10-29 15:00,2024-10-29,15,509
2024-10-29 16:00,2024-10-29,16,359
2024-10-29 17:00,2024-10-29,17,549
2024-10-29 18:00,2024-10-29,18,655
2024-10-29 19:00,2024-10-29,19,453
2024-10-29 20:00,2024-10-29,20,395
2024-10-29 21:00,2024-10-29,21,280
2024-10-29 22:00,2024-10-29,22,153
2024-10-29 23:00,2024-10-29,23,139
2024-10-30 00:00,2024-10-30,0,98
2024-10-30 01:00,2024-10-30,1,66
2024-10-30 02:00,2024-10-30,2,55
2024-10-30 03:00,2024-10-30,3,47
2024-10-30 04:00,2024-10-30,4,22
2024-10-30 05:00,2024-10-30,5,64
2024-10-30 06:00,2024-10-30,6,233
2024-10-30 07:00,2024-10-30,7,484
2024-10-30 08:00,2024-10-30,8,531
2024-10-30 09:00,2024-10-30,9,369
2024-10-30 10:00,2024-10-30,10,361
2024-10-30 11:00,2024-10-30,11,310
2024-10-30 12:00,2024-10-30,12,546
2024-10-30 13:00,2024-10-30,13,320
2024-10-30 14:00,2024-10-30,14,383
2024-10-30 15:00,2024-10-30,15,286
2024-10-30 16:00,2024-10-30,16,459
2024-10-30 17:00,2024-10-30,17,463
2024-10-30 18:00,2024-10-30,18,721
2024-10-30 19:00,2024-10-30,19,538
2024-10-30 20:00,2024-10-30,20,339
2024-10-30 21:00,2024-10-30,21,271
2024-10-30 22:00,2024-10-30,22,180
2024-10-30 23:00,2024-10-30,23,137
2024-10-31 00:00,2024-10-31,0,119
2024-10-31 01:00,2024-10-31,1,81
2024-10-31 02:00,2024-10-31,2,54
2024-10-31 03:00,2024-10-31,3,34
2024-10-31 04:00,2024-10-31,4,21
2024-10-31 05:00,2024-10-31,5,60
2024-10-31 06:00,2024-10-31,6,294
2024-10-31 07:00,2024-10-31,7,362
2024-10-31 08:00,2024-10-31,8,372
2024-10-31 09:00,2024-10-31,9,504
2024-10-31 10:00,2024-10-31,10,361
2024-10-31 11:00,2024-10-31,11,342
2024-10-31 12:00,2024-10-31,12,336
2024-10-31 13:00,2024-10-31,13,269
2024-10-31 14:00,2024-10-31,14,394
2024-10-31 15:00,2024-10-31,15,387
2024-10-31 16:00,2024-10-31,16,418
2024-10-31 17:00,2024-10-31,17,405
2024-10-31 18:00,2024-10-31,18,618
2024-10-31 19:00,2024-10-31,19,379
2024-10-31 20:00,2024-10-31,20,369
2024-10-31 21:00,2024-10-31,21,194
2024-10-31 22:00,2024-10-31,22,210
2024-10-31 23:00,2024-10-31,23,92
2024-11-01 00:00,2024-11-01,0,74
2024-11-01 01:00,2024-11-01,1,64
2024-11-01 02:00,2024-11-01,2,43
2024-11-01 03:00,2024-11-01,3,39
2024-11-01 04:00,2024-11-01,4,17
2024-11-01 05:00,2024-11-01,5,77
2024-11-01 06:00,2024-11-01,6,256
2024-11-01 07:00,2024-11-01,7,269
2024-11-01 08:00,2024-11-01,8,302
2024-11-01 09:00,2024-11-01,9,478
2024-11-01 10:00,2024-11-01,10,282
2024-11-01 11:00,2024-11-01,11,292
2024-11-01 12:00,2024-11-01,12,328
2024-11-01 13:00,2024-11-01,13,285
2024-11-01 14:00,2024-11-01,14,303
2024-11-01 15:00,2024-11-01,15,251
2024-11-01 16:00,2024-11-01,16,299
2024-11-01 17:00,2024-11-01,17,475
2024-11-01 18:00,2024-11-01,18,422
2024-11-01 19:00,2024-11-01,19,345
2024-11-01 20:00,2024-11-01,20,317
2024-11-01 21:00,2024-11-01,21,239
2024-11-01 22:00,2024-11-01,22,153
2024-11-01 23:00,2024-11-01,23,114
2024-11-02 00:00,2024-11-02,0,62
2024-11-02 01:00,2024-11-02,1,41
2024-11-02 02:00,2024-11-02,2,33
2024-11-02 03:00,2024-11-02,3,16
2024-11-02 04:00,2024-11-02,4,13
2024-11-02 05:00,2024-11-02,5,56
2024-11-02 06:00,2024-11-02,6,158
2024-11-02 07:00,2024-11-02,7,263
2024-11-02 08:00,2024-11-02,8,189
2024-11-02 09:00,2024-11-02,9,317
2024-11-02 10:00,2024-11-02,10,157
2024-11-02 11:00,2024-11-02,11,248
2024-11-02 12:00,2024-11-02,12,173
2024-11-02 13:00,2024-11-02,13,167
2024-11-02 14:00,2024-11-02,14,209
2024-11-02 15:00,2024-11-02,15,215
2024-11-02 16:00,2024-11-02,16,243
2024-11-02 17:00,2024-11-02,17,327
2024-11-02 18:00,2024-11-02,18,362
2024-11-02 19:00,2024-11-02,19,309
2024-11-02 20:00,2024-11-02,20,159
2024-11-02 21:00,2024-11-02,21,168
2024-11-02 22:00,2024-11-02,22,113
2024-11-02 23:00,2024-11-02,23,64
2024-11-03 00:00,2024-11-03,0,56
2024-11-03 01:00,2024-11-03,1,66
2024-11-03 02:00,2024-11-03,2,44
2024-11-03 03:00,2024-11-03,3,23
2024-11-03 04:00,2024-11-03,4,16
2024-11-03 05:00,2024-11-03,5,51
2024-11-03 06:00,2024-11-03,6,231
2024-11-03 07:00,2024-11-03,7,316
2024-11-03 08:00,2024-11-03,8,268
2024-11-03 09:00,2024-11-03,9,303
2024-11-03 10:00,2024-11-03,10,294
2024-11-03 11:00,2024-11-03,11,262
2024-11-03 12:00,2024-11-03,12,320
2024-11-03 13:00,2024-11-03,13,285
2024-11-03 14:00,2024-11-03,14,207
2024-11-03 15:00,2024-11-03,15,223
2024-11-03 16:00,2024-11-03,16,257
2024-11-03 17:00,2024-11-03,17,372
2024-11-03 18:00,2024-11-03,18,453
2024-11-03 19:00,2024-11-03,19,302
2024-11-03 20:00,2024-11-03,20,271
2024-11-03 21:00,2024-11-03,21,132
2024-11-03 22:00,2024-11-03,22,105
2024-11-03 23:00,2024-11-03,23,81
2024-11-04 00:00,2024-11-04,0,111
2024-11-04 01:00,2024-11-04,1,64
2024-11-04 02:00,2024-11-04,2,55
2024-11-04 03:00,2024-11-04,3,37
2024-11-04 04:00,2024-11-04,4,20
2024-11-04 05:00,2024-11-04,5,73
2024-11-04 06:00,2024-11-04,6,271
2024-11-04 07:00,2024-11-04,7,384
2024-11-04 08:00,2024-11-04,8,506
2024-11-04 09:00,2024-11-04,9,558
2024-11-04 10:00,2024-11-04,10,289
2024-11-04 11:00,2024-11-04,11,380
2024-11-04 12:00,2024-11-04,12,526
2024-11-04 13:00,2024-11-04,13,391
2024-11-04 14:00,2024-11-04,14,319
2024-11-04 15:00,2024-11-04,15,390
2024-11-04 16:00,2024-11-04,16,469
2024-11-04 17:00,2024-11-04,17,470
2024-11-04 18:00,2024-11-04,18,454
2024-11-04 19:00,2024-11-04,19,542
2024-11-04 20:00,2024-11-04,20,425
2024-11-04 21:00,2024-11-04,21,225
2024-11-04 22:00,2024-11-04,22,206
2024-11-04 23:00,2024-11-04,23,105
2024-11-05 00:00,2024-11-05,0,88
2024-11-05 01:00,2024-11-05,1,65
2024-11-05 02:00,2024-11-05,2,74
2024-11-05 03:00,2024-11-05,3,35
2024-11-05 04:00,2024-11-05,4,16
2024-11-05 05:00,2024-11-05,5,93
2024-11-05 06:00,2024-11-05,6,322
2024-11-05 07:00,2024-11-05,7,497
2024-11-05 08:00,2024-11-05,8,404
2024-11-05 09:00,2024-11-05,9,438
2024-11-05 10:00,2024-11-05,10,289
2024-11-05 11:00,2024-11-05,11,399
2024-11-05 12:00,2024-11-05,12,404
2024-11-05 13:00,2024-11-05,13,314
2024-11-05 14:00,2024-11-05,14,301
2024-11-05 15:00,2024-11-05,15,343
2024-11-05 16:00,2024-11-05,16,356
2024-11-05 17:00,2024-11-05,17,444
2024-11-05 18:00,2024-11-05,18,627
2024-11-05 19:00,2024-11-05,19,496
2024-11-05 20:00,2024-11-05,20,321
2024-11-05 21:00,2024-11-05,21,238
2024-11-05 22:00,2024-11-05,22,142
2024-11-05 23:00,2024-11-05,23,125
2024-11-06 00:00,2024-11-06,0,87
2024-11-06 01:00,2024-11-06,1,88
2024-11-06 02:00,2024-11-06,2,51
2024-11-06 03:00,2024-11-06,3,32
2024-11-06 04:00,2024-11-06,4,16
2024-11-06 05:00,2024-11-06,5,98
2024-11-06 06:00,2024-11-06,6,340
2024-11-06 07:00,2024-11-06,7,370
2024-11-06 08:00,2024-11-06,8,498
2024-11-06 09:00,2024-11-06,9,459
2024-11-06 10:00,2024-11-06,10,339
2024-11-06 11:00,2024-11-06,11,284
2024-11-06 12:00,2024-11-06,12,482
2024-11-06 13:00,2024-11-06,13,453
2024-11-06 14:00,2024-11-06,14,457
2024-11-06 15:00,2024-11-06,15,411
2024-11-06 16:00,2024-11-06,16,388
2024-11-06 17:00,2024-11-06,17,423
2024-11-06 18:00,2024-11-06,18,748
2024-11-06 19:00,2024-11-06,19,398
2024-11-06 20:00,2024-11-06,20,418
2024-11-06 21:00,2024-11-06,21,277
2024-11-06 22:00,2024-11-06,22,221
2024-11-06 23:00,2024-11-06,23,135
2024-11-07 00:00,2024-11-07,0,113
2024-11-07 01:00,2024-11-07,1,68
2024-11-07 02:00,2024-11-07,2,67
2024-11-07 03:00,2024-11-07,3,35
2024-11-07 04:00,2024-11-07,4,24
2024-11-07 05:00,2024-11-07,5,92
2024-11-07 06:00,2024-11-07,6,349
2024-11-07 07:00,2024-11-07,7,347
2024-11-07 08:00,2024-11-07,8,399
2024-11-07 09:00,2024-11-07,9,363
2024-11-07 10:00,2024-11-07,10,262
2024-11-07 11:00,2024-11-07,11,292
2024-11-07 12:00,2024-11-07,12,548
2024-11-07 13:00,2024-11-07,13,279
2024-11-07 14:00,2024-11-07,14,351
2024-11-07 15:00,2024-11-07,15,493
2024-11-07 16:00,2024-11-07,16,384
2024-11-07 17:00,2024-11-07,17,562
2024-11-07 18:00,2024-11-07,18,582
2024-11-07 19:00,2024-11-07,19,451
2024-11-07 20:00,2024-11-07,20,403
2024-11-07 21:00,2024-11-07,21,259
2024-11-07 22:00,2024-11-07,22,163
2024-11-07 23:00,2024-11-07,23,142
2024-11-08 00:00,2024-11-08,0,85
2024-11-08 01:00,2024-11-08,1,68
2024-11-08 02:00,2024-11-08,2,50
2024-11-08 03:00,2024-11-08,3,36
2024-11-08 04:00,2024-11-08,4,19
2024-11-08 05:00,2024-11-08,5,60
2024-11-08 06:00,2024-11-08,6,306
2024-11-08 07:00,2024-11-08,7,369
2024-11-08 08:00,2024-11-08,8,470
2024-11-08 09:00,2024-11-08,9,502
2024-11-08 10:00,2024-11-08,10,390
2024-11-08 11:00,2024-11-08,11,386
2024-11-08 12:00,2024-11-08,12,431
2024-11-08 13:00,2024-11-08,13,449
2024-11-08 14:00,2024-11-08,14,492
2024-11-08 15:00,2024-11-08,15,315
2024-11-08 16:00,2024-11-08,16,473
2024-11-08 17:00,2024-11-08,17,465
2024-11-08 18:00,2024-11-08,18,499
2024-11-08 19:00,2024-11-08,19,421
2024-11-08 20:00,2024-11-08,20,320
2024-11-08 21:00,2024-11-08,21,238
2024-11-08 22:00,2024-11-08,22,195
2024-11-08 23:00,2024-11-08,23,129
2024-11-09 00:00,2024-11-09,0,61
2024-11-09 01:00,2024-11-09,1,58
2024-11-09 02:00,2024-11-09,2,47
2024-11-09 03:00,2024-11-09,3,34
2024-11-09 04:00,2024-11-09,4,17
2024-11-09 05:00,2024-11-09,5,43
2024-11-09 06:00,2024-11-09,6,152
2024-11-09 07:00,2024-11-09,7,263
2024-11-09 08:00,2024-11-09,8,258
2024-11-09 09:00,2024-11-09,9,271
2024-11-09 10:00,2024-11-09,10,275
2024-11-09 11:00,2024-11-09,11,262
2024-11-09 12:00,2024-11-09,12,327
2024-11-09 13:00,2024-11-09,13,228
2024-11-09 14:00,2024-11-09,14,281
2024-11-09 15:00,2024-11-09,15,317
2024-11-09 16:00,2024-11-09,16,235
2024-11-09 17:00,2024-11-09,17,338
2024-11-09 18:00,2024-11-09,18,468
2024-11-09 19:00,2024-11-09,19,382
2024-11-09 20:00,2024-11-09,20,317
2024-11-09 21:00,2024-11-09,21,141
2024-11-09 22:00,2024-11-09,22,119
2024-11-09 23:00,2024-11-09,23,92
2024-11-10 00:00,2024-11-10,0,72
2024-11-10 01:00,2024-11-10,1,59
2024-11-10 02:00,2024-11-10,2,38
2024-11-10 03:00,2024-11-10,3,25
2024-11-10 04:00,2024-11-10,4,15
2024-11-10 05:00,2024-11-10,5,57
2024-11-10 06:00,2024-11-10,6,214
2024-11-10 07:00,2024-11-10,7,332
2024-11-10 08:00,2024-11-10,8,229
2024-11-10 09:00,2024-11-10,9,296
2024-11-10 10:00,2024-11-10,10,257
2024-11-10 11:00,2024-11-10,11,302
2024-11-10 12:00,2024-11-10,12,348
2024-11-10 13:00,2024-11-10,13,190
2024-11-10 14:00,2024-11-10,14,211
2024-11-10 15:00,2024-11-10,15,218
2024-11-10 16:00,2024-11-10,16,350
2024-11-10 17:00,2024-11-10,17,362
2024-11-10 18:00,2024-11-10,18,403
2024-11-10 19:00,2024-11-10,19,396
2024-11-10 20:00,2024-11-10,20,248
2024-11-10 21:00,2024-11-10,21,182
2024-11-10 22:00,2024-11-10,22,153
2024-11-10 23:00,2024-11-10,23,79
2024-11-11 00:00,2024-11-11,0,71
2024-11-11 01:00,2024-11-11,1,66
2024-11-11 02:00,2024-11-11,2,51
2024-11-11 03:00,2024-11-11,3,29
2024-11-11 04:00,2024-11-11,4,14
2024-11-11 05:00,2024-11-11,5,76
2024-11-11 06:00,2024-11-11,6,259
2024-11-11 07:00,2024-11-11,7,314
2024-11-11 08:00,2024-11-11,8,307
2024-11-11 09:00,2024-11-11,9,399
2024-11-11 10:00,2024-11-11,10,265
2024-11-11 11:00,2024-11-11,11,344
2024-11-11 12:00,2024-11-11,12,355
2024-11-11 13:00,2024-11-11,13,330
2024-11-11 14:00,2024-11-11,14,378
2024-11-11 15:00,2024-11-11,15,301
2024-11-11 16:00,2024-11-11,16,353
2024-11-11 17:00,2024-11-11,17,354
2024-11-11 18:00,2024-11-11,18,502
2024-11-11 19:00,2024-11-11,19,420
2024-11-11 20:00,2024-11-11,20,275
2024-11-11 21:00,2024-11-11,21,233
2024-11-11 22:00,2024-11-11,22,144
2024-11-11 23:00,2024-11-11,23,112
2024-11-12 00:00,2024-11-12,0,79
2024-11-12 01:00,2024-11-12,1,69
2024-11-12 02:00,2024-11-12,2,58
2024-11-12 03:00,2024-11-12,3,35
2024-11-12 04:00,2024-11-12,4,17
2024-11-12 05:00,2024-11-12,5,69
2024-11-12 06:00,2024-11-12,6,252
2024-11-12 07:00,2024-11-12,7,278
2024-11-12 08:00,2024-11-12,8,344
2024-11-12 09:00,2024-11-12,9,385
2024-11-12 10:00,2024-11-12,10,246
2024-11-12 11:00,2024-11-12,11,277
2024-11-12 12:00,2024-11-12,12,347
2024-11-12 13:00,2024-11-12,13,288
2024-11-12 14:00,2024-11-12,14,337
2024-11-12 15:00,2024-11-12,15,354
2024-11-12 16:00,2024-11-12,16,351
2024-11-12 17:00,2024-11-12,17,397
2024-11-12 18:00,2024-11-12,18,529
2024-11-12 19:00,2024-11-12,19,329
2024-11-12 20:00,2024-11-12,20,269
2024-11-12 21:00,2024-11-12,21,214
2024-11-12 22:00,2024-11-12,22,138
2024-11-12 23:00,2024-11-12,23,88
2024-11-13 00:00,2024-11-13,0,100
2024-11-13 01:00,2024-11-13,1,63
2024-11-13 02:00,2024-11-13,2,53
2024-11-13 03:00,2024-11-13,3,43
2024-11-13 04:00,2024-11-13,4,17
2024-11-13 05:00,2024-11-13,5,65
2024-11-13 06:00,2024-11-13,6,316
2024-11-13 07:00,2024-11-13,7,376
2024-11-13 08:00,2024-11-13,8,545
2024-11-13 09:00,2024-11-13,9,619
2024-11-13 10:00,2024-11-13,10,379
2024-11-13 11:00,2024-11-13,11,360
2024-11-13 12:00,2024-11-13,12,521
2024-11-13 13:00,2024-11-13,13,474
2024-11-13 14:00,2024-11-13,14,308
2024-11-13 15:00,2024-11-13,15,357
2024-11-13 16:00,2024-11-13,16,345
2024-11-13 17:00,2024-11-13,17,484
2024-11-13 18:00,2024-11-13,18,570
2024-11-13 19:00,2024-11-13,19,598
2024-11-13 20:00,2024-11-13,20,439
2024-11-13 21:00,2024-11-13,21,228
2024-11-13 22:00,2024-11-13,22,224
2024-11-13 23:00,2024-11-13,23,132
2024-11-14 00:00,2024-11-14,0,79
2024-11-14 01:00,2024-11-14,1,77
2024-11-14 02:00,2024-11-14,2,63
2024-11-14 03:00,2024-11-14,3,44
2024-11-14 04:00,2024-11-14,4,24
2024-11-14 05:00,2024-11-14,5,89
2024-11-14 06:00,2024-11-14,6,286
2024-11-14 07:00,2024-11-14,7,444
2024-11-14 08:00,2024-11-14,8,438
2024-11-14 09:00,2024-11-14,9,535
2024-11-14 10:00,2024-11-14,10,409
2024-11-14 11:00,2024-11-14,11,403
2024-11-14 12:00,2024-11-14,12,392
2024-11-14 13:00,2024-11-14,13,432
2024-11-14 14:00,2024-11-14,14,388
2024-11-14 15:00,2024-11-14,15,392
2024-11-14 16:00,2024-11-14,16,319
2024-11-14 17:00,2024-11-14,17,395
2024-11-14 18:00,2024-11-14,18,549
2024-11-14 19:00,2024-11-14,19,577
2024-11-14 20:00,2024-11-14,20,455
2024-11-14 21:00,2024-11-14,21,294
2024-11-14 22:00,2024-11-14,22,223
2024-11-14 23:00,2024-11-14,23,109
2024-11-15 00:00,2024-11-15,0,110
2024-11-15 01:00,2024-11-15,1,95
2024-11-15 02:00,2024-11-15,2,48
2024-11-15 03:00,2024-11-15,3,36
2024-11-15 04:00,2024-11-15,4,25
2024-11-15 05:00,2024-11-15,5,104
2024-11-15 06:00,2024-11-15,6,270
2024-11-15 07:00,2024-11-15,7,349
2024-11-15 08:00,2024-11-15,8,420
2024-11-15 09:00,2024-11-15,9,391
2024-11-15 10:00,2024-11-15,10,364
2024-11-15 11:00,2024-11-15,11,294
2024-11-15 12:00,2024-11-15,12,535
2024-11-15 13:00,2024-11-15,13,299
2024-11-15 14:00,2024-11-15,14,442
2024-11-15 15:00,2024-11-15,15,388
2024-11-15 16:00,2024-11-15,16,483
2024-11-15 17:00,2024-11-15,17,469
2024-11-15 18:00,2024-11-15,18,748
2024-11-15 19:00,2024-11-15,19,587
2024-11-15 20:00,2024-11-15,20,395
2024-11-15 21:00,2024-11-15,21,286
2024-11-15 22:00,2024-11-15,22,186
2024-11-15 23:00,2024-11-15,23,116
2024-11-16 00:00,2024-11-16,0,78
2024-11-16 01:00,2024-11-16,1,46
2024-11-16 02:00,2024-11-16,2,47
2024-11-16 03:00,2024-11-16,3,35
2024-11-16 04:00,2024-11-16,4,14
2024-11-16 05:00,2024-11-16,5,65
2024-11-16 06:00,2024-11-16,6,252
2024-11-16 07:00,2024-11-16,7,210
2024-11-16 08:00,2024-11-16,8,300
2024-11-16 09:00,2024-11-16,9,318
2024-11-16 10:00,2024-11-16,10,272
2024-11-16 11:00,2024-11-16,11,240
2024-11-16 12:00,2024-11-16,12,376
2024-11-16 13:00,2024-11-16,13,232
2024-11-16 14:00,2024-11-16,14,332
2024-11-16 15:00,2024-11-16,15,250
2024-11-16 16:00,2024-11-16,16,297
2024-11-16 17:00,2024-11-16,17,370
2024-11-16 18:00,2024-11-16,18,510
2024-11-16 19:00,2024-11-16,19,392
2024-11-16 20:00,2024-11-16,20,281
2024-11-16 21:00,2024-11-16,21,207
2024-11-16 22:00,2024-11-16,22,164
2024-11-16 23:00,2024-11-16,23,108
2024-11-17 00:00,2024-11-17,0,82
2024-11-17 01:00,2024-11-17,1,56
2024-11-17 02:00,2024-11-17,2,51
2024-11-17 03:00,2024-11-17,3,33
2024-11-17 04:00,2024-11-17,4,13
2024-11-17 05:00,2024-11-17,5,71
2024-11-17 06:00,2024-11-17,6,194
2024-11-17 07:00,2024-11-17,7,357
2024-11-17 08:00,2024-11-17,8,324
2024-11-17 09:00,2024-11-17,9,280
2024-11-17 10:00,2024-11-17,10,259
2024-11-17 11:00,2024-11-17,11,287
2024-11-17 12:00,2024-11-17,12,356
2024-11-17 13:00,2024-11-17,13,278
2024-11-17 14:00,2024-11-17,14,342
2024-11-17 15:00,2024-11-17,15,235
2024-11-17 16:00,2024-11-17,16,248
2024-11-17 17:00,2024-11-17,17,379
2024-11-17 18:00,2024-11-17,18,344
2024-11-17 19:00,2024-11-17,19,318
2024-11-17 20:00,2024-11-17,20,277
2024-11-17 21:00,2024-11-17,21,214
2024-11-17 22:00,2024-11-17,22,97
2024-11-17 23:00,2024-11-17,23,83
2024-11-18 00:00,2024-11-18,0,86
2024-11-18 01:00,2024-11-18,1,65
2024-11-18 02:00,2024-11-18,2,68
2024-11-18 03:00,2024-11-18,3,47
2024-11-18 04:00,2024-11-18,4,18
2024-11-18 05:00,2024-11-18,5,96
2024-11-18 06:00,2024-11-18,6,249
2024-11-18 07:00,2024-11-18,7,326
2024-11-18 08:00,2024-11-18,8,384
2024-11-18 09:00,2024-11-18,9,405
2024-11-18 10:00,2024-11-18,10,317
2024-11-18 11:00,2024-11-18,11,396
2024-11-18 12:00,2024-11-18,12,354
2024-11-18 13:00,2024-11-18,13,452
2024-11-18 14:00,2024-11-18,14,489
2024-11-18 15:00,2024-11-18,15,401
2024-11-18 16:00,2024-11-18,16,473
2024-11-18 17:00,2024-11-18,17,559
2024-11-18 18:00,2024-11-18,18,693
2024-11-18 19:00,2024-11-18,19,372
2024-11-18 20:00,2024-11-18,20,422
2024-11-18 21:00,2024-11-18,21,248
2024-11-18 22:00,2024-11-18,22,199
2024-11-18 23:00,2024-11-18,23,154
2024-11-19 00:00,2024-11-19,0,91
2024-11-19 01:00,2024-11-19,1,82
2024-11-19 02:00,2024-11-19,2,66
2024-11-19 03:00,2024-11-19,3,35
2024-11-19 04:00,2024-11-19,4,21
2024-11-19 05:00,2024-11-19,5,93
2024-11-19 06:00,2024-11-19,6,379
2024-11-19 07:00,2024-11-19,7,494
2024-11-19 08:00,2024-11-19,8,442
2024-11-19 09:00,2024-11-19,9,434
2024-11-19 10:00,2024-11-19,10,283
2024-11-19 11:00,2024-11-19,11,361
2024-11-19 12:00,2024-11-19,12,498
2024-11-19 13:00,2024-11-19,13,356
2024-11-19 14:00,2024-11-19,14,445
2024-11-19 15:00,2024-11-19,15,410
2024-11-19 16:00,2024-11-19,16,386
2024-11-19 17:00,2024-11-19,17,496
2024-11-19 18:00,2024-11-19,18,733
2024-11-19 19:00,2024-11-19,19,537
2024-11-19 20:00,2024-11-19,20,283
2024-11-19 21:00,2024-11-19,21,195
2024-11-19 22:00,2024-11-19,22,179
2024-11-19 23:00,2024-11-19,23,148
2024-11-20 00:00,2024-11-20,0,102
2024-11-20 01:00,2024-11-20,1,74
2024-11-20 02:00,2024-11-20,2,62
2024-11-20 03:00,2024-11-20,3,46
2024-11-20 04:00,2024-11-20,4,18
2024-11-20 05:00,2024-11-20,5,69
2024-11-20 06:00,2024-11-20,6,382
2024-11-20 07:00,2024-11-20,7,515
2024-11-20 08:00,2024-11-20,8,479
2024-11-20 09:00,2024-11-20,9,617
2024-11-20 10:00,2024-11-20,10,382
2024-11-20 11:00,2024-11-20,11,382
2024-11-20 12:00,2024-11-20,12,550
2024-11-20 13:00,2024-11-20,13,483
2024-11-20 14:00,2024-11-20,14,336
2024-11-20 15:00,2024-11-20,15,470
2024-11-20 16:00,2024-11-20,16,409
2024-11-20 17:00,2024-11-20,17,501
2024-11-20 18:00,2024-11-20,18,795
2024-11-20 19:00,2024-11-20,19,562
2024-11-20 20:00,2024-11-20,20,387
2024-11-20 21:00,2024-11-20,21,190
2024-11-20 22:00,2024-11-20,22,155
2024-11-20 23:00,2024-11-20,23,109
2024-11-21 00:00,2024-11-21,0,114
2024-11-21 01:00,2024-11-21,1,104
2024-11-21 02:00,2024-11-21,2,81
2024-11-21 03:00,2024-11-21,3,54
2024-11-21 04:00,2024-11-21,4,18
2024-11-21 05:00,2024-11-21,5,71
2024-11-21 06:00,2024-11-21,6,358
2024-11-21 07:00,2024-11-21,7,407
2024-11-21 08:00,2024-11-21,8,483
2024-11-21 09:00,2024-11-21,9,578
2024-11-21 10:00,2024-11-21,10,360
2024-11-21 11:00,2024-11-21,11,398
2024-11-21 12:00,2024-11-21,12,366
2024-11-21 13:00,2024-11-21,13,436
2024-11-21 14:00,2024-11-21,14,451
2024-11-21 15:00,2024-11-21,15,407
2024-11-21 16:00,2024-11-21,16,488
2024-11-21 17:00,2024-11-21,17,391
2024-11-21 18:00,2024-11-21,18,637
2024-11-21 19:00,2024-11-21,19,556
2024-11-21 20:00,2024-11-21,20,454
2024-11-21 21:00,2024-11-21,21,309
2024-11-21 22:00,2024-11-21,22,154
2024-11-21 23:00,2024-11-21,23,137
2024-11-22 00:00,2024-11-22,0,76
2024-11-22 01:00,2024-11-22,1,100
2024-11-22 02:00,2024-11-22,2,55
2024-11-22 03:00,2024-11-22,3,41
2024-11-22 04:00,2024-11-22,4,21
2024-11-22 05:00,2024-11-22,5,90
2024-11-22 06:00,2024-11-22,6,315
2024-11-22 07:00,2024-11-22,7,525
2024-11-22 08:00,2024-11-22,8,411
2024-11-22 09:00,2024-11-22,9,599
2024-11-22 10:00,2024-11-22,10,374
2024-11-22 11:00,2024-11-22,11,294
2024-11-22 12:00,2024-11-22,12,410
2024-11-22 13:00,2024-11-22,13,425
2024-11-22 14:00,2024-11-22,14,429
2024-11-22 15:00,2024-11-22,15,503
2024-11-22 16:00,2024-11-22,16,404
2024-11-22 17:00,2024-11-22,17,529
2024-11-22 18:00,2024-11-22,18,590
2024-11-22 19:00,2024-11-22,19,432
2024-11-22 20:00,2024-11-22,20,298
2024-11-22 21:00,2024-11-22,21,190
2024-11-22 22:00,2024-11-22,22,169
2024-11-22 23:00,2024-11-22,23,138
2024-11-23 00:00,2024-11-23,0,65
2024-11-23 01:00,2024-11-23,1,52
2024-11-23 02:00,2024-11-23,2,37
2024-11-23 03:00,2024-11-23,3,33
2024-11-23 04:00,2024-11-23,4,15
2024-11-23 05:00,2024-11-23,5,56
2024-11-23 06:00,2024-11-23,6,173
2024-11-23 07:00,2024-11-23,7,266
2024-11-23 08:00,2024-11-23,8,304
2024-11-23 09:00,2024-11-23,9,318
2024-11-23 10:00,2024-11-23,10,263
2024-11-23 11:00,2024-11-23,11,236
2024-11-23 12:00,2024-11-23,12,335
2024-11-23 13:00,2024-11-23,13,252
2024-11-23 14:00,2024-11-23,14,325
2024-11-23 15:00,2024-11-23,15,320
2024-11-23 16:00,2024-11-23,16,280
2024-11-23 17:00,2024-11-23,17,370
2024-11-23 18:00,2024-11-23,18,504
2024-11-23 19:00,2024-11-23,19,438
2024-11-23 20:00,2024-11-23,20,275
2024-11-23 21:00,2024-11-23,21,161
2024-11-23 22:00,2024-11-23,22,135
2024-11-23 23:00,2024-11-23,23,86
2024-11-24 00:00,2024-11-24,0,77
2024-11-24 01:00,2024-11-24,1,45
2024-11-24 02:00,2024-11-24,2,48
2024-11-24 03:00,2024-11-24,3,28
2024-11-24 04:00,2024-11-24,4,13
2024-11-24 05:00,2024-11-24,5,62
2024-11-24 06:00,2024-11-24,6,243
2024-11-24 07:00,2024-11-24,7,329
2024-11-24 08:00,2024-11-24,8,264
2024-11-24 09:00,2024-11-24,9,372
2024-11-24 10:00,2024-11-24,10,248
2024-11-24 11:00,2024-11-24,11,279
2024-11-24 12:00,2024-11-24,12,264
2024-11-24 13:00,2024-11-24,13,190
2024-11-24 14:00,2024-11-24,14,286
2024-11-24 15:00,2024-11-24,15,234
2024-11-24 16:00,2024-11-24,16,246
2024-11-24 17:00,2024-11-24,17,274
2024-11-24 18:00,2024-11-24,18,399
2024-11-24 19:00,2024-11-24,19,315
2024-11-24 20:00,2024-11-24,20,204
2024-11-24 21:00,2024-11-24,21,202
2024-11-24 22:00,2024-11-24,22,142
2024-11-24 23:00,2024-11-24,23,88
2024-11-25 00:00,2024-11-25,0,116
2024-11-25 01:00,2024-11-25,1,94
2024-11-25 02:00,2024-11-25,2,64
2024-11-25 03:00,2024-11-25,3,45
2024-11-25 04:00,2024-11-25,4,21
2024-11-25 05:00,2024-11-25,5,84
2024-11-25 06:00,2024-11-25,6,230
2024-11-25 07:00,2024-11-25,7,395
2024-11-25 08:00,2024-11-25,8,350
2024-11-25 09:00,2024-11-25,9,376
2024-11-25 10:00,2024-11-25,10,385
2024-11-25 11:00,2024-11-25,11,370
2024-11-25 12:00,2024-11-25,12,357
2024-11-25 13:00,2024-11-25,13,390
2024-11-25 14:00,2024-11-25,14,433
2024-11-25 15:00,2024-11-25,15,472
2024-11-25 16:00,2024-11-25,16,432
2024-11-25 17:00,2024-11-25,17,579
2024-11-25 18:00,2024-11-25,18,685
2024-11-25 19:00,2024-11-25,19,546
2024-11-25 20:00,2024-11-25,20,395
2024-11-25 21:00,2024-11-25,21,270
2024-11-25 22:00,2024-11-25,22,211
2024-11-25 23:00,2024-11-25,23,96
2024-11-26 00:00,2024-11-26,0,89
2024-11-26 01:00,2024-11-26,1,69
2024-11-26 02:00,2024-11-26,2,65
2024-11-26 03:00,2024-11-26,3,48
2024-11-26 04:00,2024-11-26,4,18
2024-11-26 05:00,2024-11-26,5,76
2024-11-26 06:00,2024-11-26,6,296
2024-11-26 07:00,2024-11-26,7,525
2024-11-26 08:00,2024-11-26,8,367
2024-11-26 09:00,2024-11-26,9,532
2024-11-26 10:00,2024-11-26,10,371
2024-11-26 11:00,2024-11-26,11,288
2024-11-26 12:00,2024-11-26,12,491
2024-11-26 13:00,2024-11-26,13,324
2024-11-26 14:00,2024-11-26,14,312
2024-11-26 15:00,2024-11-26,15,401
2024-11-26 16:00,2024-11-26,16,497
2024-11-26 17:00,2024-11-26,17,445
2024-11-26 18:00,2024-11-26,18,606
2024-11-26 19:00,2024-11-26,19,511
2024-11-26 20:00,2024-11-26,20,398
2024-11-26 21:00,2024-11-26,21,195
2024-11-26 22:00,2024-11-26,22,191
2024-11-26 23:00,2024-11-26,23,116
2024-11-27 00:00,2024-11-27,0,96
2024-11-27 01:00,2024-11-27,1,97
2024-11-27 02:00,2024-11-27,2,50
2024-11-27 03:00,2024-11-27,3,32
2024-11-27 04:00,2024-11-27,4,19
2024-11-27 05:00,2024-11-27,5,84
2024-11-27 06:00,2024-11-27,6,387
2024-11-27 07:00,2024-11-27,7,351
2024-11-27 08:00,2024-11-27,8,444
2024-11-27 09:00,2024-11-27,9,539
2024-11-27 10:00,2024-11-27,10,365
2024-11-27 11:00,2024-11-27,11,351
2024-11-27 12:00,2024-11-27,12,418
2024-11-27 13:00,2024-11-27,13,298
2024-11-27 14:00,2024-11-27,14,495
2024-11-27 15:00,2024-11-27,15,406
2024-11-27 16:00,2024-11-27,16,484
2024-11-27 17:00,2024-11-27,17,463
2024-11-27 18:00,2024-11-27,18,670
2024-11-27 19:00,2024-11-27,19,577
2024-11-27 20:00,2024-11-27,20,295
2024-11-27 21:00,2024-11-27,21,298
2024-11-27 22:00,2024-11-27,22,212
2024-11-27 23:00,2024-11-27,23,112
2024-11-28 00:00,2024-11-28,0,107
2024-11-28 01:00,2024-11-28,1,68
2024-11-28 02:00,2024-11-28,2,48
2024-11-28 03:00,2024-11-28,3,45
2024-11-28 04:00,2024-11-28,4,25
2024-11-28 05:00,2024-11-28,5,86
2024-11-28 06:00,2024-11-28,6,355
2024-11-28 07:00,2024-11-28,7,463
2024-11-28 08:00,2024-11-28,8,497
2024-11-28 09:00,2024-11-28,9,422
2024-11-28 10:00,2024-11-28,10,396
2024-11-28 11:00,2024-11-28,11,395
2024-11-28 12:00,2024-11-28,12,485
2024-11-28 13:00,2024-11-28,13,398
2024-11-28 14:00,2024-11-28,14,373
2024-11-28 15:00,2024-11-28,15,520
2024-11-28 16:00,2024-11-28,16,481
2024-11-28 17:00,2024-11-28,17,481
2024-11-28 18:00,2024-11-28,18,478
2024-11-28 19:00,2024-11-28,19,516
2024-11-28 20:00,2024-11-28,20,449
2024-11-28 21:00,2024-11-28,21,224
2024-11-28 22:00,2024-11-28,22,224
2024-11-28 23:00,2024-11-28,23,115
2024-11-29 00:00,2024-11-29,0,127
2024-11-29 01:00,2024-11-29,1,65
2024-11-29 02:00,2024-11-29,2,67
2024-11-29 03:00,2024-11-29,3,38
2024-11-29 04:00,2024-11-29,4,23
2024-11-29 05:00,2024-11-29,5,82
2024-11-29 06:00,2024-11-29,6,359
2024-11-29 07:00,2024-11-29,7,401
2024-11-29 08:00,2024-11-29,8,375
2024-11-29 09:00,2024-11-29,9,558
2024-11-29 10:00,2024-11-29,10,356
2024-11-29 11:00,2024-11-29,11,431
2024-11-29 12:00,2024-11-29,12,535
2024-11-29 13:00,2024-11-29,13,350
2024-11-29 14:00,2024-11-29,14,373
2024-11-29 15:00,2024-11-29,15,476
2024-11-29 16:00,2024-11-29,16,484
2024-11-29 17:00,2024-11-29,17,434
2024-11-29 18:00,2024-11-29,18,483
2024-11-29 19:00,2024-11-29,19,536
2024-11-29 20:00,2024-11-29,20,452
2024-11-29 21:00,2024-11-29,21,218
2024-11-29 22:00,2024-11-29,22,209
2024-11-29 23:00,2024-11-29,23,99
2024-11-30 00:00,2024-11-30,0,86
2024-11-30 01:00,2024-11-30,1,63
2024-11-30 02:00,2024-11-30,2,52
2024-11-30 03:00,2024-11-30,3,26
2024-11-30 04:00,2024-11-30,4,10
2024-11-30 05:00,2024-11-30,5,63
2024-11-30 06:00,2024-11-30,6,189
2024-11-30 07:00,2024-11-30,7,260
2024-11-30 08:00,2024-11-30,8,308
2024-11-30 09:00,2024-11-30,9,279
2024-11-30 10:00,2024-11-30,10,185
2024-11-30 11:00,2024-11-30,11,312
2024-11-30 12:00,2024-11-30,12,311
2024-11-30 13:00,2024-11-30,13,217
2024-11-30 14:00,2024-11-30,14,267
2024-11-30 15:00,2024-11-30,15,324
2024-11-30 16:00,2024-11-30,16,289
2024-11-30 17:00,2024-11-30,17,403
2024-11-30 18:00,2024-11-30,18,408
2024-11-30 19:00,2024-11-30,19,289
2024-11-30 20:00,2024-11-30,20,226
2024-11-30 21:00,2024-11-30,21,148
2024-11-30 22:00,2024-11-30,22,132
2024-11-30 23:00,2024-11-30,23,63
2024-12-01 00:00,2024-12-01,0,60
2024-12-01 01:00,2024-12-01,1,44
2024-12-01 02:00,2024-12-01,2,37
2024-12-01 03:00,2024-12-01,3,24
2024-12-01 04:00,2024-12-01,4,13
2024-12-01 05:00,2024-12-01,5,57
2024-12-01 06:00,2024-12-01,6,270
2024-12-01 07:00,2024-12-01,7,267
2024-12-01 08:00,2024-12-01,8,256
2024-12-01 09:00,2024-12-01,9,383
2024-12-01 10:00,2024-12-01,10,277
2024-12-01 11:00,2024-12-01,11,201
2024-12-01 12:00,2024-12-01,12,278
2024-12-01 13:00,2024-12-01,13,198
2024-12-01 14:00,2024-12-01,14,229
2024-12-01 15:00,2024-12-01,15,328
2024-12-01 16:00,2024-12-01,16,236
2024-12-01 17:00,2024-12-01,17,296
2024-12-01 18:00,2024-12-01,18,457
2024-12-01 19:00,2024-12-01,19,315
2024-12-01 20:00,2024-12-01,20,300
2024-12-01 21:00,2024-12-01,21,158
2024-12-01 22:00,2024-12-01,22,106
2024-12-01 23:00,2024-12-01,23,74
2024-12-02 00:00,2024-12-02,0,104
2024-12-02 01:00,2024-12-02,1,78
2024-12-02 02:00,2024-12-02,2,49
2024-12-02 03:00,2024-12-02,3,48
2024-12-02 04:00,2024-12-02,4,26
2024-12-02 05:00,2024-12-02,5,81
2024-12-02 06:00,2024-12-02,6,266
2024-12-02 07:00,2024-12-02,7,315
2024-12-02 08:00,2024-12-02,8,451
2024-12-02 09:00,2024-12-02,9,529
2024-12-02 10:00,2024-12-02,10,362
2024-12-02 11:00,2024-12-02,11,430
2024-12-02 12:00,2024-12-02,12,507
2024-12-02 13:00,2024-12-02,13,466
2024-12-02 14:00,2024-12-02,14,315
2024-12-02 15:00,2024-12-02,15,432
2024-12-02 16:00,2024-12-02,16,374
2024-12-02 17:00,2024-12-02,17,532
2024-12-02 18:00,2024-12-02,18,738
2024-12-02 19:00,2024-12-02,19,621
2024-12-02 20:00,2024-12-02,20,309
2024-12-02 21:00,2024-12-02,21,279
2024-12-02 22:00,2024-12-02,22,197
2024-12-02 23:00,2024-12-02,23,102
2024-12-03 00:00,2024-12-03,0,103
2024-12-03 01:00,2024-12-03,1,75
2024-12-03 02:00,2024-12-03,2,69
2024-12-03 03:00,2024-12-03,3,31
2024-12-03 04:00,2024-12-03,4,26
2024-12-03 05:00,2024-12-03,5,100
2024-12-03 06:00,2024-12-03,6,315
2024-12-03 07:00,2024-12-03,7,373
2024-12-03 08:00,2024-12-03,8,378
2024-12-03 09:00,2024-12-03,9,607
2024-12-03 10:00,2024-12-03,10,435
2024-12-03 11:00,2024-12-03,11,339
2024-12-03 12:00,2024-12-03,12,396
2024-12-03 13:00,2024-12-03,13,294
2024-12-03 14:00,2024-12-03,14,486
2024-12-03 15:00,2024-12-03,15,413
2024-12-03 16:00,2024-12-03,16,301
2024-12-03 17:00,2024-12-03,17,415
2024-12-03 18:00,2024-12-03,18,623
2024-12-03 19:00,2024-12-03,19,379
2024-12-03 20:00,2024-12-03,20,373
2024-12-03 21:00,2024-12-03,21,289
2024-12-03 22:00,2024-12-03,22,159
2024-12-03 23:00,2024-12-03,23,97
2024-12-04 00:00,2024-12-04,0,97
2024-12-04 01:00,2024-12-04,1,69
2024-12-04 02:00,2024-12-04,2,70
2024-12-04 03:00,2024-12-04,3,49
2024-12-04 04:00,2024-12-04,4,24
2024-12-04 05:00,2024-12-04,5,99
2024-12-04 06:00,2024-12-04,6,385
2024-12-04 07:00,2024-12-04,7,346
2024-12-04 08:00,2024-12-04,8,359
2024-12-04 09:00,2024-12-04,9,549
2024-12-04 10:00,2024-12-04,10,431
2024-12-04 11:00,2024-12-04,11,333
2024-12-04 12:00,2024-12-04,12,395
2024-12-04 13:00,2024-12-04,13,415
2024-12-04 14:00,2024-12-04,14,399
2024-12-04 15:00,2024-12-04,15,540
2024-12-04 16:00,2024-12-04,16,484
2024-12-04 17:00,2024-12-04,17,383
2024-12-04 18:00,2024-12-04,18,538
2024-12-04 19:00,2024-12-04,19,498
2024-12-04 20:00,2024-12-04,20,417
2024-12-04 21:00,2024-12-04,21,213
2024-12-04 22:00,2024-12-04,22,158
2024-12-04 23:00,2024-12-04,23,129
2024-12-05 00:00,2024-12-05,0,100
2024-12-05 01:00,2024-12-05,1,82
2024-12-05 02:00,2024-12-05,2,52
2024-12-05 03:00,2024-12-05,3,40
2024-12-05 04:00,2024-12-05,4,18
2024-12-05 05:00,2024-12-05,5,84
2024-12-05 06:00,2024-12-05,6,275
2024-12-05 07:00,2024-12-05,7,442
2024-12-05 08:00,2024-12-05,8,503
2024-12-05 09:00,2024-12-05,9,473
2024-12-05 10:00,2024-12-05,10,298
2024-12-05 11:00,2024-12-05,11,362
2024-12-05 12:00,2024-12-05,12,511
2024-12-05 13:00,2024-12-05,13,302
2024-12-05 14:00,2024-12-05,14,370
2024-12-05 15:00,2024-12-05,15,460
2024-12-05 16:00,2024-12-05,16,367
2024-12-05 17:00,2024-12-05,17,385
2024-12-05 18:00,2024-12-05,18,639
2024-12-05 19:00,2024-12-05,19,425
2024-12-05 20:00,2024-12-05,20,351
2024-12-05 21:00,2024-12-05,21,257
2024-12-05 22:00,2024-12-05,22,219
2024-12-05 23:00,2024-12-05,23,139
2024-12-06 00:00,2024-12-06,0,128
2024-12-06 01:00,2024-12-06,1,70
2024-12-06 02:00,2024-12-06,2,55
2024-12-06 03:00,2024-12-06,3,49
2024-12-06 04:00,2024-12-06,4,19
2024-12-06 05:00,2024-12-06,5,83
2024-12-06 06:00,2024-12-06,6,322
2024-12-06 07:00,2024-12-06,7,385
2024-12-06 08:00,2024-12-06,8,496
2024-12-06 09:00,2024-12-06,9,436
2024-12-06 10:00,2024-12-06,10,346
2024-12-06 11:00,2024-12-06,11,293
2024-12-06 12:00,2024-12-06,12,357
2024-12-06 13:00,2024-12-06,13,386
2024-12-06 14:00,2024-12-06,14,412
2024-12-06 15:00,2024-12-06,15,455
2024-12-06 16:00,2024-12-06,16,447
2024-12-06 17:00,2024-12-06,17,361
2024-12-06 18:00,2024-12-06,18,732
2024-12-06 19:00,2024-12-06,19,518
2024-12-06 20:00,2024-12-06,20,433
2024-12-06 21:00,2024-12-06,21,207
2024-12-06 22:00,2024-12-06,22,202
2024-12-06 23:00,2024-12-06,23,156
2024-12-07 00:00,2024-12-07,0,67
2024-12-07 01:00,2024-12-07,1,57
2024-12-07 02:00,2024-12-07,2,31
2024-12-07 03:00,2024-12-07,3,29
2024-12-07 04:00,2024-12-07,4,13
2024-12-07 05:00,2024-12-07,5,52
2024-12-07 06:00,2024-12-07,6,151
2024-12-07 07:00,2024-12-07,7,263
2024-12-07 08:00,2024-12-07,8,327
2024-12-07 09:00,2024-12-07,9,296
2024-12-07 10:00,2024-12-07,10,275
2024-12-07 11:00,2024-12-07,11,214
2024-12-07 12:00,2024-12-07,12,401
2024-12-07 13:00,2024-12-07,13,320
2024-12-07 14:00,2024-12-07,14,315
2024-12-07 15:00,2024-12-07,15,234
2024-12-07 16:00,2024-12-07,16,385
2024-12-07 17:00,2024-12-07,17,403
2024-12-07 18:00,2024-12-07,18,511
2024-12-07 19:00,2024-12-07,19,375
2024-12-07 20:00,2024-12-07,20,298
2024-12-07 21:00,2024-12-07,21,205
2024-12-07 22:00,2024-12-07,22,154
2024-12-07 23:00,2024-12-07,23,107
2024-12-08 00:00,2024-12-08,0,89
2024-12-08 01:00,2024-12-08,1,71
2024-12-08 02:00,2024-12-08,2,37
2024-12-08 03:00,2024-12-08,3,24
2024-12-08 04:00,2024-12-08,4,14
2024-12-08 05:00,2024-12-08,5,53
2024-12-08 06:00,2024-12-08,6,248
2024-12-08 07:00,2024-12-08,7,253
2024-12-08 08:00,2024-12-08,8,310
2024-12-08 09:00,2024-12-08,9,326
2024-12-08 10:00,2024-12-08,10,237
2024-12-08 11:00,2024-12-08,11,281
2024-12-08 12:00,2024-12-08,12,240
2024-12-08 13:00,2024-12-08,13,228
2024-12-08 14:00,2024-12-08,14,227
2024-12-08 15:00,2024-12-08,15,220
2024-12-08 16:00,2024-12-08,16,220
2024-12-08 17:00,2024-12-08,17,418
2024-12-08 18:00,2024-12-08,18,378
2024-12-08 19:00,2024-12-08,19,269
2024-12-08 20:00,2024-12-08,20,213
2024-12-08 21:00,2024-12-08,21,213
2024-12-08 22:00,2024-12-08,22,127
2024-12-08 23:00,2024-12-08,23,66
2024-12-09 00:00,2024-12-09,0,108
2024-12-09 01:00,2024-12-09,1,76
2024-12-09 02:00,2024-12-09,2,48
2024-12-09 03:00,2024-12-09,3,37
2024-12-09 04:00,2024-12-09,4,18
2024-12-09 05:00,2024-12-09,5,85
2024-12-09 06:00,2024-12-09,6,252
2024-12-09 07:00,2024-12-09,7,434
2024-12-09 08:00,2024-12-09,8,367
2024-12-09 09:00,2024-12-09,9,506
2024-12-09 10:00,2024-12-09,10,418
2024-12-09 11:00,2024-12-09,11,371
2024-12-09 12:00,2024-12-09,12,422
2024-12-09 13:00,2024-12-09,13,345
2024-12-09 14:00,2024-12-09,14,363
2024-12-09 15:00,2024-12-09,15,469
2024-12-09 16:00,2024-12-09,16,467
2024-12-09 17:00,2024-12-09,17,559
2024-12-09 18:00,2024-12-09,18,573
2024-12-09 19:00,2024-12-09,19,584
2024-12-09 20:00,2024-12-09,20,375
2024-12-09 21:00,2024-12-09,21,224
2024-12-09 22:00,2024-12-09,22,231
2024-12-09 23:00,2024-12-09,23,104
2024-12-10 00:00,2024-12-10,0,120
2024-12-10 01:00,2024-12-10,1,91
2024-12-10 02:00,2024-12-10,2,65
2024-12-10 03:00,2024-12-10,3,32
2024-12-10 04:00,2024-12-10,4,16
2024-12-10 05:00,2024-12-10,5,86
2024-12-10 06:00,2024-12-10,6,281
2024-12-10 07:00,2024-12-10,7,495
2024-12-10 08:00,2024-12-10,8,406
2024-12-10 09:00,2024-12-10,9,624
2024-12-10 10:00,2024-12-10,10,349
2024-12-10 11:00,2024-12-10,11,446
2024-12-10 12:00,2024-12-10,12,384
2024-12-10 13:00,2024-12-10,13,303
2024-12-10 14:00,2024-12-10,14,457
2024-12-10 15:00,2024-12-10,15,380
2024-12-10 16:00,2024-12-10,16,474
2024-12-10 17:00,2024-12-10,17,599
2024-12-10 18:00,2024-12-10,18,496
2024-12-10 19:00,2024-12-10,19,473
2024-12-10 20:00,2024-12-10,20,291
2024-12-10 21:00,2024-12-10,21,269
2024-12-10 22:00,2024-12-10,22,167
2024-12-10 23:00,2024-12-10,23,114
2024-12-11 00:00,2024-12-11,0,102
2024-12-11 01:00,2024-12-11,1,92
2024-12-11 02:00,2024-12-11,2,75
2024-12-11 03:00,2024-12-11,3,51
2024-12-11 04:00,2024-12-11,4,25
2024-12-11 05:00,2024-12-11,5,89
2024-12-11 06:00,2024-12-11,6,352
2024-12-11 07:00,2024-12-11,7,365
2024-12-11 08:00,2024-12-11,8,526
2024-12-11 09:00,2024-12-11,9,497
2024-12-11 10:00,2024-12-11,10,371
2024-12-11 11:00,2024-12-11,11,417
2024-12-11 12:00,2024-12-11,12,510
2024-12-11 13:00,2024-12-11,13,385
2024-12-11 14:00,2024-12-11,14,499
2024-12-11 15:00,2024-12-11,15,448
2024-12-11 16:00,2024-12-11,16,333
2024-12-11 17:00,2024-12-11,17,621
2024-12-11 18:00,2024-12-11,18,574
2024-12-11 19:00,2024-12-11,19,443
2024-12-11 20:00,2024-12-11,20,404
2024-12-11 21:00,2024-12-11,21,263
2024-12-11 22:00,2024-12-11,22,149
2024-12-11 23:00,2024-12-11,23,142
2024-12-12 00:00,2024-12-12,0,113
2024-12-12 01:00,2024-12-12,1,71
2024-12-12 02:00,2024-12-12,2,75
2024-12-12 03:00,2024-12-12,3,36
2024-12-12 04:00,2024-12-12,4,21
2024-12-12 05:00,2024-12-12,5,102
2024-12-12 06:00,2024-12-12,6,293
2024-12-12 07:00,2024-12-12,7,320
2024-12-12 08:00,2024-12-12,8,527
2024-12-12 09:00,2024-12-12,9,466
2024-12-12 10:00,2024-12-12,10,364
2024-12-12 11:00,2024-12-12,11,377
2024-12-12 12:00,2024-12-12,12,471
2024-12-12 13:00,2024-12-12,13,455
2024-12-12 14:00,2024-12-12,14,300
2024-12-12 15:00,2024-12-12,15,426
2024-12-12 16:00,2024-12-12,16,481
2024-12-12 17:00,2024-12-12,17,584
2024-12-12 18:00,2024-12-12,18,639
2024-12-12 19:00,2024-12-12,19,486
2024-12-12 20:00,2024-12-12,20,366
2024-12-12 21:00,2024-12-12,21,264
2024-12-12 22:00,2024-12-12,22,172
2024-12-12 23:00,2024-12-12,23,105
2024-12-13 00:00,2024-12-13,0,130
2024-12-13 01:00,2024-12-13,1,83
2024-12-13 02:00,2024-12-13,2,73
2024-12-13 03:00,2024-12-13,3,32
2024-12-13 04:00,2024-12-13,4,20
2024-12-13 05:00,2024-12-13,5,99
2024-12-13 06:00,2024-12-13,6,377
2024-12-13 07:00,2024-12-13,7,410
2024-12-13 08:00,2024-12-13,8,538
2024-12-13 09:00,2024-12-13,9,462
2024-12-13 10:00,2024-12-13,10,429
2024-12-13 11:00,2024-12-13,11,458
2024-12-13 12:00,2024-12-13,12,401
2024-12-13 13:00,2024-12-13,13,402
2024-12-13 14:00,2024-12-13,14,445
2024-12-13 15:00,2024-12-13,15,392
2024-12-13 16:00,2024-12-13,16,349
2024-12-13 17:00,2024-12-13,17,522
2024-12-13 18:00,2024-12-13,18,774
2024-12-13 19:00,2024-12-13,19,459
2024-12-13 20:00,2024-12-13,20,360
2024-12-13 21:00,2024-12-13,21,276
2024-12-13 22:00,2024-12-13,22,199
2024-12-13 23:00,2024-12-13,23,107
2024-12-14 00:00,2024-12-14,0,66
2024-12-14 01:00,2024-12-14,1,55
2024-12-14 02:00,2024-12-14,2,43
2024-12-14 03:00,2024-12-14,3,26
2024-12-14 04:00,2024-12-14,4,14
2024-12-14 05:00,2024-12-14,5,58
2024-12-14 06:00,2024-12-14,6,190
2024-12-14 07:00,2024-12-14,7,321
2024-12-14 08:00,2024-12-14,8,236
2024-12-14 09:00,2024-12-14,9,433
2024-12-14 10:00,2024-12-14,10,280
2024-12-14 11:00,2024-12-14,11,255
2024-12-14 12:00,2024-12-14,12,246
2024-12-14 13:00,2024-12-14,13,328
2024-12-14 14:00,2024-12-14,14,344
2024-12-14 15:00,2024-12-14,15,229
2024-12-14 16:00,2024-12-14,16,233
2024-12-14 17:00,2024-12-14,17,331
2024-12-14 18:00,2024-12-14,18,324
2024-12-14 19:00,2024-12-14,19,297
2024-12-14 20:00,2024-12-14,20,267
2024-12-14 21:00,2024-12-14,21,161
2024-12-14 22:00,2024-12-14,22,137
2024-12-14 23:00,2024-12-14,23,91
2024-12-15 00:00,2024-12-15,0,49
2024-12-15 01:00,2024-12-15,1,43
2024-12-15 02:00,2024-12-15,2,37
2024-12-15 03:00,2024-12-15,3,27
2024-12-15 04:00,2024-12-15,4,14
2024-12-15 05:00,2024-12-15,5,54
2024-12-15 06:00,2024-12-15,6,164
2024-12-15 07:00,2024-12-15,7,260
2024-12-15 08:00,2024-12-15,8,282
2024-12-15 09:00,2024-12-15,9,322
2024-12-15 10:00,2024-12-15,10,255
2024-12-15 11:00,2024-12-15,11,247
2024-12-15 12:00,2024-12-15,12,207
2024-12-15 13:00,2024-12-15,13,260
2024-12-15 14:00,2024-12-15,14,266
2024-12-15 15:00,2024-12-15,15,267
2024-12-15 16:00,2024-12-15,16,284
2024-12-15 17:00,2024-12-15,17,338
2024-12-15 18:00,2024-12-15,18,315
2024-12-15 19:00,2024-12-15,19,224
2024-12-15 20:00,2024-12-15,20,222
2024-12-15 21:00,2024-12-15,21,122
2024-12-15 22:00,2024-12-15,22,119
2024-12-15 23:00,2024-12-15,23,51
2024-12-16 00:00,2024-12-16,0,68
2024-12-16 01:00,2024-12-16,1,51
2024-12-16 02:00,2024-12-16,2,63
2024-12-16 03:00,2024-12-16,3,25
2024-12-16 04:00,2024-12-16,4,18
2024-12-16 05:00,2024-12-16,5,57
2024-12-16 06:00,2024-12-16,6,287
2024-12-16 07:00,2024-12-16,7,310
2024-12-16 08:00,2024-12-16,8,422
2024-12-16 09:00,2024-12-16,9,350
2024-12-16 10:00,2024-12-16,10,225
2024-12-16 11:00,2024-12-16,11,279
2024-12-16 12:00,2024-12-16,12,451
2024-12-16 13:00,2024-12-16,13,291
2024-12-16 14:00,2024-12-16,14,357
2024-12-16 15:00,2024-12-16,15,290
2024-12-16 16:00,2024-12-16,16,261
2024-12-16 17:00,2024-12-16,17,311
2024-12-16 18:00,2024-12-16,18,475
2024-12-16 19:00,2024-12-16,19,407
2024-12-16 20:00,2024-12-16,20,247
2024-12-16 21:00,2024-12-16,21,245
2024-12-16 22:00,2024-12-16,22,177
2024-12-16 23:00,2024-12-16,23,110
2024-12-17 00:00,2024-12-17,0,76
2024-12-17 01:00,2024-12-17,1,79
2024-12-17 02:00,2024-12-17,2,38
2024-12-17 03:00,2024-12-17,3,30
2024-12-17 04:00,2024-12-17,4,16
2024-12-17 05:00,2024-12-17,5,66
2024-12-17 06:00,2024-12-17,6,240
2024-12-17 07:00,2024-12-17,7,373
2024-12-17 08:00,2024-12-17,8,436
2024-12-17 09:00,2024-12-17,9,465
2024-12-17 10:00,2024-12-17,10,309
2024-12-17 11:00,2024-12-17,11,355
2024-12-17 12:00,2024-12-17,12,346
2024-12-17 13:00,2024-12-17,13,253
2024-12-17 14:00,2024-12-17,14,306
2024-12-17 15:00,2024-12-17,15,411
2024-12-17 16:00,2024-12-17,16,358
2024-12-17 17:00,2024-12-17,17,381
2024-12-17 18:00,2024-12-17,18,380
2024-12-17 19:00,2024-12-17,19,320
2024-12-17 20:00,2024-12-17,20,345
2024-12-17 21:00,2024-12-17,21,248
2024-12-17 22:00,2024-12-17,22,117
2024-12-17 23:00,2024-12-17,23,118
2024-12-18 00:00,2024-12-18,0,74
2024-12-18 01:00,2024-12-18,1,63
2024-12-18 02:00,2024-12-18,2,39
2024-12-18 03:00,2024-12-18,3,38
2024-12-18 04:00,2024-12-18,4,19
2024-12-18 05:00,2024-12-18,5,71
2024-12-18 06:00,2024-12-18,6,226
2024-12-18 07:00,2024-12-18,7,270
2024-12-18 08:00,2024-12-18,8,279
2024-12-18 09:00,2024-12-18,9,482
2024-12-18 10:00,2024-12-18,10,309
2024-12-18 11:00,2024-12-18,11,293
2024-12-18 12:00,2024-12-18,12,351
2024-12-18 13:00,2024-12-18,13,338
2024-12-18 14:00,2024-12-18,14,386
2024-12-18 15:00,2024-12-18,15,255
2024-12-18 16:00,2024-12-18,16,288
2024-12-18 17:00,2024-12-18,17,427
2024-12-18 18:00,2024-12-18,18,375
2024-12-18 19:00,2024-12-18,19,369
2024-12-18 20:00,2024-12-18,20,257
2024-12-18 21:00,2024-12-18,21,223
2024-12-18 22:00,2024-12-18,22,168
2024-12-18 23:00,2024-12-18,23,94
2024-12-19 00:00,2024-12-19,0,64
2024-12-19 01:00,2024-12-19,1,75
2024-12-19 02:00,2024-12-19,2,57
2024-12-19 03:00,2024-12-19,3,30
2024-12-19 04:00,2024-12-19,4,12
2024-12-19 05:00,2024-12-19,5,55
2024-12-19 06:00,2024-12-19,6,219
2024-12-19 07:00,2024-12-19,7,298
2024-12-19 08:00,2024-12-19,8,445
2024-12-19 09:00,2024-12-19,9,344
2024-12-19 10:00,2024-12-19,10,237
2024-12-19 11:00,2024-12-19,11,243
2024-12-19 12:00,2024-12-19,12,340
2024-12-19 13:00,2024-12-19,13,324
2024-12-19 14:00,2024-12-19,14,324
2024-12-19 15:00,2024-12-19,15,351
2024-12-19 16:00,2024-12-19,16,438
2024-12-19 17:00,2024-12-19,17,442
2024-12-19 18:00,2024-12-19,18,442
2024-12-19 19:00,2024-12-19,19,363
2024-12-19 20:00,2024-12-19,20,292
2024-12-19 21:00,2024-12-19,21,230
2024-12-19 22:00,2024-12-19,22,125
2024-12-19 23:00,2024-12-19,23,112
2024-12-20 00:00,2024-12-20,0,83
2024-12-20 01:00,2024-12-20,1,54
2024-12-20 02:00,2024-12-20,2,42
2024-12-20 03:00,2024-12-20,3,39
2024-12-20 04:00,2024-12-20,4,13
2024-12-20 05:00,2024-12-20,5,76
2024-12-20 06:00,2024-12-20,6,243
2024-12-20 07:00,2024-12-20,7,343
2024-12-20 08:00,2024-12-20,8,280
2024-12-20 09:00,2024-12-20,9,409
2024-12-20 10:00,2024-12-20,10,259
2024-12-20 11:00,2024-12-20,11,373
2024-12-20 12:00,2024-12-20,12,348
2024-12-20 13:00,2024-12-20,13,374
2024-12-20 14:00,2024-12-20,14,308
2024-12-20 15:00,2024-12-20,15,327
2024-12-20 16:00,2024-12-20,16,386
2024-12-20 17:00,2024-12-20,17,426
2024-12-20 18:00,2024-12-20,18,608
2024-12-20 19:00,2024-12-20,19,444
2024-12-20 20:00,2024-12-20,20,286
2024-12-20 21:00,2024-12-20,21,186
2024-12-20 22:00,2024-12-20,22,171
2024-12-20 23:00,2024-12-20,23,118
2024-12-21 00:00,2024-12-21,0,53
2024-12-21 01:00,2024-12-21,1,54
2024-12-21 02:00,2024-12-21,2,31
2024-12-21 03:00,2024-12-21,3,18
2024-12-21 04:00,2024-12-21,4,13
2024-12-21 05:00,2024-12-21,5,55
2024-12-21 06:00,2024-12-21,6,132
2024-12-21 07:00,2024-12-21,7,179
2024-12-21 08:00,2024-12-21,8,285
2024-12-21 09:00,2024-12-21,9,288
2024-12-21 10:00,2024-12-21,10,242
2024-12-21 11:00,2024-12-21,11,256
2024-12-21 12:00,2024-12-21,12,287
2024-12-21 13:00,2024-12-21,13,263
2024-12-21 14:00,2024-12-21,14,266
2024-12-21 15:00,2024-12-21,15,277
2024-12-21 16:00,2024-12-21,16,264
2024-12-21 17:00,2024-12-21,17,282
2024-12-21 18:00,2024-12-21,18,448
2024-12-21 19:00,2024-12-21,19,280
2024-12-21 20:00,2024-12-21,20,206
2024-12-21 21:00,2024-12-21,21,117
2024-12-21 22:00,2024-12-21,22,82
2024-12-21 23:00,2024-12-21,23,58
2024-12-22 00:00,2024-12-22,0,61
2024-12-22 01:00,2024-12-22,1,52
2024-12-22 02:00,2024-12-22,2,34
2024-12-22 03:00,2024-12-22,3,23
2024-12-22 04:00,2024-12-22,4,9
2024-12-22 05:00,2024-12-22,5,33
2024-12-22 06:00,2024-12-22,6,178
2024-12-22 07:00,2024-12-22,7,209
2024-12-22 08:00,2024-12-22,8,242
2024-12-22 09:00,2024-12-22,9,215
2024-12-22 10:00,2024-12-22,10,159
2024-12-22 11:00,2024-12-22,11,175
2024-12-22 12:00,2024-12-22,12,205
2024-12-22 13:00,2024-12-22,13,242
2024-12-22 14:00,2024-12-22,14,276
2024-12-22 15:00,2024-12-22,15,173
2024-12-22 16:00,2024-12-22,16,170
2024-12-22 17:00,2024-12-22,17,318
2024-12-22 18:00,2024-12-22,18,298
2024-12-22 19:00,2024-12-22,19,266
2024-12-22 20:00,2024-12-22,20,185
2024-12-22 21:00,2024-12-22,21,173
2024-12-22 22:00,2024-12-22,22,100
2024-12-22 23:00,2024-12-22,23,73
2024-12-23 00:00,2024-12-23,0,68
2024-12-23 01:00,2024-12-23,1,69
2024-12-23 02:00,2024-12-23,2,46
2024-12-23 03:00,2024-12-23,3,39
2024-12-23 04:00,2024-12-23,4,20
2024-12-23 05:00,2024-12-23,5,51
2024-12-23 06:00,2024-12-23,6,297
2024-12-23 07:00,2024-12-23,7,293
2024-12-23 08:00,2024-12-23,8,305
2024-12-23 09:00,2024-12-23,9,411
2024-12-23 10:00,2024-12-23,10,338
2024-12-23 11:00,2024-12-23,11,289
2024-12-23 12:00,2024-12-23,12,279
2024-12-23 13:00,2024-12-23,13,353
2024-12-23 14:00,2024-12-23,14,256
2024-12-23 15:00,2024-12-23,15,325
2024-12-23 16:00,2024-12-23,16,386
2024-12-23 17:00,2024-12-23,17,470
2024-12-23 18:00,2024-12-23,18,587
2024-12-23 19:00,2024-12-23,19,319
2024-12-23 20:00,2024-12-23,20,340
2024-12-23 21:00,2024-12-23,21,229
2024-12-23 22:00,2024-12-23,22,148
2024-12-23 23:00,2024-12-23,23,106
2024-12-24 00:00,2024-12-24,0,95
2024-12-24 01:00,2024-12-24,1,53
2024-12-24 02:00,2024-12-24,2,51
2024-12-24 03:00,2024-12-24,3,35
2024-12-24 04:00,2024-12-24,4,19
2024-12-24 05:00,2024-12-24,5,71
2024-12-24 06:00,2024-12-24,6,250
2024-12-24 07:00,2024-12-24,7,392
2024-12-24 08:00,2024-12-24,8,458
2024-12-24 09:00,2024-12-24,9,494
2024-12-24 10:00,2024-12-24,10,335
2024-12-24 11:00,2024-12-24,11,387
2024-12-24 12:00,2024-12-24,12,298
2024-12-24 13:00,2024-12-24,13,267
2024-12-24 14:00,2024-12-24,14,291
2024-12-24 15:00,2024-12-24,15,343
2024-12-24 16:00,2024-12-24,16,289
2024-12-24 17:00,2024-12-24,17,305
2024-12-24 18:00,2024-12-24,18,428
2024-12-24 19:00,2024-12-24,19,376
2024-12-24 20:00,2024-12-24,20,291
2024-12-24 21:00,2024-12-24,21,212
2024-12-24 22:00,2024-12-24,22,132
2024-12-24 23:00,2024-12-24,23,81
2024-12-25 00:00,2024-12-25,0,101
2024-12-25 01:00,2024-12-25,1,83
2024-12-25 02:00,2024-12-25,2,49
2024-12-25 03:00,2024-12-25,3,25
2024-12-25 04:00,2024-12-25,4,19
2024-12-25 05:00,2024-12-25,5,74
2024-12-25 06:00,2024-12-25,6,257
2024-12-25 07:00,2024-12-25,7,278
2024-12-25 08:00,2024-12-25,8,355
2024-12-25 09:00,2024-12-25,9,308
2024-12-25 10:00,2024-12-25,10,239
2024-12-25 11:00,2024-12-25,11,232
2024-12-25 12:00,2024-12-25,12,296
2024-12-25 13:00,2024-12-25,13,314
2024-12-25 14:00,2024-12-25,14,267
2024-12-25 15:00,2024-12-25,15,386
2024-12-25 16:00,2024-12-25,16,309
2024-12-25 17:00,2024-12-25,17,329
2024-12-25 18:00,2024-12-25,18,381
2024-12-25 19:00,2024-12-25,19,331
2024-12-25 20:00,2024-12-25,20,312
2024-12-25 21:00,2024-12-25,21,214
2024-12-25 22:00,2024-12-25,22,165
2024-12-25 23:00,2024-12-25,23,110
2024-12-26 00:00,2024-12-26,0,99
2024-12-26 01:00,2024-12-26,1,82
2024-12-26 02:00,2024-12-26,2,38
2024-12-26 03:00,2024-12-26,3,29
2024-12-26 04:00,2024-12-26,4,20
2024-12-26 05:00,2024-12-26,5,79
2024-12-26 06:00,2024-12-26,6,231
2024-12-26 07:00,2024-12-26,7,412
2024-12-26 08:00,2024-12-26,8,432
2024-12-26 09:00,2024-12-26,9,338
2024-12-26 10:00,2024-12-26,10,321
2024-12-26 11:00,2024-12-26,11,359
2024-12-26 12:00,2024-12-26,12,285
2024-12-26 13:00,2024-12-26,13,297
2024-12-26 14:00,2024-12-26,14,253
2024-12-26 15:00,2024-12-26,15,360
2024-12-26 16:00,2024-12-26,16,314
2024-12-26 17:00,2024-12-26,17,322
2024-12-26 18:00,2024-12-26,18,595
2024-12-26 19:00,2024-12-26,19,410
2024-12-26 20:00,2024-12-26,20,328
2024-12-26 21:00,2024-12-26,21,247
2024-12-26 22:00,2024-12-26,22,144
2024-12-26 23:00,2024-12-26,23,98
2024-12-27 00:00,2024-12-27,0,88
2024-12-27 01:00,2024-12-27,1,53
2024-12-27 02:00,2024-12-27,2,46
2024-12-27 03:00,2024-12-27,3,28
2024-12-27 04:00,2024-12-27,4,12
2024-12-27 05:00,2024-12-27,5,80
2024-12-27 06:00,2024-12-27,6,308
2024-12-27 07:00,2024-12-27,7,324
2024-12-27 08:00,2024-12-27,8,342
2024-12-27 09:00,2024-12-27,9,362
2024-12-27 10:00,2024-12-27,10,335
2024-12-27 11:00,2024-12-27,11,300
2024-12-27 12:00,2024-12-27,12,289
2024-12-27 13:00,2024-12-27,13,311
2024-12-27 14:00,2024-12-27,14,252
2024-12-27 15:00,2024-12-27,15,311
2024-12-27 16:00,2024-12-27,16,309
2024-12-27 17:00,2024-12-27,17,353
2024-12-27 18:00,2024-12-27,18,574
2024-12-27 19:00,2024-12-27,19,423
2024-12-27 20:00,2024-12-27,20,359
2024-12-27 21:00,2024-12-27,21,192
2024-12-27 22:00,2024-12-27,22,176
2024-12-27 23:00,2024-12-27,23,102
2024-12-28 00:00,2024-12-28,0,68
2024-12-28 01:00,2024-12-28,1,43
2024-12-28 02:00,2024-12-28,2,41
2024-12-28 03:00,2024-12-28,3,18
2024-12-28 04:00,2024-12-28,4,8
2024-12-28 05:00,2024-12-28,5,43
2024-12-28 06:00,2024-12-28,6,169
2024-12-28 07:00,2024-12-28,7,292
2024-12-28 08:00,2024-12-28,8,268
2024-12-28 09:00,2024-12-28,9,282
2024-12-28 10:00,2024-12-28,10,177
2024-12-28 11:00,2024-12-28,11,203
2024-12-28 12:00,2024-12-28,12,318
2024-12-28 13:00,2024-12-28,13,184
2024-12-28 14:00,2024-12-28,14,172
2024-12-28 15:00,2024-12-28,15,172
2024-12-28 16:00,2024-12-28,16,212
2024-12-28 17:00,2024-12-28,17,294
2024-12-28 18:00,2024-12-28,18,269
2024-12-28 19:00,2024-12-28,19,245
2024-12-28 20:00,2024-12-28,20,201
2024-12-28 21:00,2024-12-28,21,120
2024-12-28 22:00,2024-12-28,22,122
2024-12-28 23:00,2024-12-28,23,58
2024-12-29 00:00,2024-12-29,0,43
2024-12-29 01:00,2024-12-29,1,37
2024-12-29 02:00,2024-12-29,2,43
2024-12-29 03:00,2024-12-29,3,22
2024-12-29 04:00,2024-12-29,4,9
2024-12-29 05:00,2024-12-29,5,39
2024-12-29 06:00,2024-12-29,6,202
2024-12-29 07:00,2024-12-29,7,176
2024-12-29 08:00,2024-12-29,8,291
2024-12-29 09:00,2024-12-29,9,288
2024-12-29 10:00,2024-12-29,10,164
2024-12-29 11:00,2024-12-29,11,222
2024-12-29 12:00,2024-12-29,12,209
2024-12-29 13:00,2024-12-29,13,229
2024-12-29 14:00,2024-12-29,14,186
2024-12-29 15:00,2024-12-29,15,179
2024-12-29 16:00,2024-12-29,16,234
2024-12-29 17:00,2024-12-29,17,224
2024-12-29 18:00,2024-12-29,18,280
2024-12-29 19:00,2024-12-29,19,348
2024-12-29 20:00,2024-12-29,20,260
2024-12-29 21:00,2024-12-29,21,145
2024-12-29 22:00,2024-12-29,22,119
2024-12-29 23:00,2024-12-29,23,72
2024-12-30 00:00,2024-12-30,0,75
2024-12-30 01:00,2024-12-30,1,73
2024-12-30 02:00,2024-12-30,2,40
2024-12-30 03:00,2024-12-30,3,30
2024-12-30 04:00,2024-12-30,4,20
2024-12-30 05:00,2024-12-30,5,80
2024-12-30 06:00,2024-12-30,6,287
2024-12-30 07:00,2024-12-30,7,294
2024-12-30 08:00,2024-12-30,8,382
2024-12-30 09:00,2024-12-30,9,314
2024-12-30 10:00,2024-12-30,10,344
2024-12-30 11:00,2024-12-30,11,326
2024-12-30 12:00,2024-12-30,12,289
2024-12-30 13:00,2024-12-30,13,345
2024-12-30 14:00,2024-12-30,14,367
2024-12-30 15:00,2024-12-30,15,429
2024-12-30 16:00,2024-12-30,16,276
2024-12-30 17:00,2024-12-30,17,445
2024-12-30 18:00,2024-12-30,18,389
2024-12-30 19:00,2024-12-30,19,329
2024-12-30 20:00,2024-12-30,20,297
2024-12-30 21:00,2024-12-30,21,190
2024-12-30 22:00,2024-12-30,22,130
2024-12-30 23:00,2024-12-30,23,122
2024-12-31 00:00,2024-12-31,0,103
2024-12-31 01:00,2024-12-31,1,69
2024-12-31 02:00,2024-12-31,2,52
2024-12-31 03:00,2024-12-31,3,26
2024-12-31 04:00,2024-12-31,4,13
2024-12-31 05:00,2024-12-31,5,57
2024-12-31 06:00,2024-12-31,6,267
2024-12-31 07:00,2024-12-31,7,409
2024-12-31 08:00,2024-12-31,8,410
2024-12-31 09:00,2024-12-31,9,493
2024-12-31 10:00,2024-12-31,10,222
2024-12-31 11:00,2024-12-31,11,276
2024-12-31 12:00,2024-12-31,12,288
2024-12-31 13:00,2024-12-31,13,278
2024-12-31 14:00,2024-12-31,14,399
2024-12-31 15:00,2024-12-31,15,336
2024-12-31 16:00,2024-12-31,16,405
2024-12-31 17:00,2024-12-31,17,397
2024-12-31 18:00,2024-12-31,18,496
2024-12-31 19:00,2024-12-31,19,402
2024-12-31 20:00,2024-12-31,20,316
2024-12-31 21:00,2024-12-31,21,207
2024-12-31 22:00,2024-12-31,22,134
2024-12-31 23:00,2024-12-31,23,86
2025-01-01 00:00,2025-01-01,0,65
2025-01-01 01:00,2025-01-01,1,54
2025-01-01 02:00,2025-01-01,2,41
2025-01-01 03:00,2025-01-01,3,36
2025-01-01 04:00,2025-01-01,4,12
2025-01-01 05:00,2025-01-01,5,52
2025-01-01 06:00,2025-01-01,6,300
2025-01-01 07:00,2025-01-01,7,260
2025-01-01 08:00,2025-01-01,8,407
2025-01-01 09:00,2025-01-01,9,408
2025-01-01 10:00,2025-01-01,10,304
2025-01-01 11:00,2025-01-01,11,291
2025-01-01 12:00,2025-01-01,12,348
2025-01-01 13:00,2025-01-01,13,352
2025-01-01 14:00,2025-01-01,14,388
2025-01-01 15:00,2025-01-01,15,347
2025-01-01 16:00,2025-01-01,16,374
2025-01-01 17:00,2025-01-01,17,391
2025-01-01 18:00,2025-01-01,18,415
2025-01-01 19:00,2025-01-01,19,444
2025-01-01 20:00,2025-01-01,20,265
2025-01-01 21:00,2025-01-01,21,166
2025-01-01 22:00,2025-01-01,22,141
2025-01-01 23:00,2025-01-01,23,113
2025-01-02 00:00,2025-01-02,0,99
2025-01-02 01:00,2025-01-02,1,55
2025-01-02 02:00,2025-01-02,2,43
2025-01-02 03:00,2025-01-02,3,28
2025-01-02 04:00,2025-01-02,4,15
2025-01-02 05:00,2025-01-02,5,83
2025-01-02 06:00,2025-01-02,6,307
2025-01-02 07:00,2025-01-02,7,294
2025-01-02 08:00,2025-01-02,8,389
2025-01-02 09:00,2025-01-02,9,338
2025-01-02 10:00,2025-01-02,10,303
2025-01-02 11:00,2025-01-02,11,263
2025-01-02 12:00,2025-01-02,12,318
2025-01-02 13:00,2025-01-02,13,375
2025-01-02 14:00,2025-01-02,14,275
2025-01-02 15:00,2025-01-02,15,357
2025-01-02 16:00,2025-01-02,16,308
2025-01-02 17:00,2025-01-02,17,382
2025-01-02 18:00,2025-01-02,18,515
2025-01-02 19:00,2025-01-02,19,380
2025-01-02 20:00,2025-01-02,20,341
2025-01-02 21:00,2025-01-02,21,216
2025-01-02 22:00,2025-01-02,22,156
2025-01-02 23:00,2025-01-02,23,92
2025-01-03 00:00,2025-01-03,0,79
2025-01-03 01:00,2025-01-03,1,71
2025-01-03 02:00,2025-01-03,2,61
2025-01-03 03:00,2025-01-03,3,37
2025-01-03 04:00,2025-01-03,4,19
2025-01-03 05:00,2025-01-03,5,88
2025-01-03 06:00,2025-01-03,6,372
2025-01-03 07:00,2025-01-03,7,488
2025-01-03 08:00,2025-01-03,8,438
2025-01-03 09:00,2025-01-03,9,444
2025-01-03 10:00,2025-01-03,10,427
2025-01-03 11:00,2025-01-03,11,395
2025-01-03 12:00,2025-01-03,12,430
2025-01-03 13:00,2025-01-03,13,408
2025-01-03 14:00,2025-01-03,14,415
2025-01-03 15:00,2025-01-03,15,501
2025-01-03 16:00,2025-01-03,16,422
2025-01-03 17:00,2025-01-03,17,631
2025-01-03 18:00,2025-01-03,18,519
2025-01-03 19:00,2025-01-03,19,556
2025-01-03 20:00,2025-01-03,20,296
2025-01-03 21:00,2025-01-03,21,192
2025-01-03 22:00,2025-01-03,22,213
2025-01-03 23:00,2025-01-03,23,127
2025-01-04 00:00,2025-01-04,0,69
2025-01-04 01:00,2025-01-04,1,43
2025-01-04 02:00,2025-01-04,2,37
2025-01-04 03:00,2025-01-04,3,23
2025-01-04 04:00,2025-01-04,4,13
2025-01-04 05:00,2025-01-04,5,51
2025-01-04 06:00,2025-01-04,6,265
2025-01-04 07:00,2025-01-04,7,293
2025-01-04 08:00,2025-01-04,8,359
2025-01-04 09:00,2025-01-04,9,240
2025-01-04 10:00,2025-01-04,10,201
2025-01-04 11:00,2025-01-04,11,290
2025-01-04 12:00,2025-01-04,12,322
2025-01-04 13:00,2025-01-04,13,224
2025-01-04 14:00,2025-01-04,14,263
2025-01-04 15:00,2025-01-04,15,219
2025-01-04 16:00,2025-01-04,16,299
2025-01-04 17:00,2025-01-04,17,352
2025-01-04 18:00,2025-01-04,18,519
2025-01-04 19:00,2025-01-04,19,282
2025-01-04 20:00,2025-01-04,20,262
2025-01-04 21:00,2025-01-04,21,168
2025-01-04 22:00,2025-01-04,22,115
2025-01-04 23:00,2025-01-04,23,108
2025-01-05 00:00,2025-01-05,0,90
2025-01-05 01:00,2025-01-05,1,62
2025-01-05 02:00,2025-01-05,2,47
2025-01-05 03:00,2025-01-05,3,23
2025-01-05 04:00,2025-01-05,4,17
2025-01-05 05:00,2025-01-05,5,44
2025-01-05 06:00,2025-01-05,6,169
2025-01-05 07:00,2025-01-05,7,268
2025-01-05 08:00,2025-01-05,8,306
2025-01-05 09:00,2025-01-05,9,391
2025-01-05 10:00,2025-01-05,10,309
2025-01-05 11:00,2025-01-05,11,240
2025-01-05 12:00,2025-01-05,12,311
2025-01-05 13:00,2025-01-05,13,298
2025-01-05 14:00,2025-01-05,14,266
2025-01-05 15:00,2025-01-05,15,308
2025-01-05 16:00,2025-01-05,16,296
2025-01-05 17:00,2025-01-05,17,301
2025-01-05 18:00,2025-01-05,18,508
2025-01-05 19:00,2025-01-05,19,337
2025-01-05 20:00,2025-01-05,20,207
2025-01-05 21:00,2025-01-05,21,136
2025-01-05 22:00,2025-01-05,22,92
2025-01-05 23:00,2025-01-05,23,65
2025-01-06 00:00,2025-01-06,0,113
2025-01-06 01:00,2025-01-06,1,86
2025-01-06 02:00,2025-01-06,2,53
2025-01-06 03:00,2025-01-06,3,31
2025-01-06 04:00,2025-01-06,4,25
2025-01-06 05:00,2025-01-06,5,102
2025-01-06 06:00,2025-01-06,6,271
2025-01-06 07:00,2025-01-06,7,327
2025-01-06 08:00,2025-01-06,8,400
2025-01-06 09:00,2025-01-06,9,360
2025-01-06 10:00,2025-01-06,10,391
2025-01-06 11:00,2025-01-06,11,406
2025-01-06 12:00,2025-01-06,12,385
2025-01-06 13:00,2025-01-06,13,293
2025-01-06 14:00,2025-01-06,14,464
2025-01-06 15:00,2025-01-06,15,464
2025-01-06 16:00,2025-01-06,16,446
2025-01-06 17:00,2025-01-06,17,579
2025-01-06 18:00,2025-01-06,18,681
2025-01-06 19:00,2025-01-06,19,422
2025-01-06 20:00,2025-01-06,20,310
2025-01-06 21:00,2025-01-06,21,220
2025-01-06 22:00,2025-01-06,22,163
2025-01-06 23:00,2025-01-06,23,139
2025-01-07 00:00,2025-01-07,0,96
2025-01-07 01:00,2025-01-07,1,99
2025-01-07 02:00,2025-01-07,2,53
2025-01-07 03:00,2025-01-07,3,51
2025-01-07 04:00,2025-01-07,4,22
2025-01-07 05:00,2025-01-07,5,97
2025-01-07 06:00,2025-01-07,6,278
2025-01-07 07:00,2025-01-07,7,417
2025-01-07 08:00,2025-01-07,8,453
2025-01-07 09:00,2025-01-07,9,520
2025-01-07 10:00,2025-01-07,10,263
2025-01-07 11:00,2025-01-07,11,386
2025-01-07 12:00,2025-01-07,12,493
2025-01-07 13:00,2025-01-07,13,307
2025-01-07 14:00,2025-01-07,14,449
2025-01-07 15:00,2025-01-07,15,409
2025-01-07 16:00,2025-01-07,16,324
2025-01-07 17:00,2025-01-07,17,410
2025-01-07 18:00,2025-01-07,18,738
2025-01-07 19:00,2025-01-07,19,402
2025-01-07 20:00,2025-01-07,20,365
2025-01-07 21:00,2025-01-07,21,317
2025-01-07 22:00,2025-01-07,22,178
2025-01-07 23:00,2025-01-07,23,132
2025-01-08 00:00,2025-01-08,0,128
2025-01-08 01:00,2025-01-08,1,92
2025-01-08 02:00,2025-01-08,2,74
2025-01-08 03:00,2025-01-08,3,39
2025-01-08 04:00,2025-01-08,4,23
2025-01-08 05:00,2025-01-08,5,103
2025-01-08 06:00,2025-01-08,6,340
2025-01-08 07:00,2025-01-08,7,493
2025-01-08 08:00,2025-01-08,8,466
2025-01-08 09:00,2025-01-08,9,572
2025-01-08 10:00,2025-01-08,10,272
2025-01-08 11:00,2025-01-08,11,419
2025-01-08 12:00,2025-01-08,12,513
2025-01-08 13:00,2025-01-08,13,328
2025-01-08 14:00,2025-01-08,14,366
2025-01-08 15:00,2025-01-08,15,444
2025-01-08 16:00,2025-01-08,16,374
2025-01-08 17:00,2025-01-08,17,428
2025-01-08 18:00,2025-01-08,18,567
2025-01-08 19:00,2025-01-08,19,528
2025-01-08 20:00,2025-01-08,20,413
2025-01-08 21:00,2025-01-08,21,225
2025-01-08 22:00,2025-01-08,22,223
2025-01-08 23:00,2025-01-08,23,133
2025-01-09 00:00,2025-01-09,0,94
2025-01-09 01:00,2025-01-09,1,101
2025-01-09 02:00,2025-01-09,2,48
2025-01-09 03:00,2025-01-09,3,38
2025-01-09 04:00,2025-01-09,4,17
2025-01-09 05:00,2025-01-09,5,75
2025-01-09 06:00,2025-01-09,6,303
2025-01-09 07:00,2025-01-09,7,414
2025-01-09 08:00,2025-01-09,8,435
2025-01-09 09:00,2025-01-09,9,585
2025-01-09 10:00,2025-01-09,10,369
2025-01-09 11:00,2025-01-09,11,378
2025-01-09 12:00,2025-01-09,12,495
2025-01-09 13:00,2025-01-09,13,456
2025-01-09 14:00,2025-01-09,14,454
2025-01-09 15:00,2025-01-09,15,489
2025-01-09 16:00,2025-01-09,16,374
2025-01-09 17:00,2025-01-09,17,594
2025-01-09 18:00,2025-01-09,18,647
2025-01-09 19:00,2025-01-09,19,500
2025-01-09 20:00,2025-01-09,20,396
2025-01-09 21:00,2025-01-09,21,299
2025-01-09 22:00,2025-01-09,22,233
2025-01-09 23:00,2025-01-09,23,125
2025-01-10 00:00,2025-01-10,0,115
2025-01-10 01:00,2025-01-10,1,97
2025-01-10 02:00,2025-01-10,2,60
2025-01-10 03:00,2025-01-10,3,41
2025-01-10 04:00,2025-01-10,4,17
2025-01-10 05:00,2025-01-10,5,76
2025-01-10 06:00,2025-01-10,6,370
2025-01-10 07:00,2025-01-10,7,319
2025-01-10 08:00,2025-01-10,8,510
2025-01-10 09:00,2025-01-10,9,507
2025-01-10 10:00,2025-01-10,10,387
2025-01-10 11:00,2025-01-10,11,391
2025-01-10 12:00,2025-01-10,12,347
2025-01-10 13:00,2025-01-10,13,285
2025-01-10 14:00,2025-01-10,14,331
2025-01-10 15:00,2025-01-10,15,519
2025-01-10 16:00,2025-01-10,16,441
2025-01-10 17:00,2025-01-10,17,568
2025-01-10 18:00,2025-01-10,18,535
2025-01-10 19:00,2025-01-10,19,624
2025-01-10 20:00,2025-01-10,20,350
2025-01-10 21:00,2025-01-10,21,189
2025-01-10 22:00,2025-01-10,22,190
2025-01-10 23:00,2025-01-10,23,132
2025-01-11 00:00,2025-01-11,0,63
2025-01-11 01:00,2025-01-11,1,55
2025-01-11 02:00,2025-01-11,2,48
2025-01-11 03:00,2025-01-11,3,22
2025-01-11 04:00,2025-01-11,4,12
2025-01-11 05:00,2025-01-11,5,53
2025-01-11 06:00,2025-01-11,6,239
2025-01-11 07:00,2025-01-11,7,235
2025-01-11 08:00,2025-01-11,8,259
2025-01-11 09:00,2025-01-11,9,276
2025-01-11 10:00,2025-01-11,10,272
2025-01-11 11:00,2025-01-11,11,204
2025-01-11 12:00,2025-01-11,12,369
2025-01-11 13:00,2025-01-11,13,259
2025-01-11 14:00,2025-01-11,14,239
2025-01-11 15:00,2025-01-11,15,357
2025-01-11 16:00,2025-01-11,16,316
2025-01-11 17:00,2025-01-11,17,320
2025-01-11 18:00,2025-01-11,18,411
2025-01-11 19:00,2025-01-11,19,288
2025-01-11 20:00,2025-01-11,20,235
2025-01-11 21:00,2025-01-11,21,192
2025-01-11 22:00,2025-01-11,22,132
2025-01-11 23:00,2025-01-11,23,68
2025-01-12 00:00,2025-01-12,0,66
2025-01-12 01:00,2025-01-12,1,46
2025-01-12 02:00,2025-01-12,2,39
2025-01-12 03:00,2025-01-12,3,36
2025-01-12 04:00,2025-01-12,4,17
2025-01-12 05:00,2025-01-12,5,73
2025-01-12 06:00,2025-01-12,6,212
2025-01-12 07:00,2025-01-12,7,256
2025-01-12 08:00,2025-01-12,8,355
2025-01-12 09:00,2025-01-12,9,360
2025-01-12 10:00,2025-01-12,10,207
2025-01-12 11:00,2025-01-12,11,297
2025-01-12 12:00,2025-01-12,12,244
2025-01-12 13:00,2025-01-12,13,309
2025-01-12 14:00,2025-01-12,14,224
2025-01-12 15:00,2025-01-12,15,300
2025-01-12 16:00,2025-01-12,16,359
2025-01-12 17:00,2025-01-12,17,298
2025-01-12 18:00,2025-01-12,18,544
2025-01-12 19:00,2025-01-12,19,441
2025-01-12 20:00,2025-01-12,20,313
2025-01-12 21:00,2025-01-12,21,165
2025-01-12 22:00,2025-01-12,22,105
2025-01-12 23:00,2025-01-12,23,81
2025-01-13 00:00,2025-01-13,0,109
2025-01-13 01:00,2025-01-13,1,66
2025-01-13 02:00,2025-01-13,2,66
2025-01-13 03:00,2025-01-13,3,45
2025-01-13 04:00,2025-01-13,4,23
2025-01-13 05:00,2025-01-13,5,78
2025-01-13 06:00,2025-01-13,6,307
2025-01-13 07:00,2025-01-13,7,416
2025-01-13 08:00,2025-01-13,8,440
2025-01-13 09:00,2025-01-13,9,532
2025-01-13 10:00,2025-01-13,10,282
2025-01-13 11:00,2025-01-13,11,354
2025-01-13 12:00,2025-01-13,12,554
2025-01-13 13:00,2025-01-13,13,399
2025-01-13 14:00,2025-01-13,14,385
2025-01-13 15:00,2025-01-13,15,470
2025-01-13 16:00,2025-01-13,16,442
2025-01-13 17:00,2025-01-13,17,532
2025-01-13 18:00,2025-01-13,18,620
2025-01-13 19:00,2025-01-13,19,563
2025-01-13 20:00,2025-01-13,20,435
2025-01-13 21:00,2025-01-13,21,220
2025-01-13 22:00,2025-01-13,22,145
2025-01-13 23:00,2025-01-13,23,150
2025-01-14 00:00,2025-01-14,0,89
2025-01-14 01:00,2025-01-14,1,68
2025-01-14 02:00,2025-01-14,2,57
2025-01-14 03:00,2025-01-14,3,37
2025-01-14 04:00,2025-01-14,4,20
2025-01-14 05:00,2025-01-14,5,70
2025-01-14 06:00,2025-01-14,6,319
2025-01-14 07:00,2025-01-14,7,485
2025-01-14 08:00,2025-01-14,8,360
2025-01-14 09:00,2025-01-14,9,493
2025-01-14 10:00,2025-01-14,10,315
2025-01-14 11:00,2025-01-14,11,429
2025-01-14 12:00,2025-01-14,12,351
2025-01-14 13:00,2025-01-14,13,459
2025-01-14 14:00,2025-01-14,14,319
2025-01-14 15:00,2025-01-14,15,503
2025-01-14 16:00,2025-01-14,16,325
2025-01-14 17:00,2025-01-14,17,400
2025-01-14 18:00,2025-01-14,18,585
2025-01-14 19:00,2025-01-14,19,443
2025-01-14 20:00,2025-01-14,20,352
2025-01-14 21:00,2025-01-14,21,270
2025-01-14 22:00,2025-01-14,22,159
2025-01-14 23:00,2025-01-14,23,157
2025-01-15 00:00,2025-01-15,0,122
2025-01-15 01:00,2025-01-15,1,69
2025-01-15 02:00,2025-01-15,2,65
2025-01-15 03:00,2025-01-15,3,39
2025-01-15 04:00,2025-01-15,4,20
2025-01-15 05:00,2025-01-15,5,104
2025-01-15 06:00,2025-01-15,6,354
2025-01-15 07:00,2025-01-15,7,386
2025-01-15 08:00,2025-01-15,8,532
2025-01-15 09:00,2025-01-15,9,583
2025-01-15 10:00,2025-01-15,10,334
2025-01-15 11:00,2025-01-15,11,363
2025-01-15 12:00,2025-01-15,12,485
2025-01-15 13:00,2025-01-15,13,412
2025-01-15 14:00,2025-01-15,14,460
2025-01-15 15:00,2025-01-15,15,356
2025-01-15 16:00,2025-01-15,16,404
2025-01-15 17:00,2025-01-15,17,617
2025-01-15 18:00,2025-01-15,18,568
2025-01-15 19:00,2025-01-15,19,534
2025-01-15 20:00,2025-01-15,20,312
2025-01-15 21:00,2025-01-15,21,271
2025-01-15 22:00,2025-01-15,22,205
2025-01-15 23:00,2025-01-15,23,151
2025-01-16 00:00,2025-01-16,0,110
2025-01-16 01:00,2025-01-16,1,87
2025-01-16 02:00,2025-01-16,2,71
2025-01-16 03:00,2025-01-16,3,42
2025-01-16 04:00,2025-01-16,4,25
2025-01-16 05:00,2025-01-16,5,89
2025-01-16 06:00,2025-01-16,6,365
2025-01-16 07:00,2025-01-16,7,428
2025-01-16 08:00,2025-01-16,8,360
2025-01-16 09:00,2025-01-16,9,594
2025-01-16 10:00,2025-01-16,10,267
2025-01-16 11:00,2025-01-16,11,358
2025-01-16 12:00,2025-01-16,12,539
2025-01-16 13:00,2025-01-16,13,299
2025-01-16 14:00,2025-01-16,14,488
2025-01-16 15:00,2025-01-16,15,461
2025-01-16 16:00,2025-01-16,16,474
2025-01-16 17:00,2025-01-16,17,604
2025-01-16 18:00,2025-01-16,18,751
2025-01-16 19:00,2025-01-16,19,541
2025-01-16 20:00,2025-01-16,20,412
2025-01-16 21:00,2025-01-16,21,257
2025-01-16 22:00,2025-01-16,22,219
2025-01-16 23:00,2025-01-16,23,100
2025-01-17 00:00,2025-01-17,0,91
2025-01-17 01:00,2025-01-17,1,94
2025-01-17 02:00,2025-01-17,2,67
2025-01-17 03:00,2025-01-17,3,47
2025-01-17 04:00,2025-01-17,4,16
2025-01-17 05:00,2025-01-17,5,94
2025-01-17 06:00,2025-01-17,6,336
2025-01-17 07:00,2025-01-17,7,396
2025-01-17 08:00,2025-01-17,8,373
2025-01-17 09:00,2025-01-17,9,458
2025-01-17 10:00,2025-01-17,10,429
2025-01-17 11:00,2025-01-17,11,348
2025-01-17 12:00,2025-01-17,12,575
2025-01-17 13:00,2025-01-17,13,320
2025-01-17 14:00,2025-01-17,14,412
2025-01-17 15:00,2025-01-17,15,492
2025-01-17 16:00,2025-01-17,16,498
2025-01-17 17:00,2025-01-17,17,492
2025-01-17 18:00,2025-01-17,18,700
2025-01-17 19:00,2025-01-17,19,617
2025-01-17 20:00,2025-01-17,20,396
2025-01-17 21:00,2025-01-17,21,208
2025-01-17 22:00,2025-01-17,22,158
2025-01-17 23:00,2025-01-17,23,128
2025-01-18 00:00,2025-01-18,0,58
2025-01-18 01:00,2025-01-18,1,60
2025-01-18 02:00,2025-01-18,2,41
2025-01-18 03:00,2025-01-18,3,33
2025-01-18 04:00,2025-01-18,4,17
2025-01-18 05:00,2025-01-18,5,47
2025-01-18 06:00,2025-01-18,6,271
2025-01-18 07:00,2025-01-18,7,220
2025-01-18 08:00,2025-01-18,8,261
2025-01-18 09:00,2025-01-18,9,354
2025-01-18 10:00,2025-01-18,10,217
2025-01-18 11:00,2025-01-18,11,308
2025-01-18 12:00,2025-01-18,12,300
2025-01-18 13:00,2025-01-18,13,269
2025-01-18 14:00,2025-01-18,14,299
2025-01-18 15:00,2025-01-18,15,253
2025-01-18 16:00,2025-01-18,16,316
2025-01-18 17:00,2025-01-18,17,252
2025-01-18 18:00,2025-01-18,18,526
2025-01-18 19:00,2025-01-18,19,253
2025-01-18 20:00,2025-01-18,20,256
2025-01-18 21:00,2025-01-18,21,185
2025-01-18 22:00,2025-01-18,22,163
2025-01-18 23:00,2025-01-18,23,71
2025-01-19 00:00,2025-01-19,0,90
2025-01-19 01:00,2025-01-19,1,48
2025-01-19 02:00,2025-01-19,2,49
2025-01-19 03:00,2025-01-19,3,29
2025-01-19 04:00,2025-01-19,4,15
2025-01-19 05:00,2025-01-19,5,56
2025-01-19 06:00,2025-01-19,6,257
2025-01-19 07:00,2025-01-19,7,258
2025-01-19 08:00,2025-01-19,8,331
2025-01-19 09:00,2025-01-19,9,430
2025-01-19 10:00,2025-01-19,10,182
2025-01-19 11:00,2025-01-19,11,189
2025-01-19 12:00,2025-01-19,12,276
2025-01-19 13:00,2025-01-19,13,298
2025-01-19 14:00,2025-01-19,14,331
2025-01-19 15:00,2025-01-19,15,355
2025-01-19 16:00,2025-01-19,16,298
2025-01-19 17:00,2025-01-19,17,294
2025-01-19 18:00,2025-01-19,18,551
2025-01-19 19:00,2025-01-19,19,315
2025-01-19 20:00,2025-01-19,20,242
2025-01-19 21:00,2025-01-19,21,220
2025-01-19 22:00,2025-01-19,22,97
2025-01-19 23:00,2025-01-19,23,82
2025-01-20 00:00,2025-01-20,0,113
2025-01-20 01:00,2025-01-20,1,77
2025-01-20 02:00,2025-01-20,2,65
2025-01-20 03:00,2025-01-20,3,40
2025-01-20 04:00,2025-01-20,4,24
2025-01-20 05:00,2025-01-20,5,87
2025-01-20 06:00,2025-01-20,6,289
2025-01-20 07:00,2025-01-20,7,376
2025-01-20 08:00,2025-01-20,8,455
2025-01-20 09:00,2025-01-20,9,623
2025-01-20 10:00,2025-01-20,10,340
2025-01-20 11:00,2025-01-20,11,333
2025-01-20 12:00,2025-01-20,12,474
2025-01-20 13:00,2025-01-20,13,434
2025-01-20 14:00,2025-01-20,14,316
2025-01-20 15:00,2025-01-20,15,388
2025-01-20 16:00,2025-01-20,16,379
2025-01-20 17:00,2025-01-20,17,443
2025-01-20 18:00,2025-01-20,18,773
2025-01-20 19:00,2025-01-20,19,512
2025-01-20 20:00,2025-01-20,20,291
2025-01-20 21:00,2025-01-20,21,231
2025-01-20 22:00,2025-01-20,22,233
2025-01-20 23:00,2025-01-20,23,95
2025-01-21 00:00,2025-01-21,0,91
2025-01-21 01:00,2025-01-21,1,101
2025-01-21 02:00,2025-01-21,2,72
2025-01-21 03:00,2025-01-21,3,43
2025-01-21 04:00,2025-01-21,4,18
2025-01-21 05:00,2025-01-21,5,97
2025-01-21 06:00,2025-01-21,6,255
2025-01-21 07:00,2025-01-21,7,420
2025-01-21 08:00,2025-01-21,8,556
2025-01-21 09:00,2025-01-21,9,578
2025-01-21 10:00,2025-01-21,10,259
2025-01-21 11:00,2025-01-21,11,410
2025-01-21 12:00,2025-01-21,12,352
2025-01-21 13:00,2025-01-21,13,443
2025-01-21 14:00,2025-01-21,14,340
2025-01-21 15:00,2025-01-21,15,495
2025-01-21 16:00,2025-01-21,16,335
2025-01-21 17:00,2025-01-21,17,555
2025-01-21 18:00,2025-01-21,18,733
2025-01-21 19:00,2025-01-21,19,462
2025-01-21 20:00,2025-01-21,20,335
2025-01-21 21:00,2025-01-21,21,266
2025-01-21 22:00,2025-01-21,22,210
2025-01-21 23:00,2025-01-21,23,140
2025-01-22 00:00,2025-01-22,0,85
2025-01-22 01:00,2025-01-22,1,90
2025-01-22 02:00,2025-01-22,2,68
2025-01-22 03:00,2025-01-22,3,32
2025-01-22 04:00,2025-01-22,4,25
2025-01-22 05:00,2025-01-22,5,85
2025-01-22 06:00,2025-01-22,6,277
2025-01-22 07:00,2025-01-22,7,515
2025-01-22 08:00,2025-01-22,8,375
2025-01-22 09:00,2025-01-22,9,543
2025-01-22 10:00,2025-01-22,10,330
2025-01-22 11:00,2025-01-22,11,333
2025-01-22 12:00,2025-01-22,12,451
2025-01-22 13:00,2025-01-22,13,443
2025-01-22 14:00,2025-01-22,14,337
2025-01-22 15:00,2025-01-22,15,333
2025-01-22 16:00,2025-01-22,16,499
2025-01-22 17:00,2025-01-22,17,518
2025-01-22 18:00,2025-01-22,18,559
2025-01-22 19:00,2025-01-22,19,480
2025-01-22 20:00,2025-01-22,20,291
2025-01-22 21:00,2025-01-22,21,225
2025-01-22 22:00,2025-01-22,22,164
2025-01-22 23:00,2025-01-22,23,103
2025-01-23 00:00,2025-01-23,0,119
2025-01-23 01:00,2025-01-23,1,84
2025-01-23 02:00,2025-01-23,2,61
2025-01-23 03:00,2025-01-23,3,46
2025-01-23 04:00,2025-01-23,4,18
2025-01-23 05:00,2025-01-23,5,69
2025-01-23 06:00,2025-01-23,6,388
2025-01-23 07:00,2025-01-23,7,458
2025-01-23 08:00,2025-01-23,8,438
2025-01-23 09:00,2025-01-23,9,626
2025-01-23 10:00,2025-01-23,10,300
2025-01-23 11:00,2025-01-23,11,449
2025-01-23 12:00,2025-01-23,12,374
2025-01-23 13:00,2025-01-23,13,426
2025-01-23 14:00,2025-01-23,14,349
2025-01-23 15:00,2025-01-23,15,339
2025-01-23 16:00,2025-01-23,16,408
2025-01-23 17:00,2025-01-23,17,535
2025-01-23 18:00,2025-01-23,18,776
2025-01-23 19:00,2025-01-23,19,559
2025-01-23 20:00,2025-01-23,20,288
2025-01-23 21:00,2025-01-23,21,306
2025-01-23 22:00,2025-01-23,22,173
2025-01-23 23:00,2025-01-23,23,144
2025-01-24 00:00,2025-01-24,0,123
2025-01-24 01:00,2025-01-24,1,63
2025-01-24 02:00,2025-01-24,2,47
2025-01-24 03:00,2025-01-24,3,48
2025-01-24 04:00,2025-01-24,4,19
2025-01-24 05:00,2025-01-24,5,79
2025-01-24 06:00,2025-01-24,6,340
2025-01-24 07:00,2025-01-24,7,405
2025-01-24 08:00,2025-01-24,8,509
2025-01-24 09:00,2025-01-24,9,606
2025-01-24 10:00,2025-01-24,10,342
2025-01-24 11:00,2025-01-24,11,461
2025-01-24 12:00,2025-01-24,12,365
2025-01-24 13:00,2025-01-24,13,453
2025-01-24 14:00,2025-01-24,14,315
2025-01-24 15:00,2025-01-24,15,521
2025-01-24 16:00,2025-01-24,16,309
2025-01-24 17:00,2025-01-24,17,524
2025-01-24 18:00,2025-01-24,18,774
2025-01-24 19:00,2025-01-24,19,580
2025-01-24 20:00,2025-01-24,20,419
2025-01-24 21:00,2025-01-24,21,302
2025-01-24 22:00,2025-01-24,22,164
2025-01-24 23:00,2025-01-24,23,141
2025-01-25 00:00,2025-01-25,0,79
2025-01-25 01:00,2025-01-25,1,54
2025-01-25 02:00,2025-01-25,2,34
2025-01-25 03:00,2025-01-25,3,27
2025-01-25 04:00,2025-01-25,4,15
2025-01-25 05:00,2025-01-25,5,68
2025-01-25 06:00,2025-01-25,6,248
2025-01-25 07:00,2025-01-25,7,244
2025-01-25 08:00,2025-01-25,8,352
2025-01-25 09:00,2025-01-25,9,399
2025-01-25 10:00,2025-01-25,10,260
2025-01-25 11:00,2025-01-25,11,259
2025-01-25 12:00,2025-01-25,12,250
2025-01-25 13:00,2025-01-25,13,331
2025-01-25 14:00,2025-01-25,14,321
2025-01-25 15:00,2025-01-25,15,378
2025-01-25 16:00,2025-01-25,16,240
2025-01-25 17:00,2025-01-25,17,432
2025-01-25 18:00,2025-01-25,18,367
2025-01-25 19:00,2025-01-25,19,399
2025-01-25 20:00,2025-01-25,20,253
2025-01-25 21:00,2025-01-25,21,157
2025-01-25 22:00,2025-01-25,22,96
2025-01-25 23:00,2025-01-25,23,93
2025-01-26 00:00,2025-01-26,0,72
2025-01-26 01:00,2025-01-26,1,64
2025-01-26 02:00,2025-01-26,2,34
2025-01-26 03:00,2025-01-26,3,25
2025-01-26 04:00,2025-01-26,4,16
2025-01-26 05:00,2025-01-26,5,60
2025-01-26 06:00,2025-01-26,6,233
2025-01-26 07:00,2025-01-26,7,312
2025-01-26 08:00,2025-01-26,8,265
2025-01-26 09:00,2025-01-26,9,367
2025-01-26 10:00,2025-01-26,10,200
2025-01-26 11:00,2025-01-26,11,256
2025-01-26 12:00,2025-01-26,12,306
2025-01-26 13:00,2025-01-26,13,272
2025-01-26 14:00,2025-01-26,14,314
2025-01-26 15:00,2025-01-26,15,225
2025-01-26 16:00,2025-01-26,16,235
2025-01-26 17:00,2025-01-26,17,336
2025-01-26 18:00,2025-01-26,18,460
2025-01-26 19:00,2025-01-26,19,337
2025-01-26 20:00,2025-01-26,20,231
2025-01-26 21:00,2025-01-26,21,204
2025-01-26 22:00,2025-01-26,22,99
2025-01-26 23:00,2025-01-26,23,94
2025-01-27 00:00,2025-01-27,0,82
2025-01-27 01:00,2025-01-27,1,84
2025-01-27 02:00,2025-01-27,2,70
2025-01-27 03:00,2025-01-27,3,47
2025-01-27 04:00,2025-01-27,4,18
2025-01-27 05:00,2025-01-27,5,78
2025-01-27 06:00,2025-01-27,6,359
2025-01-27 07:00,2025-01-27,7,373
2025-01-27 08:00,2025-01-27,8,459
2025-01-27 09:00,2025-01-27,9,680
2025-01-27 10:00,2025-01-27,10,299
2025-01-27 11:00,2025-01-27,11,426
2025-01-27 12:00,2025-01-27,12,355
2025-01-27 13:00,2025-01-27,13,291
2025-01-27 14:00,2025-01-27,14,500
2025-01-27 15:00,2025-01-27,15,400
2025-01-27 16:00,2025-01-27,16,401
2025-01-27 17:00,2025-01-27,17,410
2025-01-27 18:00,2025-01-27,18,721
2025-01-27 19:00,2025-01-27,19,546
2025-01-27 20:00,2025-01-27,20,424
2025-01-27 21:00,2025-01-27,21,349
2025-01-27 22:00,2025-01-27,22,197
2025-01-27 23:00,2025-01-27,23,141
2025-01-28 00:00,2025-01-28,0,130
2025-01-28 01:00,2025-01-28,1,75
2025-01-28 02:00,2025-01-28,2,73
2025-01-28 03:00,2025-01-28,3,46
2025-01-28 04:00,2025-01-28,4,17
2025-01-28 05:00,2025-01-28,5,89
2025-01-28 06:00,2025-01-28,6,259
2025-01-28 07:00,2025-01-28,7,516
2025-01-28 08:00,2025-01-28,8,418
2025-01-28 09:00,2025-01-28,9,390
2025-01-28 10:00,2025-01-28,10,440
2025-01-28 11:00,2025-01-28,11,407
2025-01-28 12:00,2025-01-28,12,507
2025-01-28 13:00,2025-01-28,13,388
2025-01-28 14:00,2025-01-28,14,540
2025-01-28 15:00,2025-01-28,15,460
2025-01-28 16:00,2025-01-28,16,493
2025-01-28 17:00,2025-01-28,17,678
2025-01-28 18:00,2025-01-28,18,601
2025-01-28 19:00,2025-01-28,19,576
2025-01-28 20:00,2025-01-28,20,289
2025-01-28 21:00,2025-01-28,21,304
2025-01-28 22:00,2025-01-28,22,213
2025-01-28 23:00,2025-01-28,23,143
2025-01-29 00:00,2025-01-29,0,95
2025-01-29 01:00,2025-01-29,1,87
2025-01-29 02:00,2025-01-29,2,73
2025-01-29 03:00,2025-01-29,3,31
2025-01-29 04:00,2025-01-29,4,18
2025-01-29 05:00,2025-01-29,5,76
2025-01-29 06:00,2025-01-29,6,369
2025-01-29 07:00,2025-01-29,7,370
2025-01-29 08:00,2025-01-29,8,528
2025-01-29 09:00,2025-01-29,9,618
2025-01-29 10:00,2025-01-29,10,343
2025-01-29 11:00,2025-01-29,11,422
2025-01-29 12:00,2025-01-29,12,545
2025-01-29 13:00,2025-01-29,13,393
2025-01-29 14:00,2025-01-29,14,495
2025-01-29 15:00,2025-01-29,15,432
2025-01-29 16:00,2025-01-29,16,308
2025-01-29 17:00,2025-01-29,17,478
2025-01-29 18:00,2025-01-29,18,472
2025-01-29 19:00,2025-01-29,19,500
2025-01-29 20:00,2025-01-29,20,371
2025-01-29 21:00,2025-01-29,21,267
2025-01-29 22:00,2025-01-29,22,214
2025-01-29 23:00,2025-01-29,23,150
2025-01-30 00:00,2025-01-30,0,123
2025-01-30 01:00,2025-01-30,1,70
2025-01-30 02:00,2025-01-30,2,56
2025-01-30 03:00,2025-01-30,3,37
2025-01-30 04:00,2025-01-30,4,22
2025-01-30 05:00,2025-01-30,5,93
2025-01-30 06:00,2025-01-30,6,248
2025-01-30 07:00,2025-01-30,7,408
2025-01-30 08:00,2025-01-30,8,470
2025-01-30 09:00,2025-01-30,9,451
2025-01-30 10:00,2025-01-30,10,340
2025-01-30 11:00,2025-01-30,11,295
2025-01-30 12:00,2025-01-30,12,361
2025-01-30 13:00,2025-01-30,13,312
2025-01-30 14:00,2025-01-30,14,385
2025-01-30 15:00,2025-01-30,15,410
2025-01-30 16:00,2025-01-30,16,390
2025-01-30 17:00,2025-01-30,17,435
2025-01-30 18:00,2025-01-30,18,474
2025-01-30 19:00,2025-01-30,19,410
2025-01-30 20:00,2025-01-30,20,283
2025-01-30 21:00,2025-01-30,21,212
2025-01-30 22:00,2025-01-30,22,194
2025-01-30 23:00,2025-01-30,23,132
2025-01-31 00:00,2025-01-31,0,128
2025-01-31 01:00,2025-01-31,1,80
2025-01-31 02:00,2025-01-31,2,65
2025-01-31 03:00,2025-01-31,3,45
2025-01-31 04:00,2025-01-31,4,23
2025-01-31 05:00,2025-01-31,5,82
2025-01-31 06:00,2025-01-31,6,244
2025-01-31 07:00,2025-01-31,7,477
2025-01-31 08:00,2025-01-31,8,488
2025-01-31 09:00,2025-01-31,9,530
2025-01-31 10:00,2025-01-31,10,423
2025-01-31 11:00,2025-01-31,11,438
2025-01-31 12:00,2025-01-31,12,429
2025-01-31 13:00,2025-01-31,13,444
2025-01-31 14:00,2025-01-31,14,438
2025-01-31 15:00,2025-01-31,15,525
2025-01-31 16:00,2025-01-31,16,456
2025-01-31 17:00,2025-01-31,17,616
2025-01-31 18:00,2025-01-31,18,618
2025-01-31 19:00,2025-01-31,19,590
2025-01-31 20:00,2025-01-31,20,381
2025-01-31 21:00,2025-01-31,21,255
2025-01-31 22:00,2025-01-31,22,152
2025-01-31 23:00,2025-01-31,23,97
2025-02-01 00:00,2025-02-01,0,83
2025-02-01 01:00,2025-02-01,1,52
2025-02-01 02:00,2025-02-01,2,40
2025-02-01 03:00,2025-02-01,3,32
2025-02-01 04:00,2025-02-01,4,14
2025-02-01 05:00,2025-02-01,5,58
2025-02-01 06:00,2025-02-01,6,186
2025-02-01 07:00,2025-02-01,7,231
2025-02-01 08:00,2025-02-01,8,266
2025-02-01 09:00,2025-02-01,9,352
2025-02-01 10:00,2025-02-01,10,240
2025-02-01 11:00,2025-02-01,11,297
2025-02-01 12:00,2025-02-01,12,364
2025-02-01 13:00,2025-02-01,13,263
2025-02-01 14:00,2025-02-01,14,311
2025-02-01 15:00,2025-02-01,15,272
2025-02-01 16:00,2025-02-01,16,228
2025-02-01 17:00,2025-02-01,17,370
2025-02-01 18:00,2025-02-01,18,551
2025-02-01 19:00,2025-02-01,19,388
2025-02-01 20:00,2025-02-01,20,282
2025-02-01 21:00,2025-02-01,21,178
2025-02-01 22:00,2025-02-01,22,159
2025-02-01 23:00,2025-02-01,23,75
2025-02-02 00:00,2025-02-02,0,79
2025-02-02 01:00,2025-02-02,1,64
2025-02-02 02:00,2025-02-02,2,51
2025-02-02 03:00,2025-02-02,3,24
2025-02-02 04:00,2025-02-02,4,16
2025-02-02 05:00,2025-02-02,5,46
2025-02-02 06:00,2025-02-02,6,160
2025-02-02 07:00,2025-02-02,7,223
2025-02-02 08:00,2025-02-02,8,397
2025-02-02 09:00,2025-02-02,9,265
2025-02-02 10:00,2025-02-02,10,218
2025-02-02 11:00,2025-02-02,11,216
2025-02-02 12:00,2025-02-02,12,374
2025-02-02 13:00,2025-02-02,13,227
2025-02-02 14:00,2025-02-02,14,212
2025-02-02 15:00,2025-02-02,15,231
2025-02-02 16:00,2025-02-02,16,328
2025-02-02 17:00,2025-02-02,17,346
2025-02-02 18:00,2025-02-02,18,420
2025-02-02 19:00,2025-02-02,19,302
2025-02-02 20:00,2025-02-02,20,260
2025-02-02 21:00,2025-02-02,21,177
2025-02-02 22:00,2025-02-02,22,101
2025-02-02 23:00,2025-02-02,23,68
2025-02-03 00:00,2025-02-03,0,109
2025-02-03 01:00,2025-02-03,1,79
2025-02-03 02:00,2025-02-03,2,63
2025-02-03 03:00,2025-02-03,3,43
2025-02-03 04:00,2025-02-03,4,25
2025-02-03 05:00,2025-02-03,5,95
2025-02-03 06:00,2025-02-03,6,369
2025-02-03 07:00,2025-02-03,7,350
2025-02-03 08:00,2025-02-03,8,381
2025-02-03 09:00,2025-02-03,9,478
2025-02-03 10:00,2025-02-03,10,366
2025-02-03 11:00,2025-02-03,11,342
2025-02-03 12:00,2025-02-03,12,360
2025-02-03 13:00,2025-02-03,13,410
2025-02-03 14:00,2025-02-03,14,390
2025-02-03 15:00,2025-02-03,15,393
2025-02-03 16:00,2025-02-03,16,340
2025-02-03 17:00,2025-02-03,17,572
2025-02-03 18:00,2025-02-03,18,595
2025-02-03 19:00,2025-02-03,19,404
2025-02-03 20:00,2025-02-03,20,313
2025-02-03 21:00,2025-02-03,21,277
2025-02-03 22:00,2025-02-03,22,186
2025-02-03 23:00,2025-02-03,23,149
2025-02-04 00:00,2025-02-04,0,111
2025-02-04 01:00,2025-02-04,1,66
2025-02-04 02:00,2025-02-04,2,72
2025-02-04 03:00,2025-02-04,3,34
2025-02-04 04:00,2025-02-04,4,17
2025-02-04 05:00,2025-02-04,5,104
2025-02-04 06:00,2025-02-04,6,256
2025-02-04 07:00,2025-02-04,7,316
2025-02-04 08:00,2025-02-04,8,375
2025-02-04 09:00,2025-02-04,9,476
2025-02-04 10:00,2025-02-04,10,369
2025-02-04 11:00,2025-02-04,11,465
2025-02-04 12:00,2025-02-04,12,540
2025-02-04 13:00,2025-02-04,13,304
2025-02-04 14:00,2025-02-04,14,416
2025-02-04 15:00,2025-02-04,15,408
2025-02-04 16:00,2025-02-04,16,372
2025-02-04 17:00,2025-02-04,17,452
2025-02-04 18:00,2025-02-04,18,565
2025-02-04 19:00,2025-02-04,19,519
2025-02-04 20:00,2025-02-04,20,316
2025-02-04 21:00,2025-02-04,21,192
2025-02-04 22:00,2025-02-04,22,178
2025-02-04 23:00,2025-02-04,23,106
2025-02-05 00:00,2025-02-05,0,83
2025-02-05 01:00,2025-02-05,1,94
2025-02-05 02:00,2025-02-05,2,72
2025-02-05 03:00,2025-02-05,3,38
2025-02-05 04:00,2025-02-05,4,18
2025-02-05 05:00,2025-02-05,5,66
2025-02-05 06:00,2025-02-05,6,321
2025-02-05 07:00,2025-02-05,7,368
2025-02-05 08:00,2025-02-05,8,559
2025-02-05 09:00,2025-02-05,9,378
2025-02-05 10:00,2025-02-05,10,425
2025-02-05 11:00,2025-02-05,11,296
2025-02-05 12:00,2025-02-05,12,477
2025-02-05 13:00,2025-02-05,13,465
2025-02-05 14:00,2025-02-05,14,482
2025-02-05 15:00,2025-02-05,15,450
2025-02-05 16:00,2025-02-05,16,308
2025-02-05 17:00,2025-02-05,17,482
2025-02-05 18:00,2025-02-05,18,554
2025-02-05 19:00,2025-02-05,19,612
2025-02-05 20:00,2025-02-05,20,304
2025-02-05 21:00,2025-02-05,21,309
2025-02-05 22:00,2025-02-05,22,168
2025-02-05 23:00,2025-02-05,23,106
2025-02-06 00:00,2025-02-06,0,108
2025-02-06 01:00,2025-02-06,1,78
2025-02-06 02:00,2025-02-06,2,64
2025-02-06 03:00,2025-02-06,3,49
2025-02-06 04:00,2025-02-06,4,20
2025-02-06 05:00,2025-02-06,5,77
2025-02-06 06:00,2025-02-06,6,353
2025-02-06 07:00,2025-02-06,7,420
2025-02-06 08:00,2025-02-06,8,435
2025-02-06 09:00,2025-02-06,9,579
2025-02-06 10:00,2025-02-06,10,366
2025-02-06 11:00,2025-02-06,11,341
2025-02-06 12:00,2025-02-06,12,550
2025-02-06 13:00,2025-02-06,13,296
2025-02-06 14:00,2025-02-06,14,454
2025-02-06 15:00,2025-02-06,15,444
2025-02-06 16:00,2025-02-06,16,330
2025-02-06 17:00,2025-02-06,17,504
2025-02-06 18:00,2025-02-06,18,658
2025-02-06 19:00,2025-02-06,19,512
2025-02-06 20:00,2025-02-06,20,460
2025-02-06 21:00,2025-02-06,21,297
2025-02-06 22:00,2025-02-06,22,141
2025-02-06 23:00,2025-02-06,23,131
2025-02-07 00:00,2025-02-07,0,85
2025-02-07 01:00,2025-02-07,1,67
2025-02-07 02:00,2025-02-07,2,64
2025-02-07 03:00,2025-02-07,3,48
2025-02-07 04:00,2025-02-07,4,23
2025-02-07 05:00,2025-02-07,5,95
2025-02-07 06:00,2025-02-07,6,378
2025-02-07 07:00,2025-02-07,7,412
2025-02-07 08:00,2025-02-07,8,510
2025-02-07 09:00,2025-02-07,9,541
2025-02-07 10:00,2025-02-07,10,439
2025-02-07 11:00,2025-02-07,11,445
2025-02-07 12:00,2025-02-07,12,433
2025-02-07 13:00,2025-02-07,13,427
2025-02-07 14:00,2025-02-07,14,375
2025-02-07 15:00,2025-02-07,15,416
2025-02-07 16:00,2025-02-07,16,308
2025-02-07 17:00,2025-02-07,17,538
2025-02-07 18:00,2025-02-07,18,714
2025-02-07 19:00,2025-02-07,19,456
2025-02-07 20:00,2025-02-07,20,351
2025-02-07 21:00,2025-02-07,21,246
2025-02-07 22:00,2025-02-07,22,211
2025-02-07 23:00,2025-02-07,23,128
2025-02-08 00:00,2025-02-08,0,73
2025-02-08 01:00,2025-02-08,1,53
2025-02-08 02:00,2025-02-08,2,39
2025-02-08 03:00,2025-02-08,3,22
2025-02-08 04:00,2025-02-08,4,16
2025-02-08 05:00,2025-02-08,5,56
2025-02-08 06:00,2025-02-08,6,174
2025-02-08 07:00,2025-02-08,7,297
2025-02-08 08:00,2025-02-08,8,329
2025-02-08 09:00,2025-02-08,9,388
2025-02-08 10:00,2025-02-08,10,263
2025-02-08 11:00,2025-02-08,11,281
2025-02-08 12:00,2025-02-08,12,328
2025-02-08 13:00,2025-02-08,13,277
2025-02-08 14:00,2025-02-08,14,354
2025-02-08 15:00,2025-02-08,15,392
2025-02-08 16:00,2025-02-08,16,334
2025-02-08 17:00,2025-02-08,17,376
2025-02-08 18:00,2025-02-08,18,444
2025-02-08 19:00,2025-02-08,19,388
2025-02-08 20:00,2025-02-08,20,241
2025-02-08 21:00,2025-02-08,21,206
2025-02-08 22:00,2025-02-08,22,163
2025-02-08 23:00,2025-02-08,23,64
2025-02-09 00:00,2025-02-09,0,84
2025-02-09 01:00,2025-02-09,1,57
2025-02-09 02:00,2025-02-09,2,53
2025-02-09 03:00,2025-02-09,3,35
2025-02-09 04:00,2025-02-09,4,10
2025-02-09 05:00,2025-02-09,5,59
2025-02-09 06:00,2025-02-09,6,218
2025-02-09 07:00,2025-02-09,7,328
2025-02-09 08:00,2025-02-09,8,388
2025-02-09 09:00,2025-02-09,9,404
2025-02-09 10:00,2025-02-09,10,235
2025-02-09 11:00,2025-02-09,11,265
2025-02-09 12:00,2025-02-09,12,383
2025-02-09 13:00,2025-02-09,13,208
2025-02-09 14:00,2025-02-09,14,216
2025-02-09 15:00,2025-02-09,15,277
2025-02-09 16:00,2025-02-09,16,289
2025-02-09 17:00,2025-02-09,17,355
2025-02-09 18:00,2025-02-09,18,417
2025-02-09 19:00,2025-02-09,19,415
2025-02-09 20:00,2025-02-09,20,202
2025-02-09 21:00,2025-02-09,21,164
2025-02-09 22:00,2025-02-09,22,160
2025-02-09 23:00,2025-02-09,23,86
2025-02-10 00:00,2025-02-10,0,108
2025-02-10 01:00,2025-02-10,1,86
2025-02-10 02:00,2025-02-10,2,66
2025-02-10 03:00,2025-02-10,3,45
2025-02-10 04:00,2025-02-10,4,19
2025-02-10 05:00,2025-02-10,5,93
2025-02-10 06:00,2025-02-10,6,362
2025-02-10 07:00,2025-02-10,7,384
2025-02-10 08:00,2025-02-10,8,386
2025-02-10 09:00,2025-02-10,9,502
2025-02-10 10:00,2025-02-10,10,390
2025-02-10 11:00,2025-02-10,11,392
2025-02-10 12:00,2025-02-10,12,347
2025-02-10 13:00,2025-02-10,13,470
2025-02-10 14:00,2025-02-10,14,334
2025-02-10 15:00,2025-02-10,15,328
2025-02-10 16:00,2025-02-10,16,436
2025-02-10 17:00,2025-02-10,17,486
2025-02-10 18:00,2025-02-10,18,718
2025-02-10 19:00,2025-02-10,19,517
2025-02-10 20:00,2025-02-10,20,294
2025-02-10 21:00,2025-02-10,21,298
2025-02-10 22:00,2025-02-10,22,187
2025-02-10 23:00,2025-02-10,23,136
2025-02-11 00:00,2025-02-11,0,106
2025-02-11 01:00,2025-02-11,1,87
2025-02-11 02:00,2025-02-11,2,53
2025-02-11 03:00,2025-02-11,3,42
2025-02-11 04:00,2025-02-11,4,16
2025-02-11 05:00,2025-02-11,5,62
2025-02-11 06:00,2025-02-11,6,307
2025-02-11 07:00,2025-02-11,7,477
2025-02-11 08:00,2025-02-11,8,408
2025-02-11 09:00,2025-02-11,9,566
2025-02-11 10:00,2025-02-11,10,275
2025-02-11 11:00,2025-02-11,11,320
2025-02-11 12:00,2025-02-11,12,341
2025-02-11 13:00,2025-02-11,13,335
2025-02-11 14:00,2025-02-11,14,303
2025-02-11 15:00,2025-02-11,15,460
2025-02-11 16:00,2025-02-11,16,379
2025-02-11 17:00,2025-02-11,17,406
2025-02-11 18:00,2025-02-11,18,724
2025-02-11 19:00,2025-02-11,19,476
2025-02-11 20:00,2025-02-11,20,292
2025-02-11 21:00,2025-02-11,21,185
2025-02-11 22:00,2025-02-11,22,163
2025-02-11 23:00,2025-02-11,23,132
2025-02-12 00:00,2025-02-12,0,119
2025-02-12 01:00,2025-02-12,1,68
2025-02-12 02:00,2025-02-12,2,65
2025-02-12 03:00,2025-02-12,3,45
2025-02-12 04:00,2025-02-12,4,18
2025-02-12 05:00,2025-02-12,5,104
2025-02-12 06:00,2025-02-12,6,275
2025-02-12 07:00,2025-02-12,7,357
2025-02-12 08:00,2025-02-12,8,545
2025-02-12 09:00,2025-02-12,9,380
2025-02-12 10:00,2025-02-12,10,368
2025-02-12 11:00,2025-02-12,11,394
2025-02-12 12:00,2025-02-12,12,438
2025-02-12 13:00,2025-02-12,13,437
2025-02-12 14:00,2025-02-12,14,420
2025-02-12 15:00,2025-02-12,15,415
2025-02-12 16:00,2025-02-12,16,330
2025-02-12 17:00,2025-02-12,17,363
2025-02-12 18:00,2025-02-12,18,483
2025-02-12 19:00,2025-02-12,19,470
2025-02-12 20:00,2025-02-12,20,399
2025-02-12 21:00,2025-02-12,21,239
2025-02-12 22:00,2025-02-12,22,152
2025-02-12 23:00,2025-02-12,23,152
2025-02-13 00:00,2025-02-13,0,84
2025-02-13 01:00,2025-02-13,1,90
2025-02-13 02:00,2025-02-13,2,48
2025-02-13 03:00,2025-02-13,3,45
2025-02-13 04:00,2025-02-13,4,25
2025-02-13 05:00,2025-02-13,5,94
2025-02-13 06:00,2025-02-13,6,315
2025-02-13 07:00,2025-02-13,7,393
2025-02-13 08:00,2025-02-13,8,356
2025-02-13 09:00,2025-02-13,9,560
2025-02-13 10:00,2025-02-13,10,298
2025-02-13 11:00,2025-02-13,11,321
2025-02-13 12:00,2025-02-13,12,423
2025-02-13 13:00,2025-02-13,13,442
2025-02-13 14:00,2025-02-13,14,373
2025-02-13 15:00,2025-02-13,15,395
2025-02-13 16:00,2025-02-13,16,428
2025-02-13 17:00,2025-02-13,17,588
2025-02-13 18:00,2025-02-13,18,519
2025-02-13 19:00,2025-02-13,19,439
2025-02-13 20:00,2025-02-13,20,468
2025-02-13 21:00,2025-02-13,21,269
2025-02-13 22:00,2025-02-13,22,222
2025-02-13 23:00,2025-02-13,23,113
2025-02-14 00:00,2025-02-14,0,103
2025-02-14 01:00,2025-02-14,1,85
2025-02-14 02:00,2025-02-14,2,64
2025-02-14 03:00,2025-02-14,3,37
2025-02-14 04:00,2025-02-14,4,23
2025-02-14 05:00,2025-02-14,5,104
2025-02-14 06:00,2025-02-14,6,381
2025-02-14 07:00,2025-02-14,7,430
2025-02-14 08:00,2025-02-14,8,596
2025-02-14 09:00,2025-02-14,9,451
2025-02-14 10:00,2025-02-14,10,272
2025-02-14 11:00,2025-02-14,11,441
2025-02-14 12:00,2025-02-14,12,433
2025-02-14 13:00,2025-02-14,13,471
2025-02-14 14:00,2025-02-14,14,407
2025-02-14 15:00,2025-02-14,15,501
2025-02-14 16:00,2025-02-14,16,490
2025-02-14 17:00,2025-02-14,17,594
2025-02-14 18:00,2025-02-14,18,487
2025-02-14 19:00,2025-02-14,19,486
2025-02-14 20:00,2025-02-14,20,427
2025-02-14 21:00,2025-02-14,21,255
2025-02-14 22:00,2025-02-14,22,155
2025-02-14 23:00,2025-02-14,23,97
2025-02-15 00:00,2025-02-15,0,84
2025-02-15 01:00,2025-02-15,1,56
2025-02-15 02:00,2025-02-15,2,51
2025-02-15 03:00,2025-02-15,3,26
2025-02-15 04:00,2025-02-15,4,17
2025-02-15 05:00,2025-02-15,5,56
2025-02-15 06:00,2025-02-15,6,205
2025-02-15 07:00,2025-02-15,7,292
2025-02-15 08:00,2025-02-15,8,246
2025-02-15 09:00,2025-02-15,9,380
2025-02-15 10:00,2025-02-15,10,307
2025-02-15 11:00,2025-02-15,11,229
2025-02-15 12:00,2025-02-15,12,269
2025-02-15 13:00,2025-02-15,13,271
2025-02-15 14:00,2025-02-15,14,233
2025-02-15 15:00,2025-02-15,15,257
2025-02-15 16:00,2025-02-15,16,200
2025-02-15 17:00,2025-02-15,17,273
2025-02-15 18:00,2025-02-15,18,355
2025-02-15 19:00,2025-02-15,19,301
2025-02-15 20:00,2025-02-15,20,201
2025-02-15 21:00,2025-02-15,21,136
2025-02-15 22:00,2025-02-15,22,130
2025-02-15 23:00,2025-02-15,23,67
2025-02-16 00:00,2025-02-16,0,88
2025-02-16 01:00,2025-02-16,1,52
2025-02-16 02:00,2025-02-16,2,38
2025-02-16 03:00,2025-02-16,3,32
2025-02-16 04:00,2025-02-16,4,16
2025-02-16 05:00,2025-02-16,5,68
2025-02-16 06:00,2025-02-16,6,243
2025-02-16 07:00,2025-02-16,7,265
2025-02-16 08:00,2025-02-16,8,404
2025-02-16 09:00,2025-02-16,9,318
2025-02-16 10:00,2025-02-16,10,295
2025-02-16 11:00,2025-02-16,11,279
2025-02-16 12:00,2025-02-16,12,224
2025-02-16 13:00,2025-02-16,13,300
2025-02-16 14:00,2025-02-16,14,279
2025-02-16 15:00,2025-02-16,15,328
2025-02-16 16:00,2025-02-16,16,275
2025-02-16 17:00,2025-02-16,17,356
2025-02-16 18:00,2025-02-16,18,484
2025-02-16 19:00,2025-02-16,19,402
2025-02-16 20:00,2025-02-16,20,312
2025-02-16 21:00,2025-02-16,21,172
2025-02-16 22:00,2025-02-16,22,141
2025-02-16 23:00,2025-02-16,23,106
2025-02-17 00:00,2025-02-17,0,91
2025-02-17 01:00,2025-02-17,1,72
2025-02-17 02:00,2025-02-17,2,49
2025-02-17 03:00,2025-02-17,3,47
2025-02-17 04:00,2025-02-17,4,24
2025-02-17 05:00,2025-02-17,5,67
2025-02-17 06:00,2025-02-17,6,381
2025-02-17 07:00,2025-02-17,7,480
2025-02-17 08:00,2025-02-17,8,363
2025-02-17 09:00,2025-02-17,9,548
2025-02-17 10:00,2025-02-17,10,337
2025-02-17 11:00,2025-02-17,11,317
2025-02-17 12:00,2025-02-17,12,346
2025-02-17 13:00,2025-02-17,13,300
2025-02-17 14:00,2025-02-17,14,418
2025-02-17 15:00,2025-02-17,15,434
2025-02-17 16:00,2025-02-17,16,360
2025-02-17 17:00,2025-02-17,17,469
2025-02-17 18:00,2025-02-17,18,484
2025-02-17 19:00,2025-02-17,19,597
2025-02-17 20:00,2025-02-17,20,452
2025-02-17 21:00,2025-02-17,21,199
2025-02-17 22:00,2025-02-17,22,223
2025-02-17 23:00,2025-02-17,23,139
2025-02-18 00:00,2025-02-18,0,103
2025-02-18 01:00,2025-02-18,1,79
2025-02-18 02:00,2025-02-18,2,48
2025-02-18 03:00,2025-02-18,3,50
2025-02-18 04:00,2025-02-18,4,16
2025-02-18 05:00,2025-02-18,5,65
2025-02-18 06:00,2025-02-18,6,285
2025-02-18 07:00,2025-02-18,7,343
2025-02-18 08:00,2025-02-18,8,356
2025-02-18 09:00,2025-02-18,9,420
2025-02-18 10:00,2025-02-18,10,342
2025-02-18 11:00,2025-02-18,11,301
2025-02-18 12:00,2025-02-18,12,528
2025-02-18 13:00,2025-02-18,13,381
2025-02-18 14:00,2025-02-18,14,435
2025-02-18 15:00,2025-02-18,15,326
2025-02-18 16:00,2025-02-18,16,313
2025-02-18 17:00,2025-02-18,17,567
2025-02-18 18:00,2025-02-18,18,504
2025-02-18 19:00,2025-02-18,19,482
2025-02-18 20:00,2025-02-18,20,402
2025-02-18 21:00,2025-02-18,21,246
2025-02-18 22:00,2025-02-18,22,139
2025-02-18 23:00,2025-02-18,23,135
2025-02-19 00:00,2025-02-19,0,110
2025-02-19 01:00,2025-02-19,1,82
2025-02-19 02:00,2025-02-19,2,64
2025-02-19 03:00,2025-02-19,3,45
2025-02-19 04:00,2025-02-19,4,19
2025-02-19 05:00,2025-02-19,5,81
2025-02-19 06:00,2025-02-19,6,247
2025-02-19 07:00,2025-02-19,7,423
2025-02-19 08:00,2025-02-19,8,411
2025-02-19 09:00,2025-02-19,9,493
2025-02-19 10:00,2025-02-19,10,401
2025-02-19 11:00,2025-02-19,11,351
2025-02-19 12:00,2025-02-19,12,469
2025-02-19 13:00,2025-02-19,13,442
2025-02-19 14:00,2025-02-19,14,474
2025-02-19 15:00,2025-02-19,15,475
2025-02-19 16:00,2025-02-19,16,396
2025-02-19 17:00,2025-02-19,17,544
2025-02-19 18:00,2025-02-19,18,745
2025-02-19 19:00,2025-02-19,19,480
2025-02-19 20:00,2025-02-19,20,363
2025-02-19 21:00,2025-02-19,21,267
2025-02-19 22:00,2025-02-19,22,155
2025-02-19 23:00,2025-02-19,23,107
2025-02-20 00:00,2025-02-20,0,79
2025-02-20 01:00,2025-02-20,1,81
2025-02-20 02:00,2025-02-20,2,72
2025-02-20 03:00,2025-02-20,3,51
2025-02-20 04:00,2025-02-20,4,16
2025-02-20 05:00,2025-02-20,5,87
2025-02-20 06:00,2025-02-20,6,385
2025-02-20 07:00,2025-02-20,7,435
2025-02-20 08:00,2025-02-20,8,368
2025-02-20 09:00,2025-02-20,9,522
2025-02-20 10:00,2025-02-20,10,363
2025-02-20 11:00,2025-02-20,11,369
2025-02-20 12:00,2025-02-20,12,416
2025-02-20 13:00,2025-02-20,13,286
2025-02-20 14:00,2025-02-20,14,368
2025-02-20 15:00,2025-02-20,15,518
2025-02-20 16:00,2025-02-20,16,378
2025-02-20 17:00,2025-02-20,17,524
2025-02-20 18:00,2025-02-20,18,570
2025-02-20 19:00,2025-02-20,19,600
2025-02-20 20:00,2025-02-20,20,360
2025-02-20 21:00,2025-02-20,21,210
2025-02-20 22:00,2025-02-20,22,152
2025-02-20 23:00,2025-02-20,23,124
2025-02-21 00:00,2025-02-21,0,78
2025-02-21 01:00,2025-02-21,1,96
2025-02-21 02:00,2025-02-21,2,57
2025-02-21 03:00,2025-02-21,3,34
2025-02-21 04:00,2025-02-21,4,20
2025-02-21 05:00,2025-02-21,5,67
2025-02-21 06:00,2025-02-21,6,317
2025-02-21 07:00,2025-02-21,7,422
2025-02-21 08:00,2025-02-21,8,498
2025-02-21 09:00,2025-02-21,9,552
2025-02-21 10:00,2025-02-21,10,294
2025-02-21 11:00,2025-02-21,11,385
2025-02-21 12:00,2025-02-21,12,539
2025-02-21 13:00,2025-02-21,13,336
2025-02-21 14:00,2025-02-21,14,398
2025-02-21 15:00,2025-02-21,15,334
2025-02-21 16:00,2025-02-21,16,438
2025-02-21 17:00,2025-02-21,17,528
2025-02-21 18:00,2025-02-21,18,693
2025-02-21 19:00,2025-02-21,19,446
2025-02-21 20:00,2025-02-21,20,390
2025-02-21 21:00,2025-02-21,21,184
2025-02-21 22:00,2025-02-21,22,144
2025-02-21 23:00,2025-02-21,23,127
2025-02-22 00:00,2025-02-22,0,83
2025-02-22 01:00,2025-02-22,1,44
2025-02-22 02:00,2025-02-22,2,38
2025-02-22 03:00,2025-02-22,3,23
2025-02-22 04:00,2025-02-22,4,10
2025-02-22 05:00,2025-02-22,5,54
2025-02-22 06:00,2025-02-22,6,174
2025-02-22 07:00,2025-02-22,7,232
2025-02-22 08:00,2025-02-22,8,322
2025-02-22 09:00,2025-02-22,9,397
2025-02-22 10:00,2025-02-22,10,185
2025-02-22 11:00,2025-02-22,11,260
2025-02-22 12:00,2025-02-22,12,307
2025-02-22 13:00,2025-02-22,13,313
2025-02-22 14:00,2025-02-22,14,281
2025-02-22 15:00,2025-02-22,15,248
2025-02-22 16:00,2025-02-22,16,345
2025-02-22 17:00,2025-02-22,17,364
2025-02-22 18:00,2025-02-22,18,438
2025-02-22 19:00,2025-02-22,19,361
2025-02-22 20:00,2025-02-22,20,262
2025-02-22 21:00,2025-02-22,21,197
2025-02-22 22:00,2025-02-22,22,146
2025-02-22 23:00,2025-02-22,23,110
2025-02-23 00:00,2025-02-23,0,90
2025-02-23 01:00,2025-02-23,1,52
2025-02-23 02:00,2025-02-23,2,44
2025-02-23 03:00,2025-02-23,3,30
2025-02-23 04:00,2025-02-23,4,14
2025-02-23 05:00,2025-02-23,5,54
2025-02-23 06:00,2025-02-23,6,174
2025-02-23 07:00,2025-02-23,7,328
2025-02-23 08:00,2025-02-23,8,307
2025-02-23 09:00,2025-02-23,9,286
2025-02-23 10:00,2025-02-23,10,239
2025-02-23 11:00,2025-02-23,11,252
2025-02-23 12:00,2025-02-23,12,299
2025-02-23 13:00,2025-02-23,13,326
2025-02-23 14:00,2025-02-23,14,323
2025-02-23 15:00,2025-02-23,15,300
2025-02-23 16:00,2025-02-23,16,224
2025-02-23 17:00,2025-02-23,17,408
2025-02-23 18:00,2025-02-23,18,477
2025-02-23 19:00,2025-02-23,19,337
2025-02-23 20:00,2025-02-23,20,199
2025-02-23 21:00,2025-02-23,21,157
2025-02-23 22:00,2025-02-23,22,98
2025-02-23 23:00,2025-02-23,23,74
2025-02-24 00:00,2025-02-24,0,100
2025-02-24 01:00,2025-02-24,1,99
2025-02-24 02:00,2025-02-24,2,72
2025-02-24 03:00,2025-02-24,3,46
2025-02-24 04:00,2025-02-24,4,25
2025-02-24 05:00,2025-02-24,5,96
2025-02-24 06:00,2025-02-24,6,307
2025-02-24 07:00,2025-02-24,7,328
2025-02-24 08:00,2025-02-24,8,512
2025-02-24 09:00,2025-02-24,9,512
2025-02-24 10:00,2025-02-24,10,304
2025-02-24 11:00,2025-02-24,11,369
2025-02-24 12:00,2025-02-24,12,350
2025-02-24 13:00,2025-02-24,13,316
2025-02-24 14:00,2025-02-24,14,421
2025-02-24 15:00,2025-02-24,15,496
2025-02-24 16:00,2025-02-24,16,472
2025-02-24 17:00,2025-02-24,17,460
2025-02-24 18:00,2025-02-24,18,514
2025-02-24 19:00,2025-02-24,19,525
2025-02-24 20:00,2025-02-24,20,380
2025-02-24 21:00,2025-02-24,21,241
2025-02-24 22:00,2025-02-24,22,177
2025-02-24 23:00,2025-02-24,23,101
2025-02-25 00:00,2025-02-25,0,87
2025-02-25 01:00,2025-02-25,1,81
2025-02-25 02:00,2025-02-25,2,60
2025-02-25 03:00,2025-02-25,3,46
2025-02-25 04:00,2025-02-25,4,22
2025-02-25 05:00,2025-02-25,5,91
2025-02-25 06:00,2025-02-25,6,337
2025-02-25 07:00,2025-02-25,7,473
2025-02-25 08:00,2025-02-25,8,532
2025-02-25 09:00,2025-02-25,9,596
2025-02-25 10:00,2025-02-25,10,368
2025-02-25 11:00,2025-02-25,11,354
2025-02-25 12:00,2025-02-25,12,489
2025-02-25 13:00,2025-02-25,13,444
2025-02-25 14:00,2025-02-25,14,361
2025-02-25 15:00,2025-02-25,15,392
2025-02-25 16:00,2025-02-25,16,430
2025-02-25 17:00,2025-02-25,17,630
2025-02-25 18:00,2025-02-25,18,537
2025-02-25 19:00,2025-02-25,19,512
2025-02-25 20:00,2025-02-25,20,354
2025-02-25 21:00,2025-02-25,21,199
2025-02-25 22:00,2025-02-25,22,225
2025-02-25 23:00,2025-02-25,23,101
2025-02-26 00:00,2025-02-26,0,87
2025-02-26 01:00,2025-02-26,1,93
2025-02-26 02:00,2025-02-26,2,73
2025-02-26 03:00,2025-02-26,3,40
2025-02-26 04:00,2025-02-26,4,20
2025-02-26 05:00,2025-02-26,5,72
2025-02-26 06:00,2025-02-26,6,381
2025-02-26 07:00,2025-02-26,7,318
2025-02-26 08:00,2025-02-26,8,465
2025-02-26 09:00,2025-02-26,9,383
2025-02-26 10:00,2025-02-26,10,353
2025-02-26 11:00,2025-02-26,11,350
2025-02-26 12:00,2025-02-26,12,451
2025-02-26 13:00,2025-02-26,13,437
2025-02-26 14:00,2025-02-26,14,326
2025-02-26 15:00,2025-02-26,15,381
2025-02-26 16:00,2025-02-26,16,405
2025-02-26 17:00,2025-02-26,17,384
2025-02-26 18:00,2025-02-26,18,673
2025-02-26 19:00,2025-02-26,19,453
2025-02-26 20:00,2025-02-26,20,401
2025-02-26 21:00,2025-02-26,21,290
2025-02-26 22:00,2025-02-26,22,152
2025-02-26 23:00,2025-02-26,23,152
2025-02-27 00:00,2025-02-27,0,87
2025-02-27 01:00,2025-02-27,1,100
2025-02-27 02:00,2025-02-27,2,75
2025-02-27 03:00,2025-02-27,3,37
2025-02-27 04:00,2025-02-27,4,17
2025-02-27 05:00,2025-02-27,5,68
2025-02-27 06:00,2025-02-27,6,390
2025-02-27 07:00,2025-02-27,7,387
2025-02-27 08:00,2025-02-27,8,488
2025-02-27 09:00,2025-02-27,9,556
2025-02-27 10:00,2025-02-27,10,387
2025-02-27 11:00,2025-02-27,11,387
2025-02-27 12:00,2025-02-27,12,375
2025-02-27 13:00,2025-02-27,13,417
2025-02-27 14:00,2025-02-27,14,323
2025-02-27 15:00,2025-02-27,15,392
2025-02-27 16:00,2025-02-27,16,304
2025-02-27 17:00,2025-02-27,17,577
2025-02-27 18:00,2025-02-27,18,562
2025-02-27 19:00,2025-02-27,19,496
2025-02-27 20:00,2025-02-27,20,322
2025-02-27 21:00,2025-02-27,21,236
2025-02-27 22:00,2025-02-27,22,211
2025-02-27 23:00,2025-02-27,23,111
2025-02-28 00:00,2025-02-28,0,89
2025-02-28 01:00,2025-02-28,1,84
2025-02-28 02:00,2025-02-28,2,49
2025-02-28 03:00,2025-02-28,3,49
2025-02-28 04:00,2025-02-28,4,22
2025-02-28 05:00,2025-02-28,5,75
2025-02-28 06:00,2025-02-28,6,359
2025-02-28 07:00,2025-02-28,7,344
2025-02-28 08:00,2025-02-28,8,457
2025-02-28 09:00,2025-02-28,9,558
2025-02-28 10:00,2025-02-28,10,380
2025-02-28 11:00,2025-02-28,11,407
2025-02-28 12:00,2025-02-28,12,485
2025-02-28 13:00,2025-02-28,13,456
2025-02-28 14:00,2025-02-28,14,351
2025-02-28 15:00,2025-02-28,15,518
2025-02-28 16:00,2025-02-28,16,439
2025-02-28 17:00,2025-02-28,17,490
2025-02-28 18:00,2025-02-28,18,648
2025-02-28 19:00,2025-02-28,19,481
2025-02-28 20:00,2025-02-28,20,328
2025-02-28 21:00,2025-02-28,21,234
2025-02-28 22:00,2025-02-28,22,158
2025-02-28 23:00,2025-02-28,23,104
2025-03-01 00:00,2025-03-01,0,62
2025-03-01 01:00,2025-03-01,1,55
2025-03-01 02:00,2025-03-01,2,33
2025-03-01 03:00,2025-03-01,3,27
2025-03-01 04:00,2025-03-01,4,11
2025-03-01 05:00,2025-03-01,5,67
2025-03-01 06:00,2025-03-01,6,248
2025-03-01 07:00,2025-03-01,7,330
2025-03-01 08:00,2025-03-01,8,292
2025-03-01 09:00,2025-03-01,9,366
2025-03-01 10:00,2025-03-01,10,255
2025-03-01 11:00,2025-03-01,11,189
2025-03-01 12:00,2025-03-01,12,399
2025-03-01 13:00,2025-03-01,13,239
2025-03-01 14:00,2025-03-01,14,336
2025-03-01 15:00,2025-03-01,15,305
2025-03-01 16:00,2025-03-01,16,305
2025-03-01 17:00,2025-03-01,17,356
2025-03-01 18:00,2025-03-01,18,343
2025-03-01 19:00,2025-03-01,19,403
2025-03-01 20:00,2025-03-01,20,189
2025-03-01 21:00,2025-03-01,21,128
2025-03-01 22:00,2025-03-01,22,104
2025-03-01 23:00,2025-03-01,23,73
2025-03-02 00:00,2025-03-02,0,55
2025-03-02 01:00,2025-03-02,1,66
2025-03-02 02:00,2025-03-02,2,36
2025-03-02 03:00,2025-03-02,3,24
2025-03-02 04:00,2025-03-02,4,12
2025-03-02 05:00,2025-03-02,5,50
2025-03-02 06:00,2025-03-02,6,215
2025-03-02 07:00,2025-03-02,7,299
2025-03-02 08:00,2025-03-02,8,340
2025-03-02 09:00,2025-03-02,9,262
2025-03-02 10:00,2025-03-02,10,200
2025-03-02 11:00,2025-03-02,11,208
2025-03-02 12:00,2025-03-02,12,224
2025-03-02 13:00,2025-03-02,13,200
2025-03-02 14:00,2025-03-02,14,336
2025-03-02 15:00,2025-03-02,15,276
2025-03-02 16:00,2025-03-02,16,227
2025-03-02 17:00,2025-03-02,17,417
2025-03-02 18:00,2025-03-02,18,414
2025-03-02 19:00,2025-03-02,19,272
2025-03-02 20:00,2025-03-02,20,299
2025-03-02 21:00,2025-03-02,21,209
2025-03-02 22:00,2025-03-02,22,96
2025-03-02 23:00,2025-03-02,23,63
2025-03-03 00:00,2025-03-03,0,95
2025-03-03 01:00,2025-03-03,1,83
2025-03-03 02:00,2025-03-03,2,66
2025-03-03 03:00,2025-03-03,3,37
2025-03-03 04:00,2025-03-03,4,19
2025-03-03 05:00,2025-03-03,5,92
2025-03-03 06:00,2025-03-03,6,361
2025-03-03 07:00,2025-03-03,7,350
2025-03-03 08:00,2025-03-03,8,537
2025-03-03 09:00,2025-03-03,9,378
2025-03-03 10:00,2025-03-03,10,287
2025-03-03 11:00,2025-03-03,11,292
2025-03-03 12:00,2025-03-03,12,339
2025-03-03 13:00,2025-03-03,13,314
2025-03-03 14:00,2025-03-03,14,320
2025-03-03 15:00,2025-03-03,15,522
2025-03-03 16:00,2025-03-03,16,438
2025-03-03 17:00,2025-03-03,17,520
2025-03-03 18:00,2025-03-03,18,580
2025-03-03 19:00,2025-03-03,19,399
2025-03-03 20:00,2025-03-03,20,423
2025-03-03 21:00,2025-03-03,21,217
2025-03-03 22:00,2025-03-03,22,214
2025-03-03 23:00,2025-03-03,23,105
2025-03-04 00:00,2025-03-04,0,110
2025-03-04 01:00,2025-03-04,1,79
2025-03-04 02:00,2025-03-04,2,67
2025-03-04 03:00,2025-03-04,3,42
2025-03-04 04:00,2025-03-04,4,25
2025-03-04 05:00,2025-03-04,5,104
2025-03-04 06:00,2025-03-04,6,268
2025-03-04 07:00,2025-03-04,7,504
2025-03-04 08:00,2025-03-04,8,393
2025-03-04 09:00,2025-03-04,9,546
2025-03-04 10:00,2025-03-04,10,395
2025-03-04 11:00,2025-03-04,11,350
2025-03-04 12:00,2025-03-04,12,352
2025-03-04 13:00,2025-03-04,13,415
2025-03-04 14:00,2025-03-04,14,356
2025-03-04 15:00,2025-03-04,15,512
2025-03-04 16:00,2025-03-04,16,409
2025-03-04 17:00,2025-03-04,17,448
2025-03-04 18:00,2025-03-04,18,682
2025-03-04 19:00,2025-03-04,19,516
2025-03-04 20:00,2025-03-04,20,312
2025-03-04 21:00,2025-03-04,21,236
2025-03-04 22:00,2025-03-04,22,171
2025-03-04 23:00,2025-03-04,23,110
2025-03-05 00:00,2025-03-05,0,109
2025-03-05 01:00,2025-03-05,1,74
2025-03-05 02:00,2025-03-05,2,61
2025-03-05 03:00,2025-03-05,3,49
2025-03-05 04:00,2025-03-05,4,18
2025-03-05 05:00,2025-03-05,5,92
2025-03-05 06:00,2025-03-05,6,298
2025-03-05 07:00,2025-03-05,7,337
2025-03-05 08:00,2025-03-05,8,545
2025-03-05 09:00,2025-03-05,9,428
2025-03-05 10:00,2025-03-05,10,403
2025-03-05 11:00,2025-03-05,11,445
2025-03-05 12:00,2025-03-05,12,335
2025-03-05 13:00,2025-03-05,13,413
2025-03-05 14:00,2025-03-05,14,379
2025-03-05 15:00,2025-03-05,15,351
2025-03-05 16:00,2025-03-05,16,379
2025-03-05 17:00,2025-03-05,17,546
2025-03-05 18:00,2025-03-05,18,673
2025-03-05 19:00,2025-03-05,19,586
2025-03-05 20:00,2025-03-05,20,314
2025-03-05 21:00,2025-03-05,21,271
2025-03-05 22:00,2025-03-05,22,201
2025-03-05 23:00,2025-03-05,23,98
2025-03-06 00:00,2025-03-06,0,118
2025-03-06 01:00,2025-03-06,1,60
2025-03-06 02:00,2025-03-06,2,70
2025-03-06 03:00,2025-03-06,3,39
2025-03-06 04:00,2025-03-06,4,17
2025-03-06 05:00,2025-03-06,5,89
2025-03-06 06:00,2025-03-06,6,326
2025-03-06 07:00,2025-03-06,7,344
2025-03-06 08:00,2025-03-06,8,431
2025-03-06 09:00,2025-03-06,9,408
2025-03-06 10:00,2025-03-06,10,320
2025-03-06 11:00,2025-03-06,11,401
2025-03-06 12:00,2025-03-06,12,537
2025-03-06 13:00,2025-03-06,13,439
2025-03-06 14:00,2025-03-06,14,486
2025-03-06 15:00,2025-03-06,15,407
2025-03-06 16:00,2025-03-06,16,376
2025-03-06 17:00,2025-03-06,17,519
2025-03-06 18:00,2025-03-06,18,555
2025-03-06 19:00,2025-03-06,19,433
2025-03-06 20:00,2025-03-06,20,431
2025-03-06 21:00,2025-03-06,21,294
2025-03-06 22:00,2025-03-06,22,207
2025-03-06 23:00,2025-03-06,23,108
2025-03-07 00:00,2025-03-07,0,98
2025-03-07 01:00,2025-03-07,1,81
2025-03-07 02:00,2025-03-07,2,61
2025-03-07 03:00,2025-03-07,3,47
2025-03-07 04:00,2025-03-07,4,17
2025-03-07 05:00,2025-03-07,5,84
2025-03-07 06:00,2025-03-07,6,273
2025-03-07 07:00,2025-03-07,7,403
2025-03-07 08:00,2025-03-07,8,440
2025-03-07 09:00,2025-03-07,9,478
2025-03-07 10:00,2025-03-07,10,307
2025-03-07 11:00,2025-03-07,11,283
2025-03-07 12:00,2025-03-07,12,522
2025-03-07 13:00,2025-03-07,13,323
2025-03-07 14:00,2025-03-07,14,466
2025-03-07 15:00,2025-03-07,15,350
2025-03-07 16:00,2025-03-07,16,353
2025-03-07 17:00,2025-03-07,17,568
2025-03-07 18:00,2025-03-07,18,688
2025-03-07 19:00,2025-03-07,19,489
2025-03-07 20:00,2025-03-07,20,286
2025-03-07 21:00,2025-03-07,21,200
2025-03-07 22:00,2025-03-07,22,191
2025-03-07 23:00,2025-03-07,23,141
2025-03-08 00:00,2025-03-08,0,83
2025-03-08 01:00,2025-03-08,1,59
2025-03-08 02:00,2025-03-08,2,45
2025-03-08 03:00,2025-03-08,3,21
2025-03-08 04:00,2025-03-08,4,14
2025-03-08 05:00,2025-03-08,5,69
2025-03-08 06:00,2025-03-08,6,150
2025-03-08 07:00,2025-03-08,7,222
2025-03-08 08:00,2025-03-08,8,301
2025-03-08 09:00,2025-03-08,9,387
2025-03-08 10:00,2025-03-08,10,204
2025-03-08 11:00,2025-03-08,11,257
2025-03-08 12:00,2025-03-08,12,337
2025-03-08 13:00,2025-03-08,13,222
2025-03-08 14:00,2025-03-08,14,265
2025-03-08 15:00,2025-03-08,15,217
2025-03-08 16:00,2025-03-08,16,247
2025-03-08 17:00,2025-03-08,17,320
2025-03-08 18:00,2025-03-08,18,357
2025-03-08 19:00,2025-03-08,19,260
2025-03-08 20:00,2025-03-08,20,308
2025-03-08 21:00,2025-03-08,21,184
2025-03-08 22:00,2025-03-08,22,108
2025-03-08 23:00,2025-03-08,23,96
2025-03-09 00:00,2025-03-09,0,85
2025-03-09 01:00,2025-03-09,1,46
2025-03-09 02:00,2025-03-09,2,46
2025-03-09 03:00,2025-03-09,3,32
2025-03-09 04:00,2025-03-09,4,10
2025-03-09 05:00,2025-03-09,5,54
2025-03-09 06:00,2025-03-09,6,214
2025-03-09 07:00,2025-03-09,7,211
2025-03-09 08:00,2025-03-09,8,390
2025-03-09 09:00,2025-03-09,9,409
2025-03-09 10:00,2025-03-09,10,175
2025-03-09 11:00,2025-03-09,11,259
2025-03-09 12:00,2025-03-09,12,220
2025-03-09 13:00,2025-03-09,13,328
2025-03-09 14:00,2025-03-09,14,255
2025-03-09 15:00,2025-03-09,15,258
2025-03-09 16:00,2025-03-09,16,276
2025-03-09 17:00,2025-03-09,17,326
2025-03-09 18:00,2025-03-09,18,354
2025-03-09 19:00,2025-03-09,19,292
2025-03-09 20:00,2025-03-09,20,192
2025-03-09 21:00,2025-03-09,21,129
2025-03-09 22:00,2025-03-09,22,153
2025-03-09 23:00,2025-03-09,23,99
2025-03-10 00:00,2025-03-10,0,113
2025-03-10 01:00,2025-03-10,1,109
2025-03-10 02:00,2025-03-10,2,57
2025-03-10 03:00,2025-03-10,3,34
2025-03-10 04:00,2025-03-10,4,25
2025-03-10 05:00,2025-03-10,5,85
2025-03-10 06:00,2025-03-10,6,274
2025-03-10 07:00,2025-03-10,7,371
2025-03-10 08:00,2025-03-10,8,353
2025-03-10 09:00,2025-03-10,9,451
2025-03-10 10:00,2025-03-10,10,396
2025-03-10 11:00,2025-03-10,11,353
2025-03-10 12:00,2025-03-10,12,348
2025-03-10 13:00,2025-03-10,13,306
2025-03-10 14:00,2025-03-10,14,332
2025-03-10 15:00,2025-03-10,15,407
2025-03-10 16:00,2025-03-10,16,376
2025-03-10 17:00,2025-03-10,17,574
2025-03-10 18:00,2025-03-10,18,655
2025-03-10 19:00,2025-03-10,19,586
2025-03-10 20:00,2025-03-10,20,446
2025-03-10 21:00,2025-03-10,21,206
2025-03-10 22:00,2025-03-10,22,177
2025-03-10 23:00,2025-03-10,23,120
2025-03-11 00:00,2025-03-11,0,127
2025-03-11 01:00,2025-03-11,1,70
2025-03-11 02:00,2025-03-11,2,55
2025-03-11 03:00,2025-03-11,3,46
2025-03-11 04:00,2025-03-11,4,18
2025-03-11 05:00,2025-03-11,5,75
2025-03-11 06:00,2025-03-11,6,300
2025-03-11 07:00,2025-03-11,7,465
2025-03-11 08:00,2025-03-11,8,445
2025-03-11 09:00,2025-03-11,9,464
2025-03-11 10:00,2025-03-11,10,384
2025-03-11 11:00,2025-03-11,11,318
2025-03-11 12:00,2025-03-11,12,430
2025-03-11 13:00,2025-03-11,13,468
2025-03-11 14:00,2025-03-11,14,400
2025-03-11 15:00,2025-03-11,15,494
2025-03-11 16:00,2025-03-11,16,369
2025-03-11 17:00,2025-03-11,17,580
2025-03-11 18:00,2025-03-11,18,700
2025-03-11 19:00,2025-03-11,19,588
2025-03-11 20:00,2025-03-11,20,376
2025-03-11 21:00,2025-03-11,21,283
2025-03-11 22:00,2025-03-11,22,213
2025-03-11 23:00,2025-03-11,23,123
2025-03-12 00:00,2025-03-12,0,101
2025-03-12 01:00,2025-03-12,1,99
2025-03-12 02:00,2025-03-12,2,46
2025-03-12 03:00,2025-03-12,3,49
2025-03-12 04:00,2025-03-12,4,20
2025-03-12 05:00,2025-03-12,5,75
2025-03-12 06:00,2025-03-12,6,387
2025-03-12 07:00,2025-03-12,7,446
2025-03-12 08:00,2025-03-12,8,560
2025-03-12 09:00,2025-03-12,9,568
2025-03-12 10:00,2025-03-12,10,370
2025-03-12 11:00,2025-03-12,11,411
2025-03-12 12:00,2025-03-12,12,486
2025-03-12 13:00,2025-03-12,13,399
2025-03-12 14:00,2025-03-12,14,478
2025-03-12 15:00,2025-03-12,15,384
2025-03-12 16:00,2025-03-12,16,464
2025-03-12 17:00,2025-03-12,17,538
2025-03-12 18:00,2025-03-12,18,650
2025-03-12 19:00,2025-03-12,19,653
2025-03-12 20:00,2025-03-12,20,298
2025-03-12 21:00,2025-03-12,21,207
2025-03-12 22:00,2025-03-12,22,196
2025-03-12 23:00,2025-03-12,23,123
2025-03-13 00:00,2025-03-13,0,119
2025-03-13 01:00,2025-03-13,1,63
2025-03-13 02:00,2025-03-13,2,65
2025-03-13 03:00,2025-03-13,3,47
2025-03-13 04:00,2025-03-13,4,24
2025-03-13 05:00,2025-03-13,5,92
2025-03-13 06:00,2025-03-13,6,315
2025-03-13 07:00,2025-03-13,7,331
2025-03-13 08:00,2025-03-13,8,518
2025-03-13 09:00,2025-03-13,9,425
2025-03-13 10:00,2025-03-13,10,435
2025-03-13 11:00,2025-03-13,11,334
2025-03-13 12:00,2025-03-13,12,498
2025-03-13 13:00,2025-03-13,13,389
2025-03-13 14:00,2025-03-13,14,437
2025-03-13 15:00,2025-03-13,15,384
2025-03-13 16:00,2025-03-13,16,384
2025-03-13 17:00,2025-03-13,17,551
2025-03-13 18:00,2025-03-13,18,732
2025-03-13 19:00,2025-03-13,19,381
2025-03-13 20:00,2025-03-13,20,462
2025-03-13 21:00,2025-03-13,21,307
2025-03-13 22:00,2025-03-13,22,191
2025-03-13 23:00,2025-03-13,23,103
2025-03-14 00:00,2025-03-14,0,80
2025-03-14 01:00,2025-03-14,1,85
2025-03-14 02:00,2025-03-14,2,51
2025-03-14 03:00,2025-03-14,3,46
2025-03-14 04:00,2025-03-14,4,16
2025-03-14 05:00,2025-03-14,5,78
2025-03-14 06:00,2025-03-14,6,272
2025-03-14 07:00,2025-03-14,7,397
2025-03-14 08:00,2025-03-14,8,378
2025-03-14 09:00,2025-03-14,9,438
2025-03-14 10:00,2025-03-14,10,317
2025-03-14 11:00,2025-03-14,11,428
2025-03-14 12:00,2025-03-14,12,574
2025-03-14 13:00,2025-03-14,13,382
2025-03-14 14:00,2025-03-14,14,379
2025-03-14 15:00,2025-03-14,15,367
2025-03-14 16:00,2025-03-14,16,379
2025-03-14 17:00,2025-03-14,17,492
2025-03-14 18:00,2025-03-14,18,535
2025-03-14 19:00,2025-03-14,19,545
2025-03-14 20:00,2025-03-14,20,446
2025-03-14 21:00,2025-03-14,21,213
2025-03-14 22:00,2025-03-14,22,170
2025-03-14 23:00,2025-03-14,23,151
2025-03-15 00:00,2025-03-15,0,53
2025-03-15 01:00,2025-03-15,1,52
2025-03-15 02:00,2025-03-15,2,45
2025-03-15 03:00,2025-03-15,3,34
2025-03-15 04:00,2025-03-15,4,11
2025-03-15 05:00,2025-03-15,5,68
2025-03-15 06:00,2025-03-15,6,228
2025-03-15 07:00,2025-03-15,7,297
2025-03-15 08:00,2025-03-15,8,263
2025-03-15 09:00,2025-03-15,9,432
2025-03-15 10:00,2025-03-15,10,262
2025-03-15 11:00,2025-03-15,11,306
2025-03-15 12:00,2025-03-15,12,276
2025-03-15 13:00,2025-03-15,13,221
2025-03-15 14:00,2025-03-15,14,323
2025-03-15 15:00,2025-03-15,15,375
2025-03-15 16:00,2025-03-15,16,326
2025-03-15 17:00,2025-03-15,17,366
2025-03-15 18:00,2025-03-15,18,355
2025-03-15 19:00,2025-03-15,19,277
2025-03-15 20:00,2025-03-15,20,323
2025-03-15 21:00,2025-03-15,21,146
2025-03-15 22:00,2025-03-15,22,154
2025-03-15 23:00,2025-03-15,23,107
2025-03-16 00:00,2025-03-16,0,69
2025-03-16 01:00,2025-03-16,1,70
2025-03-16 02:00,2025-03-16,2,48
2025-03-16 03:00,2025-03-16,3,28
2025-03-16 04:00,2025-03-16,4,17
2025-03-16 05:00,2025-03-16,5,43
2025-03-16 06:00,2025-03-16,6,183
2025-03-16 07:00,2025-03-16,7,255
2025-03-16 08:00,2025-03-16,8,332
2025-03-16 09:00,2025-03-16,9,283
2025-03-16 10:00,2025-03-16,10,184
2025-03-16 11:00,2025-03-16,11,198
2025-03-16 12:00,2025-03-16,12,347
2025-03-16 13:00,2025-03-16,13,292
2025-03-16 14:00,2025-03-16,14,241
2025-03-16 15:00,2025-03-16,15,268
2025-03-16 16:00,2025-03-16,16,306
2025-03-16 17:00,2025-03-16,17,414
2025-03-16 18:00,2025-03-16,18,355
2025-03-16 19:00,2025-03-16,19,341
2025-03-16 20:00,2025-03-16,20,326
2025-03-16 21:00,2025-03-16,21,194
2025-03-16 22:00,2025-03-16,22,158
2025-03-16 23:00,2025-03-16,23,69
2025-03-17 00:00,2025-03-17,0,113
2025-03-17 01:00,2025-03-17,1,84
2025-03-17 02:00,2025-03-17,2,51
2025-03-17 03:00,2025-03-17,3,43
2025-03-17 04:00,2025-03-17,4,19
2025-03-17 05:00,2025-03-17,5,66
2025-03-17 06:00,2025-03-17,6,237
2025-03-17 07:00,2025-03-17,7,404
2025-03-17 08:00,2025-03-17,8,390
2025-03-17 09:00,2025-03-17,9,624
2025-03-17 10:00,2025-03-17,10,305
2025-03-17 11:00,2025-03-17,11,404
2025-03-17 12:00,2025-03-17,12,353
2025-03-17 13:00,2025-03-17,13,310
2025-03-17 14:00,2025-03-17,14,420
2025-03-17 15:00,2025-03-17,15,411
2025-03-17 16:00,2025-03-17,16,475
2025-03-17 17:00,2025-03-17,17,552
2025-03-17 18:00,2025-03-17,18,612
2025-03-17 19:00,2025-03-17,19,406
2025-03-17 20:00,2025-03-17,20,382
2025-03-17 21:00,2025-03-17,21,225
2025-03-17 22:00,2025-03-17,22,159
2025-03-17 23:00,2025-03-17,23,124
2025-03-18 00:00,2025-03-18,0,113
2025-03-18 01:00,2025-03-18,1,99
2025-03-18 02:00,2025-03-18,2,64
2025-03-18 03:00,2025-03-18,3,35
2025-03-18 04:00,2025-03-18,4,17
2025-03-18 05:00,2025-03-18,5,103
2025-03-18 06:00,2025-03-18,6,266
2025-03-18 07:00,2025-03-18,7,337
2025-03-18 08:00,2025-03-18,8,440
2025-03-18 09:00,2025-03-18,9,596
2025-03-18 10:00,2025-03-18,10,351
2025-03-18 11:00,2025-03-18,11,347
2025-03-18 12:00,2025-03-18,12,418
2025-03-18 13:00,2025-03-18,13,435
2025-03-18 14:00,2025-03-18,14,435
2025-03-18 15:00,2025-03-18,15,420
2025-03-18 16:00,2025-03-18,16,426
2025-03-18 17:00,2025-03-18,17,508
2025-03-18 18:00,2025-03-18,18,522
2025-03-18 19:00,2025-03-18,19,459
2025-03-18 20:00,2025-03-18,20,422
2025-03-18 21:00,2025-03-18,21,206
2025-03-18 22:00,2025-03-18,22,210
2025-03-18 23:00,2025-03-18,23,96
2025-03-19 00:00,2025-03-19,0,110
2025-03-19 01:00,2025-03-19,1,92
2025-03-19 02:00,2025-03-19,2,51
2025-03-19 03:00,2025-03-19,3,30
2025-03-19 04:00,2025-03-19,4,20
2025-03-19 05:00,2025-03-19,5,69
2025-03-19 06:00,2025-03-19,6,228
2025-03-19 07:00,2025-03-19,7,395
2025-03-19 08:00,2025-03-19,8,463
2025-03-19 09:00,2025-03-19,9,520
2025-03-19 10:00,2025-03-19,10,356
2025-03-19 11:00,2025-03-19,11,381
2025-03-19 12:00,2025-03-19,12,469
2025-03-19 13:00,2025-03-19,13,470
2025-03-19 14:00,2025-03-19,14,423
2025-03-19 15:00,2025-03-19,15,521
2025-03-19 16:00,2025-03-19,16,365
2025-03-19 17:00,2025-03-19,17,556
2025-03-19 18:00,2025-03-19,18,654
2025-03-19 19:00,2025-03-19,19,394
2025-03-19 20:00,2025-03-19,20,332
2025-03-19 21:00,2025-03-19,21,198
2025-03-19 22:00,2025-03-19,22,146
2025-03-19 23:00,2025-03-19,23,96
2025-03-20 00:00,2025-03-20,0,115
2025-03-20 01:00,2025-03-20,1,96
2025-03-20 02:00,2025-03-20,2,57
2025-03-20 03:00,2025-03-20,3,36
2025-03-20 04:00,2025-03-20,4,19
2025-03-20 05:00,2025-03-20,5,72
2025-03-20 06:00,2025-03-20,6,282
2025-03-20 07:00,2025-03-20,7,414
2025-03-20 08:00,2025-03-20,8,339
2025-03-20 09:00,2025-03-20,9,499
2025-03-20 10:00,2025-03-20,10,334
2025-03-20 11:00,2025-03-20,11,286
2025-03-20 12:00,2025-03-20,12,546
2025-03-20 13:00,2025-03-20,13,310
2025-03-20 14:00,2025-03-20,14,339
2025-03-20 15:00,2025-03-20,15,346
2025-03-20 16:00,2025-03-20,16,453
2025-03-20 17:00,2025-03-20,17,571
2025-03-20 18:00,2025-03-20,18,724
2025-03-20 19:00,2025-03-20,19,367
2025-03-20 20:00,2025-03-20,20,353
2025-03-20 21:00,2025-03-20,21,257
2025-03-20 22:00,2025-03-20,22,186
2025-03-20 23:00,2025-03-20,23,123
2025-03-21 00:00,2025-03-21,0,91
2025-03-21 01:00,2025-03-21,1,96
2025-03-21 02:00,2025-03-21,2,63
2025-03-21 03:00,2025-03-21,3,40
2025-03-21 04:00,2025-03-21,4,19
2025-03-21 05:00,2025-03-21,5,77
2025-03-21 06:00,2025-03-21,6,319
2025-03-21 07:00,2025-03-21,7,314
2025-03-21 08:00,2025-03-21,8,530
2025-03-21 09:00,2025-03-21,9,436
2025-03-21 10:00,2025-03-21,10,419
2025-03-21 11:00,2025-03-21,11,406
2025-03-21 12:00,2025-03-21,12,462
2025-03-21 13:00,2025-03-21,13,327
2025-03-21 14:00,2025-03-21,14,387
2025-03-21 15:00,2025-03-21,15,429
2025-03-21 16:00,2025-03-21,16,379
2025-03-21 17:00,2025-03-21,17,384
2025-03-21 18:00,2025-03-21,18,453
2025-03-21 19:00,2025-03-21,19,488
2025-03-21 20:00,2025-03-21,20,351
2025-03-21 21:00,2025-03-21,21,274
2025-03-21 22:00,2025-03-21,22,152
2025-03-21 23:00,2025-03-21,23,134
2025-03-22 00:00,2025-03-22,0,64
2025-03-22 01:00,2025-03-22,1,63
2025-03-22 02:00,2025-03-22,2,45
2025-03-22 03:00,2025-03-22,3,31
2025-03-22 04:00,2025-03-22,4,13
2025-03-22 05:00,2025-03-22,5,66
2025-03-22 06:00,2025-03-22,6,221
2025-03-22 07:00,2025-03-22,7,217
2025-03-22 08:00,2025-03-22,8,260
2025-03-22 09:00,2025-03-22,9,343
2025-03-22 10:00,2025-03-22,10,259
2025-03-22 11:00,2025-03-22,11,293
2025-03-22 12:00,2025-03-22,12,234
2025-03-22 13:00,2025-03-22,13,265
2025-03-22 14:00,2025-03-22,14,282
2025-03-22 15:00,2025-03-22,15,238
2025-03-22 16:00,2025-03-22,16,229
2025-03-22 17:00,2025-03-22,17,410
2025-03-22 18:00,2025-03-22,18,523
2025-03-22 19:00,2025-03-22,19,254
2025-03-22 20:00,2025-03-22,20,232
2025-03-22 21:00,2025-03-22,21,181
2025-03-22 22:00,2025-03-22,22,116
2025-03-22 23:00,2025-03-22,23,100
2025-03-23 00:00,2025-03-23,0,70
2025-03-23 01:00,2025-03-23,1,66
2025-03-23 02:00,2025-03-23,2,35
2025-03-23 03:00,2025-03-23,3,25
2025-03-23 04:00,2025-03-23,4,15
2025-03-23 05:00,2025-03-23,5,49
2025-03-23 06:00,2025-03-23,6,248
2025-03-23 07:00,2025-03-23,7,364
2025-03-23 08:00,2025-03-23,8,331
2025-03-23 09:00,2025-03-23,9,369
2025-03-23 10:00,2025-03-23,10,186
2025-03-23 11:00,2025-03-23,11,255
2025-03-23 12:00,2025-03-23,12,321
2025-03-23 13:00,2025-03-23,13,327
2025-03-23 14:00,2025-03-23,14,270
2025-03-23 15:00,2025-03-23,15,278
2025-03-23 16:00,2025-03-23,16,317
2025-03-23 17:00,2025-03-23,17,247
2025-03-23 18:00,2025-03-23,18,401
2025-03-23 19:00,2025-03-23,19,301
2025-03-23 20:00,2025-03-23,20,228
2025-03-23 21:00,2025-03-23,21,191
2025-03-23 22:00,2025-03-23,22,119
2025-03-23 23:00,2025-03-23,23,90
2025-03-24 00:00,2025-03-24,0,110
2025-03-24 01:00,2025-03-24,1,70
2025-03-24 02:00,2025-03-24,2,72
2025-03-24 03:00,2025-03-24,3,45
2025-03-24 04:00,2025-03-24,4,21
2025-03-24 05:00,2025-03-24,5,77
2025-03-24 06:00,2025-03-24,6,353
2025-03-24 07:00,2025-03-24,7,331
2025-03-24 08:00,2025-03-24,8,502
2025-03-24 09:00,2025-03-24,9,531
2025-03-24 10:00,2025-03-24,10,335
2025-03-24 11:00,2025-03-24,11,354
2025-03-24 12:00,2025-03-24,12,540
2025-03-24 13:00,2025-03-24,13,362
2025-03-24 14:00,2025-03-24,14,444
2025-03-24 15:00,2025-03-24,15,417
2025-03-24 16:00,2025-03-24,16,384
2025-03-24 17:00,2025-03-24,17,421
2025-03-24 18:00,2025-03-24,18,580
2025-03-24 19:00,2025-03-24,19,521
2025-03-24 20:00,2025-03-24,20,406
2025-03-24 21:00,2025-03-24,21,287
2025-03-24 22:00,2025-03-24,22,173
2025-03-24 23:00,2025-03-24,23,143
2025-03-25 00:00,2025-03-25,0,86
2025-03-25 01:00,2025-03-25,1,88
2025-03-25 02:00,2025-03-25,2,62
2025-03-25 03:00,2025-03-25,3,45
2025-03-25 04:00,2025-03-25,4,25
2025-03-25 05:00,2025-03-25,5,74
2025-03-25 06:00,2025-03-25,6,363
2025-03-25 07:00,2025-03-25,7,488
2025-03-25 08:00,2025-03-25,8,430
2025-03-25 09:00,2025-03-25,9,554
2025-03-25 10:00,2025-03-25,10,377
2025-03-25 11:00,2025-03-25,11,325
2025-03-25 12:00,2025-03-25,12,502
2025-03-25 13:00,2025-03-25,13,380
2025-03-25 14:00,2025-03-25,14,437
2025-03-25 15:00,2025-03-25,15,349
2025-03-25 16:00,2025-03-25,16,306
2025-03-25 17:00,2025-03-25,17,444
2025-03-25 18:00,2025-03-25,18,648
2025-03-25 19:00,2025-03-25,19,531
2025-03-25 20:00,2025-03-25,20,304
2025-03-25 21:00,2025-03-25,21,242
2025-03-25 22:00,2025-03-25,22,194
2025-03-25 23:00,2025-03-25,23,118
2025-03-26 00:00,2025-03-26,0,84
2025-03-26 01:00,2025-03-26,1,88
2025-03-26 02:00,2025-03-26,2,47
2025-03-26 03:00,2025-03-26,3,41
2025-03-26 04:00,2025-03-26,4,19
2025-03-26 05:00,2025-03-26,5,92
2025-03-26 06:00,2025-03-26,6,267
2025-03-26 07:00,2025-03-26,7,477
2025-03-26 08:00,2025-03-26,8,453
2025-03-26 09:00,2025-03-26,9,423
2025-03-26 10:00,2025-03-26,10,307
2025-03-26 11:00,2025-03-26,11,299
2025-03-26 12:00,2025-03-26,12,435
2025-03-26 13:00,2025-03-26,13,456
2025-03-26 14:00,2025-03-26,14,378
2025-03-26 15:00,2025-03-26,15,353
2025-03-26 16:00,2025-03-26,16,414
2025-03-26 17:00,2025-03-26,17,430
2025-03-26 18:00,2025-03-26,18,612
2025-03-26 19:00,2025-03-26,19,513
2025-03-26 20:00,2025-03-26,20,279
2025-03-26 21:00,2025-03-26,21,214
2025-03-26 22:00,2025-03-26,22,145
2025-03-26 23:00,2025-03-26,23,103
2025-03-27 00:00,2025-03-27,0,123
2025-03-27 01:00,2025-03-27,1,77
2025-03-27 02:00,2025-03-27,2,52
2025-03-27 03:00,2025-03-27,3,34
2025-03-27 04:00,2025-03-27,4,17
2025-03-27 05:00,2025-03-27,5,82
2025-03-27 06:00,2025-03-27,6,320
2025-03-27 07:00,2025-03-27,7,457
2025-03-27 08:00,2025-03-27,8,372
2025-03-27 09:00,2025-03-27,9,564
2025-03-27 10:00,2025-03-27,10,378
2025-03-27 11:00,2025-03-27,11,395
2025-03-27 12:00,2025-03-27,12,455
2025-03-27 13:00,2025-03-27,13,338
2025-03-27 14:00,2025-03-27,14,462
2025-03-27 15:00,2025-03-27,15,347
2025-03-27 16:00,2025-03-27,16,463
2025-03-27 17:00,2025-03-27,17,421
2025-03-27 18:00,2025-03-27,18,613
2025-03-27 19:00,2025-03-27,19,374
2025-03-27 20:00,2025-03-27,20,363
2025-03-27 21:00,2025-03-27,21,289
2025-03-27 22:00,2025-03-27,22,163
2025-03-27 23:00,2025-03-27,23,91
2025-03-28 00:00,2025-03-28,0,98
2025-03-28 01:00,2025-03-28,1,63
2025-03-28 02:00,2025-03-28,2,48
2025-03-28 03:00,2025-03-28,3,41
2025-03-28 04:00,2025-03-28,4,16
2025-03-28 05:00,2025-03-28,5,73
2025-03-28 06:00,2025-03-28,6,291
2025-03-28 07:00,2025-03-28,7,518
2025-03-28 08:00,2025-03-28,8,421
2025-03-28 09:00,2025-03-28,9,423
2025-03-28 10:00,2025-03-28,10,327
2025-03-28 11:00,2025-03-28,11,295
2025-03-28 12:00,2025-03-28,12,548
2025-03-28 13:00,2025-03-28,13,470
2025-03-28 14:00,2025-03-28,14,465
2025-03-28 15:00,2025-03-28,15,435
2025-03-28 16:00,2025-03-28,16,443
2025-03-28 17:00,2025-03-28,17,464
2025-03-28 18:00,2025-03-28,18,469
2025-03-28 19:00,2025-03-28,19,554
2025-03-28 20:00,2025-03-28,20,389
2025-03-28 21:00,2025-03-28,21,210
2025-03-28 22:00,2025-03-28,22,151
2025-03-28 23:00,2025-03-28,23,126
2025-03-29 00:00,2025-03-29,0,63
2025-03-29 01:00,2025-03-29,1,70
2025-03-29 02:00,2025-03-29,2,43
2025-03-29 03:00,2025-03-29,3,25
2025-03-29 04:00,2025-03-29,4,13
2025-03-29 05:00,2025-03-29,5,51
2025-03-29 06:00,2025-03-29,6,270
2025-03-29 07:00,2025-03-29,7,279
2025-03-29 08:00,2025-03-29,8,344
2025-03-29 09:00,2025-03-29,9,376
2025-03-29 10:00,2025-03-29,10,278
2025-03-29 11:00,2025-03-29,11,264
2025-03-29 12:00,2025-03-29,12,366
2025-03-29 13:00,2025-03-29,13,315
2025-03-29 14:00,2025-03-29,14,226
2025-03-29 15:00,2025-03-29,15,262
2025-03-29 16:00,2025-03-29,16,308
2025-03-29 17:00,2025-03-29,17,367
2025-03-29 18:00,2025-03-29,18,484
2025-03-29 19:00,2025-03-29,19,334
2025-03-29 20:00,2025-03-29,20,209
2025-03-29 21:00,2025-03-29,21,169
2025-03-29 22:00,2025-03-29,22,135
2025-03-29 23:00,2025-03-29,23,81
2025-03-30 00:00,2025-03-30,0,83
2025-03-30 01:00,2025-03-30,1,42
2025-03-30 02:00,2025-03-30,2,41
2025-03-30 03:00,2025-03-30,3,36
2025-03-30 04:00,2025-03-30,4,17
2025-03-30 05:00,2025-03-30,5,70
2025-03-30 06:00,2025-03-30,6,231
2025-03-30 07:00,2025-03-30,7,296
2025-03-30 08:00,2025-03-30,8,277
2025-03-30 09:00,2025-03-30,9,384
2025-03-30 10:00,2025-03-30,10,174
2025-03-30 11:00,2025-03-30,11,187
2025-03-30 12:00,2025-03-30,12,366
2025-03-30 13:00,2025-03-30,13,319
2025-03-30 14:00,2025-03-30,14,240
2025-03-30 15:00,2025-03-30,15,358
2025-03-30 16:00,2025-03-30,16,298
2025-03-30 17:00,2025-03-30,17,345
2025-03-30 18:00,2025-03-30,18,322
2025-03-30 19:00,2025-03-30,19,267
2025-03-30 20:00,2025-03-30,20,265
2025-03-30 21:00,2025-03-30,21,147
2025-03-30 22:00,2025-03-30,22,129
2025-03-30 23:00,2025-03-30,23,79
2025-03-31 00:00,2025-03-31,0,110
2025-03-31 01:00,2025-03-31,1,96
2025-03-31 02:00,2025-03-31,2,75
2025-03-31 03:00,2025-03-31,3,38
2025-03-31 04:00,2025-03-31,4,16
2025-03-31 05:00,2025-03-31,5,84
2025-03-31 06:00,2025-03-31,6,349
2025-03-31 07:00,2025-03-31,7,418
2025-03-31 08:00,2025-03-31,8,470
2025-03-31 09:00,2025-03-31,9,363
2025-03-31 10:00,2025-03-31,10,316
2025-03-31 11:00,2025-03-31,11,395
2025-03-31 12:00,2025-03-31,12,519
2025-03-31 13:00,2025-03-31,13,351
2025-03-31 14:00,2025-03-31,14,470
2025-03-31 15:00,2025-03-31,15,444
2025-03-31 16:00,2025-03-31,16,372
2025-03-31 17:00,2025-03-31,17,456
2025-03-31 18:00,2025-03-31,18,736
2025-03-31 19:00,2025-03-31,19,543
2025-03-31 20:00,2025-03-31,20,400
2025-03-31 21:00,2025-03-31,21,220
2025-03-31 22:00,2025-03-31,22,177
2025-03-31 23:00,2025-03-31,23,130
2025-04-01 00:00,2025-04-01,0,113
2025-04-01 01:00,2025-04-01,1,68
2025-04-01 02:00,2025-04-01,2,49
2025-04-01 03:00,2025-04-01,3,45
2025-04-01 04:00,2025-04-01,4,16
2025-04-01 05:00,2025-04-01,5,72
2025-04-01 06:00,2025-04-01,6,314
2025-04-01 07:00,2025-04-01,7,386
2025-04-01 08:00,2025-04-01,8,492
2025-04-01 09:00,2025-04-01,9,493
2025-04-01 10:00,2025-04-01,10,255
2025-04-01 11:00,2025-04-01,11,448
2025-04-01 12:00,2025-04-01,12,477
2025-04-01 13:00,2025-04-01,13,351
2025-04-01 14:00,2025-04-01,14,447
2025-04-01 15:00,2025-04-01,15,402
2025-04-01 16:00,2025-04-01,16,463
2025-04-01 17:00,2025-04-01,17,500
2025-04-01 18:00,2025-04-01,18,714
2025-04-01 19:00,2025-04-01,19,362
2025-04-01 20:00,2025-04-01,20,366
2025-04-01 21:00,2025-04-01,21,228
2025-04-01 22:00,2025-04-01,22,187
2025-04-01 23:00,2025-04-01,23,145
2025-04-02 00:00,2025-04-02,0,122
2025-04-02 01:00,2025-04-02,1,80
2025-04-02 02:00,2025-04-02,2,69
2025-04-02 03:00,2025-04-02,3,39
2025-04-02 04:00,2025-04-02,4,21
2025-04-02 05:00,2025-04-02,5,95
2025-04-02 06:00,2025-04-02,6,267
2025-04-02 07:00,2025-04-02,7,370
2025-04-02 08:00,2025-04-02,8,405
2025-04-02 09:00,2025-04-02,9,367
2025-04-02 10:00,2025-04-02,10,335
2025-04-02 11:00,2025-04-02,11,308
2025-04-02 12:00,2025-04-02,12,486
2025-04-02 13:00,2025-04-02,13,353
2025-04-02 14:00,2025-04-02,14,319
2025-04-02 15:00,2025-04-02,15,371
2025-04-02 16:00,2025-04-02,16,443
2025-04-02 17:00,2025-04-02,17,448
2025-04-02 18:00,2025-04-02,18,519
2025-04-02 19:00,2025-04-02,19,364
2025-04-02 20:00,2025-04-02,20,386
2025-04-02 21:00,2025-04-02,21,193
2025-04-02 22:00,2025-04-02,22,207
2025-04-02 23:00,2025-04-02,23,132
2025-04-03 00:00,2025-04-03,0,84
2025-04-03 01:00,2025-04-03,1,84
2025-04-03 02:00,2025-04-03,2,45
2025-04-03 03:00,2025-04-03,3,41
2025-04-03 04:00,2025-04-03,4,20
2025-04-03 05:00,2025-04-03,5,91
2025-04-03 06:00,2025-04-03,6,354
2025-04-03 07:00,2025-04-03,7,409
2025-04-03 08:00,2025-04-03,8,535
2025-04-03 09:00,2025-04-03,9,484
2025-04-03 10:00,2025-04-03,10,400
2025-04-03 11:00,2025-04-03,11,315
2025-04-03 12:00,2025-04-03,12,534
2025-04-03 13:00,2025-04-03,13,424
2025-04-03 14:00,2025-04-03,14,473
2025-04-03 15:00,2025-04-03,15,380
2025-04-03 16:00,2025-04-03,16,425
2025-04-03 17:00,2025-04-03,17,468
2025-04-03 18:00,2025-04-03,18,664
2025-04-03 19:00,2025-04-03,19,402
2025-04-03 20:00,2025-04-03,20,337
2025-04-03 21:00,2025-04-03,21,195
2025-04-03 22:00,2025-04-03,22,142
2025-04-03 23:00,2025-04-03,23,90
2025-04-04 00:00,2025-04-04,0,100
2025-04-04 01:00,2025-04-04,1,82
2025-04-04 02:00,2025-04-04,2,56
2025-04-04 03:00,2025-04-04,3,33
2025-04-04 04:00,2025-04-04,4,20
2025-04-04 05:00,2025-04-04,5,80
2025-04-04 06:00,2025-04-04,6,366
2025-04-04 07:00,2025-04-04,7,357
2025-04-04 08:00,2025-04-04,8,386
2025-04-04 09:00,2025-04-04,9,508
2025-04-04 10:00,2025-04-04,10,410
2025-04-04 11:00,2025-04-04,11,381
2025-04-04 12:00,2025-04-04,12,356
2025-04-04 13:00,2025-04-04,13,327
2025-04-04 14:00,2025-04-04,14,440
2025-04-04 15:00,2025-04-04,15,360
2025-04-04 16:00,2025-04-04,16,476
2025-04-04 17:00,2025-04-04,17,448
2025-04-04 18:00,2025-04-04,18,684
2025-04-04 19:00,2025-04-04,19,566
2025-04-04 20:00,2025-04-04,20,360
2025-04-04 21:00,2025-04-04,21,193
2025-04-04 22:00,2025-04-04,22,196
2025-04-04 23:00,2025-04-04,23,149
2025-04-05 00:00,2025-04-05,0,85
2025-04-05 01:00,2025-04-05,1,57
2025-04-05 02:00,2025-04-05,2,49
2025-04-05 03:00,2025-04-05,3,34
2025-04-05 04:00,2025-04-05,4,15
2025-04-05 05:00,2025-04-05,5,53
2025-04-05 06:00,2025-04-05,6,215
2025-04-05 07:00,2025-04-05,7,330
2025-04-05 08:00,2025-04-05,8,352
2025-04-05 09:00,2025-04-05,9,285
2025-04-05 10:00,2025-04-05,10,282
2025-04-05 11:00,2025-04-05,11,309
2025-04-05 12:00,2025-04-05,12,293
2025-04-05 13:00,2025-04-05,13,291
2025-04-05 14:00,2025-04-05,14,313
2025-04-05 15:00,2025-04-05,15,292
2025-04-05 16:00,2025-04-05,16,198
2025-04-05 17:00,2025-04-05,17,222
2025-04-05 18:00,2025-04-05,18,525
2025-04-05 19:00,2025-04-05,19,340
2025-04-05 20:00,2025-04-05,20,279
2025-04-05 21:00,2025-04-05,21,124
2025-04-05 22:00,2025-04-05,22,134
2025-04-05 23:00,2025-04-05,23,74
2025-04-06 00:00,2025-04-06,0,54
2025-04-06 01:00,2025-04-06,1,65
2025-04-06 02:00,2025-04-06,2,49
2025-04-06 03:00,2025-04-06,3,31
2025-04-06 04:00,2025-04-06,4,15
2025-04-06 05:00,2025-04-06,5,62
2025-04-06 06:00,2025-04-06,6,171
2025-04-06 07:00,2025-04-06,7,211
2025-04-06 08:00,2025-04-06,8,224
2025-04-06 09:00,2025-04-06,9,379
2025-04-06 10:00,2025-04-06,10,249
2025-04-06 11:00,2025-04-06,11,280
2025-04-06 12:00,2025-04-06,12,248
2025-04-06 13:00,2025-04-06,13,259
2025-04-06 14:00,2025-04-06,14,213
2025-04-06 15:00,2025-04-06,15,191
2025-04-06 16:00,2025-04-06,16,193
2025-04-06 17:00,2025-04-06,17,219
2025-04-06 18:00,2025-04-06,18,368
2025-04-06 19:00,2025-04-06,19,412
2025-04-06 20:00,2025-04-06,20,229
2025-04-06 21:00,2025-04-06,21,208
2025-04-06 22:00,2025-04-06,22,92
2025-04-06 23:00,2025-04-06,23,68
2025-04-07 00:00,2025-04-07,0,91
2025-04-07 01:00,2025-04-07,1,79
2025-04-07 02:00,2025-04-07,2,52
2025-04-07 03:00,2025-04-07,3,46
2025-04-07 04:00,2025-04-07,4,16
2025-04-07 05:00,2025-04-07,5,64
2025-04-07 06:00,2025-04-07,6,285
2025-04-07 07:00,2025-04-07,7,361
2025-04-07 08:00,2025-04-07,8,482
2025-04-07 09:00,2025-04-07,9,592
2025-04-07 10:00,2025-04-07,10,316
2025-04-07 11:00,2025-04-07,11,324
2025-04-07 12:00,2025-04-07,12,375
2025-04-07 13:00,2025-04-07,13,304
2025-04-07 14:00,2025-04-07,14,374
2025-04-07 15:00,2025-04-07,15,400
2025-04-07 16:00,2025-04-07,16,326
2025-04-07 17:00,2025-04-07,17,464
2025-04-07 18:00,2025-04-07,18,726
2025-04-07 19:00,2025-04-07,19,486
2025-04-07 20:00,2025-04-07,20,360
2025-04-07 21:00,2025-04-07,21,262
2025-04-07 22:00,2025-04-07,22,149
2025-04-07 23:00,2025-04-07,23,144
2025-04-08 00:00,2025-04-08,0,130
2025-04-08 01:00,2025-04-08,1,64
2025-04-08 02:00,2025-04-08,2,58
2025-04-08 03:00,2025-04-08,3,48
2025-04-08 04:00,2025-04-08,4,24
2025-04-08 05:00,2025-04-08,5,91
2025-04-08 06:00,2025-04-08,6,315
2025-04-08 07:00,2025-04-08,7,342
2025-04-08 08:00,2025-04-08,8,415
2025-04-08 09:00,2025-04-08,9,465
2025-04-08 10:00,2025-04-08,10,412
2025-04-08 11:00,2025-04-08,11,320
2025-04-08 12:00,2025-04-08,12,407
2025-04-08 13:00,2025-04-08,13,386
2025-04-08 14:00,2025-04-08,14,429
2025-04-08 15:00,2025-04-08,15,368
2025-04-08 16:00,2025-04-08,16,406
2025-04-08 17:00,2025-04-08,17,475
2025-04-08 18:00,2025-04-08,18,649
2025-04-08 19:00,2025-04-08,19,573
2025-04-08 20:00,2025-04-08,20,372
2025-04-08 21:00,2025-04-08,21,204
2025-04-08 22:00,2025-04-08,22,208
2025-04-08 23:00,2025-04-08,23,117
2025-04-09 00:00,2025-04-09,0,93
2025-04-09 01:00,2025-04-09,1,79
2025-04-09 02:00,2025-04-09,2,74
2025-04-09 03:00,2025-04-09,3,37
2025-04-09 04:00,2025-04-09,4,17
2025-04-09 05:00,2025-04-09,5,99
2025-04-09 06:00,2025-04-09,6,297
2025-04-09 07:00,2025-04-09,7,339
2025-04-09 08:00,2025-04-09,8,367
2025-04-09 09:00,2025-04-09,9,535
2025-04-09 10:00,2025-04-09,10,330
2025-04-09 11:00,2025-04-09,11,351
2025-04-09 12:00,2025-04-09,12,462
2025-04-09 13:00,2025-04-09,13,345
2025-04-09 14:00,2025-04-09,14,418
2025-04-09 15:00,2025-04-09,15,305
2025-04-09 16:00,2025-04-09,16,272
2025-04-09 17:00,2025-04-09,17,419
2025-04-09 18:00,2025-04-09,18,505
2025-04-09 19:00,2025-04-09,19,597
2025-04-09 20:00,2025-04-09,20,278
2025-04-09 21:00,2025-04-09,21,180
2025-04-09 22:00,2025-04-09,22,148
2025-04-09 23:00,2025-04-09,23,110
2025-04-10 00:00,2025-04-10,0,94
2025-04-10 01:00,2025-04-10,1,84
2025-04-10 02:00,2025-04-10,2,52
2025-04-10 03:00,2025-04-10,3,44
2025-04-10 04:00,2025-04-10,4,17
2025-04-10 05:00,2025-04-10,5,99
2025-04-10 06:00,2025-04-10,6,335
2025-04-10 07:00,2025-04-10,7,434
2025-04-10 08:00,2025-04-10,8,432
2025-04-10 09:00,2025-04-10,9,561
2025-04-10 10:00,2025-04-10,10,337
2025-04-10 11:00,2025-04-10,11,265
2025-04-10 12:00,2025-04-10,12,389
2025-04-10 13:00,2025-04-10,13,383
2025-04-10 14:00,2025-04-10,14,360
2025-04-10 15:00,2025-04-10,15,412
2025-04-10 16:00,2025-04-10,16,407
2025-04-10 17:00,2025-04-10,17,357
2025-04-10 18:00,2025-04-10,18,495
2025-04-10 19:00,2025-04-10,19,465
2025-04-10 20:00,2025-04-10,20,309
2025-04-10 21:00,2025-04-10,21,200
2025-04-10 22:00,2025-04-10,22,195
2025-04-10 23:00,2025-04-10,23,138
2025-04-11 00:00,2025-04-11,0,93
2025-04-11 01:00,2025-04-11,1,62
2025-04-11 02:00,2025-04-11,2,45
2025-04-11 03:00,2025-04-11,3,38
2025-04-11 04:00,2025-04-11,4,24
2025-04-11 05:00,2025-04-11,5,62
2025-04-11 06:00,2025-04-11,6,244
2025-04-11 07:00,2025-04-11,7,417
2025-04-11 08:00,2025-04-11,8,473
2025-04-11 09:00,2025-04-11,9,439
2025-04-11 10:00,2025-04-11,10,416
2025-04-11 11:00,2025-04-11,11,343
2025-04-11 12:00,2025-04-11,12,486
2025-04-11 13:00,2025-04-11,13,381
2025-04-11 14:00,2025-04-11,14,367
2025-04-11 15:00,2025-04-11,15,384
2025-04-11 16:00,2025-04-11,16,486
2025-04-11 17:00,2025-04-11,17,596
2025-04-11 18:00,2025-04-11,18,640
2025-04-11 19:00,2025-04-11,19,410
2025-04-11 20:00,2025-04-11,20,377
2025-04-11 21:00,2025-04-11,21,265
2025-04-11 22:00,2025-04-11,22,178
2025-04-11 23:00,2025-04-11,23,140
2025-04-12 00:00,2025-04-12,0,55
2025-04-12 01:00,2025-04-12,1,48
2025-04-12 02:00,2025-04-12,2,46
2025-04-12 03:00,2025-04-12,3,27
2025-04-12 04:00,2025-04-12,4,14
2025-04-12 05:00,2025-04-12,5,65
2025-04-12 06:00,2025-04-12,6,168
2025-04-12 07:00,2025-04-12,7,243
2025-04-12 08:00,2025-04-12,8,314
2025-04-12 09:00,2025-04-12,9,276
2025-04-12 10:00,2025-04-12,10,218
2025-04-12 11:00,2025-04-12,11,225
2025-04-12 12:00,2025-04-12,12,234
2025-04-12 13:00,2025-04-12,13,210
2025-04-12 14:00,2025-04-12,14,225
2025-04-12 15:00,2025-04-12,15,360
2025-04-12 16:00,2025-04-12,16,200
2025-04-12 17:00,2025-04-12,17,406
2025-04-12 18:00,2025-04-12,18,462
2025-04-12 19:00,2025-04-12,19,290
2025-04-12 20:00,2025-04-12,20,211
2025-04-12 21:00,2025-04-12,21,201
2025-04-12 22:00,2025-04-12,22,90
2025-04-12 23:00,2025-04-12,23,90
2025-04-13 00:00,2025-04-13,0,56
2025-04-13 01:00,2025-04-13,1,66
2025-04-13 02:00,2025-04-13,2,41
2025-04-13 03:00,2025-04-13,3,34
2025-04-13 04:00,2025-04-13,4,14
2025-04-13 05:00,2025-04-13,5,69
2025-04-13 06:00,2025-04-13,6,222
2025-04-13 07:00,2025-04-13,7,322
2025-04-13 08:00,2025-04-13,8,333
2025-04-13 09:00,2025-04-13,9,401
2025-04-13 10:00,2025-04-13,10,190
2025-04-13 11:00,2025-04-13,11,243
2025-04-13 12:00,2025-04-13,12,287
2025-04-13 13:00,2025-04-13,13,240
2025-04-13 14:00,2025-04-13,14,309
2025-04-13 15:00,2025-04-13,15,242
2025-04-13 16:00,2025-04-13,16,289
2025-04-13 17:00,2025-04-13,17,316
2025-04-13 18:00,2025-04-13,18,400
2025-04-13 19:00,2025-04-13,19,244
2025-04-13 20:00,2025-04-13,20,188
2025-04-13 21:00,2025-04-13,21,208
2025-04-13 22:00,2025-04-13,22,143
2025-04-13 23:00,2025-04-13,23,61
2025-04-14 00:00,2025-04-14,0,99
2025-04-14 01:00,2025-04-14,1,68
2025-04-14 02:00,2025-04-14,2,69
2025-04-14 03:00,2025-04-14,3,34
2025-04-14 04:00,2025-04-14,4,16
2025-04-14 05:00,2025-04-14,5,96
2025-04-14 06:00,2025-04-14,6,319
2025-04-14 07:00,2025-04-14,7,447
2025-04-14 08:00,2025-04-14,8,354
2025-04-14 09:00,2025-04-14,9,534
2025-04-14 10:00,2025-04-14,10,366
2025-04-14 11:00,2025-04-14,11,405
2025-04-14 12:00,2025-04-14,12,443
2025-04-14 13:00,2025-04-14,13,399
2025-04-14 14:00,2025-04-14,14,446
2025-04-14 15:00,2025-04-14,15,324
2025-04-14 16:00,2025-04-14,16,492
2025-04-14 17:00,2025-04-14,17,516
2025-04-14 18:00,2025-04-14,18,564
2025-04-14 19:00,2025-04-14,19,621
2025-04-14 20:00,2025-04-14,20,422
2025-04-14 21:00,2025-04-14,21,190
2025-04-14 22:00,2025-04-14,22,189
2025-04-14 23:00,2025-04-14,23,105
2025-04-15 00:00,2025-04-15,0,114
2025-04-15 01:00,2025-04-15,1,65
2025-04-15 02:00,2025-04-15,2,54
2025-04-15 03:00,2025-04-15,3,45
2025-04-15 04:00,2025-04-15,4,16
2025-04-15 05:00,2025-04-15,5,81
2025-04-15 06:00,2025-04-15,6,302
2025-04-15 07:00,2025-04-15,7,502
2025-04-15 08:00,2025-04-15,8,469
2025-04-15 09:00,2025-04-15,9,598
2025-04-15 10:00,2025-04-15,10,285
2025-04-15 11:00,2025-04-15,11,280
2025-04-15 12:00,2025-04-15,12,363
2025-04-15 13:00,2025-04-15,13,346
2025-04-15 14:00,2025-04-15,14,479
2025-04-15 15:00,2025-04-15,15,502
2025-04-15 16:00,2025-04-15,16,522
2025-04-15 17:00,2025-04-15,17,426
2025-04-15 18:00,2025-04-15,18,663
2025-04-15 19:00,2025-04-15,19,425
2025-04-15 20:00,2025-04-15,20,458
2025-04-15 21:00,2025-04-15,21,322
2025-04-15 22:00,2025-04-15,22,216
2025-04-15 23:00,2025-04-15,23,116
2025-04-16 00:00,2025-04-16,0,120
2025-04-16 01:00,2025-04-16,1,105
2025-04-16 02:00,2025-04-16,2,63
2025-04-16 03:00,2025-04-16,3,49
2025-04-16 04:00,2025-04-16,4,25
2025-04-16 05:00,2025-04-16,5,92
2025-04-16 06:00,2025-04-16,6,323
2025-04-16 07:00,2025-04-16,7,480
2025-04-16 08:00,2025-04-16,8,443
2025-04-16 09:00,2025-04-16,9,475
2025-04-16 10:00,2025-04-16,10,404
2025-04-16 11:00,2025-04-16,11,273
2025-04-16 12:00,2025-04-16,12,332
2025-04-16 13:00,2025-04-16,13,392
2025-04-16 14:00,2025-04-16,14,361
2025-04-16 15:00,2025-04-16,15,416
2025-04-16 16:00,2025-04-16,16,347
2025-04-16 17:00,2025-04-16,17,488
2025-04-16 18:00,2025-04-16,18,489
2025-04-16 19:00,2025-04-16,19,360
2025-04-16 20:00,2025-04-16,20,288
2025-04-16 21:00,2025-04-16,21,216
2025-04-16 22:00,2025-04-16,22,215
2025-04-16 23:00,2025-04-16,23,147
2025-04-17 00:00,2025-04-17,0,127
2025-04-17 01:00,2025-04-17,1,67
2025-04-17 02:00,2025-04-17,2,67
2025-04-17 03:00,2025-04-17,3,47
2025-04-17 04:00,2025-04-17,4,20
2025-04-17 05:00,2025-04-17,5,95
2025-04-17 06:00,2025-04-17,6,300
2025-04-17 07:00,2025-04-17,7,421
2025-04-17 08:00,2025-04-17,8,463
2025-04-17 09:00,2025-04-17,9,475
2025-04-17 10:00,2025-04-17,10,301
2025-04-17 11:00,2025-04-17,11,404
2025-04-17 12:00,2025-04-17,12,536
2025-04-17 13:00,2025-04-17,13,394
2025-04-17 14:00,2025-04-17,14,420
2025-04-17 15:00,2025-04-17,15,321
2025-04-17 16:00,2025-04-17,16,471
2025-04-17 17:00,2025-04-17,17,519
2025-04-17 18:00,2025-04-17,18,630
2025-04-17 19:00,2025-04-17,19,492
2025-04-17 20:00,2025-04-17,20,276
2025-04-17 21:00,2025-04-17,21,202
2025-04-17 22:00,2025-04-17,22,225
2025-04-17 23:00,2025-04-17,23,131
2025-04-18 00:00,2025-04-18,0,88
2025-04-18 01:00,2025-04-18,1,102
2025-04-18 02:00,2025-04-18,2,56
2025-04-18 03:00,2025-04-18,3,48
2025-04-18 04:00,2025-04-18,4,21
2025-04-18 05:00,2025-04-18,5,84
2025-04-18 06:00,2025-04-18,6,322
2025-04-18 07:00,2025-04-18,7,357
2025-04-18 08:00,2025-04-18,8,380
2025-04-18 09:00,2025-04-18,9,457
2025-04-18 10:00,2025-04-18,10,340
2025-04-18 11:00,2025-04-18,11,444
2025-04-18 12:00,2025-04-18,12,356
2025-04-18 13:00,2025-04-18,13,269
2025-04-18 14:00,2025-04-18,14,426
2025-04-18 15:00,2025-04-18,15,339
2025-04-18 16:00,2025-04-18,16,346
2025-04-18 17:00,2025-04-18,17,403
2025-04-18 18:00,2025-04-18,18,627
2025-04-18 19:00,2025-04-18,19,498
2025-04-18 20:00,2025-04-18,20,352
2025-04-18 21:00,2025-04-18,21,272
2025-04-18 22:00,2025-04-18,22,166
2025-04-18 23:00,2025-04-18,23,95
2025-04-19 00:00,2025-04-19,0,87
2025-04-19 01:00,2025-04-19,1,58
2025-04-19 02:00,2025-04-19,2,32
2025-04-19 03:00,2025-04-19,3,25
2025-04-19 04:00,2025-04-19,4,10
2025-04-19 05:00,2025-04-19,5,64
2025-04-19 06:00,2025-04-19,6,206
2025-04-19 07:00,2025-04-19,7,223
2025-04-19 08:00,2025-04-19,8,324
2025-04-19 09:00,2025-04-19,9,362
2025-04-19 10:00,2025-04-19,10,180
2025-04-19 11:00,2025-04-19,11,181
2025-04-19 12:00,2025-04-19,12,231
2025-04-19 13:00,2025-04-19,13,327
2025-04-19 14:00,2025-04-19,14,238
2025-04-19 15:00,2025-04-19,15,329
2025-04-19 16:00,2025-04-19,16,269
2025-04-19 17:00,2025-04-19,17,428
2025-04-19 18:00,2025-04-19,18,464
2025-04-19 19:00,2025-04-19,19,269
2025-04-19 20:00,2025-04-19,20,196
2025-04-19 21:00,2025-04-19,21,128
2025-04-19 22:00,2025-04-19,22,135
2025-04-19 23:00,2025-04-19,23,74
2025-04-20 00:00,2025-04-20,0,52
2025-04-20 01:00,2025-04-20,1,60
2025-04-20 02:00,2025-04-20,2,34
2025-04-20 03:00,2025-04-20,3,36
2025-04-20 04:00,2025-04-20,4,14
2025-04-20 05:00,2025-04-20,5,47
2025-04-20 06:00,2025-04-20,6,168
2025-04-20 07:00,2025-04-20,7,354
2025-04-20 08:00,2025-04-20,8,265
2025-04-20 09:00,2025-04-20,9,385
2025-04-20 10:00,2025-04-20,10,222
2025-04-20 11:00,2025-04-20,11,267
2025-04-20 12:00,2025-04-20,12,253
2025-04-20 13:00,2025-04-20,13,266
2025-04-20 14:00,2025-04-20,14,231
2025-04-20 15:00,2025-04-20,15,291
2025-04-20 16:00,2025-04-20,16,213
2025-04-20 17:00,2025-04-20,17,296
2025-04-20 18:00,2025-04-20,18,447
2025-04-20 19:00,2025-04-20,19,297
2025-04-20 20:00,2025-04-20,20,285
2025-04-20 21:00,2025-04-20,21,178
2025-04-20 22:00,2025-04-20,22,111
2025-04-20 23:00,2025-04-20,23,92
2025-04-21 00:00,2025-04-21,0,100
2025-04-21 01:00,2025-04-21,1,94
2025-04-21 02:00,2025-04-21,2,52
2025-04-21 03:00,2025-04-21,3,32
2025-04-21 04:00,2025-04-21,4,22
2025-04-21 05:00,2025-04-21,5,92
2025-04-21 06:00,2025-04-21,6,372
2025-04-21 07:00,2025-04-21,7,500
2025-04-21 08:00,2025-04-21,8,418
2025-04-21 09:00,2025-04-21,9,390
2025-04-21 10:00,2025-04-21,10,402
2025-04-21 11:00,2025-04-21,11,299
2025-04-21 12:00,2025-04-21,12,346
2025-04-21 13:00,2025-04-21,13,387
2025-04-21 14:00,2025-04-21,14,394
2025-04-21 15:00,2025-04-21,15,321
2025-04-21 16:00,2025-04-21,16,456
2025-04-21 17:00,2025-04-21,17,444
2025-04-21 18:00,2025-04-21,18,718
2025-04-21 19:00,2025-04-21,19,469
2025-04-21 20:00,2025-04-21,20,288
2025-04-21 21:00,2025-04-21,21,273
2025-04-21 22:00,2025-04-21,22,144
2025-04-21 23:00,2025-04-21,23,143
2025-04-22 00:00,2025-04-22,0,85
2025-04-22 01:00,2025-04-22,1,98
2025-04-22 02:00,2025-04-22,2,67
2025-04-22 03:00,2025-04-22,3,45
2025-04-22 04:00,2025-04-22,4,21
2025-04-22 05:00,2025-04-22,5,60
2025-04-22 06:00,2025-04-22,6,302
2025-04-22 07:00,2025-04-22,7,338
2025-04-22 08:00,2025-04-22,8,368
2025-04-22 09:00,2025-04-22,9,385
2025-04-22 10:00,2025-04-22,10,352
2025-04-22 11:00,2025-04-22,11,301
2025-04-22 12:00,2025-04-22,12,503
2025-04-22 13:00,2025-04-22,13,455
2025-04-22 14:00,2025-04-22,14,331
2025-04-22 15:00,2025-04-22,15,336
2025-04-22 16:00,2025-04-22,16,407
2025-04-22 17:00,2025-04-22,17,559
2025-04-22 18:00,2025-04-22,18,618
2025-04-22 19:00,2025-04-22,19,399
2025-04-22 20:00,2025-04-22,20,328
2025-04-22 21:00,2025-04-22,21,297
2025-04-22 22:00,2025-04-22,22,157
2025-04-22 23:00,2025-04-22,23,92
2025-04-23 00:00,2025-04-23,0,112
2025-04-23 01:00,2025-04-23,1,81
2025-04-23 02:00,2025-04-23,2,55
2025-04-23 03:00,2025-04-23,3,38
2025-04-23 04:00,2025-04-23,4,19
2025-04-23 05:00,2025-04-23,5,102
2025-04-23 06:00,2025-04-23,6,278
2025-04-23 07:00,2025-04-23,7,357
2025-04-23 08:00,2025-04-23,8,392
2025-04-23 09:00,2025-04-23,9,408
2025-04-23 10:00,2025-04-23,10,401
2025-04-23 11:00,2025-04-23,11,280
2025-04-23 12:00,2025-04-23,12,463
2025-04-23 13:00,2025-04-23,13,404
2025-04-23 14:00,2025-04-23,14,328
2025-04-23 15:00,2025-04-23,15,321
2025-04-23 16:00,2025-04-23,16,387
2025-04-23 17:00,2025-04-23,17,476
2025-04-23 18:00,2025-04-23,18,727
2025-04-23 19:00,2025-04-23,19,466
2025-04-23 20:00,2025-04-23,20,341
2025-04-23 21:00,2025-04-23,21,202
2025-04-23 22:00,2025-04-23,22,205
2025-04-23 23:00,2025-04-23,23,129
2025-04-24 00:00,2025-04-24,0,97
2025-04-24 01:00,2025-04-24,1,86
2025-04-24 02:00,2025-04-24,2,66
2025-04-24 03:00,2025-04-24,3,40
2025-04-24 04:00,2025-04-24,4,22
2025-04-24 05:00,2025-04-24,5,66
2025-04-24 06:00,2025-04-24,6,231
2025-04-24 07:00,2025-04-24,7,306
2025-04-24 08:00,2025-04-24,8,368
2025-04-24 09:00,2025-04-24,9,412
2025-04-24 10:00,2025-04-24,10,346
2025-04-24 11:00,2025-04-24,11,446
2025-04-24 12:00,2025-04-24,12,339
2025-04-24 13:00,2025-04-24,13,396
2025-04-24 14:00,2025-04-24,14,474
2025-04-24 15:00,2025-04-24,15,495
2025-04-24 16:00,2025-04-24,16,462
2025-04-24 17:00,2025-04-24,17,531
2025-04-24 18:00,2025-04-24,18,693
2025-04-24 19:00,2025-04-24,19,547
2025-04-24 20:00,2025-04-24,20,336
2025-04-24 21:00,2025-04-24,21,277
2025-04-24 22:00,2025-04-24,22,213
2025-04-24 23:00,2025-04-24,23,100
2025-04-25 00:00,2025-04-25,0,82
2025-04-25 01:00,2025-04-25,1,50
2025-04-25 02:00,2025-04-25,2,57
2025-04-25 03:00,2025-04-25,3,32
2025-04-25 04:00,2025-04-25,4,13
2025-04-25 05:00,2025-04-25,5,68
2025-04-25 06:00,2025-04-25,6,198
2025-04-25 07:00,2025-04-25,7,316
2025-04-25 08:00,2025-04-25,8,319
2025-04-25 09:00,2025-04-25,9,309
2025-04-25 10:00,2025-04-25,10,336
2025-04-25 11:00,2025-04-25,11,321
2025-04-25 12:00,2025-04-25,12,419
2025-04-25 13:00,2025-04-25,13,341
2025-04-25 14:00,2025-04-25,14,298
2025-04-25 15:00,2025-04-25,15,226
2025-04-25 16:00,2025-04-25,16,335
2025-04-25 17:00,2025-04-25,17,346
2025-04-25 18:00,2025-04-25,18,400
2025-04-25 19:00,2025-04-25,19,357
2025-04-25 20:00,2025-04-25,20,318
2025-04-25 21:00,2025-04-25,21,232
2025-04-25 22:00,2025-04-25,22,141
2025-04-25 23:00,2025-04-25,23,107
2025-04-26 00:00,2025-04-26,0,78
2025-04-26 01:00,2025-04-26,1,60
2025-04-26 02:00,2025-04-26,2,36
2025-04-26 03:00,2025-04-26,3,30
2025-04-26 04:00,2025-04-26,4,9
2025-04-26 05:00,2025-04-26,5,47
2025-04-26 06:00,2025-04-26,6,191
2025-04-26 07:00,2025-04-26,7,343
2025-04-26 08:00,2025-04-26,8,313
2025-04-26 09:00,2025-04-26,9,337
2025-04-26 10:00,2025-04-26,10,275
2025-04-26 11:00,2025-04-26,11,270
2025-04-26 12:00,2025-04-26,12,319
2025-04-26 13:00,2025-04-26,13,318
2025-04-26 14:00,2025-04-26,14,276
2025-04-26 15:00,2025-04-26,15,301
2025-04-26 16:00,2025-04-26,16,229
2025-04-26 17:00,2025-04-26,17,266
2025-04-26 18:00,2025-04-26,18,480
2025-04-26 19:00,2025-04-26,19,388
2025-04-26 20:00,2025-04-26,20,221
2025-04-26 21:00,2025-04-26,21,187
2025-04-26 22:00,2025-04-26,22,114
2025-04-26 23:00,2025-04-26,23,84
2025-04-27 00:00,2025-04-27,0,78
2025-04-27 01:00,2025-04-27,1,48
2025-04-27 02:00,2025-04-27,2,30
2025-04-27 03:00,2025-04-27,3,27
2025-04-27 04:00,2025-04-27,4,10
2025-04-27 05:00,2025-04-27,5,56
2025-04-27 06:00,2025-04-27,6,161
2025-04-27 07:00,2025-04-27,7,309
2025-04-27 08:00,2025-04-27,8,359
2025-04-27 09:00,2025-04-27,9,231
2025-04-27 10:00,2025-04-27,10,241
2025-04-27 11:00,2025-04-27,11,287
2025-04-27 12:00,2025-04-27,12,261
2025-04-27 13:00,2025-04-27,13,234
2025-04-27 14:00,2025-04-27,14,277
2025-04-27 15:00,2025-04-27,15,283
2025-04-27 16:00,2025-04-27,16,291
2025-04-27 17:00,2025-04-27,17,375
2025-04-27 18:00,2025-04-27,18,295
2025-04-27 19:00,2025-04-27,19,304
2025-04-27 20:00,2025-04-27,20,191
2025-04-27 21:00,2025-04-27,21,161
2025-04-27 22:00,2025-04-27,22,139
2025-04-27 23:00,2025-04-27,23,69
2025-04-28 00:00,2025-04-28,0,138
2025-04-28 01:00,2025-04-28,1,118
2025-04-28 02:00,2025-04-28,2,82
2025-04-28 03:00,2025-04-28,3,55
2025-04-28 04:00,2025-04-28,4,19
2025-04-28 05:00,2025-04-28,5,109
2025-04-28 06:00,2025-04-28,6,439
2025-04-28 07:00,2025-04-28,7,558
2025-04-28 08:00,2025-04-28,8,464
2025-04-28 09:00,2025-04-28,9,469
2025-04-28 10:00,2025-04-28,10,406
2025-04-28 11:00,2025-04-28,11,339
2025-04-28 12:00,2025-04-28,12,456
2025-04-28 13:00,2025-04-28,13,449
2025-04-28 14:00,2025-04-28,14,421
2025-04-28 15:00,2025-04-28,15,364
2025-04-28 16:00,2025-04-28,16,390
2025-04-28 17:00,2025-04-28,17,476
2025-04-28 18:00,2025-04-28,18,613
2025-04-28 19:00,2025-04-28,19,676
2025-04-28 20:00,2025-04-28,20,399
2025-04-28 21:00,2025-04-28,21,267
2025-04-28 22:00,2025-04-28,22,252
2025-04-28 23:00,2025-04-28,23,167
2025-04-29 00:00,2025-04-29,0,132
2025-04-29 01:00,2025-04-29,1,89
2025-04-29 02:00,2025-04-29,2,81
2025-04-29 03:00,2025-04-29,3,39
2025-04-29 04:00,2025-04-29,4,22
2025-04-29 05:00,2025-04-29,5,75
2025-04-29 06:00,2025-04-29,6,433
2025-04-29 07:00,2025-04-29,7,392
2025-04-29 08:00,2025-04-29,8,451
2025-04-29 09:00,2025-04-29,9,532
2025-04-29 10:00,2025-04-29,10,335
2025-04-29 11:00,2025-04-29,11,479
2025-04-29 12:00,2025-04-29,12,569
2025-04-29 13:00,2025-04-29,13,330
2025-04-29 14:00,2025-04-29,14,448
2025-04-29 15:00,2025-04-29,15,506
2025-04-29 16:00,2025-04-29,16,359
2025-04-29 17:00,2025-04-29,17,552
2025-04-29 18:00,2025-04-29,18,659
2025-04-29 19:00,2025-04-29,19,525
2025-04-29 20:00,2025-04-29,20,353
2025-04-29 21:00,2025-04-29,21,335
2025-04-29 22:00,2025-04-29,22,190
2025-04-29 23:00,2025-04-29,23,172
2025-04-30 00:00,2025-04-30,0,107
2025-04-30 01:00,2025-04-30,1,114
2025-04-30 02:00,2025-04-30,2,56
2025-04-30 03:00,2025-04-30,3,54
2025-04-30 04:00,2025-04-30,4,19
2025-04-30 05:00,2025-04-30,5,73
2025-04-30 06:00,2025-04-30,6,342
2025-04-30 07:00,2025-04-30,7,549
2025-04-30 08:00,2025-04-30,8,640
2025-04-30 09:00,2025-04-30,9,581
2025-04-30 10:00,2025-04-30,10,371
2025-04-30 11:00,2025-04-30,11,372
2025-04-30 12:00,2025-04-30,12,419
2025-04-30 13:00,2025-04-30,13,503
2025-04-30 14:00,2025-04-30,14,399
2025-04-30 15:00,2025-04-30,15,413
2025-04-30 16:00,2025-04-30,16,416
2025-04-30 17:00,2025-04-30,17,606
2025-04-30 18:00,2025-04-30,18,706
2025-04-30 19:00,2025-04-30,19,694
2025-04-30 20:00,2025-04-30,20,534
2025-04-30 21:00,2025-04-30,21,237
2025-04-30 22:00,2025-04-30,22,179
2025-04-30 23:00,2025-04-30,23,177
2025-05-01 00:00,2025-05-01,0,72
2025-05-01 01:00,2025-05-01,1,88
2025-05-01 02:00,2025-05-01,2,66
2025-05-01 03:00,2025-05-01,3,42
2025-05-01 04:00,2025-05-01,4,16
2025-05-01 05:00,2025-05-01,5,76
2025-05-01 06:00,2025-05-01,6,240
2025-05-01 07:00,2025-05-01,7,465
2025-05-01 08:00,2025-05-01,8,401
2025-05-01 09:00,2025-05-01,9,441
2025-05-01 10:00,2025-05-01,10,284
2025-05-01 11:00,2025-05-01,11,265
2025-05-01 12:00,2025-05-01,12,329
2025-05-01 13:00,2025-05-01,13,325
2025-05-01 14:00,2025-05-01,14,393
2025-05-01 15:00,2025-05-01,15,295
2025-05-01 16:00,2025-05-01,16,264
2025-05-01 17:00,2025-05-01,17,504
2025-05-01 18:00,2025-05-01,18,418
2025-05-01 19:00,2025-05-01,19,434
2025-05-01 20:00,2025-05-01,20,348
2025-05-01 21:00,2025-05-01,21,260
2025-05-01 22:00,2025-05-01,22,194
2025-05-01 23:00,2025-05-01,23,95
2025-05-02 00:00,2025-05-02,0,124
2025-05-02 01:00,2025-05-02,1,91
2025-05-02 02:00,2025-05-02,2,89
2025-05-02 03:00,2025-05-02,3,43
2025-05-02 04:00,2025-05-02,4,30
2025-05-02 05:00,2025-05-02,5,99
2025-05-02 06:00,2025-05-02,6,307
2025-05-02 07:00,2025-05-02,7,373
2025-05-02 08:00,2025-05-02,8,536
2025-05-02 09:00,2025-05-02,9,488
2025-05-02 10:00,2025-05-02,10,334
2025-05-02 11:00,2025-05-02,11,402
2025-05-02 12:00,2025-05-02,12,377
2025-05-02 13:00,2025-05-02,13,363
2025-05-02 14:00,2025-05-02,14,395
2025-05-02 15:00,2025-05-02,15,544
2025-05-02 16:00,2025-05-02,16,489
2025-05-02 17:00,2025-05-02,17,642
2025-05-02 18:00,2025-05-02,18,617
2025-05-02 19:00,2025-05-02,19,681
2025-05-02 20:00,2025-05-02,20,525
2025-05-02 21:00,2025-05-02,21,229
2025-05-02 22:00,2025-05-02,22,190
2025-05-02 23:00,2025-05-02,23,149
2025-05-03 00:00,2025-05-03,0,101
2025-05-03 01:00,2025-05-03,1,80
2025-05-03 02:00,2025-05-03,2,51
2025-05-03 03:00,2025-05-03,3,31
2025-05-03 04:00,2025-05-03,4,16
2025-05-03 05:00,2025-05-03,5,63
2025-05-03 06:00,2025-05-03,6,292
2025-05-03 07:00,2025-05-03,7,249
2025-05-03 08:00,2025-05-03,8,294
2025-05-03 09:00,2025-05-03,9,355
2025-05-03 10:00,2025-05-03,10,301
2025-05-03 11:00,2025-05-03,11,334
2025-05-03 12:00,2025-05-03,12,300
2025-05-03 13:00,2025-05-03,13,286
2025-05-03 14:00,2025-05-03,14,355
2025-05-03 15:00,2025-05-03,15,241
2025-05-03 16:00,2025-05-03,16,236
2025-05-03 17:00,2025-05-03,17,340
2025-05-03 18:00,2025-05-03,18,400
2025-05-03 19:00,2025-05-03,19,270
2025-05-03 20:00,2025-05-03,20,378
2025-05-03 21:00,2025-05-03,21,189
2025-05-03 22:00,2025-05-03,22,160
2025-05-03 23:00,2025-05-03,23,86
2025-05-04 00:00,2025-05-04,0,106
2025-05-04 01:00,2025-05-04,1,64
2025-05-04 02:00,2025-05-04,2,61
2025-05-04 03:00,2025-05-04,3,27
2025-05-04 04:00,2025-05-04,4,19
2025-05-04 05:00,2025-05-04,5,79
2025-05-04 06:00,2025-05-04,6,237
2025-05-04 07:00,2025-05-04,7,380
2025-05-04 08:00,2025-05-04,8,316
2025-05-04 09:00,2025-05-04,9,416
2025-05-04 10:00,2025-05-04,10,323
2025-05-04 11:00,2025-05-04,11,392
2025-05-04 12:00,2025-05-04,12,422
2025-05-04 13:00,2025-05-04,13,243
2025-05-04 14:00,2025-05-04,14,369
2025-05-04 15:00,2025-05-04,15,439
2025-05-04 16:00,2025-05-04,16,361
2025-05-04 17:00,2025-05-04,17,482
2025-05-04 18:00,2025-05-04,18,619
2025-05-04 19:00,2025-05-04,19,497
2025-05-04 20:00,2025-05-04,20,293
2025-05-04 21:00,2025-05-04,21,238
2025-05-04 22:00,2025-05-04,22,134
2025-05-04 23:00,2025-05-04,23,117
2025-05-05 00:00,2025-05-05,0,109
2025-05-05 01:00,2025-05-05,1,112
2025-05-05 02:00,2025-05-05,2,72
2025-05-05 03:00,2025-05-05,3,46
2025-05-05 04:00,2025-05-05,4,25
2025-05-05 05:00,2025-05-05,5,86
2025-05-05 06:00,2025-05-05,6,391
2025-05-05 07:00,2025-05-05,7,411
2025-05-05 08:00,2025-05-05,8,520
2025-05-05 09:00,2025-05-05,9,610
2025-05-05 10:00,2025-05-05,10,357
2025-05-05 11:00,2025-05-05,11,340
2025-05-05 12:00,2025-05-05,12,603
2025-05-05 13:00,2025-05-05,13,524
2025-05-05 14:00,2025-05-05,14,534
2025-05-05 15:00,2025-05-05,15,458
2025-05-05 16:00,2025-05-05,16,428
2025-05-05 17:00,2025-05-05,17,623
2025-05-05 18:00,2025-05-05,18,732
2025-05-05 19:00,2025-05-05,19,586
2025-05-05 20:00,2025-05-05,20,498
2025-05-05 21:00,2025-05-05,21,313
2025-05-05 22:00,2025-05-05,22,209
2025-05-05 23:00,2025-05-05,23,184
2025-05-06 00:00,2025-05-06,0,154
2025-05-06 01:00,2025-05-06,1,84
2025-05-06 02:00,2025-05-06,2,83
2025-05-06 03:00,2025-05-06,3,60
2025-05-06 04:00,2025-05-06,4,21
2025-05-06 05:00,2025-05-06,5,106
2025-05-06 06:00,2025-05-06,6,395
2025-05-06 07:00,2025-05-06,7,470
2025-05-06 08:00,2025-05-06,8,567
2025-05-06 09:00,2025-05-06,9,547
2025-05-06 10:00,2025-05-06,10,446
2025-05-06 11:00,2025-05-06,11,453
2025-05-06 12:00,2025-05-06,12,410
2025-05-06 13:00,2025-05-06,13,427
2025-05-06 14:00,2025-05-06,14,459
2025-05-06 15:00,2025-05-06,15,453
2025-05-06 16:00,2025-05-06,16,482
2025-05-06 17:00,2025-05-06,17,646
2025-05-06 18:00,2025-05-06,18,585
2025-05-06 19:00,2025-05-06,19,528
2025-05-06 20:00,2025-05-06,20,349
2025-05-06 21:00,2025-05-06,21,342
2025-05-06 22:00,2025-05-06,22,267
2025-05-06 23:00,2025-05-06,23,138
2025-05-07 00:00,2025-05-07,0,114
2025-05-07 01:00,2025-05-07,1,116
2025-05-07 02:00,2025-05-07,2,62
2025-05-07 03:00,2025-05-07,3,52
2025-05-07 04:00,2025-05-07,4,26
2025-05-07 05:00,2025-05-07,5,118
2025-05-07 06:00,2025-05-07,6,430
2025-05-07 07:00,2025-05-07,7,560
2025-05-07 08:00,2025-05-07,8,608
2025-05-07 09:00,2025-05-07,9,456
2025-05-07 10:00,2025-05-07,10,495
2025-05-07 11:00,2025-05-07,11,514
2025-05-07 12:00,2025-05-07,12,488
2025-05-07 13:00,2025-05-07,13,385
2025-05-07 14:00,2025-05-07,14,550
2025-05-07 15:00,2025-05-07,15,507
2025-05-07 16:00,2025-05-07,16,547
2025-05-07 17:00,2025-05-07,17,544
2025-05-07 18:00,2025-05-07,18,802
2025-05-07 19:00,2025-05-07,19,456
2025-05-07 20:00,2025-05-07,20,389
2025-05-07 21:00,2025-05-07,21,266
2025-05-07 22:00,2025-05-07,22,237
2025-05-07 23:00,2025-05-07,23,157
2025-05-08 00:00,2025-05-08,0,102
2025-05-08 01:00,2025-05-08,1,80
2025-05-08 02:00,2025-05-08,2,60
2025-05-08 03:00,2025-05-08,3,45
2025-05-08 04:00,2025-05-08,4,17
2025-05-08 05:00,2025-05-08,5,90
2025-05-08 06:00,2025-05-08,6,359
2025-05-08 07:00,2025-05-08,7,357
2025-05-08 08:00,2025-05-08,8,428
2025-05-08 09:00,2025-05-08,9,519
2025-05-08 10:00,2025-05-08,10,297
2025-05-08 11:00,2025-05-08,11,355
2025-05-08 12:00,2025-05-08,12,442
2025-05-08 13:00,2025-05-08,13,348
2025-05-08 14:00,2025-05-08,14,338
2025-05-08 15:00,2025-05-08,15,469
2025-05-08 16:00,2025-05-08,16,369
2025-05-08 17:00,2025-05-08,17,397
2025-05-08 18:00,2025-05-08,18,571
2025-05-08 19:00,2025-05-08,19,354
2025-05-08 20:00,2025-05-08,20,367
2025-05-08 21:00,2025-05-08,21,249
2025-05-08 22:00,2025-05-08,22,200
2025-05-08 23:00,2025-05-08,23,100
2025-05-09 00:00,2025-05-09,0,102
2025-05-09 01:00,2025-05-09,1,74
2025-05-09 02:00,2025-05-09,2,61
2025-05-09 03:00,2025-05-09,3,38
2025-05-09 04:00,2025-05-09,4,18
2025-05-09 05:00,2025-05-09,5,83
2025-05-09 06:00,2025-05-09,6,239
2025-05-09 07:00,2025-05-09,7,326
2025-05-09 08:00,2025-05-09,8,466
2025-05-09 09:00,2025-05-09,9,455
2025-05-09 10:00,2025-05-09,10,292
2025-05-09 11:00,2025-05-09,11,260
2025-05-09 12:00,2025-05-09,12,446
2025-05-09 13:00,2025-05-09,13,328
2025-05-09 14:00,2025-05-09,14,341
2025-05-09 15:00,2025-05-09,15,388
2025-05-09 16:00,2025-05-09,16,323
2025-05-09 17:00,2025-05-09,17,403
2025-05-09 18:00,2025-05-09,18,649
2025-05-09 19:00,2025-05-09,19,526
2025-05-09 20:00,2025-05-09,20,401
2025-05-09 21:00,2025-05-09,21,177
2025-05-09 22:00,2025-05-09,22,187
2025-05-09 23:00,2025-05-09,23,138
2025-05-10 00:00,2025-05-10,0,60
2025-05-10 01:00,2025-05-10,1,66
2025-05-10 02:00,2025-05-10,2,44
2025-05-10 03:00,2025-05-10,3,38
2025-05-10 04:00,2025-05-10,4,17
2025-05-10 05:00,2025-05-10,5,66
2025-05-10 06:00,2025-05-10,6,278
2025-05-10 07:00,2025-05-10,7,262
2025-05-10 08:00,2025-05-10,8,448
2025-05-10 09:00,2025-05-10,9,398
2025-05-10 10:00,2025-05-10,10,212
2025-05-10 11:00,2025-05-10,11,232
2025-05-10 12:00,2025-05-10,12,344
2025-05-10 13:00,2025-05-10,13,245
2025-05-10 14:00,2025-05-10,14,287
2025-05-10 15:00,2025-05-10,15,316
2025-05-10 16:00,2025-05-10,16,313
2025-05-10 17:00,2025-05-10,17,403
2025-05-10 18:00,2025-05-10,18,595
2025-05-10 19:00,2025-05-10,19,324
2025-05-10 20:00,2025-05-10,20,307
2025-05-10 21:00,2025-05-10,21,185
2025-05-10 22:00,2025-05-10,22,185
2025-05-10 23:00,2025-05-10,23,120
2025-05-11 00:00,2025-05-11,0,96
2025-05-11 01:00,2025-05-11,1,64
2025-05-11 02:00,2025-05-11,2,45
2025-05-11 03:00,2025-05-11,3,29
2025-05-11 04:00,2025-05-11,4,18
2025-05-11 05:00,2025-05-11,5,71
2025-05-11 06:00,2025-05-11,6,260
2025-05-11 07:00,2025-05-11,7,382
2025-05-11 08:00,2025-05-11,8,438
2025-05-11 09:00,2025-05-11,9,409
2025-05-11 10:00,2025-05-11,10,207
2025-05-11 11:00,2025-05-11,11,234
2025-05-11 12:00,2025-05-11,12,455
2025-05-11 13:00,2025-05-11,13,372
2025-05-11 14:00,2025-05-11,14,363
2025-05-11 15:00,2025-05-11,15,352
2025-05-11 16:00,2025-05-11,16,381
2025-05-11 17:00,2025-05-11,17,322
2025-05-11 18:00,2025-05-11,18,594
2025-05-11 19:00,2025-05-11,19,374
2025-05-11 20:00,2025-05-11,20,304
2025-05-11 21:00,2025-05-11,21,159
2025-05-11 22:00,2025-05-11,22,144
2025-05-11 23:00,2025-05-11,23,96
2025-05-12 00:00,2025-05-12,0,97
2025-05-12 01:00,2025-05-12,1,108
2025-05-12 02:00,2025-05-12,2,73
2025-05-12 03:00,2025-05-12,3,52
2025-05-12 04:00,2025-05-12,4,30
2025-05-12 05:00,2025-05-12,5,105
2025-05-12 06:00,2025-05-12,6,444
2025-05-12 07:00,2025-05-12,7,573
2025-05-12 08:00,2025-05-12,8,571
2025-05-12 09:00,2025-05-12,9,558
2025-05-12 10:00,2025-05-12,10,393
2025-05-12 11:00,2025-05-12,11,504
2025-05-12 12:00,2025-05-12,12,645
2025-05-12 13:00,2025-05-12,13,453
2025-05-12 14:00,2025-05-12,14,342
2025-05-12 15:00,2025-05-12,15,434
2025-05-12 16:00,2025-05-12,16,414
2025-05-12 17:00,2025-05-12,17,568
2025-05-12 18:00,2025-05-12,18,637
2025-05-12 19:00,2025-05-12,19,705
2025-05-12 20:00,2025-05-12,20,487
2025-05-12 21:00,2025-05-12,21,255
2025-05-12 22:00,2025-05-12,22,262
2025-05-12 23:00,2025-05-12,23,122
2025-05-13 00:00,2025-05-13,0,112
2025-05-13 01:00,2025-05-13,1,91
2025-05-13 02:00,2025-05-13,2,82
2025-05-13 03:00,2025-05-13,3,59
2025-05-13 04:00,2025-05-13,4,24
2025-05-13 05:00,2025-05-13,5,77
2025-05-13 06:00,2025-05-13,6,377
2025-05-13 07:00,2025-05-13,7,511
2025-05-13 08:00,2025-05-13,8,568
2025-05-13 09:00,2025-05-13,9,695
2025-05-13 10:00,2025-05-13,10,490
2025-05-13 11:00,2025-05-13,11,455
2025-05-13 12:00,2025-05-13,12,416
2025-05-13 13:00,2025-05-13,13,405
2025-05-13 14:00,2025-05-13,14,328
2025-05-13 15:00,2025-05-13,15,443
2025-05-13 16:00,2025-05-13,16,460
2025-05-13 17:00,2025-05-13,17,641
2025-05-13 18:00,2025-05-13,18,772
2025-05-13 19:00,2025-05-13,19,551
2025-05-13 20:00,2025-05-13,20,356
2025-05-13 21:00,2025-05-13,21,228
2025-05-13 22:00,2025-05-13,22,173
2025-05-13 23:00,2025-05-13,23,168
2025-05-14 00:00,2025-05-14,0,115
2025-05-14 01:00,2025-05-14,1,109
2025-05-14 02:00,2025-05-14,2,77
2025-05-14 03:00,2025-05-14,3,44
2025-05-14 04:00,2025-05-14,4,24
2025-05-14 05:00,2025-05-14,5,101
2025-05-14 06:00,2025-05-14,6,357
2025-05-14 07:00,2025-05-14,7,380
2025-05-14 08:00,2025-05-14,8,427
2025-05-14 09:00,2025-05-14,9,419
2025-05-14 10:00,2025-05-14,10,438
2025-05-14 11:00,2025-05-14,11,350
2025-05-14 12:00,2025-05-14,12,458
2025-05-14 13:00,2025-05-14,13,409
2025-05-14 14:00,2025-05-14,14,338
2025-05-14 15:00,2025-05-14,15,428
2025-05-14 16:00,2025-05-14,16,408
2025-05-14 17:00,2025-05-14,17,435
2025-05-14 18:00,2025-05-14,18,693
2025-05-14 19:00,2025-05-14,19,558
2025-05-14 20:00,2025-05-14,20,336
2025-05-14 21:00,2025-05-14,21,345
2025-05-14 22:00,2025-05-14,22,196
2025-05-14 23:00,2025-05-14,23,155
2025-05-15 00:00,2025-05-15,0,117
2025-05-15 01:00,2025-05-15,1,111
2025-05-15 02:00,2025-05-15,2,67
2025-05-15 03:00,2025-05-15,3,59
2025-05-15 04:00,2025-05-15,4,19
2025-05-15 05:00,2025-05-15,5,92
2025-05-15 06:00,2025-05-15,6,414
2025-05-15 07:00,2025-05-15,7,508
2025-05-15 08:00,2025-05-15,8,452
2025-05-15 09:00,2025-05-15,9,622
2025-05-15 10:00,2025-05-15,10,381
2025-05-15 11:00,2025-05-15,11,362
2025-05-15 12:00,2025-05-15,12,571
2025-05-15 13:00,2025-05-15,13,361
2025-05-15 14:00,2025-05-15,14,437
2025-05-15 15:00,2025-05-15,15,416
2025-05-15 16:00,2025-05-15,16,523
2025-05-15 17:00,2025-05-15,17,587
2025-05-15 18:00,2025-05-15,18,682
2025-05-15 19:00,2025-05-15,19,668
2025-05-15 20:00,2025-05-15,20,443
2025-05-15 21:00,2025-05-15,21,289
2025-05-15 22:00,2025-05-15,22,176
2025-05-15 23:00,2025-05-15,23,133
2025-05-16 00:00,2025-05-16,0,96
2025-05-16 01:00,2025-05-16,1,102
2025-05-16 02:00,2025-05-16,2,64
2025-05-16 03:00,2025-05-16,3,40
2025-05-16 04:00,2025-05-16,4,25
2025-05-16 05:00,2025-05-16,5,73
2025-05-16 06:00,2025-05-16,6,375
2025-05-16 07:00,2025-05-16,7,448
2025-05-16 08:00,2025-05-16,8,496
2025-05-16 09:00,2025-05-16,9,610
2025-05-16 10:00,2025-05-16,10,325
2025-05-16 11:00,2025-05-16,11,522
2025-05-16 12:00,2025-05-16,12,497
2025-05-16 13:00,2025-05-16,13,378
2025-05-16 14:00,2025-05-16,14,540
2025-05-16 15:00,2025-05-16,15,554
2025-05-16 16:00,2025-05-16,16,370
2025-05-16 17:00,2025-05-16,17,466
2025-05-16 18:00,2025-05-16,18,573
2025-05-16 19:00,2025-05-16,19,620
2025-05-16 20:00,2025-05-16,20,327
2025-05-16 21:00,2025-05-16,21,301
2025-05-16 22:00,2025-05-16,22,214
2025-05-16 23:00,2025-05-16,23,158
2025-05-17 00:00,2025-05-17,0,75
2025-05-17 01:00,2025-05-17,1,58
2025-05-17 02:00,2025-05-17,2,42
2025-05-17 03:00,2025-05-17,3,37
2025-05-17 04:00,2025-05-17,4,13
2025-05-17 05:00,2025-05-17,5,48
2025-05-17 06:00,2025-05-17,6,225
2025-05-17 07:00,2025-05-17,7,397
2025-05-17 08:00,2025-05-17,8,310
2025-05-17 09:00,2025-05-17,9,406
2025-05-17 10:00,2025-05-17,10,217
2025-05-17 11:00,2025-05-17,11,214
2025-05-17 12:00,2025-05-17,12,411
2025-05-17 13:00,2025-05-17,13,300
2025-05-17 14:00,2025-05-17,14,339
2025-05-17 15:00,2025-05-17,15,322
2025-05-17 16:00,2025-05-17,16,365
2025-05-17 17:00,2025-05-17,17,435
2025-05-17 18:00,2025-05-17,18,392
2025-05-17 19:00,2025-05-17,19,273
2025-05-17 20:00,2025-05-17,20,313
2025-05-17 21:00,2025-05-17,21,241
2025-05-17 22:00,2025-05-17,22,186
2025-05-17 23:00,2025-05-17,23,117
2025-05-18 00:00,2025-05-18,0,64
2025-05-18 01:00,2025-05-18,1,48
2025-05-18 02:00,2025-05-18,2,56
2025-05-18 03:00,2025-05-18,3,24
2025-05-18 04:00,2025-05-18,4,15
2025-05-18 05:00,2025-05-18,5,56
2025-05-18 06:00,2025-05-18,6,244
2025-05-18 07:00,2025-05-18,7,349
2025-05-18 08:00,2025-05-18,8,267
2025-05-18 09:00,2025-05-18,9,444
2025-05-18 10:00,2025-05-18,10,223
2025-05-18 11:00,2025-05-18,11,209
2025-05-18 12:00,2025-05-18,12,393
2025-05-18 13:00,2025-05-18,13,343
2025-05-18 14:00,2025-05-18,14,353
2025-05-18 15:00,2025-05-18,15,244
2025-05-18 16:00,2025-05-18,16,290
2025-05-18 17:00,2025-05-18,17,324
2025-05-18 18:00,2025-05-18,18,477
2025-05-18 19:00,2025-05-18,19,362
2025-05-18 20:00,2025-05-18,20,286
2025-05-18 21:00,2025-05-18,21,160
2025-05-18 22:00,2025-05-18,22,151
2025-05-18 23:00,2025-05-18,23,78
2025-05-19 00:00,2025-05-19,0,118
2025-05-19 01:00,2025-05-19,1,119
2025-05-19 02:00,2025-05-19,2,66
2025-05-19 03:00,2025-05-19,3,45
2025-05-19 04:00,2025-05-19,4,28
2025-05-19 05:00,2025-05-19,5,113
2025-05-19 06:00,2025-05-19,6,419
2025-05-19 07:00,2025-05-19,7,565
2025-05-19 08:00,2025-05-19,8,489
2025-05-19 09:00,2025-05-19,9,476
2025-05-19 10:00,2025-05-19,10,422
2025-05-19 11:00,2025-05-19,11,397
2025-05-19 12:00,2025-05-19,12,502
2025-05-19 13:00,2025-05-19,13,503
2025-05-19 14:00,2025-05-19,14,345
2025-05-19 15:00,2025-05-19,15,542
2025-05-19 16:00,2025-05-19,16,526
2025-05-19 17:00,2025-05-19,17,517
2025-05-19 18:00,2025-05-19,18,585
2025-05-19 19:00,2025-05-19,19,568
2025-05-19 20:00,2025-05-19,20,398
2025-05-19 21:00,2025-05-19,21,349
2025-05-19 22:00,2025-05-19,22,252
2025-05-19 23:00,2025-05-19,23,187
2025-05-20 00:00,2025-05-20,0,136
2025-05-20 01:00,2025-05-20,1,76
2025-05-20 02:00,2025-05-20,2,93
2025-05-20 03:00,2025-05-20,3,61
2025-05-20 04:00,2025-05-20,4,24
2025-05-20 05:00,2025-05-20,5,104
2025-05-20 06:00,2025-05-20,6,366
2025-05-20 07:00,2025-05-20,7,562
2025-05-20 08:00,2025-05-20,8,467
2025-05-20 09:00,2025-05-20,9,469
2025-05-20 10:00,2025-05-20,10,357
2025-05-20 11:00,2025-05-20,11,371
2025-05-20 12:00,2025-05-20,12,514
2025-05-20 13:00,2025-05-20,13,415
2025-05-20 14:00,2025-05-20,14,564
2025-05-20 15:00,2025-05-20,15,460
2025-05-20 16:00,2025-05-20,16,492
2025-05-20 17:00,2025-05-20,17,392
2025-05-20 18:00,2025-05-20,18,808
2025-05-20 19:00,2025-05-20,19,479
2025-05-20 20:00,2025-05-20,20,351
2025-05-20 21:00,2025-05-20,21,244
2025-05-20 22:00,2025-05-20,22,269
2025-05-20 23:00,2025-05-20,23,117
2025-05-21 00:00,2025-05-21,0,144
2025-05-21 01:00,2025-05-21,1,92
2025-05-21 02:00,2025-05-21,2,65
2025-05-21 03:00,2025-05-21,3,43
2025-05-21 04:00,2025-05-21,4,18
2025-05-21 05:00,2025-05-21,5,104
2025-05-21 06:00,2025-05-21,6,332
2025-05-21 07:00,2025-05-21,7,529
2025-05-21 08:00,2025-05-21,8,456
2025-05-21 09:00,2025-05-21,9,488
2025-05-21 10:00,2025-05-21,10,484
2025-05-21 11:00,2025-05-21,11,407
2025-05-21 12:00,2025-05-21,12,595
2025-05-21 13:00,2025-05-21,13,364
2025-05-21 14:00,2025-05-21,14,489
2025-05-21 15:00,2025-05-21,15,460
2025-05-21 16:00,2025-05-21,16,490
2025-05-21 17:00,2025-05-21,17,685
2025-05-21 18:00,2025-05-21,18,745
2025-05-21 19:00,2025-05-21,19,571
2025-05-21 20:00,2025-05-21,20,529
2025-05-21 21:00,2025-05-21,21,316
2025-05-21 22:00,2025-05-21,22,187
2025-05-21 23:00,2025-05-21,23,144
2025-05-22 00:00,2025-05-22,0,111
2025-05-22 01:00,2025-05-22,1,120
2025-05-22 02:00,2025-05-22,2,66
2025-05-22 03:00,2025-05-22,3,55
2025-05-22 04:00,2025-05-22,4,27
2025-05-22 05:00,2025-05-22,5,84
2025-05-22 06:00,2025-05-22,6,410
2025-05-22 07:00,2025-05-22,7,597
2025-05-22 08:00,2025-05-22,8,545
2025-05-22 09:00,2025-05-22,9,669
2025-05-22 10:00,2025-05-22,10,348
2025-05-22 11:00,2025-05-22,11,504
2025-05-22 12:00,2025-05-22,12,399
2025-05-22 13:00,2025-05-22,13,542
2025-05-22 14:00,2025-05-22,14,386
2025-05-22 15:00,2025-05-22,15,590
2025-05-22 16:00,2025-05-22,16,378
2025-05-22 17:00,2025-05-22,17,516
2025-05-22 18:00,2025-05-22,18,588
2025-05-22 19:00,2025-05-22,19,459
2025-05-22 20:00,2025-05-22,20,521
2025-05-22 21:00,2025-05-22,21,353
2025-05-22 22:00,2025-05-22,22,201
2025-05-22 23:00,2025-05-22,23,147
2025-05-23 00:00,2025-05-23,0,113
2025-05-23 01:00,2025-05-23,1,114
2025-05-23 02:00,2025-05-23,2,54
2025-05-23 03:00,2025-05-23,3,39
2025-05-23 04:00,2025-05-23,4,18
2025-05-23 05:00,2025-05-23,5,105
2025-05-23 06:00,2025-05-23,6,391
2025-05-23 07:00,2025-05-23,7,529
2025-05-23 08:00,2025-05-23,8,473
2025-05-23 09:00,2025-05-23,9,594
2025-05-23 10:00,2025-05-23,10,452
2025-05-23 11:00,2025-05-23,11,537
2025-05-23 12:00,2025-05-23,12,558
2025-05-23 13:00,2025-05-23,13,506
2025-05-23 14:00,2025-05-23,14,430
2025-05-23 15:00,2025-05-23,15,467
2025-05-23 16:00,2025-05-23,16,359
2025-05-23 17:00,2025-05-23,17,457
2025-05-23 18:00,2025-05-23,18,678
2025-05-23 19:00,2025-05-23,19,511
2025-05-23 20:00,2025-05-23,20,425
2025-05-23 21:00,2025-05-23,21,272
2025-05-23 22:00,2025-05-23,22,259
2025-05-23 23:00,2025-05-23,23,152
2025-05-24 00:00,2025-05-24,0,75
2025-05-24 01:00,2025-05-24,1,54
2025-05-24 02:00,2025-05-24,2,43
2025-05-24 03:00,2025-05-24,3,25
2025-05-24 04:00,2025-05-24,4,12
2025-05-24 05:00,2025-05-24,5,78
2025-05-24 06:00,2025-05-24,6,284
2025-05-24 07:00,2025-05-24,7,313
2025-05-24 08:00,2025-05-24,8,430
2025-05-24 09:00,2025-05-24,9,394
2025-05-24 10:00,2025-05-24,10,236
2025-05-24 11:00,2025-05-24,11,294
2025-05-24 12:00,2025-05-24,12,333
2025-05-24 13:00,2025-05-24,13,227
2025-05-24 14:00,2025-05-24,14,355
2025-05-24 15:00,2025-05-24,15,274
2025-05-24 16:00,2025-05-24,16,369
2025-05-24 17:00,2025-05-24,17,391
2025-05-24 18:00,2025-05-24,18,429
2025-05-24 19:00,2025-05-24,19,430
2025-05-24 20:00,2025-05-24,20,294
2025-05-24 21:00,2025-05-24,21,148
2025-05-24 22:00,2025-05-24,22,117
2025-05-24 23:00,2025-05-24,23,101
2025-05-25 00:00,2025-05-25,0,85
2025-05-25 01:00,2025-05-25,1,50
2025-05-25 02:00,2025-05-25,2,54
2025-05-25 03:00,2025-05-25,3,39
2025-05-25 04:00,2025-05-25,4,15
2025-05-25 05:00,2025-05-25,5,79
2025-05-25 06:00,2025-05-25,6,314
2025-05-25 07:00,2025-05-25,7,290
2025-05-25 08:00,2025-05-25,8,294
2025-05-25 09:00,2025-05-25,9,327
2025-05-25 10:00,2025-05-25,10,199
2025-05-25 11:00,2025-05-25,11,264
2025-05-25 12:00,2025-05-25,12,363
2025-05-25 13:00,2025-05-25,13,329
2025-05-25 14:00,2025-05-25,14,234
2025-05-25 15:00,2025-05-25,15,362
2025-05-25 16:00,2025-05-25,16,280
2025-05-25 17:00,2025-05-25,17,309
2025-05-25 18:00,2025-05-25,18,332
2025-05-25 19:00,2025-05-25,19,405
2025-05-25 20:00,2025-05-25,20,304
2025-05-25 21:00,2025-05-25,21,180
2025-05-25 22:00,2025-05-25,22,156
2025-05-25 23:00,2025-05-25,23,96
2025-05-26 00:00,2025-05-26,0,116
2025-05-26 01:00,2025-05-26,1,114
2025-05-26 02:00,2025-05-26,2,84
2025-05-26 03:00,2025-05-26,3,58
2025-05-26 04:00,2025-05-26,4,24
2025-05-26 05:00,2025-05-26,5,114
2025-05-26 06:00,2025-05-26,6,374
2025-05-26 07:00,2025-05-26,7,462
2025-05-26 08:00,2025-05-26,8,452
2025-05-26 09:00,2025-05-26,9,604
2025-05-26 10:00,2025-05-26,10,336
2025-05-26 11:00,2025-05-26,11,508
2025-05-26 12:00,2025-05-26,12,563
2025-05-26 13:00,2025-05-26,13,507
2025-05-26 14:00,2025-05-26,14,491
2025-05-26 15:00,2025-05-26,15,382
2025-05-26 16:00,2025-05-26,16,359
2025-05-26 17:00,2025-05-26,17,558
2025-05-26 18:00,2025-05-26,18,820
2025-05-26 19:00,2025-05-26,19,669
2025-05-26 20:00,2025-05-26,20,400
2025-05-26 21:00,2025-05-26,21,271
2025-05-26 22:00,2025-05-26,22,225
2025-05-26 23:00,2025-05-26,23,121
2025-05-27 00:00,2025-05-27,0,136
2025-05-27 01:00,2025-05-27,1,118
2025-05-27 02:00,2025-05-27,2,74
2025-05-27 03:00,2025-05-27,3,55
2025-05-27 04:00,2025-05-27,4,21
2025-05-27 05:00,2025-05-27,5,105
2025-05-27 06:00,2025-05-27,6,438
2025-05-27 07:00,2025-05-27,7,571
2025-05-27 08:00,2025-05-27,8,508
2025-05-27 09:00,2025-05-27,9,516
2025-05-27 10:00,2025-05-27,10,417
2025-05-27 11:00,2025-05-27,11,451
2025-05-27 12:00,2025-05-27,12,442
2025-05-27 13:00,2025-05-27,13,449
2025-05-27 14:00,2025-05-27,14,491
2025-05-27 15:00,2025-05-27,15,505
2025-05-27 16:00,2025-05-27,16,488
2025-05-27 17:00,2025-05-27,17,541
2025-05-27 18:00,2025-05-27,18,693
2025-05-27 19:00,2025-05-27,19,513
2025-05-27 20:00,2025-05-27,20,422
2025-05-27 21:00,2025-05-27,21,338
2025-05-27 22:00,2025-05-27,22,261
2025-05-27 23:00,2025-05-27,23,156
2025-05-28 00:00,2025-05-28,0,121
2025-05-28 01:00,2025-05-28,1,81
2025-05-28 02:00,2025-05-28,2,76
2025-05-28 03:00,2025-05-28,3,45
2025-05-28 04:00,2025-05-28,4,24
2025-05-28 05:00,2025-05-28,5,99
2025-05-28 06:00,2025-05-28,6,410
2025-05-28 07:00,2025-05-28,7,506
2025-05-28 08:00,2025-05-28,8,458
2025-05-28 09:00,2025-05-28,9,553
2025-05-28 10:00,2025-05-28,10,444
2025-05-28 11:00,2025-05-28,11,373
2025-05-28 12:00,2025-05-28,12,412
2025-05-28 13:00,2025-05-28,13,371
2025-05-28 14:00,2025-05-28,14,480
2025-05-28 15:00,2025-05-28,15,425
2025-05-28 16:00,2025-05-28,16,372
2025-05-28 17:00,2025-05-28,17,430
2025-05-28 18:00,2025-05-28,18,743
2025-05-28 19:00,2025-05-28,19,625
2025-05-28 20:00,2025-05-28,20,387
2025-05-28 21:00,2025-05-28,21,225
2025-05-28 22:00,2025-05-28,22,253
2025-05-28 23:00,2025-05-28,23,138
2025-05-29 00:00,2025-05-29,0,94
2025-05-29 01:00,2025-05-29,1,62
2025-05-29 02:00,2025-05-29,2,49
2025-05-29 03:00,2025-05-29,3,36
2025-05-29 04:00,2025-05-29,4,15
2025-05-29 05:00,2025-05-29,5,90
2025-05-29 06:00,2025-05-29,6,256
2025-05-29 07:00,2025-05-29,7,380
2025-05-29 08:00,2025-05-29,8,409
2025-05-29 09:00,2025-05-29,9,334
2025-05-29 10:00,2025-05-29,10,362
2025-05-29 11:00,2025-05-29,11,314
2025-05-29 12:00,2025-05-29,12,375
2025-05-29 13:00,2025-05-29,13,302
2025-05-29 14:00,2025-05-29,14,263
2025-05-29 15:00,2025-05-29,15,450
2025-05-29 16:00,2025-05-29,16,316
2025-05-29 17:00,2025-05-29,17,501
2025-05-29 18:00,2025-05-29,18,482
2025-05-29 19:00,2025-05-29,19,497
2025-05-29 20:00,2025-05-29,20,260
2025-05-29 21:00,2025-05-29,21,172
2025-05-29 22:00,2025-05-29,22,139
2025-05-29 23:00,2025-05-29,23,135
2025-05-30 00:00,2025-05-30,0,112
2025-05-30 01:00,2025-05-30,1,57
2025-05-30 02:00,2025-05-30,2,66
2025-05-30 03:00,2025-05-30,3,37
2025-05-30 04:00,2025-05-30,4,20
2025-05-30 05:00,2025-05-30,5,73
2025-05-30 06:00,2025-05-30,6,301
2025-05-30 07:00,2025-05-30,7,330
2025-05-30 08:00,2025-05-30,8,421
2025-05-30 09:00,2025-05-30,9,402
2025-05-30 10:00,2025-05-30,10,285
2025-05-30 11:00,2025-05-30,11,334
2025-05-30 12:00,2025-05-30,12,308
2025-05-30 13:00,2025-05-30,13,371
2025-05-30 14:00,2025-05-30,14,301
2025-05-30 15:00,2025-05-30,15,355
2025-05-30 16:00,2025-05-30,16,293
2025-05-30 17:00,2025-05-30,17,428
2025-05-30 18:00,2025-05-30,18,585
2025-05-30 19:00,2025-05-30,19,330
2025-05-30 20:00,2025-05-30,20,332
2025-05-30 21:00,2025-05-30,21,232
2025-05-30 22:00,2025-05-30,22,122
2025-05-30 23:00,2025-05-30,23,106
2025-05-31 00:00,2025-05-31,0,61
2025-05-31 01:00,2025-05-31,1,51
2025-05-31 02:00,2025-05-31,2,42
2025-05-31 03:00,2025-05-31,3,19
2025-05-31 04:00,2025-05-31,4,13
2025-05-31 05:00,2025-05-31,5,62
2025-05-31 06:00,2025-05-31,6,192
2025-05-31 07:00,2025-05-31,7,199
2025-05-31 08:00,2025-05-31,8,280
2025-05-31 09:00,2025-05-31,9,299
2025-05-31 10:00,2025-05-31,10,215
2025-05-31 11:00,2025-05-31,11,219
2025-05-31 12:00,2025-05-31,12,210
2025-05-31 13:00,2025-05-31,13,200
2025-05-31 14:00,2025-05-31,14,178
2025-05-31 15:00,2025-05-31,15,240
2025-05-31 16:00,2025-05-31,16,183
2025-05-31 17:00,2025-05-31,17,345
2025-05-31 18:00,2025-05-31,18,265
2025-05-31 19:00,2025-05-31,19,362
2025-05-31 20:00,2025-05-31,20,216
2025-05-31 21:00,2025-05-31,21,166
2025-05-31 22:00,2025-05-31,22,80
2025-05-31 23:00,2025-05-31,23,70
2025-06-01 00:00,2025-06-01,0,91
2025-06-01 01:00,2025-06-01,1,57
2025-06-01 02:00,2025-06-01,2,50
2025-06-01 03:00,2025-06-01,3,28
2025-06-01 04:00,2025-06-01,4,16
2025-06-01 05:00,2025-06-01,5,68
2025-06-01 06:00,2025-06-01,6,232
2025-06-01 07:00,2025-06-01,7,387
2025-06-01 08:00,2025-06-01,8,332
2025-06-01 09:00,2025-06-01,9,347
2025-06-01 10:00,2025-06-01,10,235
2025-06-01 11:00,2025-06-01,11,305
2025-06-01 12:00,2025-06-01,12,316
2025-06-01 13:00,2025-06-01,13,341
2025-06-01 14:00,2025-06-01,14,375
2025-06-01 15:00,2025-06-01,15,289
2025-06-01 16:00,2025-06-01,16,342
2025-06-01 17:00,2025-06-01,17,295
2025-06-01 18:00,2025-06-01,18,515
2025-06-01 19:00,2025-06-01,19,469
2025-06-01 20:00,2025-06-01,20,348
2025-06-01 21:00,2025-06-01,21,173
2025-06-01 22:00,2025-06-01,22,156
2025-06-01 23:00,2025-06-01,23,78
2025-06-02 00:00,2025-06-02,0,98
2025-06-02 01:00,2025-06-02,1,87
2025-06-02 02:00,2025-06-02,2,66
2025-06-02 03:00,2025-06-02,3,53
2025-06-02 04:00,2025-06-02,4,29
2025-06-02 05:00,2025-06-02,5,99
2025-06-02 06:00,2025-06-02,6,464
2025-06-02 07:00,2025-06-02,7,654
2025-06-02 08:00,2025-06-02,8,558
2025-06-02 09:00,2025-06-02,9,700
2025-06-02 10:00,2025-06-02,10,413
2025-06-02 11:00,2025-06-02,11,462
2025-06-02 12:00,2025-06-02,12,505
2025-06-02 13:00,2025-06-02,13,557
2025-06-02 14:00,2025-06-02,14,430
2025-06-02 15:00,2025-06-02,15,628
2025-06-02 16:00,2025-06-02,16,441
2025-06-02 17:00,2025-06-02,17,473
2025-06-02 18:00,2025-06-02,18,808
2025-06-02 19:00,2025-06-02,19,505
2025-06-02 20:00,2025-06-02,20,372
2025-06-02 21:00,2025-06-02,21,319
2025-06-02 22:00,2025-06-02,22,190
2025-06-02 23:00,2025-06-02,23,119
2025-06-03 00:00,2025-06-03,0,106
2025-06-03 01:00,2025-06-03,1,114
2025-06-03 02:00,2025-06-03,2,68
2025-06-03 03:00,2025-06-03,3,43
2025-06-03 04:00,2025-06-03,4,26
2025-06-03 05:00,2025-06-03,5,81
2025-06-03 06:00,2025-06-03,6,314
2025-06-03 07:00,2025-06-03,7,468
2025-06-03 08:00,2025-06-03,8,497
2025-06-03 09:00,2025-06-03,9,681
2025-06-03 10:00,2025-06-03,10,320
2025-06-03 11:00,2025-06-03,11,419
2025-06-03 12:00,2025-06-03,12,381
2025-06-03 13:00,2025-06-03,13,361
2025-06-03 14:00,2025-06-03,14,382
2025-06-03 15:00,2025-06-03,15,528
2025-06-03 16:00,2025-06-03,16,349
2025-06-03 17:00,2025-06-03,17,631
2025-06-03 18:00,2025-06-03,18,756
2025-06-03 19:00,2025-06-03,19,492
2025-06-03 20:00,2025-06-03,20,386
2025-06-03 21:00,2025-06-03,21,365
2025-06-03 22:00,2025-06-03,22,168
2025-06-03 23:00,2025-06-03,23,184
2025-06-04 00:00,2025-06-04,0,148
2025-06-04 01:00,2025-06-04,1,76
2025-06-04 02:00,2025-06-04,2,68
2025-06-04 03:00,2025-06-04,3,56
2025-06-04 04:00,2025-06-04,4,29
2025-06-04 05:00,2025-06-04,5,82
2025-06-04 06:00,2025-06-04,6,468
2025-06-04 07:00,2025-06-04,7,501
2025-06-04 08:00,2025-06-04,8,579
2025-06-04 09:00,2025-06-04,9,595
2025-06-04 10:00,2025-06-04,10,448
2025-06-04 11:00,2025-06-04,11,345
2025-06-04 12:00,2025-06-04,12,422
2025-06-04 13:00,2025-06-04,13,329
2025-06-04 14:00,2025-06-04,14,358
2025-06-04 15:00,2025-06-04,15,425
2025-06-04 16:00,2025-06-04,16,410
2025-06-04 17:00,2025-06-04,17,552
2025-06-04 18:00,2025-06-04,18,893
2025-06-04 19:00,2025-06-04,19,568
2025-06-04 20:00,2025-06-04,20,543
2025-06-04 21:00,2025-06-04,21,276
2025-06-04 22:00,2025-06-04,22,266
2025-06-04 23:00,2025-06-04,23,123
2025-06-05 00:00,2025-06-05,0,106
2025-06-05 01:00,2025-06-05,1,114
2025-06-05 02:00,2025-06-05,2,76
2025-06-05 03:00,2025-06-05,3,54
2025-06-05 04:00,2025-06-05,4,21
2025-06-05 05:00,2025-06-05,5,108
2025-06-05 06:00,2025-06-05,6,415
2025-06-05 07:00,2025-06-05,7,457
2025-06-05 08:00,2025-06-05,8,447
2025-06-05 09:00,2025-06-05,9,587
2025-06-05 10:00,2025-06-05,10,324
2025-06-05 11:00,2025-06-05,11,395
2025-06-05 12:00,2025-06-05,12,383
2025-06-05 13:00,2025-06-05,13,310
2025-06-05 14:00,2025-06-05,14,424
2025-06-05 15:00,2025-06-05,15,402
2025-06-05 16:00,2025-06-05,16,394
2025-06-05 17:00,2025-06-05,17,436
2025-06-05 18:00,2025-06-05,18,785
2025-06-05 19:00,2025-06-05,19,413
2025-06-05 20:00,2025-06-05,20,438
2025-06-05 21:00,2025-06-05,21,236
2025-06-05 22:00,2025-06-05,22,181
2025-06-05 23:00,2025-06-05,23,118
2025-06-06 00:00,2025-06-06,0,111
2025-06-06 01:00,2025-06-06,1,80
2025-06-06 02:00,2025-06-06,2,79
2025-06-06 03:00,2025-06-06,3,58
2025-06-06 04:00,2025-06-06,4,23
2025-06-06 05:00,2025-06-06,5,99
2025-06-06 06:00,2025-06-06,6,294
2025-06-06 07:00,2025-06-06,7,554
2025-06-06 08:00,2025-06-06,8,481
2025-06-06 09:00,2025-06-06,9,428
2025-06-06 10:00,2025-06-06,10,301
2025-06-06 11:00,2025-06-06,11,441
2025-06-06 12:00,2025-06-06,12,532
2025-06-06 13:00,2025-06-06,13,382
2025-06-06 14:00,2025-06-06,14,357
2025-06-06 15:00,2025-06-06,15,508
2025-06-06 16:00,2025-06-06,16,498
2025-06-06 17:00,2025-06-06,17,399
2025-06-06 18:00,2025-06-06,18,683
2025-06-06 19:00,2025-06-06,19,483
2025-06-06 20:00,2025-06-06,20,433
2025-06-06 21:00,2025-06-06,21,301
2025-06-06 22:00,2025-06-06,22,202
2025-06-06 23:00,2025-06-06,23,137
2025-06-07 00:00,2025-06-07,0,68
2025-06-07 01:00,2025-06-07,1,72
2025-06-07 02:00,2025-06-07,2,50
2025-06-07 03:00,2025-06-07,3,33
2025-06-07 04:00,2025-06-07,4,13
2025-06-07 05:00,2025-06-07,5,48
2025-06-07 06:00,2025-06-07,6,222
2025-06-07 07:00,2025-06-07,7,248
2025-06-07 08:00,2025-06-07,8,429
2025-06-07 09:00,2025-06-07,9,313
2025-06-07 10:00,2025-06-07,10,226
2025-06-07 11:00,2025-06-07,11,307
2025-06-07 12:00,2025-06-07,12,272
2025-06-07 13:00,2025-06-07,13,279
2025-06-07 14:00,2025-06-07,14,333
2025-06-07 15:00,2025-06-07,15,229
2025-06-07 16:00,2025-06-07,16,299
2025-06-07 17:00,2025-06-07,17,390
2025-06-07 18:00,2025-06-07,18,482
2025-06-07 19:00,2025-06-07,19,290
2025-06-07 20:00,2025-06-07,20,250
2025-06-07 21:00,2025-06-07,21,212
2025-06-07 22:00,2025-06-07,22,127
2025-06-07 23:00,2025-06-07,23,82
2025-06-08 00:00,2025-06-08,0,83
2025-06-08 01:00,2025-06-08,1,50
2025-06-08 02:00,2025-06-08,2,48
2025-06-08 03:00,2025-06-08,3,33
2025-06-08 04:00,2025-06-08,4,18
2025-06-08 05:00,2025-06-08,5,70
2025-06-08 06:00,2025-06-08,6,214
2025-06-08 07:00,2025-06-08,7,309
2025-06-08 08:00,2025-06-08,8,322
2025-06-08 09:00,2025-06-08,9,344
2025-06-08 10:00,2025-06-08,10,288
2025-06-08 11:00,2025-06-08,11,219
2025-06-08 12:00,2025-06-08,12,377
2025-06-08 13:00,2025-06-08,13,210
2025-06-08 14:00,2025-06-08,14,260
2025-06-08 15:00,2025-06-08,15,360
2025-06-08 16:00,2025-06-08,16,324
2025-06-08 17:00,2025-06-08,17,418
2025-06-08 18:00,2025-06-08,18,471
2025-06-08 19:00,2025-06-08,19,317
2025-06-08 20:00,2025-06-08,20,273
2025-06-08 21:00,2025-06-08,21,231
2025-06-08 22:00,2025-06-08,22,131
2025-06-08 23:00,2025-06-08,23,86
2025-06-09 00:00,2025-06-09,0,86
2025-06-09 01:00,2025-06-09,1,59
2025-06-09 02:00,2025-06-09,2,62
2025-06-09 03:00,2025-06-09,3,44
2025-06-09 04:00,2025-06-09,4,19
2025-06-09 05:00,2025-06-09,5,67
2025-06-09 06:00,2025-06-09,6,296
2025-06-09 07:00,2025-06-09,7,427
2025-06-09 08:00,2025-06-09,8,503
2025-06-09 09:00,2025-06-09,9,408
2025-06-09 10:00,2025-06-09,10,340
2025-06-09 11:00,2025-06-09,11,378
2025-06-09 12:00,2025-06-09,12,453
2025-06-09 13:00,2025-06-09,13,331
2025-06-09 14:00,2025-06-09,14,401
2025-06-09 15:00,2025-06-09,15,349
2025-06-09 16:00,2025-06-09,16,394
2025-06-09 17:00,2025-06-09,17,316
2025-06-09 18:00,2025-06-09,18,461
2025-06-09 19:00,2025-06-09,19,509
2025-06-09 20:00,2025-06-09,20,375
2025-06-09 21:00,2025-06-09,21,246
2025-06-09 22:00,2025-06-09,22,175
2025-06-09 23:00,2025-06-09,23,116
2025-06-10 00:00,2025-06-10,0,91
2025-06-10 01:00,2025-06-10,1,77
2025-06-10 02:00,2025-06-10,2,47
2025-06-10 03:00,2025-06-10,3,39
2025-06-10 04:00,2025-06-10,4,21
2025-06-10 05:00,2025-06-10,5,78
2025-06-10 06:00,2025-06-10,6,316
2025-06-10 07:00,2025-06-10,7,416
2025-06-10 08:00,2025-06-10,8,318
2025-06-10 09:00,2025-06-10,9,414
2025-06-10 10:00,2025-06-10,10,277
2025-06-10 11:00,2025-06-10,11,276
2025-06-10 12:00,2025-06-10,12,446
2025-06-10 13:00,2025-06-10,13,280
2025-06-10 14:00,2025-06-10,14,319
2025-06-10 15:00,2025-06-10,15,322
2025-06-10 16:00,2025-06-10,16,361
2025-06-10 17:00,2025-06-10,17,353
2025-06-10 18:00,2025-06-10,18,425
2025-06-10 19:00,2025-06-10,19,356
2025-06-10 20:00,2025-06-10,20,338
2025-06-10 21:00,2025-06-10,21,190
2025-06-10 22:00,2025-06-10,22,138
2025-06-10 23:00,2025-06-10,23,102
2025-06-11 00:00,2025-06-11,0,102
2025-06-11 01:00,2025-06-11,1,69
2025-06-11 02:00,2025-06-11,2,80
2025-06-11 03:00,2025-06-11,3,52
2025-06-11 04:00,2025-06-11,4,19
2025-06-11 05:00,2025-06-11,5,82
2025-06-11 06:00,2025-06-11,6,363
2025-06-11 07:00,2025-06-11,7,417
2025-06-11 08:00,2025-06-11,8,380
2025-06-11 09:00,2025-06-11,9,417
2025-06-11 10:00,2025-06-11,10,363
2025-06-11 11:00,2025-06-11,11,390
2025-06-11 12:00,2025-06-11,12,438
2025-06-11 13:00,2025-06-11,13,451
2025-06-11 14:00,2025-06-11,14,434
2025-06-11 15:00,2025-06-11,15,341
2025-06-11 16:00,2025-06-11,16,497
2025-06-11 17:00,2025-06-11,17,539
2025-06-11 18:00,2025-06-11,18,720
2025-06-11 19:00,2025-06-11,19,611
2025-06-11 20:00,2025-06-11,20,326
2025-06-11 21:00,2025-06-11,21,268
2025-06-11 22:00,2025-06-11,22,207
2025-06-11 23:00,2025-06-11,23,98
2025-06-12 00:00,2025-06-12,0,102
2025-06-12 01:00,2025-06-12,1,68
2025-06-12 02:00,2025-06-12,2,55
2025-06-12 03:00,2025-06-12,3,45
2025-06-12 04:00,2025-06-12,4,22
2025-06-12 05:00,2025-06-12,5,83
2025-06-12 06:00,2025-06-12,6,405
2025-06-12 07:00,2025-06-12,7,538
2025-06-12 08:00,2025-06-12,8,493
2025-06-12 09:00,2025-06-12,9,497
2025-06-12 10:00,2025-06-12,10,338
2025-06-12 11:00,2025-06-12,11,474
2025-06-12 12:00,2025-06-12,12,491
2025-06-12 13:00,2025-06-12,13,319
2025-06-12 14:00,2025-06-12,14,484
2025-06-12 15:00,2025-06-12,15,538
2025-06-12 16:00,2025-06-12,16,336
2025-06-12 17:00,2025-06-12,17,520
2025-06-12 18:00,2025-06-12,18,667
2025-06-12 19:00,2025-06-12,19,541
2025-06-12 20:00,2025-06-12,20,322
2025-06-12 21:00,2025-06-12,21,291
2025-06-12 22:00,2025-06-12,22,191
2025-06-12 23:00,2025-06-12,23,141
2025-06-13 00:00,2025-06-13,0,106
2025-06-13 01:00,2025-06-13,1,75
2025-06-13 02:00,2025-06-13,2,70
2025-06-13 03:00,2025-06-13,3,40
2025-06-13 04:00,2025-06-13,4,22
2025-06-13 05:00,2025-06-13,5,86
2025-06-13 06:00,2025-06-13,6,391
2025-06-13 07:00,2025-06-13,7,519
2025-06-13 08:00,2025-06-13,8,525
2025-06-13 09:00,2025-06-13,9,410
2025-06-13 10:00,2025-06-13,10,298
2025-06-13 11:00,2025-06-13,11,372
2025-06-13 12:00,2025-06-13,12,415
2025-06-13 13:00,2025-06-13,13,425
2025-06-13 14:00,2025-06-13,14,441
2025-06-13 15:00,2025-06-13,15,520
2025-06-13 16:00,2025-06-13,16,439
2025-06-13 17:00,2025-06-13,17,403
2025-06-13 18:00,2025-06-13,18,604
2025-06-13 19:00,2025-06-13,19,404
2025-06-13 20:00,2025-06-13,20,357
2025-06-13 21:00,2025-06-13,21,220
2025-06-13 22:00,2025-06-13,22,216
2025-06-13 23:00,2025-06-13,23,150
2025-06-14 00:00,2025-06-14,0,93
2025-06-14 01:00,2025-06-14,1,45
2025-06-14 02:00,2025-06-14,2,55
2025-06-14 03:00,2025-06-14,3,30
2025-06-14 04:00,2025-06-14,4,12
2025-06-14 05:00,2025-06-14,5,54
2025-06-14 06:00,2025-06-14,6,240
2025-06-14 07:00,2025-06-14,7,326
2025-06-14 08:00,2025-06-14,8,255
2025-06-14 09:00,2025-06-14,9,397
2025-06-14 10:00,2025-06-14,10,318
2025-06-14 11:00,2025-06-14,11,282
2025-06-14 12:00,2025-06-14,12,280
2025-06-14 13:00,2025-06-14,13,240
2025-06-14 14:00,2025-06-14,14,264
2025-06-14 15:00,2025-06-14,15,319
2025-06-14 16:00,2025-06-14,16,355
2025-06-14 17:00,2025-06-14,17,432
2025-06-14 18:00,2025-06-14,18,451
2025-06-14 19:00,2025-06-14,19,451
2025-06-14 20:00,2025-06-14,20,220
2025-06-14 21:00,2025-06-14,21,197
2025-06-14 22:00,2025-06-14,22,112
2025-06-14 23:00,2025-06-14,23,79
2025-06-15 00:00,2025-06-15,0,76
2025-06-15 01:00,2025-06-15,1,44
2025-06-15 02:00,2025-06-15,2,46
2025-06-15 03:00,2025-06-15,3,30
2025-06-15 04:00,2025-06-15,4,13
2025-06-15 05:00,2025-06-15,5,67
2025-06-15 06:00,2025-06-15,6,309
2025-06-15 07:00,2025-06-15,7,297
2025-06-15 08:00,2025-06-15,8,390
2025-06-15 09:00,2025-06-15,9,312
2025-06-15 10:00,2025-06-15,10,288
2025-06-15 11:00,2025-06-15,11,334
2025-06-15 12:00,2025-06-15,12,337
2025-06-15 13:00,2025-06-15,13,222
2025-06-15 14:00,2025-06-15,14,357
2025-06-15 15:00,2025-06-15,15,322
2025-06-15 16:00,2025-06-15,16,303
2025-06-15 17:00,2025-06-15,17,339
2025-06-15 18:00,2025-06-15,18,464
2025-06-15 19:00,2025-06-15,19,370
2025-06-15 20:00,2025-06-15,20,300
2025-06-15 21:00,2025-06-15,21,144
2025-06-15 22:00,2025-06-15,22,149
2025-06-15 23:00,2025-06-15,23,108
2025-06-16 00:00,2025-06-16,0,122
2025-06-16 01:00,2025-06-16,1,74
2025-06-16 02:00,2025-06-16,2,77
2025-06-16 03:00,2025-06-16,3,40
2025-06-16 04:00,2025-06-16,4,27
2025-06-16 05:00,2025-06-16,5,98
2025-06-16 06:00,2025-06-16,6,393
2025-06-16 07:00,2025-06-16,7,547
2025-06-16 08:00,2025-06-16,8,566
2025-06-16 09:00,2025-06-16,9,548
2025-06-16 10:00,2025-06-16,10,422
2025-06-16 11:00,2025-06-16,11,293
2025-06-16 12:00,2025-06-16,12,497
2025-06-16 13:00,2025-06-16,13,314
2025-06-16 14:00,2025-06-16,14,388
2025-06-16 15:00,2025-06-16,15,539
2025-06-16 16:00,2025-06-16,16,500
2025-06-16 17:00,2025-06-16,17,470
2025-06-16 18:00,2025-06-16,18,704
2025-06-16 19:00,2025-06-16,19,444
2025-06-16 20:00,2025-06-16,20,465
2025-06-16 21:00,2025-06-16,21,263
2025-06-16 22:00,2025-06-16,22,162
2025-06-16 23:00,2025-06-16,23,152
2025-06-17 00:00,2025-06-17,0,121
2025-06-17 01:00,2025-06-17,1,114
2025-06-17 02:00,2025-06-17,2,57
2025-06-17 03:00,2025-06-17,3,47
2025-06-17 04:00,2025-06-17,4,28
2025-06-17 05:00,2025-06-17,5,96
2025-06-17 06:00,2025-06-17,6,320
2025-06-17 07:00,2025-06-17,7,411
2025-06-17 08:00,2025-06-17,8,413
2025-06-17 09:00,2025-06-17,9,522
2025-06-17 10:00,2025-06-17,10,395
2025-06-17 11:00,2025-06-17,11,403
2025-06-17 12:00,2025-06-17,12,434
2025-06-17 13:00,2025-06-17,13,397
2025-06-17 14:00,2025-06-17,14,346
2025-06-17 15:00,2025-06-17,15,476
2025-06-17 16:00,2025-06-17,16,531
2025-06-17 17:00,2025-06-17,17,625
2025-06-17 18:00,2025-06-17,18,508
2025-06-17 19:00,2025-06-17,19,635
2025-06-17 20:00,2025-06-17,20,370
2025-06-17 21:00,2025-06-17,21,208
2025-06-17 22:00,2025-06-17,22,172
2025-06-17 23:00,2025-06-17,23,123
2025-06-18 00:00,2025-06-18,0,114
2025-06-18 01:00,2025-06-18,1,104
2025-06-18 02:00,2025-06-18,2,72
2025-06-18 03:00,2025-06-18,3,51
2025-06-18 04:00,2025-06-18,4,24
2025-06-18 05:00,2025-06-18,5,72
2025-06-18 06:00,2025-06-18,6,285
2025-06-18 07:00,2025-06-18,7,344
2025-06-18 08:00,2025-06-18,8,512
2025-06-18 09:00,2025-06-18,9,526
2025-06-18 10:00,2025-06-18,10,287
2025-06-18 11:00,2025-06-18,11,342
2025-06-18 12:00,2025-06-18,12,531
2025-06-18 13:00,2025-06-18,13,424
2025-06-18 14:00,2025-06-18,14,502
2025-06-18 15:00,2025-06-18,15,497
2025-06-18 16:00,2025-06-18,16,484
2025-06-18 17:00,2025-06-18,17,393
2025-06-18 18:00,2025-06-18,18,539
2025-06-18 19:00,2025-06-18,19,636
2025-06-18 20:00,2025-06-18,20,438
2025-06-18 21:00,2025-06-18,21,257
2025-06-18 22:00,2025-06-18,22,238
2025-06-18 23:00,2025-06-18,23,150
2025-06-19 00:00,2025-06-19,0,111
2025-06-19 01:00,2025-06-19,1,101
2025-06-19 02:00,2025-06-19,2,83
2025-06-19 03:00,2025-06-19,3,43
2025-06-19 04:00,2025-06-19,4,22
2025-06-19 05:00,2025-06-19,5,98
2025-06-19 06:00,2025-06-19,6,368
2025-06-19 07:00,2025-06-19,7,390
2025-06-19 08:00,2025-06-19,8,374
2025-06-19 09:00,2025-06-19,9,632
2025-06-19 10:00,2025-06-19,10,277
2025-06-19 11:00,2025-06-19,11,441
2025-06-19 12:00,2025-06-19,12,485
2025-06-19 13:00,2025-06-19,13,426
2025-06-19 14:00,2025-06-19,14,452
2025-06-19 15:00,2025-06-19,15,342
2025-06-19 16:00,2025-06-19,16,365
2025-06-19 17:00,2025-06-19,17,557
2025-06-19 18:00,2025-06-19,18,507
2025-06-19 19:00,2025-06-19,19,526
2025-06-19 20:00,2025-06-19,20,480
2025-06-19 21:00,2025-06-19,21,233
2025-06-19 22:00,2025-06-19,22,165
2025-06-19 23:00,2025-06-19,23,99
2025-06-20 00:00,2025-06-20,0,85
2025-06-20 01:00,2025-06-20,1,76
2025-06-20 02:00,2025-06-20,2,53
2025-06-20 03:00,2025-06-20,3,52
2025-06-20 04:00,2025-06-20,4,21
2025-06-20 05:00,2025-06-20,5,73
2025-06-20 06:00,2025-06-20,6,355
2025-06-20 07:00,2025-06-20,7,433
2025-06-20 08:00,2025-06-20,8,364
2025-06-20 09:00,2025-06-20,9,563
2025-06-20 10:00,2025-06-20,10,401
2025-06-20 11:00,2025-06-20,11,486
2025-06-20 12:00,2025-06-20,12,392
2025-06-20 13:00,2025-06-20,13,437
2025-06-20 14:00,2025-06-20,14,399
2025-06-20 15:00,2025-06-20,15,408
2025-06-20 16:00,2025-06-20,16,396
2025-06-20 17:00,2025-06-20,17,448
2025-06-20 18:00,2025-06-20,18,724
2025-06-20 19:00,2025-06-20,19,393
2025-06-20 20:00,2025-06-20,20,410
2025-06-20 21:00,2025-06-20,21,279
2025-06-20 22:00,2025-06-20,22,201
2025-06-20 23:00,2025-06-20,23,142
2025-06-21 00:00,2025-06-21,0,65
2025-06-21 01:00,2025-06-21,1,74
2025-06-21 02:00,2025-06-21,2,43
2025-06-21 03:00,2025-06-21,3,34
2025-06-21 04:00,2025-06-21,4,17
2025-06-21 05:00,2025-06-21,5,83
2025-06-21 06:00,2025-06-21,6,253
2025-06-21 07:00,2025-06-21,7,236
2025-06-21 08:00,2025-06-21,8,244
2025-06-21 09:00,2025-06-21,9,421
2025-06-21 10:00,2025-06-21,10,195
2025-06-21 11:00,2025-06-21,11,326
2025-06-21 12:00,2025-06-21,12,299
2025-06-21 13:00,2025-06-21,13,301
2025-06-21 14:00,2025-06-21,14,314
2025-06-21 15:00,2025-06-21,15,261
2025-06-21 16:00,2025-06-21,16,244
2025-06-21 17:00,2025-06-21,17,434
2025-06-21 18:00,2025-06-21,18,408
2025-06-21 19:00,2025-06-21,19,329
2025-06-21 20:00,2025-06-21,20,312
2025-06-21 21:00,2025-06-21,21,143
2025-06-21 22:00,2025-06-21,22,154
2025-06-21 23:00,2025-06-21,23,81
2025-06-22 00:00,2025-06-22,0,93
2025-06-22 01:00,2025-06-22,1,58
2025-06-22 02:00,2025-06-22,2,42
2025-06-22 03:00,2025-06-22,3,29
2025-06-22 04:00,2025-06-22,4,17
2025-06-22 05:00,2025-06-22,5,58
2025-06-22 06:00,2025-06-22,6,182
2025-06-22 07:00,2025-06-22,7,332
2025-06-22 08:00,2025-06-22,8,396
2025-06-22 09:00,2025-06-22,9,453
2025-06-22 10:00,2025-06-22,10,308
2025-06-22 11:00,2025-06-22,11,325
2025-06-22 12:00,2025-06-22,12,335
2025-06-22 13:00,2025-06-22,13,268
2025-06-22 14:00,2025-06-22,14,260
2025-06-22 15:00,2025-06-22,15,331
2025-06-22 16:00,2025-06-22,16,374
2025-06-22 17:00,2025-06-22,17,264
2025-06-22 18:00,2025-06-22,18,541
2025-06-22 19:00,2025-06-22,19,320
2025-06-22 20:00,2025-06-22,20,211
2025-06-22 21:00,2025-06-22,21,186
2025-06-22 22:00,2025-06-22,22,161
2025-06-22 23:00,2025-06-22,23,74
2025-06-23 00:00,2025-06-23,0,114
2025-06-23 01:00,2025-06-23,1,80
2025-06-23 02:00,2025-06-23,2,76
2025-06-23 03:00,2025-06-23,3,36
2025-06-23 04:00,2025-06-23,4,22
2025-06-23 05:00,2025-06-23,5,106
2025-06-23 06:00,2025-06-23,6,278
2025-06-23 07:00,2025-06-23,7,504
2025-06-23 08:00,2025-06-23,8,557
2025-06-23 09:00,2025-06-23,9,409
2025-06-23 10:00,2025-06-23,10,453
2025-06-23 11:00,2025-06-23,11,418
2025-06-23 12:00,2025-06-23,12,531
2025-06-23 13:00,2025-06-23,13,479
2025-06-23 14:00,2025-06-23,14,370
2025-06-23 15:00,2025-06-23,15,371
2025-06-23 16:00,2025-06-23,16,461
2025-06-23 17:00,2025-06-23,17,583
2025-06-23 18:00,2025-06-23,18,720
2025-06-23 19:00,2025-06-23,19,610
2025-06-23 20:00,2025-06-23,20,470
2025-06-23 21:00,2025-06-23,21,217
2025-06-23 22:00,2025-06-23,22,231
2025-06-23 23:00,2025-06-23,23,130
2025-06-24 00:00,2025-06-24,0,88
2025-06-24 01:00,2025-06-24,1,80
2025-06-24 02:00,2025-06-24,2,50
2025-06-24 03:00,2025-06-24,3,50
2025-06-24 04:00,2025-06-24,4,24
2025-06-24 05:00,2025-06-24,5,80
2025-06-24 06:00,2025-06-24,6,281
2025-06-24 07:00,2025-06-24,7,536
2025-06-24 08:00,2025-06-24,8,573
2025-06-24 09:00,2025-06-24,9,441
2025-06-24 10:00,2025-06-24,10,419
2025-06-24 11:00,2025-06-24,11,320
2025-06-24 12:00,2025-06-24,12,583
2025-06-24 13:00,2025-06-24,13,316
2025-06-24 14:00,2025-06-24,14,351
2025-06-24 15:00,2025-06-24,15,504
2025-06-24 16:00,2025-06-24,16,326
2025-06-24 17:00,2025-06-24,17,610
2025-06-24 18:00,2025-06-24,18,558
2025-06-24 19:00,2025-06-24,19,625
2025-06-24 20:00,2025-06-24,20,317
2025-06-24 21:00,2025-06-24,21,222
2025-06-24 22:00,2025-06-24,22,145
2025-06-24 23:00,2025-06-24,23,154
2025-06-25 00:00,2025-06-25,0,104
2025-06-25 01:00,2025-06-25,1,73
2025-06-25 02:00,2025-06-25,2,63
2025-06-25 03:00,2025-06-25,3,41
2025-06-25 04:00,2025-06-25,4,25
2025-06-25 05:00,2025-06-25,5,107
2025-06-25 06:00,2025-06-25,6,303
2025-06-25 07:00,2025-06-25,7,494
2025-06-25 08:00,2025-06-25,8,487
2025-06-25 09:00,2025-06-25,9,515
2025-06-25 10:00,2025-06-25,10,361
2025-06-25 11:00,2025-06-25,11,392
2025-06-25 12:00,2025-06-25,12,388
2025-06-25 13:00,2025-06-25,13,373
2025-06-25 14:00,2025-06-25,14,331
2025-06-25 15:00,2025-06-25,15,446
2025-06-25 16:00,2025-06-25,16,497
2025-06-25 17:00,2025-06-25,17,449
2025-06-25 18:00,2025-06-25,18,652
2025-06-25 19:00,2025-06-25,19,496
2025-06-25 20:00,2025-06-25,20,443
2025-06-25 21:00,2025-06-25,21,278
2025-06-25 22:00,2025-06-25,22,167
2025-06-25 23:00,2025-06-25,23,126
2025-06-26 00:00,2025-06-26,0,126
2025-06-26 01:00,2025-06-26,1,92
2025-06-26 02:00,2025-06-26,2,65
2025-06-26 03:00,2025-06-26,3,34
2025-06-26 04:00,2025-06-26,4,19
2025-06-26 05:00,2025-06-26,5,85
2025-06-26 06:00,2025-06-26,6,291
2025-06-26 07:00,2025-06-26,7,351
2025-06-26 08:00,2025-06-26,8,574
2025-06-26 09:00,2025-06-26,9,633
2025-06-26 10:00,2025-06-26,10,426
2025-06-26 11:00,2025-06-26,11,328
2025-06-26 12:00,2025-06-26,12,468
2025-06-26 13:00,2025-06-26,13,321
2025-06-26 14:00,2025-06-26,14,467
2025-06-26 15:00,2025-06-26,15,527
2025-06-26 16:00,2025-06-26,16,414
2025-06-26 17:00,2025-06-26,17,537
2025-06-26 18:00,2025-06-26,18,801
2025-06-26 19:00,2025-06-26,19,470
2025-06-26 20:00,2025-06-26,20,450
2025-06-26 21:00,2025-06-26,21,314
2025-06-26 22:00,2025-06-26,22,239
2025-06-26 23:00,2025-06-26,23,137
2025-06-27 00:00,2025-06-27,0,123
2025-06-27 01:00,2025-06-27,1,65
2025-06-27 02:00,2025-06-27,2,86
2025-06-27 03:00,2025-06-27,3,52
2025-06-27 04:00,2025-06-27,4,18
2025-06-27 05:00,2025-06-27,5,94
2025-06-27 06:00,2025-06-27,6,347
2025-06-27 07:00,2025-06-27,7,511
2025-06-27 08:00,2025-06-27,8,373
2025-06-27 09:00,2025-06-27,9,545
2025-06-27 10:00,2025-06-27,10,324
2025-06-27 11:00,2025-06-27,11,426
2025-06-27 12:00,2025-06-27,12,476
2025-06-27 13:00,2025-06-27,13,398
2025-06-27 14:00,2025-06-27,14,464
2025-06-27 15:00,2025-06-27,15,426
2025-06-27 16:00,2025-06-27,16,468
2025-06-27 17:00,2025-06-27,17,607
2025-06-27 18:00,2025-06-27,18,683
2025-06-27 19:00,2025-06-27,19,430
2025-06-27 20:00,2025-06-27,20,342
2025-06-27 21:00,2025-06-27,21,299
2025-06-27 22:00,2025-06-27,22,177
2025-06-27 23:00,2025-06-27,23,120
2025-06-28 00:00,2025-06-28,0,68
2025-06-28 01:00,2025-06-28,1,66
2025-06-28 02:00,2025-06-28,2,46
2025-06-28 03:00,2025-06-28,3,31
2025-06-28 04:00,2025-06-28,4,15
2025-06-28 05:00,2025-06-28,5,59
2025-06-28 06:00,2025-06-28,6,258
2025-06-28 07:00,2025-06-28,7,315
2025-06-28 08:00,2025-06-28,8,249
2025-06-28 09:00,2025-06-28,9,351
2025-06-28 10:00,2025-06-28,10,280
2025-06-28 11:00,2025-06-28,11,204
2025-06-28 12:00,2025-06-28,12,396
2025-06-28 13:00,2025-06-28,13,283
2025-06-28 14:00,2025-06-28,14,295
2025-06-28 15:00,2025-06-28,15,334
2025-06-28 16:00,2025-06-28,16,312
2025-06-28 17:00,2025-06-28,17,397
2025-06-28 18:00,2025-06-28,18,520
2025-06-28 19:00,2025-06-28,19,384
2025-06-28 20:00,2025-06-28,20,333
2025-06-28 21:00,2025-06-28,21,213
2025-06-28 22:00,2025-06-28,22,150
2025-06-28 23:00,2025-06-28,23,86
2025-06-29 00:00,2025-06-29,0,68
2025-06-29 01:00,2025-06-29,1,67
2025-06-29 02:00,2025-06-29,2,44
2025-06-29 03:00,2025-06-29,3,24
2025-06-29 04:00,2025-06-29,4,14
2025-06-29 05:00,2025-06-29,5,65
2025-06-29 06:00,2025-06-29,6,182
2025-06-29 07:00,2025-06-29,7,363
2025-06-29 08:00,2025-06-29,8,302
2025-06-29 09:00,2025-06-29,9,438
2025-06-29 10:00,2025-06-29,10,241
2025-06-29 11:00,2025-06-29,11,339
2025-06-29 12:00,2025-06-29,12,332
2025-06-29 13:00,2025-06-29,13,300
2025-06-29 14:00,2025-06-29,14,343
2025-06-29 15:00,2025-06-29,15,248
2025-06-29 16:00,2025-06-29,16,345
2025-06-29 17:00,2025-06-29,17,419
2025-06-29 18:00,2025-06-29,18,563
2025-06-29 19:00,2025-06-29,19,291
2025-06-29 20:00,2025-06-29,20,315
2025-06-29 21:00,2025-06-29,21,217
2025-06-29 22:00,2025-06-29,22,162
2025-06-29 23:00,2025-06-29,23,104
2025-06-30 00:00,2025-06-30,0,92
2025-06-30 01:00,2025-06-30,1,77
2025-06-30 02:00,2025-06-30,2,58
2025-06-30 03:00,2025-06-30,3,43
2025-06-30 04:00,2025-06-30,4,23
2025-06-30 05:00,2025-06-30,5,98
2025-06-30 06:00,2025-06-30,6,294
2025-06-30 07:00,2025-06-30,7,465
2025-06-30 08:00,2025-06-30,8,434
2025-06-30 09:00,2025-06-30,9,589
2025-06-30 10:00,2025-06-30,10,398
2025-06-30 11:00,2025-06-30,11,316
2025-06-30 12:00,2025-06-30,12,538
2025-06-30 13:00,2025-06-30,13,413
2025-06-30 14:00,2025-06-30,14,496
2025-06-30 15:00,2025-06-30,15,366
2025-06-30 16:00,2025-06-30,16,386
2025-06-30 17:00,2025-06-30,17,571
2025-06-30 18:00,2025-06-30,18,707
2025-06-30 19:00,2025-06-30,19,574
2025-06-30 20:00,2025-06-30,20,389
2025-06-30 21:00,2025-06-30,21,195
2025-06-30 22:00,2025-06-30,22,223
2025-06-30 23:00,2025-06-30,23,128
2025-07-01 00:00,2025-07-01,0,99
2025-07-01 01:00,2025-07-01,1,101
2025-07-01 02:00,2025-07-01,2,59
2025-07-01 03:00,2025-07-01,3,42
2025-07-01 04:00,2025-07-01,4,22
2025-07-01 05:00,2025-07-01,5,65
2025-07-01 06:00,2025-07-01,6,290
2025-07-01 07:00,2025-07-01,7,414
2025-07-01 08:00,2025-07-01,8,535
2025-07-01 09:00,2025-07-01,9,537
2025-07-01 10:00,2025-07-01,10,408
2025-07-01 11:00,2025-07-01,11,302
2025-07-01 12:00,2025-07-01,12,414
2025-07-01 13:00,2025-07-01,13,321
2025-07-01 14:00,2025-07-01,14,348
2025-07-01 15:00,2025-07-01,15,386
2025-07-01 16:00,2025-07-01,16,448
2025-07-01 17:00,2025-07-01,17,580
2025-07-01 18:00,2025-07-01,18,552
2025-07-01 19:00,2025-07-01,19,584
2025-07-01 20:00,2025-07-01,20,333
2025-07-01 21:00,2025-07-01,21,231
2025-07-01 22:00,2025-07-01,22,233
2025-07-01 23:00,2025-07-01,23,158
2025-07-02 00:00,2025-07-02,0,114
2025-07-02 01:00,2025-07-02,1,90
2025-07-02 02:00,2025-07-02,2,73
2025-07-02 03:00,2025-07-02,3,39
2025-07-02 04:00,2025-07-02,4,18
2025-07-02 05:00,2025-07-02,5,90
2025-07-02 06:00,2025-07-02,6,317
2025-07-02 07:00,2025-07-02,7,471
2025-07-02 08:00,2025-07-02,8,453
2025-07-02 09:00,2025-07-02,9,396
2025-07-02 10:00,2025-07-02,10,348
2025-07-02 11:00,2025-07-02,11,367
2025-07-02 12:00,2025-07-02,12,380
2025-07-02 13:00,2025-07-02,13,382
2025-07-02 14:00,2025-07-02,14,346
2025-07-02 15:00,2025-07-02,15,398
2025-07-02 16:00,2025-07-02,16,393
2025-07-02 17:00,2025-07-02,17,533
2025-07-02 18:00,2025-07-02,18,498
2025-07-02 19:00,2025-07-02,19,509
2025-07-02 20:00,2025-07-02,20,415
2025-07-02 21:00,2025-07-02,21,238
2025-07-02 22:00,2025-07-02,22,187
2025-07-02 23:00,2025-07-02,23,124
2025-07-03 00:00,2025-07-03,0,93
2025-07-03 01:00,2025-07-03,1,87
2025-07-03 02:00,2025-07-03,2,48
2025-07-03 03:00,2025-07-03,3,36
2025-07-03 04:00,2025-07-03,4,18
2025-07-03 05:00,2025-07-03,5,103
2025-07-03 06:00,2025-07-03,6,404
2025-07-03 07:00,2025-07-03,7,368
2025-07-03 08:00,2025-07-03,8,435
2025-07-03 09:00,2025-07-03,9,563
2025-07-03 10:00,2025-07-03,10,358
2025-07-03 11:00,2025-07-03,11,359
2025-07-03 12:00,2025-07-03,12,554
2025-07-03 13:00,2025-07-03,13,347
2025-07-03 14:00,2025-07-03,14,515
2025-07-03 15:00,2025-07-03,15,486
2025-07-03 16:00,2025-07-03,16,481
2025-07-03 17:00,2025-07-03,17,554
2025-07-03 18:00,2025-07-03,18,605
2025-07-03 19:00,2025-07-03,19,403
2025-07-03 20:00,2025-07-03,20,417
2025-07-03 21:00,2025-07-03,21,289
2025-07-03 22:00,2025-07-03,22,203
2025-07-03 23:00,2025-07-03,23,157
2025-07-04 00:00,2025-07-04,0,118
2025-07-04 01:00,2025-07-04,1,67
2025-07-04 02:00,2025-07-04,2,78
2025-07-04 03:00,2025-07-04,3,51
2025-07-04 04:00,2025-07-04,4,19
2025-07-04 05:00,2025-07-04,5,67
2025-07-04 06:00,2025-07-04,6,313
2025-07-04 07:00,2025-07-04,7,423
2025-07-04 08:00,2025-07-04,8,590
2025-07-04 09:00,2025-07-04,9,528
2025-07-04 10:00,2025-07-04,10,399
2025-07-04 11:00,2025-07-04,11,395
2025-07-04 12:00,2025-07-04,12,507
2025-07-04 13:00,2025-07-04,13,371
2025-07-04 14:00,2025-07-04,14,390
2025-07-04 15:00,2025-07-04,15,353
2025-07-04 16:00,2025-07-04,16,494
2025-07-04 17:00,2025-07-04,17,401
2025-07-04 18:00,2025-07-04,18,591
2025-07-04 19:00,2025-07-04,19,448
2025-07-04 20:00,2025-07-04,20,382
2025-07-04 21:00,2025-07-04,21,311
2025-07-04 22:00,2025-07-04,22,152
2025-07-04 23:00,2025-07-04,23,118
2025-07-05 00:00,2025-07-05,0,54
2025-07-05 01:00,2025-07-05,1,54
2025-07-05 02:00,2025-07-05,2,45
2025-07-05 03:00,2025-07-05,3,29
2025-07-05 04:00,2025-07-05,4,15
2025-07-05 05:00,2025-07-05,5,71
2025-07-05 06:00,2025-07-05,6,170
2025-07-05 07:00,2025-07-05,7,367
2025-07-05 08:00,2025-07-05,8,408
2025-07-05 09:00,2025-07-05,9,373
2025-07-05 10:00,2025-07-05,10,294
2025-07-05 11:00,2025-07-05,11,291
2025-07-05 12:00,2025-07-05,12,250
2025-07-05 13:00,2025-07-05,13,312
2025-07-05 14:00,2025-07-05,14,247
2025-07-05 15:00,2025-07-05,15,318
2025-07-05 16:00,2025-07-05,16,376
2025-07-05 17:00,2025-07-05,17,317
2025-07-05 18:00,2025-07-05,18,474
2025-07-05 19:00,2025-07-05,19,268
2025-07-05 20:00,2025-07-05,20,288
2025-07-05 21:00,2025-07-05,21,156
2025-07-05 22:00,2025-07-05,22,163
2025-07-05 23:00,2025-07-05,23,109
2025-07-06 00:00,2025-07-06,0,58
2025-07-06 01:00,2025-07-06,1,43
2025-07-06 02:00,2025-07-06,2,43
2025-07-06 03:00,2025-07-06,3,35
2025-07-06 04:00,2025-07-06,4,14
2025-07-06 05:00,2025-07-06,5,55
2025-07-06 06:00,2025-07-06,6,220
2025-07-06 07:00,2025-07-06,7,279
2025-07-06 08:00,2025-07-06,8,401
2025-07-06 09:00,2025-07-06,9,264
2025-07-06 10:00,2025-07-06,10,270
2025-07-06 11:00,2025-07-06,11,285
2025-07-06 12:00,2025-07-06,12,260
2025-07-06 13:00,2025-07-06,13,326
2025-07-06 14:00,2025-07-06,14,312
2025-07-06 15:00,2025-07-06,15,368
2025-07-06 16:00,2025-07-06,16,252
2025-07-06 17:00,2025-07-06,17,416
2025-07-06 18:00,2025-07-06,18,464
2025-07-06 19:00,2025-07-06,19,274
2025-07-06 20:00,2025-07-06,20,284
2025-07-06 21:00,2025-07-06,21,181
2025-07-06 22:00,2025-07-06,22,124
2025-07-06 23:00,2025-07-06,23,87
2025-07-07 00:00,2025-07-07,0,123
2025-07-07 01:00,2025-07-07,1,94
2025-07-07 02:00,2025-07-07,2,63
2025-07-07 03:00,2025-07-07,3,55
2025-07-07 04:00,2025-07-07,4,22
2025-07-07 05:00,2025-07-07,5,102
2025-07-07 06:00,2025-07-07,6,281
2025-07-07 07:00,2025-07-07,7,543
2025-07-07 08:00,2025-07-07,8,424
2025-07-07 09:00,2025-07-07,9,614
2025-07-07 10:00,2025-07-07,10,341
2025-07-07 11:00,2025-07-07,11,374
2025-07-07 12:00,2025-07-07,12,432
2025-07-07 13:00,2025-07-07,13,338
2025-07-07 14:00,2025-07-07,14,513
2025-07-07 15:00,2025-07-07,15,470
2025-07-07 16:00,2025-07-07,16,565
2025-07-07 17:00,2025-07-07,17,469
2025-07-07 18:00,2025-07-07,18,487
2025-07-07 19:00,2025-07-07,19,500
2025-07-07 20:00,2025-07-07,20,325
2025-07-07 21:00,2025-07-07,21,252
2025-07-07 22:00,2025-07-07,22,263
2025-07-07 23:00,2025-07-07,23,160
2025-07-08 00:00,2025-07-08,0,112
2025-07-08 01:00,2025-07-08,1,87
2025-07-08 02:00,2025-07-08,2,67
2025-07-08 03:00,2025-07-08,3,50
2025-07-08 04:00,2025-07-08,4,30
2025-07-08 05:00,2025-07-08,5,85
2025-07-08 06:00,2025-07-08,6,404
2025-07-08 07:00,2025-07-08,7,579
2025-07-08 08:00,2025-07-08,8,421
2025-07-08 09:00,2025-07-08,9,392
2025-07-08 10:00,2025-07-08,10,326
2025-07-08 11:00,2025-07-08,11,317
2025-07-08 12:00,2025-07-08,12,508
2025-07-08 13:00,2025-07-08,13,323
2025-07-08 14:00,2025-07-08,14,422
2025-07-08 15:00,2025-07-08,15,548
2025-07-08 16:00,2025-07-08,16,405
2025-07-08 17:00,2025-07-08,17,400
2025-07-08 18:00,2025-07-08,18,599
2025-07-08 19:00,2025-07-08,19,428
2025-07-08 20:00,2025-07-08,20,419
2025-07-08 21:00,2025-07-08,21,293
2025-07-08 22:00,2025-07-08,22,156
2025-07-08 23:00,2025-07-08,23,136
2025-07-09 00:00,2025-07-09,0,137
2025-07-09 01:00,2025-07-09,1,85
2025-07-09 02:00,2025-07-09,2,73
2025-07-09 03:00,2025-07-09,3,46
2025-07-09 04:00,2025-07-09,4,20
2025-07-09 05:00,2025-07-09,5,89
2025-07-09 06:00,2025-07-09,6,414
2025-07-09 07:00,2025-07-09,7,508
2025-07-09 08:00,2025-07-09,8,520
2025-07-09 09:00,2025-07-09,9,600
2025-07-09 10:00,2025-07-09,10,373
2025-07-09 11:00,2025-07-09,11,341
2025-07-09 12:00,2025-07-09,12,559
2025-07-09 13:00,2025-07-09,13,368
2025-07-09 14:00,2025-07-09,14,440
2025-07-09 15:00,2025-07-09,15,525
2025-07-09 16:00,2025-07-09,16,495
2025-07-09 17:00,2025-07-09,17,471
2025-07-09 18:00,2025-07-09,18,573
2025-07-09 19:00,2025-07-09,19,473
2025-07-09 20:00,2025-07-09,20,462
2025-07-09 21:00,2025-07-09,21,230
2025-07-09 22:00,2025-07-09,22,169
2025-07-09 23:00,2025-07-09,23,135
2025-07-10 00:00,2025-07-10,0,122
2025-07-10 01:00,2025-07-10,1,83
2025-07-10 02:00,2025-07-10,2,86
2025-07-10 03:00,2025-07-10,3,53
2025-07-10 04:00,2025-07-10,4,19
2025-07-10 05:00,2025-07-10,5,85
2025-07-10 06:00,2025-07-10,6,279
2025-07-10 07:00,2025-07-10,7,331
2025-07-10 08:00,2025-07-10,8,405
2025-07-10 09:00,2025-07-10,9,549
2025-07-10 10:00,2025-07-10,10,455
2025-07-10 11:00,2025-07-10,11,463
2025-07-10 12:00,2025-07-10,12,425
2025-07-10 13:00,2025-07-10,13,461
2025-07-10 14:00,2025-07-10,14,335
2025-07-10 15:00,2025-07-10,15,453
2025-07-10 16:00,2025-07-10,16,403
2025-07-10 17:00,2025-07-10,17,410
2025-07-10 18:00,2025-07-10,18,492
2025-07-10 19:00,2025-07-10,19,430
2025-07-10 20:00,2025-07-10,20,448
2025-07-10 21:00,2025-07-10,21,221
2025-07-10 22:00,2025-07-10,22,209
2025-07-10 23:00,2025-07-10,23,123
2025-07-11 00:00,2025-07-11,0,94
2025-07-11 01:00,2025-07-11,1,73
2025-07-11 02:00,2025-07-11,2,73
2025-07-11 03:00,2025-07-11,3,41
2025-07-11 04:00,2025-07-11,4,21
2025-07-11 05:00,2025-07-11,5,84
2025-07-11 06:00,2025-07-11,6,259
2025-07-11 07:00,2025-07-11,7,415
2025-07-11 08:00,2025-07-11,8,409
2025-07-11 09:00,2025-07-11,9,510
2025-07-11 10:00,2025-07-11,10,434
2025-07-11 11:00,2025-07-11,11,399
2025-07-11 12:00,2025-07-11,12,490
2025-07-11 13:00,2025-07-11,13,471
2025-07-11 14:00,2025-07-11,14,380
2025-07-11 15:00,2025-07-11,15,419
2025-07-11 16:00,2025-07-11,16,409
2025-07-11 17:00,2025-07-11,17,598
2025-07-11 18:00,2025-07-11,18,670
2025-07-11 19:00,2025-07-11,19,441
2025-07-11 20:00,2025-07-11,20,321
2025-07-11 21:00,2025-07-11,21,230
2025-07-11 22:00,2025-07-11,22,236
2025-07-11 23:00,2025-07-11,23,147
2025-07-12 00:00,2025-07-12,0,58
2025-07-12 01:00,2025-07-12,1,70
2025-07-12 02:00,2025-07-12,2,53
2025-07-12 03:00,2025-07-12,3,37
2025-07-12 04:00,2025-07-12,4,11
2025-07-12 05:00,2025-07-12,5,68
2025-07-12 06:00,2025-07-12,6,249
2025-07-12 07:00,2025-07-12,7,294
2025-07-12 08:00,2025-07-12,8,329
2025-07-12 09:00,2025-07-12,9,298
2025-07-12 10:00,2025-07-12,10,218
2025-07-12 11:00,2025-07-12,11,231
2025-07-12 12:00,2025-07-12,12,324
2025-07-12 13:00,2025-07-12,13,322
2025-07-12 14:00,2025-07-12,14,247
2025-07-12 15:00,2025-07-12,15,345
2025-07-12 16:00,2025-07-12,16,255
2025-07-12 17:00,2025-07-12,17,329
2025-07-12 18:00,2025-07-12,18,370
2025-07-12 19:00,2025-07-12,19,426
2025-07-12 20:00,2025-07-12,20,291
2025-07-12 21:00,2025-07-12,21,130
2025-07-12 22:00,2025-07-12,22,133
2025-07-12 23:00,2025-07-12,23,95
2025-07-13 00:00,2025-07-13,0,58
2025-07-13 01:00,2025-07-13,1,75
2025-07-13 02:00,2025-07-13,2,56
2025-07-13 03:00,2025-07-13,3,24
2025-07-13 04:00,2025-07-13,4,16
2025-07-13 05:00,2025-07-13,5,50
2025-07-13 06:00,2025-07-13,6,226
2025-07-13 07:00,2025-07-13,7,301
2025-07-13 08:00,2025-07-13,8,326
2025-07-13 09:00,2025-07-13,9,317
2025-07-13 10:00,2025-07-13,10,242
2025-07-13 11:00,2025-07-13,11,296
2025-07-13 12:00,2025-07-13,12,411
2025-07-13 13:00,2025-07-13,13,271
2025-07-13 14:00,2025-07-13,14,319
2025-07-13 15:00,2025-07-13,15,352
2025-07-13 16:00,2025-07-13,16,347
2025-07-13 17:00,2025-07-13,17,346
2025-07-13 18:00,2025-07-13,18,413
2025-07-13 19:00,2025-07-13,19,395
2025-07-13 20:00,2025-07-13,20,332
2025-07-13 21:00,2025-07-13,21,209
2025-07-13 22:00,2025-07-13,22,97
2025-07-13 23:00,2025-07-13,23,105
2025-07-14 00:00,2025-07-14,0,68
2025-07-14 01:00,2025-07-14,1,71
2025-07-14 02:00,2025-07-14,2,59
2025-07-14 03:00,2025-07-14,3,32
2025-07-14 04:00,2025-07-14,4,20
2025-07-14 05:00,2025-07-14,5,77
2025-07-14 06:00,2025-07-14,6,287
2025-07-14 07:00,2025-07-14,7,420
2025-07-14 08:00,2025-07-14,8,355
2025-07-14 09:00,2025-07-14,9,511
2025-07-14 10:00,2025-07-14,10,287
2025-07-14 11:00,2025-07-14,11,349
2025-07-14 12:00,2025-07-14,12,456
2025-07-14 13:00,2025-07-14,13,298
2025-07-14 14:00,2025-07-14,14,266
2025-07-14 15:00,2025-07-14,15,432
2025-07-14 16:00,2025-07-14,16,380
2025-07-14 17:00,2025-07-14,17,492
2025-07-14 18:00,2025-07-14,18,412
2025-07-14 19:00,2025-07-14,19,451
2025-07-14 20:00,2025-07-14,20,296
2025-07-14 21:00,2025-07-14,21,200
2025-07-14 22:00,2025-07-14,22,161
2025-07-14 23:00,2025-07-14,23,118
2025-07-15 00:00,2025-07-15,0,104
2025-07-15 01:00,2025-07-15,1,83
2025-07-15 02:00,2025-07-15,2,39
2025-07-15 03:00,2025-07-15,3,38
2025-07-15 04:00,2025-07-15,4,16
2025-07-15 05:00,2025-07-15,5,72
2025-07-15 06:00,2025-07-15,6,239
2025-07-15 07:00,2025-07-15,7,304
2025-07-15 08:00,2025-07-15,8,373
2025-07-15 09:00,2025-07-15,9,315
2025-07-15 10:00,2025-07-15,10,229
2025-07-15 11:00,2025-07-15,11,283
2025-07-15 12:00,2025-07-15,12,421
2025-07-15 13:00,2025-07-15,13,363
2025-07-15 14:00,2025-07-15,14,362
2025-07-15 15:00,2025-07-15,15,273
2025-07-15 16:00,2025-07-15,16,349
2025-07-15 17:00,2025-07-15,17,357
2025-07-15 18:00,2025-07-15,18,421
2025-07-15 19:00,2025-07-15,19,427
2025-07-15 20:00,2025-07-15,20,359
2025-07-15 21:00,2025-07-15,21,242
2025-07-15 22:00,2025-07-15,22,130
2025-07-15 23:00,2025-07-15,23,128
2025-07-16 00:00,2025-07-16,0,133
2025-07-16 01:00,2025-07-16,1,107
2025-07-16 02:00,2025-07-16,2,81
2025-07-16 03:00,2025-07-16,3,48
2025-07-16 04:00,2025-07-16,4,20
2025-07-16 05:00,2025-07-16,5,120
2025-07-16 06:00,2025-07-16,6,443
2025-07-16 07:00,2025-07-16,7,521
2025-07-16 08:00,2025-07-16,8,481
2025-07-16 09:00,2025-07-16,9,628
2025-07-16 10:00,2025-07-16,10,314
2025-07-16 11:00,2025-07-16,11,404
2025-07-16 12:00,2025-07-16,12,411
2025-07-16 13:00,2025-07-16,13,456
2025-07-16 14:00,2025-07-16,14,326
2025-07-16 15:00,2025-07-16,15,377
2025-07-16 16:00,2025-07-16,16,368
2025-07-16 17:00,2025-07-16,17,528
2025-07-16 18:00,2025-07-16,18,670
2025-07-16 19:00,2025-07-16,19,465
2025-07-16 20:00,2025-07-16,20,302
2025-07-16 21:00,2025-07-16,21,210
2025-07-16 22:00,2025-07-16,22,222
2025-07-16 23:00,2025-07-16,23,139
2025-07-17 00:00,2025-07-17,0,106
2025-07-17 01:00,2025-07-17,1,66
2025-07-17 02:00,2025-07-17,2,57
2025-07-17 03:00,2025-07-17,3,56
2025-07-17 04:00,2025-07-17,4,24
2025-07-17 05:00,2025-07-17,5,117
2025-07-17 06:00,2025-07-17,6,293
2025-07-17 07:00,2025-07-17,7,372
2025-07-17 08:00,2025-07-17,8,512
2025-07-17 09:00,2025-07-17,9,638
2025-07-17 10:00,2025-07-17,10,302
2025-07-17 11:00,2025-07-17,11,381
2025-07-17 12:00,2025-07-17,12,446
2025-07-17 13:00,2025-07-17,13,502
2025-07-17 14:00,2025-07-17,14,507
2025-07-17 15:00,2025-07-17,15,384
2025-07-17 16:00,2025-07-17,16,374
2025-07-17 17:00,2025-07-17,17,431
2025-07-17 18:00,2025-07-17,18,685
2025-07-17 19:00,2025-07-17,19,430
2025-07-17 20:00,2025-07-17,20,481
2025-07-17 21:00,2025-07-17,21,261
2025-07-17 22:00,2025-07-17,22,156
2025-07-17 23:00,2025-07-17,23,150
2025-07-18 00:00,2025-07-18,0,122
2025-07-18 01:00,2025-07-18,1,82
2025-07-18 02:00,2025-07-18,2,78
2025-07-18 03:00,2025-07-18,3,32
2025-07-18 04:00,2025-07-18,4,22
2025-07-18 05:00,2025-07-18,5,100
2025-07-18 06:00,2025-07-18,6,283
2025-07-18 07:00,2025-07-18,7,478
2025-07-18 08:00,2025-07-18,8,409
2025-07-18 09:00,2025-07-18,9,607
2025-07-18 10:00,2025-07-18,10,386
2025-07-18 11:00,2025-07-18,11,382
2025-07-18 12:00,2025-07-18,12,576
2025-07-18 13:00,2025-07-18,13,328
2025-07-18 14:00,2025-07-18,14,412
2025-07-18 15:00,2025-07-18,15,523
2025-07-18 16:00,2025-07-18,16,500
2025-07-18 17:00,2025-07-18,17,537
2025-07-18 18:00,2025-07-18,18,649
2025-07-18 19:00,2025-07-18,19,620
2025-07-18 20:00,2025-07-18,20,374
2025-07-18 21:00,2025-07-18,21,222
2025-07-18 22:00,2025-07-18,22,243
2025-07-18 23:00,2025-07-18,23,127
2025-07-19 00:00,2025-07-19,0,65
2025-07-19 01:00,2025-07-19,1,58
2025-07-19 02:00,2025-07-19,2,43
2025-07-19 03:00,2025-07-19,3,33
2025-07-19 04:00,2025-07-19,4,11
2025-07-19 05:00,2025-07-19,5,69
2025-07-19 06:00,2025-07-19,6,224
2025-07-19 07:00,2025-07-19,7,310
2025-07-19 08:00,2025-07-19,8,370
2025-07-19 09:00,2025-07-19,9,399
2025-07-19 10:00,2025-07-19,10,292
2025-07-19 11:00,2025-07-19,11,233
2025-07-19 12:00,2025-07-19,12,365
2025-07-19 13:00,2025-07-19,13,358
2025-07-19 14:00,2025-07-19,14,257
2025-07-19 15:00,2025-07-19,15,326
2025-07-19 16:00,2025-07-19,16,306
2025-07-19 17:00,2025-07-19,17,349
2025-07-19 18:00,2025-07-19,18,390
2025-07-19 19:00,2025-07-19,19,339
2025-07-19 20:00,2025-07-19,20,325
2025-07-19 21:00,2025-07-19,21,156
2025-07-19 22:00,2025-07-19,22,163
2025-07-19 23:00,2025-07-19,23,71
2025-07-20 00:00,2025-07-20,0,81
2025-07-20 01:00,2025-07-20,1,56
2025-07-20 02:00,2025-07-20,2,48
2025-07-20 03:00,2025-07-20,3,24
2025-07-20 04:00,2025-07-20,4,21
2025-07-20 05:00,2025-07-20,5,83
2025-07-20 06:00,2025-07-20,6,236
2025-07-20 07:00,2025-07-20,7,228
2025-07-20 08:00,2025-07-20,8,354
2025-07-20 09:00,2025-07-20,9,338
2025-07-20 10:00,2025-07-20,10,184
2025-07-20 11:00,2025-07-20,11,297
2025-07-20 12:00,2025-07-20,12,349
2025-07-20 13:00,2025-07-20,13,261
2025-07-20 14:00,2025-07-20,14,332
2025-07-20 15:00,2025-07-20,15,385
2025-07-20 16:00,2025-07-20,16,314
2025-07-20 17:00,2025-07-20,17,307
2025-07-20 18:00,2025-07-20,18,456
2025-07-20 19:00,2025-07-20,19,449
2025-07-20 20:00,2025-07-20,20,196
2025-07-20 21:00,2025-07-20,21,257
2025-07-20 22:00,2025-07-20,22,162
2025-07-20 23:00,2025-07-20,23,97
2025-07-21 00:00,2025-07-21,0,129
2025-07-21 01:00,2025-07-21,1,116
2025-07-21 02:00,2025-07-21,2,69
2025-07-21 03:00,2025-07-21,3,56
2025-07-21 04:00,2025-07-21,4,24
2025-07-21 05:00,2025-07-21,5,104
2025-07-21 06:00,2025-07-21,6,376
2025-07-21 07:00,2025-07-21,7,488
2025-07-21 08:00,2025-07-21,8,586
2025-07-21 09:00,2025-07-21,9,508
2025-07-21 10:00,2025-07-21,10,369
2025-07-21 11:00,2025-07-21,11,360
2025-07-21 12:00,2025-07-21,12,407
2025-07-21 13:00,2025-07-21,13,395
2025-07-21 14:00,2025-07-21,14,473
2025-07-21 15:00,2025-07-21,15,501
2025-07-21 16:00,2025-07-21,16,496
2025-07-21 17:00,2025-07-21,17,606
2025-07-21 18:00,2025-07-21,18,633
2025-07-21 19:00,2025-07-21,19,567
2025-07-21 20:00,2025-07-21,20,365
2025-07-21 21:00,2025-07-21,21,238
2025-07-21 22:00,2025-07-21,22,167
2025-07-21 23:00,2025-07-21,23,118
2025-07-22 00:00,2025-07-22,0,140
2025-07-22 01:00,2025-07-22,1,72
2025-07-22 02:00,2025-07-22,2,88
2025-07-22 03:00,2025-07-22,3,53
2025-07-22 04:00,2025-07-22,4,24
2025-07-22 05:00,2025-07-22,5,104
2025-07-22 06:00,2025-07-22,6,394
2025-07-22 07:00,2025-07-22,7,466
2025-07-22 08:00,2025-07-22,8,592
2025-07-22 09:00,2025-07-22,9,623
2025-07-22 10:00,2025-07-22,10,287
2025-07-22 11:00,2025-07-22,11,391
2025-07-22 12:00,2025-07-22,12,472
2025-07-22 13:00,2025-07-22,13,494
2025-07-22 14:00,2025-07-22,14,466
2025-07-22 15:00,2025-07-22,15,377
2025-07-22 16:00,2025-07-22,16,360
2025-07-22 17:00,2025-07-22,17,614
2025-07-22 18:00,2025-07-22,18,756
2025-07-22 19:00,2025-07-22,19,563
2025-07-22 20:00,2025-07-22,20,311
2025-07-22 21:00,2025-07-22,21,276
2025-07-22 22:00,2025-07-22,22,162
2025-07-22 23:00,2025-07-22,23,153
2025-07-23 00:00,2025-07-23,0,84
2025-07-23 01:00,2025-07-23,1,80
2025-07-23 02:00,2025-07-23,2,71
2025-07-23 03:00,2025-07-23,3,52
2025-07-23 04:00,2025-07-23,4,20
2025-07-23 05:00,2025-07-23,5,85
2025-07-23 06:00,2025-07-23,6,335
2025-07-23 07:00,2025-07-23,7,477
2025-07-23 08:00,2025-07-23,8,506
2025-07-23 09:00,2025-07-23,9,501
2025-07-23 10:00,2025-07-23,10,429
2025-07-23 11:00,2025-07-23,11,423
2025-07-23 12:00,2025-07-23,12,663
2025-07-23 13:00,2025-07-23,13,409
2025-07-23 14:00,2025-07-23,14,525
2025-07-23 15:00,2025-07-23,15,521
2025-07-23 16:00,2025-07-23,16,411
2025-07-23 17:00,2025-07-23,17,453
2025-07-23 18:00,2025-07-23,18,886
2025-07-23 19:00,2025-07-23,19,671
2025-07-23 20:00,2025-07-23,20,491
2025-07-23 21:00,2025-07-23,21,346
2025-07-23 22:00,2025-07-23,22,244
2025-07-23 23:00,2025-07-23,23,121
2025-07-24 00:00,2025-07-24,0,102
2025-07-24 01:00,2025-07-24,1,100
2025-07-24 02:00,2025-07-24,2,90
2025-07-24 03:00,2025-07-24,3,58
2025-07-24 04:00,2025-07-24,4,25
2025-07-24 05:00,2025-07-24,5,95
2025-07-24 06:00,2025-07-24,6,279
2025-07-24 07:00,2025-07-24,7,427
2025-07-24 08:00,2025-07-24,8,628
2025-07-24 09:00,2025-07-24,9,578
2025-07-24 10:00,2025-07-24,10,435
2025-07-24 11:00,2025-07-24,11,449
2025-07-24 12:00,2025-07-24,12,406
2025-07-24 13:00,2025-07-24,13,452
2025-07-24 14:00,2025-07-24,14,465
2025-07-24 15:00,2025-07-24,15,538
2025-07-24 16:00,2025-07-24,16,525
2025-07-24 17:00,2025-07-24,17,436
2025-07-24 18:00,2025-07-24,18,532
2025-07-24 19:00,2025-07-24,19,558
2025-07-24 20:00,2025-07-24,20,454
2025-07-24 21:00,2025-07-24,21,303
2025-07-24 22:00,2025-07-24,22,261
2025-07-24 23:00,2025-07-24,23,131
2025-07-25 00:00,2025-07-25,0,142
2025-07-25 01:00,2025-07-25,1,86
2025-07-25 02:00,2025-07-25,2,84
2025-07-25 03:00,2025-07-25,3,54
2025-07-25 04:00,2025-07-25,4,26
2025-07-25 05:00,2025-07-25,5,117
2025-07-25 06:00,2025-07-25,6,323
2025-07-25 07:00,2025-07-25,7,507
2025-07-25 08:00,2025-07-25,8,648
2025-07-25 09:00,2025-07-25,9,462
2025-07-25 10:00,2025-07-25,10,275
2025-07-25 11:00,2025-07-25,11,416
2025-07-25 12:00,2025-07-25,12,406
2025-07-25 13:00,2025-07-25,13,373
2025-07-25 14:00,2025-07-25,14,352
2025-07-25 15:00,2025-07-25,15,378
2025-07-25 16:00,2025-07-25,16,444
2025-07-25 17:00,2025-07-25,17,557
2025-07-25 18:00,2025-07-25,18,554
2025-07-25 19:00,2025-07-25,19,395
2025-07-25 20:00,2025-07-25,20,328
2025-07-25 21:00,2025-07-25,21,195
2025-07-25 22:00,2025-07-25,22,237
2025-07-25 23:00,2025-07-25,23,106
2025-07-26 00:00,2025-07-26,0,93
2025-07-26 01:00,2025-07-26,1,64
2025-07-26 02:00,2025-07-26,2,59
2025-07-26 03:00,2025-07-26,3,27
2025-07-26 04:00,2025-07-26,4,16
2025-07-26 05:00,2025-07-26,5,48
2025-07-26 06:00,2025-07-26,6,283
2025-07-26 07:00,2025-07-26,7,280
2025-07-26 08:00,2025-07-26,8,324
2025-07-26 09:00,2025-07-26,9,449
2025-07-26 10:00,2025-07-26,10,242
2025-07-26 11:00,2025-07-26,11,290
2025-07-26 12:00,2025-07-26,12,358
2025-07-26 13:00,2025-07-26,13,340
2025-07-26 14:00,2025-07-26,14,301
2025-07-26 15:00,2025-07-26,15,394
2025-07-26 16:00,2025-07-26,16,343
2025-07-26 17:00,2025-07-26,17,339
2025-07-26 18:00,2025-07-26,18,536
2025-07-26 19:00,2025-07-26,19,434
2025-07-26 20:00,2025-07-26,20,226
2025-07-26 21:00,2025-07-26,21,134
2025-07-26 22:00,2025-07-26,22,104
2025-07-26 23:00,2025-07-26,23,76
2025-07-27 00:00,2025-07-27,0,68
2025-07-27 01:00,2025-07-27,1,80
2025-07-27 02:00,2025-07-27,2,55
2025-07-27 03:00,2025-07-27,3,26
2025-07-27 04:00,2025-07-27,4,20
2025-07-27 05:00,2025-07-27,5,49
2025-07-27 06:00,2025-07-27,6,216
2025-07-27 07:00,2025-07-27,7,414
2025-07-27 08:00,2025-07-27,8,297
2025-07-27 09:00,2025-07-27,9,397
2025-07-27 10:00,2025-07-27,10,289
2025-07-27 11:00,2025-07-27,11,304
2025-07-27 12:00,2025-07-27,12,400
2025-07-27 13:00,2025-07-27,13,212
2025-07-27 14:00,2025-07-27,14,264
2025-07-27 15:00,2025-07-27,15,312
2025-07-27 16:00,2025-07-27,16,274
2025-07-27 17:00,2025-07-27,17,307
2025-07-27 18:00,2025-07-27,18,555
2025-07-27 19:00,2025-07-27,19,382
2025-07-27 20:00,2025-07-27,20,241
2025-07-27 21:00,2025-07-27,21,212
2025-07-27 22:00,2025-07-27,22,143
2025-07-27 23:00,2025-07-27,23,92
2025-07-28 00:00,2025-07-28,0,149
2025-07-28 01:00,2025-07-28,1,85
2025-07-28 02:00,2025-07-28,2,77
2025-07-28 03:00,2025-07-28,3,40
2025-07-28 04:00,2025-07-28,4,28
2025-07-28 05:00,2025-07-28,5,91
2025-07-28 06:00,2025-07-28,6,343
2025-07-28 07:00,2025-07-28,7,560
2025-07-28 08:00,2025-07-28,8,496
2025-07-28 09:00,2025-07-28,9,517
2025-07-28 10:00,2025-07-28,10,294
2025-07-28 11:00,2025-07-28,11,389
2025-07-28 12:00,2025-07-28,12,361
2025-07-28 13:00,2025-07-28,13,334
2025-07-28 14:00,2025-07-28,14,454
2025-07-28 15:00,2025-07-28,15,540
2025-07-28 16:00,2025-07-28,16,429
2025-07-28 17:00,2025-07-28,17,631
2025-07-28 18:00,2025-07-28,18,563
2025-07-28 19:00,2025-07-28,19,463
2025-07-28 20:00,2025-07-28,20,433
2025-07-28 21:00,2025-07-28,21,281
2025-07-28 22:00,2025-07-28,22,241
2025-07-28 23:00,2025-07-28,23,127
2025-07-29 00:00,2025-07-29,0,97
2025-07-29 01:00,2025-07-29,1,116
2025-07-29 02:00,2025-07-29,2,61
2025-07-29 03:00,2025-07-29,3,56
2025-07-29 04:00,2025-07-29,4,24
2025-07-29 05:00,2025-07-29,5,78
2025-07-29 06:00,2025-07-29,6,293
2025-07-29 07:00,2025-07-29,7,404
2025-07-29 08:00,2025-07-29,8,575
2025-07-29 09:00,2025-07-29,9,537
2025-07-29 10:00,2025-07-29,10,419
2025-07-29 11:00,2025-07-29,11,381
2025-07-29 12:00,2025-07-29,12,383
2025-07-29 13:00,2025-07-29,13,403
2025-07-29 14:00,2025-07-29,14,494
2025-07-29 15:00,2025-07-29,15,512
2025-07-29 16:00,2025-07-29,16,538
2025-07-29 17:00,2025-07-29,17,616
2025-07-29 18:00,2025-07-29,18,685
2025-07-29 19:00,2025-07-29,19,629
2025-07-29 20:00,2025-07-29,20,332
2025-07-29 21:00,2025-07-29,21,218
2025-07-29 22:00,2025-07-29,22,184
2025-07-29 23:00,2025-07-29,23,109
2025-07-30 00:00,2025-07-30,0,96
2025-07-30 01:00,2025-07-30,1,113
2025-07-30 02:00,2025-07-30,2,83
2025-07-30 03:00,2025-07-30,3,40
2025-07-30 04:00,2025-07-30,4,27
2025-07-30 05:00,2025-07-30,5,91
2025-07-30 06:00,2025-07-30,6,372
2025-07-30 07:00,2025-07-30,7,448
2025-07-30 08:00,2025-07-30,8,407
2025-07-30 09:00,2025-07-30,9,522
2025-07-30 10:00,2025-07-30,10,434
2025-07-30 11:00,2025-07-30,11,423
2025-07-30 12:00,2025-07-30,12,365
2025-07-30 13:00,2025-07-30,13,408
2025-07-30 14:00,2025-07-30,14,488
2025-07-30 15:00,2025-07-30,15,376
2025-07-30 16:00,2025-07-30,16,528
2025-07-30 17:00,2025-07-30,17,602
2025-07-30 18:00,2025-07-30,18,729
2025-07-30 19:00,2025-07-30,19,597
2025-07-30 20:00,2025-07-30,20,370
2025-07-30 21:00,2025-07-30,21,268
2025-07-30 22:00,2025-07-30,22,238
2025-07-30 23:00,2025-07-30,23,106
2025-07-31 00:00,2025-07-31,0,117
2025-07-31 01:00,2025-07-31,1,85
2025-07-31 02:00,2025-07-31,2,65
2025-07-31 03:00,2025-07-31,3,44
2025-07-31 04:00,2025-07-31,4,29
2025-07-31 05:00,2025-07-31,5,97
2025-07-31 06:00,2025-07-31,6,350
2025-07-31 07:00,2025-07-31,7,488
2025-07-31 08:00,2025-07-31,8,522
2025-07-31 09:00,2025-07-31,9,405
2025-07-31 10:00,2025-07-31,10,347
2025-07-31 11:00,2025-07-31,11,484
2025-07-31 12:00,2025-07-31,12,400
2025-07-31 13:00,2025-07-31,13,496
2025-07-31 14:00,2025-07-31,14,401
2025-07-31 15:00,2025-07-31,15,563
2025-07-31 16:00,2025-07-31,16,519
2025-07-31 17:00,2025-07-31,17,400
2025-07-31 18:00,2025-07-31,18,675
2025-07-31 19:00,2025-07-31,19,606
2025-07-31 20:00,2025-07-31,20,473
2025-07-31 21:00,2025-07-31,21,305
2025-07-31 22:00,2025-07-31,22,158
2025-07-31 23:00,2025-07-31,23,150
2025-08-01 00:00,2025-08-01,0,86
2025-08-01 01:00,2025-08-01,1,81
2025-08-01 02:00,2025-08-01,2,66
2025-08-01 03:00,2025-08-01,3,56
2025-08-01 04:00,2025-08-01,4,27
2025-08-01 05:00,2025-08-01,5,115
2025-08-01 06:00,2025-08-01,6,351
2025-08-01 07:00,2025-08-01,7,343
2025-08-01 08:00,2025-08-01,8,421
2025-08-01 09:00,2025-08-01,9,396
2025-08-01 10:00,2025-08-01,10,449
2025-08-01 11:00,2025-08-01,11,406
2025-08-01 12:00,2025-08-01,12,456
2025-08-01 13:00,2025-08-01,13,388
2025-08-01 14:00,2025-08-01,14,354
2025-08-01 15:00,2025-08-01,15,451
2025-08-01 16:00,2025-08-01,16,432
2025-08-01 17:00,2025-08-01,17,409
2025-08-01 18:00,2025-08-01,18,592
2025-08-01 19:00,2025-08-01,19,458
2025-08-01 20:00,2025-08-01,20,385
2025-08-01 21:00,2025-08-01,21,203
2025-08-01 22:00,2025-08-01,22,203
2025-08-01 23:00,2025-08-01,23,146
2025-08-02 00:00,2025-08-02,0,71
2025-08-02 01:00,2025-08-02,1,59
2025-08-02 02:00,2025-08-02,2,58
2025-08-02 03:00,2025-08-02,3,40
2025-08-02 04:00,2025-08-02,4,18
2025-08-02 05:00,2025-08-02,5,69
2025-08-02 06:00,2025-08-02,6,268
2025-08-02 07:00,2025-08-02,7,330
2025-08-02 08:00,2025-08-02,8,396
2025-08-02 09:00,2025-08-02,9,325
2025-08-02 10:00,2025-08-02,10,276
2025-08-02 11:00,2025-08-02,11,208
2025-08-02 12:00,2025-08-02,12,348
2025-08-02 13:00,2025-08-02,13,209
2025-08-02 14:00,2025-08-02,14,378
2025-08-02 15:00,2025-08-02,15,232
2025-08-02 16:00,2025-08-02,16,257
2025-08-02 17:00,2025-08-02,17,395
2025-08-02 18:00,2025-08-02,18,542
2025-08-02 19:00,2025-08-02,19,357
2025-08-02 20:00,2025-08-02,20,233
2025-08-02 21:00,2025-08-02,21,220
2025-08-02 22:00,2025-08-02,22,126
2025-08-02 23:00,2025-08-02,23,123
2025-08-03 00:00,2025-08-03,0,75
2025-08-03 01:00,2025-08-03,1,48
2025-08-03 02:00,2025-08-03,2,52
2025-08-03 03:00,2025-08-03,3,35
2025-08-03 04:00,2025-08-03,4,19
2025-08-03 05:00,2025-08-03,5,81
2025-08-03 06:00,2025-08-03,6,215
2025-08-03 07:00,2025-08-03,7,355
2025-08-03 08:00,2025-08-03,8,325
2025-08-03 09:00,2025-08-03,9,303
2025-08-03 10:00,2025-08-03,10,189
2025-08-03 11:00,2025-08-03,11,249
2025-08-03 12:00,2025-08-03,12,247
2025-08-03 13:00,2025-08-03,13,343
2025-08-03 14:00,2025-08-03,14,332
2025-08-03 15:00,2025-08-03,15,308
2025-08-03 16:00,2025-08-03,16,355
2025-08-03 17:00,2025-08-03,17,348
2025-08-03 18:00,2025-08-03,18,515
2025-08-03 19:00,2025-08-03,19,296
2025-08-03 20:00,2025-08-03,20,213
2025-08-03 21:00,2025-08-03,21,184
2025-08-03 22:00,2025-08-03,22,104
2025-08-03 23:00,2025-08-03,23,109
2025-08-04 00:00,2025-08-04,0,92
2025-08-04 01:00,2025-08-04,1,119
2025-08-04 02:00,2025-08-04,2,74
2025-08-04 03:00,2025-08-04,3,47
2025-08-04 04:00,2025-08-04,4,20
2025-08-04 05:00,2025-08-04,5,81
2025-08-04 06:00,2025-08-04,6,332
2025-08-04 07:00,2025-08-04,7,586
2025-08-04 08:00,2025-08-04,8,580
2025-08-04 09:00,2025-08-04,9,575
2025-08-04 10:00,2025-08-04,10,399
2025-08-04 11:00,2025-08-04,11,363
2025-08-04 12:00,2025-08-04,12,542
2025-08-04 13:00,2025-08-04,13,424
2025-08-04 14:00,2025-08-04,14,513
2025-08-04 15:00,2025-08-04,15,555
2025-08-04 16:00,2025-08-04,16,415
2025-08-04 17:00,2025-08-04,17,396
2025-08-04 18:00,2025-08-04,18,699
2025-08-04 19:00,2025-08-04,19,640
2025-08-04 20:00,2025-08-04,20,295
2025-08-04 21:00,2025-08-04,21,209
2025-08-04 22:00,2025-08-04,22,145
2025-08-04 23:00,2025-08-04,23,100
2025-08-05 00:00,2025-08-05,0,107
2025-08-05 01:00,2025-08-05,1,94
2025-08-05 02:00,2025-08-05,2,79
2025-08-05 03:00,2025-08-05,3,43
2025-08-05 04:00,2025-08-05,4,23
2025-08-05 05:00,2025-08-05,5,114
2025-08-05 06:00,2025-08-05,6,390
2025-08-05 07:00,2025-08-05,7,515
2025-08-05 08:00,2025-08-05,8,464
2025-08-05 09:00,2025-08-05,9,562
2025-08-05 10:00,2025-08-05,10,447
2025-08-05 11:00,2025-08-05,11,439
2025-08-05 12:00,2025-08-05,12,449
2025-08-05 13:00,2025-08-05,13,401
2025-08-05 14:00,2025-08-05,14,477
2025-08-05 15:00,2025-08-05,15,462
2025-08-05 16:00,2025-08-05,16,514
2025-08-05 17:00,2025-08-05,17,404
2025-08-05 18:00,2025-08-05,18,810
2025-08-05 19:00,2025-08-05,19,606
2025-08-05 20:00,2025-08-05,20,469
2025-08-05 21:00,2025-08-05,21,312
2025-08-05 22:00,2025-08-05,22,195
2025-08-05 23:00,2025-08-05,23,138
2025-08-06 00:00,2025-08-06,0,99
2025-08-06 01:00,2025-08-06,1,74
2025-08-06 02:00,2025-08-06,2,56
2025-08-06 03:00,2025-08-06,3,44
2025-08-06 04:00,2025-08-06,4,21
2025-08-06 05:00,2025-08-06,5,90
2025-08-06 06:00,2025-08-06,6,358
2025-08-06 07:00,2025-08-06,7,347
2025-08-06 08:00,2025-08-06,8,389
2025-08-06 09:00,2025-08-06,9,637
2025-08-06 10:00,2025-08-06,10,381
2025-08-06 11:00,2025-08-06,11,360
2025-08-06 12:00,2025-08-06,12,388
2025-08-06 13:00,2025-08-06,13,502
2025-08-06 14:00,2025-08-06,14,511
2025-08-06 15:00,2025-08-06,15,514
2025-08-06 16:00,2025-08-06,16,340
2025-08-06 17:00,2025-08-06,17,441
2025-08-06 18:00,2025-08-06,18,717
2025-08-06 19:00,2025-08-06,19,488
2025-08-06 20:00,2025-08-06,20,375
2025-08-06 21:00,2025-08-06,21,282
2025-08-06 22:00,2025-08-06,22,216
2025-08-06 23:00,2025-08-06,23,135
2025-08-07 00:00,2025-08-07,0,87
2025-08-07 01:00,2025-08-07,1,85
2025-08-07 02:00,2025-08-07,2,54
2025-08-07 03:00,2025-08-07,3,51
2025-08-07 04:00,2025-08-07,4,26
2025-08-07 05:00,2025-08-07,5,84
2025-08-07 06:00,2025-08-07,6,437
2025-08-07 07:00,2025-08-07,7,344
2025-08-07 08:00,2025-08-07,8,395
2025-08-07 09:00,2025-08-07,9,592
2025-08-07 10:00,2025-08-07,10,284
2025-08-07 11:00,2025-08-07,11,471
2025-08-07 12:00,2025-08-07,12,584
2025-08-07 13:00,2025-08-07,13,494
2025-08-07 14:00,2025-08-07,14,410
2025-08-07 15:00,2025-08-07,15,553
2025-08-07 16:00,2025-08-07,16,465
2025-08-07 17:00,2025-08-07,17,642
2025-08-07 18:00,2025-08-07,18,498
2025-08-07 19:00,2025-08-07,19,559
2025-08-07 20:00,2025-08-07,20,294
2025-08-07 21:00,2025-08-07,21,287
2025-08-07 22:00,2025-08-07,22,194
2025-08-07 23:00,2025-08-07,23,126
2025-08-08 00:00,2025-08-08,0,108
2025-08-08 01:00,2025-08-08,1,66
2025-08-08 02:00,2025-08-08,2,59
2025-08-08 03:00,2025-08-08,3,43
2025-08-08 04:00,2025-08-08,4,24
2025-08-08 05:00,2025-08-08,5,85
2025-08-08 06:00,2025-08-08,6,262
2025-08-08 07:00,2025-08-08,7,403
2025-08-08 08:00,2025-08-08,8,566
2025-08-08 09:00,2025-08-08,9,514
2025-08-08 10:00,2025-08-08,10,320
2025-08-08 11:00,2025-08-08,11,343
2025-08-08 12:00,2025-08-08,12,396
2025-08-08 13:00,2025-08-08,13,445
2025-08-08 14:00,2025-08-08,14,491
2025-08-08 15:00,2025-08-08,15,514
2025-08-08 16:00,2025-08-08,16,484
2025-08-08 17:00,2025-08-08,17,392
2025-08-08 18:00,2025-08-08,18,545
2025-08-08 19:00,2025-08-08,19,470
2025-08-08 20:00,2025-08-08,20,439
2025-08-08 21:00,2025-08-08,21,215
2025-08-08 22:00,2025-08-08,22,154
2025-08-08 23:00,2025-08-08,23,152
2025-08-09 00:00,2025-08-09,0,79
2025-08-09 01:00,2025-08-09,1,46
2025-08-09 02:00,2025-08-09,2,52
2025-08-09 03:00,2025-08-09,3,33
2025-08-09 04:00,2025-08-09,4,17
2025-08-09 05:00,2025-08-09,5,68
2025-08-09 06:00,2025-08-09,6,215
2025-08-09 07:00,2025-08-09,7,333
2025-08-09 08:00,2025-08-09,8,386
2025-08-09 09:00,2025-08-09,9,352
2025-08-09 10:00,2025-08-09,10,276
2025-08-09 11:00,2025-08-09,11,293
2025-08-09 12:00,2025-08-09,12,401
2025-08-09 13:00,2025-08-09,13,358
2025-08-09 14:00,2025-08-09,14,282
2025-08-09 15:00,2025-08-09,15,390
2025-08-09 16:00,2025-08-09,16,293
2025-08-09 17:00,2025-08-09,17,423
2025-08-09 18:00,2025-08-09,18,537
2025-08-09 19:00,2025-08-09,19,314
2025-08-09 20:00,2025-08-09,20,243
2025-08-09 21:00,2025-08-09,21,167
2025-08-09 22:00,2025-08-09,22,162
2025-08-09 23:00,2025-08-09,23,108
2025-08-10 00:00,2025-08-10,0,68
2025-08-10 01:00,2025-08-10,1,54
2025-08-10 02:00,2025-08-10,2,42
2025-08-10 03:00,2025-08-10,3,37
2025-08-10 04:00,2025-08-10,4,13
2025-08-10 05:00,2025-08-10,5,75
2025-08-10 06:00,2025-08-10,6,205
2025-08-10 07:00,2025-08-10,7,300
2025-08-10 08:00,2025-08-10,8,308
2025-08-10 09:00,2025-08-10,9,348
2025-08-10 10:00,2025-08-10,10,234
2025-08-10 11:00,2025-08-10,11,213
2025-08-10 12:00,2025-08-10,12,276
2025-08-10 13:00,2025-08-10,13,217
2025-08-10 14:00,2025-08-10,14,325
2025-08-10 15:00,2025-08-10,15,393
2025-08-10 16:00,2025-08-10,16,240
2025-08-10 17:00,2025-08-10,17,434
2025-08-10 18:00,2025-08-10,18,400
2025-08-10 19:00,2025-08-10,19,351
2025-08-10 20:00,2025-08-10,20,246
2025-08-10 21:00,2025-08-10,21,134
2025-08-10 22:00,2025-08-10,22,138
2025-08-10 23:00,2025-08-10,23,113
2025-08-11 00:00,2025-08-11,0,133
2025-08-11 01:00,2025-08-11,1,69
2025-08-11 02:00,2025-08-11,2,67
2025-08-11 03:00,2025-08-11,3,53
2025-08-11 04:00,2025-08-11,4,16
2025-08-11 05:00,2025-08-11,5,88
2025-08-11 06:00,2025-08-11,6,302
2025-08-11 07:00,2025-08-11,7,411
2025-08-11 08:00,2025-08-11,8,592
2025-08-11 09:00,2025-08-11,9,441
2025-08-11 10:00,2025-08-11,10,292
2025-08-11 11:00,2025-08-11,11,486
2025-08-11 12:00,2025-08-11,12,522
2025-08-11 13:00,2025-08-11,13,448
2025-08-11 14:00,2025-08-11,14,515
2025-08-11 15:00,2025-08-11,15,457
2025-08-11 16:00,2025-08-11,16,401
2025-08-11 17:00,2025-08-11,17,396
2025-08-11 18:00,2025-08-11,18,719
2025-08-11 19:00,2025-08-11,19,518
2025-08-11 20:00,2025-08-11,20,397
2025-08-11 21:00,2025-08-11,21,313
2025-08-11 22:00,2025-08-11,22,213
2025-08-11 23:00,2025-08-11,23,127
2025-08-12 00:00,2025-08-12,0,91
2025-08-12 01:00,2025-08-12,1,102
2025-08-12 02:00,2025-08-12,2,68
2025-08-12 03:00,2025-08-12,3,44
2025-08-12 04:00,2025-08-12,4,19
2025-08-12 05:00,2025-08-12,5,76
2025-08-12 06:00,2025-08-12,6,279
2025-08-12 07:00,2025-08-12,7,411
2025-08-12 08:00,2025-08-12,8,503
2025-08-12 09:00,2025-08-12,9,640
2025-08-12 10:00,2025-08-12,10,358
2025-08-12 11:00,2025-08-12,11,349
2025-08-12 12:00,2025-08-12,12,463
2025-08-12 13:00,2025-08-12,13,484
2025-08-12 14:00,2025-08-12,14,469
2025-08-12 15:00,2025-08-12,15,560
2025-08-12 16:00,2025-08-12,16,440
2025-08-12 17:00,2025-08-12,17,530
2025-08-12 18:00,2025-08-12,18,720
2025-08-12 19:00,2025-08-12,19,484
2025-08-12 20:00,2025-08-12,20,470
2025-08-12 21:00,2025-08-12,21,209
2025-08-12 22:00,2025-08-12,22,204
2025-08-12 23:00,2025-08-12,23,131
2025-08-13 00:00,2025-08-13,0,84
2025-08-13 01:00,2025-08-13,1,93
2025-08-13 02:00,2025-08-13,2,76
2025-08-13 03:00,2025-08-13,3,34
2025-08-13 04:00,2025-08-13,4,25
2025-08-13 05:00,2025-08-13,5,91
2025-08-13 06:00,2025-08-13,6,384
2025-08-13 07:00,2025-08-13,7,463
2025-08-13 08:00,2025-08-13,8,583
2025-08-13 09:00,2025-08-13,9,545
2025-08-13 10:00,2025-08-13,10,443
2025-08-13 11:00,2025-08-13,11,433
2025-08-13 12:00,2025-08-13,12,534
2025-08-13 13:00,2025-08-13,13,414
2025-08-13 14:00,2025-08-13,14,497
2025-08-13 15:00,2025-08-13,15,551
2025-08-13 16:00,2025-08-13,16,444
2025-08-13 17:00,2025-08-13,17,405
2025-08-13 18:00,2025-08-13,18,885
2025-08-13 19:00,2025-08-13,19,534
2025-08-13 20:00,2025-08-13,20,334
2025-08-13 21:00,2025-08-13,21,242
2025-08-13 22:00,2025-08-13,22,197
2025-08-13 23:00,2025-08-13,23,99
2025-08-14 00:00,2025-08-14,0,85
2025-08-14 01:00,2025-08-14,1,66
2025-08-14 02:00,2025-08-14,2,74
2025-08-14 03:00,2025-08-14,3,40
2025-08-14 04:00,2025-08-14,4,24
2025-08-14 05:00,2025-08-14,5,108
2025-08-14 06:00,2025-08-14,6,320
2025-08-14 07:00,2025-08-14,7,354
2025-08-14 08:00,2025-08-14,8,420
2025-08-14 09:00,2025-08-14,9,457
2025-08-14 10:00,2025-08-14,10,327
2025-08-14 11:00,2025-08-14,11,361
2025-08-14 12:00,2025-08-14,12,532
2025-08-14 13:00,2025-08-14,13,344
2025-08-14 14:00,2025-08-14,14,518
2025-08-14 15:00,2025-08-14,15,478
2025-08-14 16:00,2025-08-14,16,365
2025-08-14 17:00,2025-08-14,17,505
2025-08-14 18:00,2025-08-14,18,738
2025-08-14 19:00,2025-08-14,19,561
2025-08-14 20:00,2025-08-14,20,449
2025-08-14 21:00,2025-08-14,21,236
2025-08-14 22:00,2025-08-14,22,213
2025-08-14 23:00,2025-08-14,23,109
2025-08-15 00:00,2025-08-15,0,68
2025-08-15 01:00,2025-08-15,1,53
2025-08-15 02:00,2025-08-15,2,47
2025-08-15 03:00,2025-08-15,3,29
2025-08-15 04:00,2025-08-15,4,14
2025-08-15 05:00,2025-08-15,5,68
2025-08-15 06:00,2025-08-15,6,319
2025-08-15 07:00,2025-08-15,7,393
2025-08-15 08:00,2025-08-15,8,467
2025-08-15 09:00,2025-08-15,9,496
2025-08-15 10:00,2025-08-15,10,326
2025-08-15 11:00,2025-08-15,11,305
2025-08-15 12:00,2025-08-15,12,357
2025-08-15 13:00,2025-08-15,13,381
2025-08-15 14:00,2025-08-15,14,296
2025-08-15 15:00,2025-08-15,15,392
2025-08-15 16:00,2025-08-15,16,388
2025-08-15 17:00,2025-08-15,17,357
2025-08-15 18:00,2025-08-15,18,568
2025-08-15 19:00,2025-08-15,19,357
2025-08-15 20:00,2025-08-15,20,383
2025-08-15 21:00,2025-08-15,21,194
2025-08-15 22:00,2025-08-15,22,180
2025-08-15 23:00,2025-08-15,23,129
2025-08-16 00:00,2025-08-16,0,64
2025-08-16 01:00,2025-08-16,1,54
2025-08-16 02:00,2025-08-16,2,36
2025-08-16 03:00,2025-08-16,3,21
2025-08-16 04:00,2025-08-16,4,10
2025-08-16 05:00,2025-08-16,5,49
2025-08-16 06:00,2025-08-16,6,205
2025-08-16 07:00,2025-08-16,7,245
2025-08-16 08:00,2025-08-16,8,192
2025-08-16 09:00,2025-08-16,9,298
2025-08-16 10:00,2025-08-16,10,233
2025-08-16 11:00,2025-08-16,11,221
2025-08-16 12:00,2025-08-16,12,289
2025-08-16 13:00,2025-08-16,13,164
2025-08-16 14:00,2025-08-16,14,191
2025-08-16 15:00,2025-08-16,15,286
2025-08-16 16:00,2025-08-16,16,298
2025-08-16 17:00,2025-08-16,17,248
2025-08-16 18:00,2025-08-16,18,381
2025-08-16 19:00,2025-08-16,19,246
2025-08-16 20:00,2025-08-16,20,158
2025-08-16 21:00,2025-08-16,21,118
2025-08-16 22:00,2025-08-16,22,117
2025-08-16 23:00,2025-08-16,23,75
2025-08-17 00:00,2025-08-17,0,54
2025-08-17 01:00,2025-08-17,1,51
2025-08-17 02:00,2025-08-17,2,44
2025-08-17 03:00,2025-08-17,3,23
2025-08-17 04:00,2025-08-17,4,8
2025-08-17 05:00,2025-08-17,5,42
2025-08-17 06:00,2025-08-17,6,177
2025-08-17 07:00,2025-08-17,7,286
2025-08-17 08:00,2025-08-17,8,311
2025-08-17 09:00,2025-08-17,9,337
2025-08-17 10:00,2025-08-17,10,162
2025-08-17 11:00,2025-08-17,11,251
2025-08-17 12:00,2025-08-17,12,224
2025-08-17 13:00,2025-08-17,13,251
2025-08-17 14:00,2025-08-17,14,247
2025-08-17 15:00,2025-08-17,15,267
2025-08-17 16:00,2025-08-17,16,251
2025-08-17 17:00,2025-08-17,17,226
2025-08-17 18:00,2025-08-17,18,327
2025-08-17 19:00,2025-08-17,19,333
2025-08-17 20:00,2025-08-17,20,199
2025-08-17 21:00,2025-08-17,21,135
2025-08-17 22:00,2025-08-17,22,82
2025-08-17 23:00,2025-08-17,23,64
2025-08-18 00:00,2025-08-18,0,89
2025-08-18 01:00,2025-08-18,1,68
2025-08-18 02:00,2025-08-18,2,59
2025-08-18 03:00,2025-08-18,3,40
2025-08-18 04:00,2025-08-18,4,18
2025-08-18 05:00,2025-08-18,5,67
2025-08-18 06:00,2025-08-18,6,321
2025-08-18 07:00,2025-08-18,7,433
2025-08-18 08:00,2025-08-18,8,381
2025-08-18 09:00,2025-08-18,9,532
2025-08-18 10:00,2025-08-18,10,415
2025-08-18 11:00,2025-08-18,11,433
2025-08-18 12:00,2025-08-18,12,419
2025-08-18 13:00,2025-08-18,13,316
2025-08-18 14:00,2025-08-18,14,462
2025-08-18 15:00,2025-08-18,15,366
2025-08-18 16:00,2025-08-18,16,393
2025-08-18 17:00,2025-08-18,17,508
2025-08-18 18:00,2025-08-18,18,515
2025-08-18 19:00,2025-08-18,19,633
2025-08-18 20:00,2025-08-18,20,403
2025-08-18 21:00,2025-08-18,21,222
2025-08-18 22:00,2025-08-18,22,209
2025-08-18 23:00,2025-08-18,23,116
2025-08-19 00:00,2025-08-19,0,129
2025-08-19 01:00,2025-08-19,1,88
2025-08-19 02:00,2025-08-19,2,79
2025-08-19 03:00,2025-08-19,3,39
2025-08-19 04:00,2025-08-19,4,26
2025-08-19 05:00,2025-08-19,5,111
2025-08-19 06:00,2025-08-19,6,286
2025-08-19 07:00,2025-08-19,7,493
2025-08-19 08:00,2025-08-19,8,479
2025-08-19 09:00,2025-08-19,9,482
2025-08-19 10:00,2025-08-19,10,412
2025-08-19 11:00,2025-08-19,11,314
2025-08-19 12:00,2025-08-19,12,570
2025-08-19 13:00,2025-08-19,13,467
2025-08-19 14:00,2025-08-19,14,475
2025-08-19 15:00,2025-08-19,15,511
2025-08-19 16:00,2025-08-19,16,493
2025-08-19 17:00,2025-08-19,17,443
2025-08-19 18:00,2025-08-19,18,754
2025-08-19 19:00,2025-08-19,19,603
2025-08-19 20:00,2025-08-19,20,441
2025-08-19 21:00,2025-08-19,21,246
2025-08-19 22:00,2025-08-19,22,185
2025-08-19 23:00,2025-08-19,23,141
2025-08-20 00:00,2025-08-20,0,127
2025-08-20 01:00,2025-08-20,1,107
2025-08-20 02:00,2025-08-20,2,87
2025-08-20 03:00,2025-08-20,3,47
2025-08-20 04:00,2025-08-20,4,30
2025-08-20 05:00,2025-08-20,5,122
2025-08-20 06:00,2025-08-20,6,355
2025-08-20 07:00,2025-08-20,7,518
2025-08-20 08:00,2025-08-20,8,608
2025-08-20 09:00,2025-08-20,9,624
2025-08-20 10:00,2025-08-20,10,356
2025-08-20 11:00,2025-08-20,11,377
2025-08-20 12:00,2025-08-20,12,541
2025-08-20 13:00,2025-08-20,13,421
2025-08-20 14:00,2025-08-20,14,594
2025-08-20 15:00,2025-08-20,15,548
2025-08-20 16:00,2025-08-20,16,344
2025-08-20 17:00,2025-08-20,17,428
2025-08-20 18:00,2025-08-20,18,701
2025-08-20 19:00,2025-08-20,19,462
2025-08-20 20:00,2025-08-20,20,383
2025-08-20 21:00,2025-08-20,21,360
2025-08-20 22:00,2025-08-20,22,245
2025-08-20 23:00,2025-08-20,23,173
2025-08-21 00:00,2025-08-21,0,109
2025-08-21 01:00,2025-08-21,1,82
2025-08-21 02:00,2025-08-21,2,64
2025-08-21 03:00,2025-08-21,3,43
2025-08-21 04:00,2025-08-21,4,23
2025-08-21 05:00,2025-08-21,5,82
2025-08-21 06:00,2025-08-21,6,457
2025-08-21 07:00,2025-08-21,7,535
2025-08-21 08:00,2025-08-21,8,580
2025-08-21 09:00,2025-08-21,9,462
2025-08-21 10:00,2025-08-21,10,282
2025-08-21 11:00,2025-08-21,11,419
2025-08-21 12:00,2025-08-21,12,577
2025-08-21 13:00,2025-08-21,13,376
2025-08-21 14:00,2025-08-21,14,413
2025-08-21 15:00,2025-08-21,15,422
2025-08-21 16:00,2025-08-21,16,355
2025-08-21 17:00,2025-08-21,17,501
2025-08-21 18:00,2025-08-21,18,745
2025-08-21 19:00,2025-08-21,19,462
2025-08-21 20:00,2025-08-21,20,347
2025-08-21 21:00,2025-08-21,21,228
2025-08-21 22:00,2025-08-21,22,184
2025-08-21 23:00,2025-08-21,23,126
2025-08-22 00:00,2025-08-22,0,102
2025-08-22 01:00,2025-08-22,1,91
2025-08-22 02:00,2025-08-22,2,79
2025-08-22 03:00,2025-08-22,3,52
2025-08-22 04:00,2025-08-22,4,25
2025-08-22 05:00,2025-08-22,5,116
2025-08-22 06:00,2025-08-22,6,363
2025-08-22 07:00,2025-08-22,7,496
2025-08-22 08:00,2025-08-22,8,427
2025-08-22 09:00,2025-08-22,9,450
2025-08-22 10:00,2025-08-22,10,288
2025-08-22 11:00,2025-08-22,11,448
2025-08-22 12:00,2025-08-22,12,388
2025-08-22 13:00,2025-08-22,13,342
2025-08-22 14:00,2025-08-22,14,392
2025-08-22 15:00,2025-08-22,15,556
2025-08-22 16:00,2025-08-22,16,521
2025-08-22 17:00,2025-08-22,17,528
2025-08-22 18:00,2025-08-22,18,758
2025-08-22 19:00,2025-08-22,19,523
2025-08-22 20:00,2025-08-22,20,338
2025-08-22 21:00,2025-08-22,21,215
2025-08-22 22:00,2025-08-22,22,210
2025-08-22 23:00,2025-08-22,23,142
2025-08-23 00:00,2025-08-23,0,95
2025-08-23 01:00,2025-08-23,1,61
2025-08-23 02:00,2025-08-23,2,47
2025-08-23 03:00,2025-08-23,3,28
2025-08-23 04:00,2025-08-23,4,14
2025-08-23 05:00,2025-08-23,5,59
2025-08-23 06:00,2025-08-23,6,300
2025-08-23 07:00,2025-08-23,7,339
2025-08-23 08:00,2025-08-23,8,258
2025-08-23 09:00,2025-08-23,9,349
2025-08-23 10:00,2025-08-23,10,293
2025-08-23 11:00,2025-08-23,11,321
2025-08-23 12:00,2025-08-23,12,318
2025-08-23 13:00,2025-08-23,13,210
2025-08-23 14:00,2025-08-23,14,277
2025-08-23 15:00,2025-08-23,15,261
2025-08-23 16:00,2025-08-23,16,366
2025-08-23 17:00,2025-08-23,17,263
2025-08-23 18:00,2025-08-23,18,560
2025-08-23 19:00,2025-08-23,19,365
2025-08-23 20:00,2025-08-23,20,318
2025-08-23 21:00,2025-08-23,21,224
2025-08-23 22:00,2025-08-23,22,122
2025-08-23 23:00,2025-08-23,23,105
2025-08-24 00:00,2025-08-24,0,81
2025-08-24 01:00,2025-08-24,1,57
2025-08-24 02:00,2025-08-24,2,52
2025-08-24 03:00,2025-08-24,3,33
2025-08-24 04:00,2025-08-24,4,18
2025-08-24 05:00,2025-08-24,5,80
2025-08-24 06:00,2025-08-24,6,220
2025-08-24 07:00,2025-08-24,7,242
2025-08-24 08:00,2025-08-24,8,354
2025-08-24 09:00,2025-08-24,9,283
2025-08-24 10:00,2025-08-24,10,233
2025-08-24 11:00,2025-08-24,11,280
2025-08-24 12:00,2025-08-24,12,344
2025-08-24 13:00,2025-08-24,13,316
2025-08-24 14:00,2025-08-24,14,348
2025-08-24 15:00,2025-08-24,15,390
2025-08-24 16:00,2025-08-24,16,338
2025-08-24 17:00,2025-08-24,17,381
2025-08-24 18:00,2025-08-24,18,486
2025-08-24 19:00,2025-08-24,19,298
2025-08-24 20:00,2025-08-24,20,220
2025-08-24 21:00,2025-08-24,21,181
2025-08-24 22:00,2025-08-24,22,130
2025-08-24 23:00,2025-08-24,23,98
2025-08-25 00:00,2025-08-25,0,83
2025-08-25 01:00,2025-08-25,1,78
2025-08-25 02:00,2025-08-25,2,54
2025-08-25 03:00,2025-08-25,3,38
2025-08-25 04:00,2025-08-25,4,29
2025-08-25 05:00,2025-08-25,5,105
2025-08-25 06:00,2025-08-25,6,305
2025-08-25 07:00,2025-08-25,7,325
2025-08-25 08:00,2025-08-25,8,433
2025-08-25 09:00,2025-08-25,9,401
2025-08-25 10:00,2025-08-25,10,455
2025-08-25 11:00,2025-08-25,11,360
2025-08-25 12:00,2025-08-25,12,362
2025-08-25 13:00,2025-08-25,13,486
2025-08-25 14:00,2025-08-25,14,422
2025-08-25 15:00,2025-08-25,15,387
2025-08-25 16:00,2025-08-25,16,510
2025-08-25 17:00,2025-08-25,17,390
2025-08-25 18:00,2025-08-25,18,698
2025-08-25 19:00,2025-08-25,19,438
2025-08-25 20:00,2025-08-25,20,309
2025-08-25 21:00,2025-08-25,21,196
2025-08-25 22:00,2025-08-25,22,178
2025-08-25 23:00,2025-08-25,23,99
2025-08-26 00:00,2025-08-26,0,130
2025-08-26 01:00,2025-08-26,1,91
2025-08-26 02:00,2025-08-26,2,79
2025-08-26 03:00,2025-08-26,3,46
2025-08-26 04:00,2025-08-26,4,23
2025-08-26 05:00,2025-08-26,5,108
2025-08-26 06:00,2025-08-26,6,345
2025-08-26 07:00,2025-08-26,7,523
2025-08-26 08:00,2025-08-26,8,484
2025-08-26 09:00,2025-08-26,9,645
2025-08-26 10:00,2025-08-26,10,303
2025-08-26 11:00,2025-08-26,11,381
2025-08-26 12:00,2025-08-26,12,500
2025-08-26 13:00,2025-08-26,13,444
2025-08-26 14:00,2025-08-26,14,538
2025-08-26 15:00,2025-08-26,15,557
2025-08-26 16:00,2025-08-26,16,325
2025-08-26 17:00,2025-08-26,17,509
2025-08-26 18:00,2025-08-26,18,709
2025-08-26 19:00,2025-08-26,19,610
2025-08-26 20:00,2025-08-26,20,444
2025-08-26 21:00,2025-08-26,21,218
2025-08-26 22:00,2025-08-26,22,154
2025-08-26 23:00,2025-08-26,23,142
2025-08-27 00:00,2025-08-27,0,97
2025-08-27 01:00,2025-08-27,1,91
2025-08-27 02:00,2025-08-27,2,78
2025-08-27 03:00,2025-08-27,3,44
2025-08-27 04:00,2025-08-27,4,17
2025-08-27 05:00,2025-08-27,5,94
2025-08-27 06:00,2025-08-27,6,366
2025-08-27 07:00,2025-08-27,7,382
2025-08-27 08:00,2025-08-27,8,495
2025-08-27 09:00,2025-08-27,9,505
2025-08-27 10:00,2025-08-27,10,406
2025-08-27 11:00,2025-08-27,11,452
2025-08-27 12:00,2025-08-27,12,547
2025-08-27 13:00,2025-08-27,13,374
2025-08-27 14:00,2025-08-27,14,434
2025-08-27 15:00,2025-08-27,15,450
2025-08-27 16:00,2025-08-27,16,498
2025-08-27 17:00,2025-08-27,17,388
2025-08-27 18:00,2025-08-27,18,704
2025-08-27 19:00,2025-08-27,19,515
2025-08-27 20:00,2025-08-27,20,434
2025-08-27 21:00,2025-08-27,21,280
2025-08-27 22:00,2025-08-27,22,205
2025-08-27 23:00,2025-08-27,23,146
2025-08-28 00:00,2025-08-28,0,147
2025-08-28 01:00,2025-08-28,1,77
2025-08-28 02:00,2025-08-28,2,54
2025-08-28 03:00,2025-08-28,3,49
2025-08-28 04:00,2025-08-28,4,26
2025-08-28 05:00,2025-08-28,5,108
2025-08-28 06:00,2025-08-28,6,340
2025-08-28 07:00,2025-08-28,7,393
2025-08-28 08:00,2025-08-28,8,399
2025-08-28 09:00,2025-08-28,9,598
2025-08-28 10:00,2025-08-28,10,382
2025-08-28 11:00,2025-08-28,11,501
2025-08-28 12:00,2025-08-28,12,440
2025-08-28 13:00,2025-08-28,13,448
2025-08-28 14:00,2025-08-28,14,412
2025-08-28 15:00,2025-08-28,15,513
2025-08-28 16:00,2025-08-28,16,381
2025-08-28 17:00,2025-08-28,17,585
2025-08-28 18:00,2025-08-28,18,835
2025-08-28 19:00,2025-08-28,19,607
2025-08-28 20:00,2025-08-28,20,515
2025-08-28 21:00,2025-08-28,21,322
2025-08-28 22:00,2025-08-28,22,221
2025-08-28 23:00,2025-08-28,23,138
2025-08-29 00:00,2025-08-29,0,103
2025-08-29 01:00,2025-08-29,1,85
2025-08-29 02:00,2025-08-29,2,61
2025-08-29 03:00,2025-08-29,3,47
2025-08-29 04:00,2025-08-29,4,28
2025-08-29 05:00,2025-08-29,5,110
2025-08-29 06:00,2025-08-29,6,344
2025-08-29 07:00,2025-08-29,7,496
2025-08-29 08:00,2025-08-29,8,609
2025-08-29 09:00,2025-08-29,9,443
2025-08-29 10:00,2025-08-29,10,401
2025-08-29 11:00,2025-08-29,11,543
2025-08-29 12:00,2025-08-29,12,450
2025-08-29 13:00,2025-08-29,13,438
2025-08-29 14:00,2025-08-29,14,463
2025-08-29 15:00,2025-08-29,15,611
2025-08-29 16:00,2025-08-29,16,477
2025-08-29 17:00,2025-08-29,17,698
2025-08-29 18:00,2025-08-29,18,693
2025-08-29 19:00,2025-08-29,19,653
2025-08-29 20:00,2025-08-29,20,380
2025-08-29 21:00,2025-08-29,21,234
2025-08-29 22:00,2025-08-29,22,197
2025-08-29 23:00,2025-08-29,23,119
2025-08-30 00:00,2025-08-30,0,96
2025-08-30 01:00,2025-08-30,1,64
2025-08-30 02:00,2025-08-30,2,63
2025-08-30 03:00,2025-08-30,3,27
2025-08-30 04:00,2025-08-30,4,16
2025-08-30 05:00,2025-08-30,5,81
2025-08-30 06:00,2025-08-30,6,249
2025-08-30 07:00,2025-08-30,7,272
2025-08-30 08:00,2025-08-30,8,282
2025-08-30 09:00,2025-08-30,9,495
2025-08-30 10:00,2025-08-30,10,281
2025-08-30 11:00,2025-08-30,11,263
2025-08-30 12:00,2025-08-30,12,333
2025-08-30 13:00,2025-08-30,13,335
2025-08-30 14:00,2025-08-30,14,288
2025-08-30 15:00,2025-08-30,15,266
2025-08-30 16:00,2025-08-30,16,255
2025-08-30 17:00,2025-08-30,17,397
2025-08-30 18:00,2025-08-30,18,503
2025-08-30 19:00,2025-08-30,19,361
2025-08-30 20:00,2025-08-30,20,321
2025-08-30 21:00,2025-08-30,21,219
2025-08-30 22:00,2025-08-30,22,108
2025-08-30 23:00,2025-08-30,23,94
2025-08-31 00:00,2025-08-31,0,73
2025-08-31 01:00,2025-08-31,1,56
2025-08-31 02:00,2025-08-31,2,49
2025-08-31 03:00,2025-08-31,3,29
2025-08-31 04:00,2025-08-31,4,14
2025-08-31 05:00,2025-08-31,5,56
2025-08-31 06:00,2025-08-31,6,240
2025-08-31 07:00,2025-08-31,7,343
2025-08-31 08:00,2025-08-31,8,299
2025-08-31 09:00,2025-08-31,9,396
2025-08-31 10:00,2025-08-31,10,270
2025-08-31 11:00,2025-08-31,11,269
2025-08-31 12:00,2025-08-31,12,348
2025-08-31 13:00,2025-08-31,13,254
2025-08-31 14:00,2025-08-31,14,345
2025-08-31 15:00,2025-08-31,15,329
2025-08-31 16:00,2025-08-31,16,331
2025-08-31 17:00,2025-08-31,17,392
2025-08-31 18:00,2025-08-31,18,477
2025-08-31 19:00,2025-08-31,19,408
2025-08-31 20:00,2025-08-31,20,287
2025-08-31 21:00,2025-08-31,21,237
2025-08-31 22:00,2025-08-31,22,191
2025-08-31 23:00,2025-08-31,23,130
2025-09-01 00:00,2025-09-01,0,144
2025-09-01 01:00,2025-09-01,1,88
2025-09-01 02:00,2025-09-01,2,68
2025-09-01 03:00,2025-09-01,3,43
2025-09-01 04:00,2025-09-01,4,26
2025-09-01 05:00,2025-09-01,5,117
2025-09-01 06:00,2025-09-01,6,336
2025-09-01 07:00,2025-09-01,7,578
2025-09-01 08:00,2025-09-01,8,525
2025-09-01 09:00,2025-09-01,9,603
2025-09-01 10:00,2025-09-01,10,331
2025-09-01 11:00,2025-09-01,11,474
2025-09-01 12:00,2025-09-01,12,387
2025-09-01 13:00,2025-09-01,13,316
2025-09-01 14:00,2025-09-01,14,465
2025-09-01 15:00,2025-09-01,15,545
2025-09-01 16:00,2025-09-01,16,397
2025-09-01 17:00,2025-09-01,17,615
2025-09-01 18:00,2025-09-01,18,763
2025-09-01 19:00,2025-09-01,19,476
2025-09-01 20:00,2025-09-01,20,402
2025-09-01 21:00,2025-09-01,21,250
2025-09-01 22:00,2025-09-01,22,217
2025-09-01 23:00,2025-09-01,23,164
2025-09-02 00:00,2025-09-02,0,126
2025-09-02 01:00,2025-09-02,1,83
2025-09-02 02:00,2025-09-02,2,78
2025-09-02 03:00,2025-09-02,3,57
2025-09-02 04:00,2025-09-02,4,19
2025-09-02 05:00,2025-09-02,5,112
2025-09-02 06:00,2025-09-02,6,401
2025-09-02 07:00,2025-09-02,7,564
2025-09-02 08:00,2025-09-02,8,578
2025-09-02 09:00,2025-09-02,9,567
2025-09-02 10:00,2025-09-02,10,490
2025-09-02 11:00,2025-09-02,11,392
2025-09-02 12:00,2025-09-02,12,471
2025-09-02 13:00,2025-09-02,13,483
2025-09-02 14:00,2025-09-02,14,487
2025-09-02 15:00,2025-09-02,15,527
2025-09-02 16:00,2025-09-02,16,465
2025-09-02 17:00,2025-09-02,17,576
2025-09-02 18:00,2025-09-02,18,694
2025-09-02 19:00,2025-09-02,19,528
2025-09-02 20:00,2025-09-02,20,467
2025-09-02 21:00,2025-09-02,21,307
2025-09-02 22:00,2025-09-02,22,235
2025-09-02 23:00,2025-09-02,23,164
2025-09-03 00:00,2025-09-03,0,130
2025-09-03 01:00,2025-09-03,1,84
2025-09-03 02:00,2025-09-03,2,59
2025-09-03 03:00,2025-09-03,3,51
2025-09-03 04:00,2025-09-03,4,25
2025-09-03 05:00,2025-09-03,5,104
2025-09-03 06:00,2025-09-03,6,319
2025-09-03 07:00,2025-09-03,7,440
2025-09-03 08:00,2025-09-03,8,576
2025-09-03 09:00,2025-09-03,9,438
2025-09-03 10:00,2025-09-03,10,369
2025-09-03 11:00,2025-09-03,11,418
2025-09-03 12:00,2025-09-03,12,502
2025-09-03 13:00,2025-09-03,13,416
2025-09-03 14:00,2025-09-03,14,324
2025-09-03 15:00,2025-09-03,15,354
2025-09-03 16:00,2025-09-03,16,394
2025-09-03 17:00,2025-09-03,17,474
2025-09-03 18:00,2025-09-03,18,694
2025-09-03 19:00,2025-09-03,19,546
2025-09-03 20:00,2025-09-03,20,380
2025-09-03 21:00,2025-09-03,21,283
2025-09-03 22:00,2025-09-03,22,175
2025-09-03 23:00,2025-09-03,23,138
2025-09-04 00:00,2025-09-04,0,116
2025-09-04 01:00,2025-09-04,1,68
2025-09-04 02:00,2025-09-04,2,52
2025-09-04 03:00,2025-09-04,3,43
2025-09-04 04:00,2025-09-04,4,23
2025-09-04 05:00,2025-09-04,5,94
2025-09-04 06:00,2025-09-04,6,318
2025-09-04 07:00,2025-09-04,7,457
2025-09-04 08:00,2025-09-04,8,594
2025-09-04 09:00,2025-09-04,9,576
2025-09-04 10:00,2025-09-04,10,376
2025-09-04 11:00,2025-09-04,11,403
2025-09-04 12:00,2025-09-04,12,472
2025-09-04 13:00,2025-09-04,13,466
2025-09-04 14:00,2025-09-04,14,437
2025-09-04 15:00,2025-09-04,15,358
2025-09-04 16:00,2025-09-04,16,342
2025-09-04 17:00,2025-09-04,17,513
2025-09-04 18:00,2025-09-04,18,667
2025-09-04 19:00,2025-09-04,19,618
2025-09-04 20:00,2025-09-04,20,490
2025-09-04 21:00,2025-09-04,21,280
2025-09-04 22:00,2025-09-04,22,214
2025-09-04 23:00,2025-09-04,23,146
2025-09-05 00:00,2025-09-05,0,142
2025-09-05 01:00,2025-09-05,1,75
2025-09-05 02:00,2025-09-05,2,86
2025-09-05 03:00,2025-09-05,3,55
2025-09-05 04:00,2025-09-05,4,22
2025-09-05 05:00,2025-09-05,5,81
2025-09-05 06:00,2025-09-05,6,444
2025-09-05 07:00,2025-09-05,7,445
2025-09-05 08:00,2025-09-05,8,463
2025-09-05 09:00,2025-09-05,9,656
2025-09-05 10:00,2025-09-05,10,342
2025-09-05 11:00,2025-09-05,11,426
2025-09-05 12:00,2025-09-05,12,469
2025-09-05 13:00,2025-09-05,13,509
2025-09-05 14:00,2025-09-05,14,395
2025-09-05 15:00,2025-09-05,15,460
2025-09-05 16:00,2025-09-05,16,479
2025-09-05 17:00,2025-09-05,17,469
2025-09-05 18:00,2025-09-05,18,691
2025-09-05 19:00,2025-09-05,19,572
2025-09-05 20:00,2025-09-05,20,430
2025-09-05 21:00,2025-09-05,21,286
2025-09-05 22:00,2025-09-05,22,172
2025-09-05 23:00,2025-09-05,23,126
2025-09-06 00:00,2025-09-06,0,105
2025-09-06 01:00,2025-09-06,1,58
2025-09-06 02:00,2025-09-06,2,37
2025-09-06 03:00,2025-09-06,3,39
2025-09-06 04:00,2025-09-06,4,12
2025-09-06 05:00,2025-09-06,5,59
2025-09-06 06:00,2025-09-06,6,180
2025-09-06 07:00,2025-09-06,7,343
2025-09-06 08:00,2025-09-06,8,357
2025-09-06 09:00,2025-09-06,9,327
2025-09-06 10:00,2025-09-06,10,221
2025-09-06 11:00,2025-09-06,11,213
2025-09-06 12:00,2025-09-06,12,402
2025-09-06 13:00,2025-09-06,13,297
2025-09-06 14:00,2025-09-06,14,341
2025-09-06 15:00,2025-09-06,15,285
2025-09-06 16:00,2025-09-06,16,281
2025-09-06 17:00,2025-09-06,17,305
2025-09-06 18:00,2025-09-06,18,375
2025-09-06 19:00,2025-09-06,19,265
2025-09-06 20:00,2025-09-06,20,312
2025-09-06 21:00,2025-09-06,21,224
2025-09-06 22:00,2025-09-06,22,123
2025-09-06 23:00,2025-09-06,23,84
2025-09-07 00:00,2025-09-07,0,81
2025-09-07 01:00,2025-09-07,1,50
2025-09-07 02:00,2025-09-07,2,50
2025-09-07 03:00,2025-09-07,3,24
2025-09-07 04:00,2025-09-07,4,11
2025-09-07 05:00,2025-09-07,5,69
2025-09-07 06:00,2025-09-07,6,277
2025-09-07 07:00,2025-09-07,7,257
2025-09-07 08:00,2025-09-07,8,415
2025-09-07 09:00,2025-09-07,9,277
2025-09-07 10:00,2025-09-07,10,212
2025-09-07 11:00,2025-09-07,11,306
2025-09-07 12:00,2025-09-07,12,383
2025-09-07 13:00,2025-09-07,13,246
2025-09-07 14:00,2025-09-07,14,276
2025-09-07 15:00,2025-09-07,15,286
2025-09-07 16:00,2025-09-07,16,300
2025-09-07 17:00,2025-09-07,17,268
2025-09-07 18:00,2025-09-07,18,390
2025-09-07 19:00,2025-09-07,19,447
2025-09-07 20:00,2025-09-07,20,273
2025-09-07 21:00,2025-09-07,21,174
2025-09-07 22:00,2025-09-07,22,119
2025-09-07 23:00,2025-09-07,23,66
2025-09-08 00:00,2025-09-08,0,90
2025-09-08 01:00,2025-09-08,1,75
2025-09-08 02:00,2025-09-08,2,73
2025-09-08 03:00,2025-09-08,3,51
2025-09-08 04:00,2025-09-08,4,20
2025-09-08 05:00,2025-09-08,5,78
2025-09-08 06:00,2025-09-08,6,394
2025-09-08 07:00,2025-09-08,7,454
2025-09-08 08:00,2025-09-08,8,479
2025-09-08 09:00,2025-09-08,9,465
2025-09-08 10:00,2025-09-08,10,358
2025-09-08 11:00,2025-09-08,11,335
2025-09-08 12:00,2025-09-08,12,529
2025-09-08 13:00,2025-09-08,13,309
2025-09-08 14:00,2025-09-08,14,511
2025-09-08 15:00,2025-09-08,15,528
2025-09-08 16:00,2025-09-08,16,506
2025-09-08 17:00,2025-09-08,17,624
2025-09-08 18:00,2025-09-08,18,494
2025-09-08 19:00,2025-09-08,19,616
2025-09-08 20:00,2025-09-08,20,376
2025-09-08 21:00,2025-09-08,21,339
2025-09-08 22:00,2025-09-08,22,273
2025-09-08 23:00,2025-09-08,23,186
2025-09-09 00:00,2025-09-09,0,137
2025-09-09 01:00,2025-09-09,1,72
2025-09-09 02:00,2025-09-09,2,77
2025-09-09 03:00,2025-09-09,3,55
2025-09-09 04:00,2025-09-09,4,19
2025-09-09 05:00,2025-09-09,5,78
2025-09-09 06:00,2025-09-09,6,378
2025-09-09 07:00,2025-09-09,7,500
2025-09-09 08:00,2025-09-09,8,455
2025-09-09 09:00,2025-09-09,9,632
2025-09-09 10:00,2025-09-09,10,320
2025-09-09 11:00,2025-09-09,11,497
2025-09-09 12:00,2025-09-09,12,427
2025-09-09 13:00,2025-09-09,13,393
2025-09-09 14:00,2025-09-09,14,361
2025-09-09 15:00,2025-09-09,15,359
2025-09-09 16:00,2025-09-09,16,537
2025-09-09 17:00,2025-09-09,17,688
2025-09-09 18:00,2025-09-09,18,685
2025-09-09 19:00,2025-09-09,19,557
2025-09-09 20:00,2025-09-09,20,368
2025-09-09 21:00,2025-09-09,21,239
2025-09-09 22:00,2025-09-09,22,266
2025-09-09 23:00,2025-09-09,23,156
2025-09-10 00:00,2025-09-10,0,128
2025-09-10 01:00,2025-09-10,1,76
2025-09-10 02:00,2025-09-10,2,67
2025-09-10 03:00,2025-09-10,3,58
2025-09-10 04:00,2025-09-10,4,23
2025-09-10 05:00,2025-09-10,5,93
2025-09-10 06:00,2025-09-10,6,351
2025-09-10 07:00,2025-09-10,7,468
2025-09-10 08:00,2025-09-10,8,566
2025-09-10 09:00,2025-09-10,9,524
2025-09-10 10:00,2025-09-10,10,506
2025-09-10 11:00,2025-09-10,11,456
2025-09-10 12:00,2025-09-10,12,551
2025-09-10 13:00,2025-09-10,13,489
2025-09-10 14:00,2025-09-10,14,514
2025-09-10 15:00,2025-09-10,15,641
2025-09-10 16:00,2025-09-10,16,482
2025-09-10 17:00,2025-09-10,17,555
2025-09-10 18:00,2025-09-10,18,704
2025-09-10 19:00,2025-09-10,19,568
2025-09-10 20:00,2025-09-10,20,347
2025-09-10 21:00,2025-09-10,21,298
2025-09-10 22:00,2025-09-10,22,195
2025-09-10 23:00,2025-09-10,23,142
2025-09-11 00:00,2025-09-11,0,135
2025-09-11 01:00,2025-09-11,1,107
2025-09-11 02:00,2025-09-11,2,62
2025-09-11 03:00,2025-09-11,3,51
2025-09-11 04:00,2025-09-11,4,28
2025-09-11 05:00,2025-09-11,5,84
2025-09-11 06:00,2025-09-11,6,302
2025-09-11 07:00,2025-09-11,7,588
2025-09-11 08:00,2025-09-11,8,617
2025-09-11 09:00,2025-09-11,9,684
2025-09-11 10:00,2025-09-11,10,394
2025-09-11 11:00,2025-09-11,11,388
2025-09-11 12:00,2025-09-11,12,586
2025-09-11 13:00,2025-09-11,13,373
2025-09-11 14:00,2025-09-11,14,339
2025-09-11 15:00,2025-09-11,15,489
2025-09-11 16:00,2025-09-11,16,394
2025-09-11 17:00,2025-09-11,17,438
2025-09-11 18:00,2025-09-11,18,763
2025-09-11 19:00,2025-09-11,19,614
2025-09-11 20:00,2025-09-11,20,411
2025-09-11 21:00,2025-09-11,21,240
2025-09-11 22:00,2025-09-11,22,223
2025-09-11 23:00,2025-09-11,23,155
2025-09-12 00:00,2025-09-12,0,131
2025-09-12 01:00,2025-09-12,1,87
2025-09-12 02:00,2025-09-12,2,88
2025-09-12 03:00,2025-09-12,3,49
2025-09-12 04:00,2025-09-12,4,25
2025-09-12 05:00,2025-09-12,5,82
2025-09-12 06:00,2025-09-12,6,432
2025-09-12 07:00,2025-09-12,7,436
2025-09-12 08:00,2025-09-12,8,469
2025-09-12 09:00,2025-09-12,9,600
2025-09-12 10:00,2025-09-12,10,357
2025-09-12 11:00,2025-09-12,11,382
2025-09-12 12:00,2025-09-12,12,588
2025-09-12 13:00,2025-09-12,13,476
2025-09-12 14:00,2025-09-12,14,433
2025-09-12 15:00,2025-09-12,15,479
2025-09-12 16:00,2025-09-12,16,491
2025-09-12 17:00,2025-09-12,17,597
2025-09-12 18:00,2025-09-12,18,609
2025-09-12 19:00,2025-09-12,19,486
2025-09-12 20:00,2025-09-12,20,373
2025-09-12 21:00,2025-09-12,21,327
2025-09-12 22:00,2025-09-12,22,255
2025-09-12 23:00,2025-09-12,23,163
2025-09-13 00:00,2025-09-13,0,89
2025-09-13 01:00,2025-09-13,1,56
2025-09-13 02:00,2025-09-13,2,55
2025-09-13 03:00,2025-09-13,3,34
2025-09-13 04:00,2025-09-13,4,15
2025-09-13 05:00,2025-09-13,5,58
2025-09-13 06:00,2025-09-13,6,288
2025-09-13 07:00,2025-09-13,7,327
2025-09-13 08:00,2025-09-13,8,264
2025-09-13 09:00,2025-09-13,9,473
2025-09-13 10:00,2025-09-13,10,273
2025-09-13 11:00,2025-09-13,11,270
2025-09-13 12:00,2025-09-13,12,388
2025-09-13 13:00,2025-09-13,13,246
2025-09-13 14:00,2025-09-13,14,252
2025-09-13 15:00,2025-09-13,15,263
2025-09-13 16:00,2025-09-13,16,230
2025-09-13 17:00,2025-09-13,17,282
2025-09-13 18:00,2025-09-13,18,359
2025-09-13 19:00,2025-09-13,19,332
2025-09-13 20:00,2025-09-13,20,248
2025-09-13 21:00,2025-09-13,21,251
2025-09-13 22:00,2025-09-13,22,153
2025-09-13 23:00,2025-09-13,23,82
2025-09-14 00:00,2025-09-14,0,60
2025-09-14 01:00,2025-09-14,1,75
2025-09-14 02:00,2025-09-14,2,46
2025-09-14 03:00,2025-09-14,3,35
2025-09-14 04:00,2025-09-14,4,12
2025-09-14 05:00,2025-09-14,5,67
2025-09-14 06:00,2025-09-14,6,242
2025-09-14 07:00,2025-09-14,7,330
2025-09-14 08:00,2025-09-14,8,451
2025-09-14 09:00,2025-09-14,9,368
2025-09-14 10:00,2025-09-14,10,286
2025-09-14 11:00,2025-09-14,11,306
2025-09-14 12:00,2025-09-14,12,371
2025-09-14 13:00,2025-09-14,13,351
2025-09-14 14:00,2025-09-14,14,329
2025-09-14 15:00,2025-09-14,15,329
2025-09-14 16:00,2025-09-14,16,318
2025-09-14 17:00,2025-09-14,17,366
2025-09-14 18:00,2025-09-14,18,434
2025-09-14 19:00,2025-09-14,19,272
2025-09-14 20:00,2025-09-14,20,235
2025-09-14 21:00,2025-09-14,21,132
2025-09-14 22:00,2025-09-14,22,109
2025-09-14 23:00,2025-09-14,23,99
2025-09-15 00:00,2025-09-15,0,122
2025-09-15 01:00,2025-09-15,1,94
2025-09-15 02:00,2025-09-15,2,87
2025-09-15 03:00,2025-09-15,3,42
2025-09-15 04:00,2025-09-15,4,19
2025-09-15 05:00,2025-09-15,5,75
2025-09-15 06:00,2025-09-15,6,400
2025-09-15 07:00,2025-09-15,7,388
2025-09-15 08:00,2025-09-15,8,363
2025-09-15 09:00,2025-09-15,9,641
2025-09-15 10:00,2025-09-15,10,337
2025-09-15 11:00,2025-09-15,11,325
2025-09-15 12:00,2025-09-15,12,564
2025-09-15 13:00,2025-09-15,13,433
2025-09-15 14:00,2025-09-15,14,405
2025-09-15 15:00,2025-09-15,15,394
2025-09-15 16:00,2025-09-15,16,427
2025-09-15 17:00,2025-09-15,17,613
2025-09-15 18:00,2025-09-15,18,803
2025-09-15 19:00,2025-09-15,19,486
2025-09-15 20:00,2025-09-15,20,554
2025-09-15 21:00,2025-09-15,21,344
2025-09-15 22:00,2025-09-15,22,255
2025-09-15 23:00,2025-09-15,23,157
2025-09-16 00:00,2025-09-16,0,117
2025-09-16 01:00,2025-09-16,1,119
2025-09-16 02:00,2025-09-16,2,83
2025-09-16 03:00,2025-09-16,3,58
2025-09-16 04:00,2025-09-16,4,23
2025-09-16 05:00,2025-09-16,5,114
2025-09-16 06:00,2025-09-16,6,399
2025-09-16 07:00,2025-09-16,7,522
2025-09-16 08:00,2025-09-16,8,572
2025-09-16 09:00,2025-09-16,9,568
2025-09-16 10:00,2025-09-16,10,384
2025-09-16 11:00,2025-09-16,11,389
2025-09-16 12:00,2025-09-16,12,393
2025-09-16 13:00,2025-09-16,13,359
2025-09-16 14:00,2025-09-16,14,480
2025-09-16 15:00,2025-09-16,15,450
2025-09-16 16:00,2025-09-16,16,329
2025-09-16 17:00,2025-09-16,17,508
2025-09-16 18:00,2025-09-16,18,688
2025-09-16 19:00,2025-09-16,19,476
2025-09-16 20:00,2025-09-16,20,450
2025-09-16 21:00,2025-09-16,21,349
2025-09-16 22:00,2025-09-16,22,262
2025-09-16 23:00,2025-09-16,23,147
2025-09-17 00:00,2025-09-17,0,147
2025-09-17 01:00,2025-09-17,1,95
2025-09-17 02:00,2025-09-17,2,66
2025-09-17 03:00,2025-09-17,3,56
2025-09-17 04:00,2025-09-17,4,19
2025-09-17 05:00,2025-09-17,5,116
2025-09-17 06:00,2025-09-17,6,384
2025-09-17 07:00,2025-09-17,7,600
2025-09-17 08:00,2025-09-17,8,436
2025-09-17 09:00,2025-09-17,9,588
2025-09-17 10:00,2025-09-17,10,397
2025-09-17 11:00,2025-09-17,11,310
2025-09-17 12:00,2025-09-17,12,590
2025-09-17 13:00,2025-09-17,13,505
2025-09-17 14:00,2025-09-17,14,517
2025-09-17 15:00,2025-09-17,15,548
2025-09-17 16:00,2025-09-17,16,471
2025-09-17 17:00,2025-09-17,17,457
2025-09-17 18:00,2025-09-17,18,678
2025-09-17 19:00,2025-09-17,19,537
2025-09-17 20:00,2025-09-17,20,437
2025-09-17 21:00,2025-09-17,21,247
2025-09-17 22:00,2025-09-17,22,204
2025-09-17 23:00,2025-09-17,23,151
2025-09-18 00:00,2025-09-18,0,104
2025-09-18 01:00,2025-09-18,1,111
2025-09-18 02:00,2025-09-18,2,61
2025-09-18 03:00,2025-09-18,3,40
2025-09-18 04:00,2025-09-18,4,22
2025-09-18 05:00,2025-09-18,5,86
2025-09-18 06:00,2025-09-18,6,294
2025-09-18 07:00,2025-09-18,7,514
2025-09-18 08:00,2025-09-18,8,447
2025-09-18 09:00,2025-09-18,9,574
2025-09-18 10:00,2025-09-18,10,414
2025-09-18 11:00,2025-09-18,11,475
2025-09-18 12:00,2025-09-18,12,500
2025-09-18 13:00,2025-09-18,13,479
2025-09-18 14:00,2025-09-18,14,339
2025-09-18 15:00,2025-09-18,15,361
2025-09-18 16:00,2025-09-18,16,495
2025-09-18 17:00,2025-09-18,17,624
2025-09-18 18:00,2025-09-18,18,790
2025-09-18 19:00,2025-09-18,19,425
2025-09-18 20:00,2025-09-18,20,333
2025-09-18 21:00,2025-09-18,21,197
2025-09-18 22:00,2025-09-18,22,152
2025-09-18 23:00,2025-09-18,23,122
2025-09-19 00:00,2025-09-19,0,110
2025-09-19 01:00,2025-09-19,1,93
2025-09-19 02:00,2025-09-19,2,83
2025-09-19 03:00,2025-09-19,3,42
2025-09-19 04:00,2025-09-19,4,20
2025-09-19 05:00,2025-09-19,5,86
2025-09-19 06:00,2025-09-19,6,413
2025-09-19 07:00,2025-09-19,7,467
2025-09-19 08:00,2025-09-19,8,592
2025-09-19 09:00,2025-09-19,9,475
2025-09-19 10:00,2025-09-19,10,351
2025-09-19 11:00,2025-09-19,11,346
2025-09-19 12:00,2025-09-19,12,359
2025-09-19 13:00,2025-09-19,13,383
2025-09-19 14:00,2025-09-19,14,380
2025-09-19 15:00,2025-09-19,15,356
2025-09-19 16:00,2025-09-19,16,509
2025-09-19 17:00,2025-09-19,17,540
2025-09-19 18:00,2025-09-19,18,622
2025-09-19 19:00,2025-09-19,19,439
2025-09-19 20:00,2025-09-19,20,291
2025-09-19 21:00,2025-09-19,21,279
2025-09-19 22:00,2025-09-19,22,209
2025-09-19 23:00,2025-09-19,23,156
2025-09-20 00:00,2025-09-20,0,90
2025-09-20 01:00,2025-09-20,1,75
2025-09-20 02:00,2025-09-20,2,46
2025-09-20 03:00,2025-09-20,3,24
2025-09-20 04:00,2025-09-20,4,16
2025-09-20 05:00,2025-09-20,5,49
2025-09-20 06:00,2025-09-20,6,282
2025-09-20 07:00,2025-09-20,7,326
2025-09-20 08:00,2025-09-20,8,365
2025-09-20 09:00,2025-09-20,9,441
2025-09-20 10:00,2025-09-20,10,314
2025-09-20 11:00,2025-09-20,11,218
2025-09-20 12:00,2025-09-20,12,320
2025-09-20 13:00,2025-09-20,13,250
2025-09-20 14:00,2025-09-20,14,355
2025-09-20 15:00,2025-09-20,15,396
2025-09-20 16:00,2025-09-20,16,346
2025-09-20 17:00,2025-09-20,17,413
2025-09-20 18:00,2025-09-20,18,563
2025-09-20 19:00,2025-09-20,19,338
2025-09-20 20:00,2025-09-20,20,328
2025-09-20 21:00,2025-09-20,21,211
2025-09-20 22:00,2025-09-20,22,113
2025-09-20 23:00,2025-09-20,23,82
2025-09-21 00:00,2025-09-21,0,74
2025-09-21 01:00,2025-09-21,1,60
2025-09-21 02:00,2025-09-21,2,38
2025-09-21 03:00,2025-09-21,3,39
2025-09-21 04:00,2025-09-21,4,22
2025-09-21 05:00,2025-09-21,5,64
2025-09-21 06:00,2025-09-21,6,212
2025-09-21 07:00,2025-09-21,7,287
2025-09-21 08:00,2025-09-21,8,417
2025-09-21 09:00,2025-09-21,9,376
2025-09-21 10:00,2025-09-21,10,330
2025-09-21 11:00,2025-09-21,11,317
2025-09-21 12:00,2025-09-21,12,341
2025-09-21 13:00,2025-09-21,13,326
2025-09-21 14:00,2025-09-21,14,363
2025-09-21 15:00,2025-09-21,15,274
2025-09-21 16:00,2025-09-21,16,327
2025-09-21 17:00,2025-09-21,17,379
2025-09-21 18:00,2025-09-21,18,489
2025-09-21 19:00,2025-09-21,19,488
2025-09-21 20:00,2025-09-21,20,248
2025-09-21 21:00,2025-09-21,21,210
2025-09-21 22:00,2025-09-21,22,109
2025-09-21 23:00,2025-09-21,23,98
2025-09-22 00:00,2025-09-22,0,102
2025-09-22 01:00,2025-09-22,1,109
2025-09-22 02:00,2025-09-22,2,60
2025-09-22 03:00,2025-09-22,3,47
2025-09-22 04:00,2025-09-22,4,29
2025-09-22 05:00,2025-09-22,5,79
2025-09-22 06:00,2025-09-22,6,397
2025-09-22 07:00,2025-09-22,7,502
2025-09-22 08:00,2025-09-22,8,535
2025-09-22 09:00,2025-09-22,9,671
2025-09-22 10:00,2025-09-22,10,384
2025-09-22 11:00,2025-09-22,11,402
2025-09-22 12:00,2025-09-22,12,594
2025-09-22 13:00,2025-09-22,13,497
2025-09-22 14:00,2025-09-22,14,597
2025-09-22 15:00,2025-09-22,15,468
2025-09-22 16:00,2025-09-22,16,368
2025-09-22 17:00,2025-09-22,17,444
2025-09-22 18:00,2025-09-22,18,588
2025-09-22 19:00,2025-09-22,19,568
2025-09-22 20:00,2025-09-22,20,366
2025-09-22 21:00,2025-09-22,21,273
2025-09-22 22:00,2025-09-22,22,205
2025-09-22 23:00,2025-09-22,23,129
2025-09-23 00:00,2025-09-23,0,98
2025-09-23 01:00,2025-09-23,1,85
2025-09-23 02:00,2025-09-23,2,81
2025-09-23 03:00,2025-09-23,3,46
2025-09-23 04:00,2025-09-23,4,29
2025-09-23 05:00,2025-09-23,5,94
2025-09-23 06:00,2025-09-23,6,419
2025-09-23 07:00,2025-09-23,7,549
2025-09-23 08:00,2025-09-23,8,576
2025-09-23 09:00,2025-09-23,9,662
2025-09-23 10:00,2025-09-23,10,468
2025-09-23 11:00,2025-09-23,11,406
2025-09-23 12:00,2025-09-23,12,568
2025-09-23 13:00,2025-09-23,13,559
2025-09-23 14:00,2025-09-23,14,508
2025-09-23 15:00,2025-09-23,15,492
2025-09-23 16:00,2025-09-23,16,549
2025-09-23 17:00,2025-09-23,17,555
2025-09-23 18:00,2025-09-23,18,567
2025-09-23 19:00,2025-09-23,19,463
2025-09-23 20:00,2025-09-23,20,437
2025-09-23 21:00,2025-09-23,21,296
2025-09-23 22:00,2025-09-23,22,188
2025-09-23 23:00,2025-09-23,23,160
2025-09-24 00:00,2025-09-24,0,150
2025-09-24 01:00,2025-09-24,1,111
2025-09-24 02:00,2025-09-24,2,75
2025-09-24 03:00,2025-09-24,3,55
2025-09-24 04:00,2025-09-24,4,28
2025-09-24 05:00,2025-09-24,5,94
2025-09-24 06:00,2025-09-24,6,418
2025-09-24 07:00,2025-09-24,7,416
2025-09-24 08:00,2025-09-24,8,586
2025-09-24 09:00,2025-09-24,9,499
2025-09-24 10:00,2025-09-24,10,358
2025-09-24 11:00,2025-09-24,11,328
2025-09-24 12:00,2025-09-24,12,442
2025-09-24 13:00,2025-09-24,13,412
2025-09-24 14:00,2025-09-24,14,591
2025-09-24 15:00,2025-09-24,15,443
2025-09-24 16:00,2025-09-24,16,429
2025-09-24 17:00,2025-09-24,17,612
2025-09-24 18:00,2025-09-24,18,828
2025-09-24 19:00,2025-09-24,19,532
2025-09-24 20:00,2025-09-24,20,374
2025-09-24 21:00,2025-09-24,21,319
2025-09-24 22:00,2025-09-24,22,193
2025-09-24 23:00,2025-09-24,23,130
2025-09-25 00:00,2025-09-25,0,103
2025-09-25 01:00,2025-09-25,1,96
2025-09-25 02:00,2025-09-25,2,71
2025-09-25 03:00,2025-09-25,3,54
2025-09-25 04:00,2025-09-25,4,29
2025-09-25 05:00,2025-09-25,5,98
2025-09-25 06:00,2025-09-25,6,342
2025-09-25 07:00,2025-09-25,7,571
2025-09-25 08:00,2025-09-25,8,458
2025-09-25 09:00,2025-09-25,9,531
2025-09-25 10:00,2025-09-25,10,307
2025-09-25 11:00,2025-09-25,11,340
2025-09-25 12:00,2025-09-25,12,578
2025-09-25 13:00,2025-09-25,13,481
2025-09-25 14:00,2025-09-25,14,471
2025-09-25 15:00,2025-09-25,15,485
2025-09-25 16:00,2025-09-25,16,528
2025-09-25 17:00,2025-09-25,17,544
2025-09-25 18:00,2025-09-25,18,709
2025-09-25 19:00,2025-09-25,19,437
2025-09-25 20:00,2025-09-25,20,396
2025-09-25 21:00,2025-09-25,21,357
2025-09-25 22:00,2025-09-25,22,239
2025-09-25 23:00,2025-09-25,23,109
2025-09-26 00:00,2025-09-26,0,126
2025-09-26 01:00,2025-09-26,1,77
2025-09-26 02:00,2025-09-26,2,78
2025-09-26 03:00,2025-09-26,3,37
2025-09-26 04:00,2025-09-26,4,27
2025-09-26 05:00,2025-09-26,5,108
2025-09-26 06:00,2025-09-26,6,270
2025-09-26 07:00,2025-09-26,7,554
2025-09-26 08:00,2025-09-26,8,645
2025-09-26 09:00,2025-09-26,9,684
2025-09-26 10:00,2025-09-26,10,387
2025-09-26 11:00,2025-09-26,11,348
2025-09-26 12:00,2025-09-26,12,620
2025-09-26 13:00,2025-09-26,13,380
2025-09-26 14:00,2025-09-26,14,555
2025-09-26 15:00,2025-09-26,15,583
2025-09-26 16:00,2025-09-26,16,404
2025-09-26 17:00,2025-09-26,17,499
2025-09-26 18:00,2025-09-26,18,754
2025-09-26 19:00,2025-09-26,19,506
2025-09-26 20:00,2025-09-26,20,476
2025-09-26 21:00,2025-09-26,21,352
2025-09-26 22:00,2025-09-26,22,167
2025-09-26 23:00,2025-09-26,23,161
2025-09-27 00:00,2025-09-27,0,77
2025-09-27 01:00,2025-09-27,1,69
2025-09-27 02:00,2025-09-27,2,54
2025-09-27 03:00,2025-09-27,3,37
2025-09-27 04:00,2025-09-27,4,14
2025-09-27 05:00,2025-09-27,5,86
2025-09-27 06:00,2025-09-27,6,207
2025-09-27 07:00,2025-09-27,7,338
2025-09-27 08:00,2025-09-27,8,333
2025-09-27 09:00,2025-09-27,9,336
2025-09-27 10:00,2025-09-27,10,344
2025-09-27 11:00,2025-09-27,11,341
2025-09-27 12:00,2025-09-27,12,335
2025-09-27 13:00,2025-09-27,13,321
2025-09-27 14:00,2025-09-27,14,289
2025-09-27 15:00,2025-09-27,15,265
2025-09-27 16:00,2025-09-27,16,373
2025-09-27 17:00,2025-09-27,17,336
2025-09-27 18:00,2025-09-27,18,495
2025-09-27 19:00,2025-09-27,19,483
2025-09-27 20:00,2025-09-27,20,218
2025-09-27 21:00,2025-09-27,21,172
2025-09-27 22:00,2025-09-27,22,152
2025-09-27 23:00,2025-09-27,23,84
2025-09-28 00:00,2025-09-28,0,76
2025-09-28 01:00,2025-09-28,1,66
2025-09-28 02:00,2025-09-28,2,62
2025-09-28 03:00,2025-09-28,3,41
2025-09-28 04:00,2025-09-28,4,13
2025-09-28 05:00,2025-09-28,5,78
2025-09-28 06:00,2025-09-28,6,201
2025-09-28 07:00,2025-09-28,7,358
2025-09-28 08:00,2025-09-28,8,312
2025-09-28 09:00,2025-09-28,9,407
2025-09-28 10:00,2025-09-28,10,337
2025-09-28 11:00,2025-09-28,11,362
2025-09-28 12:00,2025-09-28,12,315
2025-09-28 13:00,2025-09-28,13,295
2025-09-28 14:00,2025-09-28,14,338
2025-09-28 15:00,2025-09-28,15,265
2025-09-28 16:00,2025-09-28,16,230
2025-09-28 17:00,2025-09-28,17,305
2025-09-28 18:00,2025-09-28,18,361
2025-09-28 19:00,2025-09-28,19,436
2025-09-28 20:00,2025-09-28,20,257
2025-09-28 21:00,2025-09-28,21,234
2025-09-28 22:00,2025-09-28,22,129
2025-09-28 23:00,2025-09-28,23,109
2025-09-29 00:00,2025-09-29,0,91
2025-09-29 01:00,2025-09-29,1,78
2025-09-29 02:00,2025-09-29,2,72
2025-09-29 03:00,2025-09-29,3,44
2025-09-29 04:00,2025-09-29,4,20
2025-09-29 05:00,2025-09-29,5,97
2025-09-29 06:00,2025-09-29,6,272
2025-09-29 07:00,2025-09-29,7,578
2025-09-29 08:00,2025-09-29,8,564
2025-09-29 09:00,2025-09-29,9,436
2025-09-29 10:00,2025-09-29,10,404
2025-09-29 11:00,2025-09-29,11,388
2025-09-29 12:00,2025-09-29,12,445
2025-09-29 13:00,2025-09-29,13,395
2025-09-29 14:00,2025-09-29,14,434
2025-09-29 15:00,2025-09-29,15,484
2025-09-29 16:00,2025-09-29,16,368
2025-09-29 17:00,2025-09-29,17,517
2025-09-29 18:00,2025-09-29,18,856
2025-09-29 19:00,2025-09-29,19,584
2025-09-29 20:00,2025-09-29,20,465
2025-09-29 21:00,2025-09-29,21,317
2025-09-29 22:00,2025-09-29,22,193
2025-09-29 23:00,2025-09-29,23,127
2025-09-30 00:00,2025-09-30,0,114
2025-09-30 01:00,2025-09-30,1,113
2025-09-30 02:00,2025-09-30,2,66
2025-09-30 03:00,2025-09-30,3,41
2025-09-30 04:00,2025-09-30,4,22
2025-09-30 05:00,2025-09-30,5,109
2025-09-30 06:00,2025-09-30,6,414
2025-09-30 07:00,2025-09-30,7,482
2025-09-30 08:00,2025-09-30,8,630
2025-09-30 09:00,2025-09-30,9,495
2025-09-30 10:00,2025-09-30,10,417
2025-09-30 11:00,2025-09-30,11,359
2025-09-30 12:00,2025-09-30,12,569
2025-09-30 13:00,2025-09-30,13,370
2025-09-30 14:00,2025-09-30,14,525
2025-09-30 15:00,2025-09-30,15,521
2025-09-30 16:00,2025-09-30,16,393
2025-09-30 17:00,2025-09-30,17,602
2025-09-30 18:00,2025-09-30,18,892
2025-09-30 19:00,2025-09-30,19,473
2025-09-30 20:00,2025-09-30,20,487
2025-09-30 21:00,2025-09-30,21,316
2025-09-30 22:00,2025-09-30,22,227
2025-09-30 23:00,2025-09-30,23,167
2025-10-01 00:00,2025-10-01,0,146
2025-10-01 01:00,2025-10-01,1,102
2025-10-01 02:00,2025-10-01,2,79
2025-10-01 03:00,2025-10-01,3,42
2025-10-01 04:00,2025-10-01,4,18
2025-10-01 05:00,2025-10-01,5,96
2025-10-01 06:00,2025-10-01,6,423
2025-10-01 07:00,2025-10-01,7,519
2025-10-01 08:00,2025-10-01,8,576
2025-10-01 09:00,2025-10-01,9,698
2025-10-01 10:00,2025-10-01,10,358
2025-10-01 11:00,2025-10-01,11,346
2025-10-01 12:00,2025-10-01,12,478
2025-10-01 13:00,2025-10-01,13,479
2025-10-01 14:00,2025-10-01,14,393
2025-10-01 15:00,2025-10-01,15,500
2025-10-01 16:00,2025-10-01,16,451
2025-10-01 17:00,2025-10-01,17,580
2025-10-01 18:00,2025-10-01,18,554
2025-10-01 19:00,2025-10-01,19,698
2025-10-01 20:00,2025-10-01,20,342
2025-10-01 21:00,2025-10-01,21,226
2025-10-01 22:00,2025-10-01,22,269
2025-10-01 23:00,2025-10-01,23,123
2025-10-02 00:00,2025-10-02,0,136
2025-10-02 01:00,2025-10-02,1,93
2025-10-02 02:00,2025-10-02,2,70
2025-10-02 03:00,2025-10-02,3,44
2025-10-02 04:00,2025-10-02,4,27
2025-10-02 05:00,2025-10-02,5,118
2025-10-02 06:00,2025-10-02,6,452
2025-10-02 07:00,2025-10-02,7,376
2025-10-02 08:00,2025-10-02,8,492
2025-10-02 09:00,2025-10-02,9,691
2025-10-02 10:00,2025-10-02,10,389
2025-10-02 11:00,2025-10-02,11,293
2025-10-02 12:00,2025-10-02,12,464
2025-10-02 13:00,2025-10-02,13,392
2025-10-02 14:00,2025-10-02,14,367
2025-10-02 15:00,2025-10-02,15,441
2025-10-02 16:00,2025-10-02,16,426
2025-10-02 17:00,2025-10-02,17,434
2025-10-02 18:00,2025-10-02,18,754
2025-10-02 19:00,2025-10-02,19,524
2025-10-02 20:00,2025-10-02,20,490
2025-10-02 21:00,2025-10-02,21,320
2025-10-02 22:00,2025-10-02,22,242
2025-10-02 23:00,2025-10-02,23,117
2025-10-03 00:00,2025-10-03,0,126
2025-10-03 01:00,2025-10-03,1,111
2025-10-03 02:00,2025-10-03,2,86
2025-10-03 03:00,2025-10-03,3,56
2025-10-03 04:00,2025-10-03,4,27
2025-10-03 05:00,2025-10-03,5,113
2025-10-03 06:00,2025-10-03,6,431
2025-10-03 07:00,2025-10-03,7,418
2025-10-03 08:00,2025-10-03,8,493
2025-10-03 09:00,2025-10-03,9,684
2025-10-03 10:00,2025-10-03,10,359
2025-10-03 11:00,2025-10-03,11,423
2025-10-03 12:00,2025-10-03,12,541
2025-10-03 13:00,2025-10-03,13,440
2025-10-03 14:00,2025-10-03,14,393
2025-10-03 15:00,2025-10-03,15,386
2025-10-03 16:00,2025-10-03,16,534
2025-10-03 17:00,2025-10-03,17,428
2025-10-03 18:00,2025-10-03,18,757
2025-10-03 19:00,2025-10-03,19,673
2025-10-03 20:00,2025-10-03,20,362
2025-10-03 21:00,2025-10-03,21,304
2025-10-03 22:00,2025-10-03,22,194
2025-10-03 23:00,2025-10-03,23,141
2025-10-04 00:00,2025-10-04,0,93
2025-10-04 01:00,2025-10-04,1,48
2025-10-04 02:00,2025-10-04,2,61
2025-10-04 03:00,2025-10-04,3,30
2025-10-04 04:00,2025-10-04,4,12
2025-10-04 05:00,2025-10-04,5,51
2025-10-04 06:00,2025-10-04,6,289
2025-10-04 07:00,2025-10-04,7,346
2025-10-04 08:00,2025-10-04,8,360
2025-10-04 09:00,2025-10-04,9,446
2025-10-04 10:00,2025-10-04,10,283
2025-10-04 11:00,2025-10-04,11,232
2025-10-04 12:00,2025-10-04,12,389
2025-10-04 13:00,2025-10-04,13,270
2025-10-04 14:00,2025-10-04,14,238
2025-10-04 15:00,2025-10-04,15,328
2025-10-04 16:00,2025-10-04,16,262
2025-10-04 17:00,2025-10-04,17,349
2025-10-04 18:00,2025-10-04,18,531
2025-10-04 19:00,2025-10-04,19,368
2025-10-04 20:00,2025-10-04,20,348
2025-10-04 21:00,2025-10-04,21,180
2025-10-04 22:00,2025-10-04,22,129
2025-10-04 23:00,2025-10-04,23,83
2025-10-05 00:00,2025-10-05,0,66
2025-10-05 01:00,2025-10-05,1,61
2025-10-05 02:00,2025-10-05,2,57
2025-10-05 03:00,2025-10-05,3,30
2025-10-05 04:00,2025-10-05,4,12
2025-10-05 05:00,2025-10-05,5,69
2025-10-05 06:00,2025-10-05,6,315
2025-10-05 07:00,2025-10-05,7,399
2025-10-05 08:00,2025-10-05,8,382
2025-10-05 09:00,2025-10-05,9,427
2025-10-05 10:00,2025-10-05,10,220
2025-10-05 11:00,2025-10-05,11,385
2025-10-05 12:00,2025-10-05,12,399
2025-10-05 13:00,2025-10-05,13,342
2025-10-05 14:00,2025-10-05,14,242
2025-10-05 15:00,2025-10-05,15,289
2025-10-05 16:00,2025-10-05,16,241
2025-10-05 17:00,2025-10-05,17,296
2025-10-05 18:00,2025-10-05,18,421
2025-10-05 19:00,2025-10-05,19,410
2025-10-05 20:00,2025-10-05,20,316
2025-10-05 21:00,2025-10-05,21,221
2025-10-05 22:00,2025-10-05,22,110
2025-10-05 23:00,2025-10-05,23,76
2025-10-06 00:00,2025-10-06,0,123
2025-10-06 01:00,2025-10-06,1,84
2025-10-06 02:00,2025-10-06,2,78
2025-10-06 03:00,2025-10-06,3,44
2025-10-06 04:00,2025-10-06,4,20
2025-10-06 05:00,2025-10-06,5,81
2025-10-06 06:00,2025-10-06,6,441
2025-10-06 07:00,2025-10-06,7,408
2025-10-06 08:00,2025-10-06,8,517
2025-10-06 09:00,2025-10-06,9,455
2025-10-06 10:00,2025-10-06,10,360
2025-10-06 11:00,2025-10-06,11,400
2025-10-06 12:00,2025-10-06,12,530
2025-10-06 13:00,2025-10-06,13,560
2025-10-06 14:00,2025-10-06,14,554
2025-10-06 15:00,2025-10-06,15,626
2025-10-06 16:00,2025-10-06,16,583
2025-10-06 17:00,2025-10-06,17,712
2025-10-06 18:00,2025-10-06,18,815
2025-10-06 19:00,2025-10-06,19,580
2025-10-06 20:00,2025-10-06,20,352
2025-10-06 21:00,2025-10-06,21,276
2025-10-06 22:00,2025-10-06,22,219
2025-10-06 23:00,2025-10-06,23,136
2025-10-07 00:00,2025-10-07,0,99
2025-10-07 01:00,2025-10-07,1,88
2025-10-07 02:00,2025-10-07,2,73
2025-10-07 03:00,2025-10-07,3,47
2025-10-07 04:00,2025-10-07,4,21
2025-10-07 05:00,2025-10-07,5,79
2025-10-07 06:00,2025-10-07,6,454
2025-10-07 07:00,2025-10-07,7,522
2025-10-07 08:00,2025-10-07,8,580
2025-10-07 09:00,2025-10-07,9,583
2025-10-07 10:00,2025-10-07,10,323
2025-10-07 11:00,2025-10-07,11,489
2025-10-07 12:00,2025-10-07,12,380
2025-10-07 13:00,2025-10-07,13,439
2025-10-07 14:00,2025-10-07,14,415
2025-10-07 15:00,2025-10-07,15,564
2025-10-07 16:00,2025-10-07,16,477
2025-10-07 17:00,2025-10-07,17,631
2025-10-07 18:00,2025-10-07,18,529
2025-10-07 19:00,2025-10-07,19,547
2025-10-07 20:00,2025-10-07,20,470
2025-10-07 21:00,2025-10-07,21,354
2025-10-07 22:00,2025-10-07,22,225
2025-10-07 23:00,2025-10-07,23,136
2025-10-08 00:00,2025-10-08,0,112
2025-10-08 01:00,2025-10-08,1,93
2025-10-08 02:00,2025-10-08,2,58
2025-10-08 03:00,2025-10-08,3,48
2025-10-08 04:00,2025-10-08,4,19
2025-10-08 05:00,2025-10-08,5,83
2025-10-08 06:00,2025-10-08,6,454
2025-10-08 07:00,2025-10-08,7,549
2025-10-08 08:00,2025-10-08,8,447
2025-10-08 09:00,2025-10-08,9,563
2025-10-08 10:00,2025-10-08,10,360
2025-10-08 11:00,2025-10-08,11,346
2025-10-08 12:00,2025-10-08,12,533
2025-10-08 13:00,2025-10-08,13,322
2025-10-08 14:00,2025-10-08,14,502
2025-10-08 15:00,2025-10-08,15,386
2025-10-08 16:00,2025-10-08,16,510
2025-10-08 17:00,2025-10-08,17,638
2025-10-08 18:00,2025-10-08,18,880
2025-10-08 19:00,2025-10-08,19,531
2025-10-08 20:00,2025-10-08,20,370
2025-10-08 21:00,2025-10-08,21,283
2025-10-08 22:00,2025-10-08,22,235
2025-10-08 23:00,2025-10-08,23,149
2025-10-09 00:00,2025-10-09,0,115
2025-10-09 01:00,2025-10-09,1,87
2025-10-09 02:00,2025-10-09,2,72
2025-10-09 03:00,2025-10-09,3,51
2025-10-09 04:00,2025-10-09,4,23
2025-10-09 05:00,2025-10-09,5,82
2025-10-09 06:00,2025-10-09,6,306
2025-10-09 07:00,2025-10-09,7,498
2025-10-09 08:00,2025-10-09,8,591
2025-10-09 09:00,2025-10-09,9,496
2025-10-09 10:00,2025-10-09,10,351
2025-10-09 11:00,2025-10-09,11,326
2025-10-09 12:00,2025-10-09,12,459
2025-10-09 13:00,2025-10-09,13,536
2025-10-09 14:00,2025-10-09,14,494
2025-10-09 15:00,2025-10-09,15,583
2025-10-09 16:00,2025-10-09,16,558
2025-10-09 17:00,2025-10-09,17,604
2025-10-09 18:00,2025-10-09,18,599
2025-10-09 19:00,2025-10-09,19,577
2025-10-09 20:00,2025-10-09,20,370
2025-10-09 21:00,2025-10-09,21,329
2025-10-09 22:00,2025-10-09,22,264
2025-10-09 23:00,2025-10-09,23,110
2025-10-10 00:00,2025-10-10,0,126
2025-10-10 01:00,2025-10-10,1,96
2025-10-10 02:00,2025-10-10,2,88
2025-10-10 03:00,2025-10-10,3,43
2025-10-10 04:00,2025-10-10,4,23
2025-10-10 05:00,2025-10-10,5,112
2025-10-10 06:00,2025-10-10,6,316
2025-10-10 07:00,2025-10-10,7,472
2025-10-10 08:00,2025-10-10,8,653
2025-10-10 09:00,2025-10-10,9,704
2025-10-10 10:00,2025-10-10,10,507
2025-10-10 11:00,2025-10-10,11,443
2025-10-10 12:00,2025-10-10,12,478
2025-10-10 13:00,2025-10-10,13,439
2025-10-10 14:00,2025-10-10,14,340
2025-10-10 15:00,2025-10-10,15,489
2025-10-10 16:00,2025-10-10,16,506
2025-10-10 17:00,2025-10-10,17,466
2025-10-10 18:00,2025-10-10,18,586
2025-10-10 19:00,2025-10-10,19,462
2025-10-10 20:00,2025-10-10,20,510
2025-10-10 21:00,2025-10-10,21,347
2025-10-10 22:00,2025-10-10,22,198
2025-10-10 23:00,2025-10-10,23,138
2025-10-11 00:00,2025-10-11,0,84
2025-10-11 01:00,2025-10-11,1,75
2025-10-11 02:00,2025-10-11,2,40
2025-10-11 03:00,2025-10-11,3,39
2025-10-11 04:00,2025-10-11,4,17
2025-10-11 05:00,2025-10-11,5,72
2025-10-11 06:00,2025-10-11,6,229
2025-10-11 07:00,2025-10-11,7,413
2025-10-11 08:00,2025-10-11,8,308
2025-10-11 09:00,2025-10-11,9,372
2025-10-11 10:00,2025-10-11,10,204
2025-10-11 11:00,2025-10-11,11,337
2025-10-11 12:00,2025-10-11,12,348
2025-10-11 13:00,2025-10-11,13,226
2025-10-11 14:00,2025-10-11,14,372
2025-10-11 15:00,2025-10-11,15,325
2025-10-11 16:00,2025-10-11,16,216
2025-10-11 17:00,2025-10-11,17,307
2025-10-11 18:00,2025-10-11,18,549
2025-10-11 19:00,2025-10-11,19,325
2025-10-11 20:00,2025-10-11,20,226
2025-10-11 21:00,2025-10-11,21,248
2025-10-11 22:00,2025-10-11,22,119
2025-10-11 23:00,2025-10-11,23,83
2025-10-12 00:00,2025-10-12,0,83
2025-10-12 01:00,2025-10-12,1,69
2025-10-12 02:00,2025-10-12,2,36
2025-10-12 03:00,2025-10-12,3,38
2025-10-12 04:00,2025-10-12,4,16
2025-10-12 05:00,2025-10-12,5,52
2025-10-12 06:00,2025-10-12,6,189
2025-10-12 07:00,2025-10-12,7,330
2025-10-12 08:00,2025-10-12,8,431
2025-10-12 09:00,2025-10-12,9,401
2025-10-12 10:00,2025-10-12,10,292
2025-10-12 11:00,2025-10-12,11,199
2025-10-12 12:00,2025-10-12,12,243
2025-10-12 13:00,2025-10-12,13,333
2025-10-12 14:00,2025-10-12,14,369
2025-10-12 15:00,2025-10-12,15,263
2025-10-12 16:00,2025-10-12,16,267
2025-10-12 17:00,2025-10-12,17,351
2025-10-12 18:00,2025-10-12,18,612
2025-10-12 19:00,2025-10-12,19,362
2025-10-12 20:00,2025-10-12,20,275
2025-10-12 21:00,2025-10-12,21,241
2025-10-12 22:00,2025-10-12,22,114
2025-10-12 23:00,2025-10-12,23,101
2025-10-13 00:00,2025-10-13,0,93
2025-10-13 01:00,2025-10-13,1,89
2025-10-13 02:00,2025-10-13,2,75
2025-10-13 03:00,2025-10-13,3,46
2025-10-13 04:00,2025-10-13,4,18
2025-10-13 05:00,2025-10-13,5,75
2025-10-13 06:00,2025-10-13,6,396
2025-10-13 07:00,2025-10-13,7,388
2025-10-13 08:00,2025-10-13,8,559
2025-10-13 09:00,2025-10-13,9,679
2025-10-13 10:00,2025-10-13,10,402
2025-10-13 11:00,2025-10-13,11,395
2025-10-13 12:00,2025-10-13,12,418
2025-10-13 13:00,2025-10-13,13,384
2025-10-13 14:00,2025-10-13,14,382
2025-10-13 15:00,2025-10-13,15,477
2025-10-13 16:00,2025-10-13,16,461
2025-10-13 17:00,2025-10-13,17,598
2025-10-13 18:00,2025-10-13,18,584
2025-10-13 19:00,2025-10-13,19,643
2025-10-13 20:00,2025-10-13,20,327
2025-10-13 21:00,2025-10-13,21,277
2025-10-13 22:00,2025-10-13,22,223
2025-10-13 23:00,2025-10-13,23,125
2025-10-14 00:00,2025-10-14,0,143
2025-10-14 01:00,2025-10-14,1,78
2025-10-14 02:00,2025-10-14,2,56
2025-10-14 03:00,2025-10-14,3,46
2025-10-14 04:00,2025-10-14,4,19
2025-10-14 05:00,2025-10-14,5,101
2025-10-14 06:00,2025-10-14,6,347
2025-10-14 07:00,2025-10-14,7,538
2025-10-14 08:00,2025-10-14,8,525
2025-10-14 09:00,2025-10-14,9,555
2025-10-14 10:00,2025-10-14,10,318
2025-10-14 11:00,2025-10-14,11,302
2025-10-14 12:00,2025-10-14,12,439
2025-10-14 13:00,2025-10-14,13,326
2025-10-14 14:00,2025-10-14,14,427
2025-10-14 15:00,2025-10-14,15,523
2025-10-14 16:00,2025-10-14,16,344
2025-10-14 17:00,2025-10-14,17,440
2025-10-14 18:00,2025-10-14,18,775
2025-10-14 19:00,2025-10-14,19,508
2025-10-14 20:00,2025-10-14,20,480
2025-10-14 21:00,2025-10-14,21,304
2025-10-14 22:00,2025-10-14,22,215
2025-10-14 23:00,2025-10-14,23,141
2025-10-15 00:00,2025-10-15,0,91
2025-10-15 01:00,2025-10-15,1,107
2025-10-15 02:00,2025-10-15,2,79
2025-10-15 03:00,2025-10-15,3,39
2025-10-15 04:00,2025-10-15,4,21
2025-10-15 05:00,2025-10-15,5,112
2025-10-15 06:00,2025-10-15,6,360
2025-10-15 07:00,2025-10-15,7,381
2025-10-15 08:00,2025-10-15,8,452
2025-10-15 09:00,2025-10-15,9,547
2025-10-15 10:00,2025-10-15,10,475
2025-10-15 11:00,2025-10-15,11,461
2025-10-15 12:00,2025-10-15,12,411
2025-10-15 13:00,2025-10-15,13,468
2025-10-15 14:00,2025-10-15,14,416
2025-10-15 15:00,2025-10-15,15,424
2025-10-15 16:00,2025-10-15,16,574
2025-10-15 17:00,2025-10-15,17,691
2025-10-15 18:00,2025-10-15,18,721
2025-10-15 19:00,2025-10-15,19,616
2025-10-15 20:00,2025-10-15,20,449
2025-10-15 21:00,2025-10-15,21,245
2025-10-15 22:00,2025-10-15,22,170
2025-10-15 23:00,2025-10-15,23,173
2025-10-16 00:00,2025-10-16,0,113
2025-10-16 01:00,2025-10-16,1,93
2025-10-16 02:00,2025-10-16,2,85
2025-10-16 03:00,2025-10-16,3,36
2025-10-16 04:00,2025-10-16,4,24
2025-10-16 05:00,2025-10-16,5,119
2025-10-16 06:00,2025-10-16,6,304
2025-10-16 07:00,2025-10-16,7,568
2025-10-16 08:00,2025-10-16,8,625
2025-10-16 09:00,2025-10-16,9,444
2025-10-16 10:00,2025-10-16,10,342
2025-10-16 11:00,2025-10-16,11,351
2025-10-16 12:00,2025-10-16,12,440
2025-10-16 13:00,2025-10-16,13,485
2025-10-16 14:00,2025-10-16,14,408
2025-10-16 15:00,2025-10-16,15,452
2025-10-16 16:00,2025-10-16,16,534
2025-10-16 17:00,2025-10-16,17,419
2025-10-16 18:00,2025-10-16,18,889
2025-10-16 19:00,2025-10-16,19,468
2025-10-16 20:00,2025-10-16,20,410
2025-10-16 21:00,2025-10-16,21,341
2025-10-16 22:00,2025-10-16,22,163
2025-10-16 23:00,2025-10-16,23,138
2025-10-17 00:00,2025-10-17,0,128
2025-10-17 01:00,2025-10-17,1,96
2025-10-17 02:00,2025-10-17,2,88
2025-10-17 03:00,2025-10-17,3,41
2025-10-17 04:00,2025-10-17,4,28
2025-10-17 05:00,2025-10-17,5,121
2025-10-17 06:00,2025-10-17,6,396
2025-10-17 07:00,2025-10-17,7,464
2025-10-17 08:00,2025-10-17,8,586
2025-10-17 09:00,2025-10-17,9,597
2025-10-17 10:00,2025-10-17,10,370
2025-10-17 11:00,2025-10-17,11,537
2025-10-17 12:00,2025-10-17,12,420
2025-10-17 13:00,2025-10-17,13,371
2025-10-17 14:00,2025-10-17,14,477
2025-10-17 15:00,2025-10-17,15,564
2025-10-17 16:00,2025-10-17,16,516
2025-10-17 17:00,2025-10-17,17,585
2025-10-17 18:00,2025-10-17,18,572
2025-10-17 19:00,2025-10-17,19,478
2025-10-17 20:00,2025-10-17,20,529
2025-10-17 21:00,2025-10-17,21,317
2025-10-17 22:00,2025-10-17,22,184
2025-10-17 23:00,2025-10-17,23,136
2025-10-18 00:00,2025-10-18,0,102
2025-10-18 01:00,2025-10-18,1,65
2025-10-18 02:00,2025-10-18,2,41
2025-10-18 03:00,2025-10-18,3,41
2025-10-18 04:00,2025-10-18,4,17
2025-10-18 05:00,2025-10-18,5,74
2025-10-18 06:00,2025-10-18,6,314
2025-10-18 07:00,2025-10-18,7,322
2025-10-18 08:00,2025-10-18,8,399
2025-10-18 09:00,2025-10-18,9,341
2025-10-18 10:00,2025-10-18,10,251
2025-10-18 11:00,2025-10-18,11,244
2025-10-18 12:00,2025-10-18,12,287
2025-10-18 13:00,2025-10-18,13,312
2025-10-18 14:00,2025-10-18,14,246
2025-10-18 15:00,2025-10-18,15,393
2025-10-18 16:00,2025-10-18,16,341
2025-10-18 17:00,2025-10-18,17,324
2025-10-18 18:00,2025-10-18,18,547
2025-10-18 19:00,2025-10-18,19,404
2025-10-18 20:00,2025-10-18,20,260
2025-10-18 21:00,2025-10-18,21,220
2025-10-18 22:00,2025-10-18,22,162
2025-10-18 23:00,2025-10-18,23,111
2025-10-19 00:00,2025-10-19,0,63
2025-10-19 01:00,2025-10-19,1,70
2025-10-19 02:00,2025-10-19,2,45
2025-10-19 03:00,2025-10-19,3,36
2025-10-19 04:00,2025-10-19,4,19
2025-10-19 05:00,2025-10-19,5,74
2025-10-19 06:00,2025-10-19,6,301
2025-10-19 07:00,2025-10-19,7,292
2025-10-19 08:00,2025-10-19,8,411
2025-10-19 09:00,2025-10-19,9,357
2025-10-19 10:00,2025-10-19,10,294
2025-10-19 11:00,2025-10-19,11,340
2025-10-19 12:00,2025-10-19,12,258
2025-10-19 13:00,2025-10-19,13,316
2025-10-19 14:00,2025-10-19,14,357
2025-10-19 15:00,2025-10-19,15,232
2025-10-19 16:00,2025-10-19,16,331
2025-10-19 17:00,2025-10-19,17,349
2025-10-19 18:00,2025-10-19,18,513
2025-10-19 19:00,2025-10-19,19,384
2025-10-19 20:00,2025-10-19,20,353
2025-10-19 21:00,2025-10-19,21,159
2025-10-19 22:00,2025-10-19,22,123
2025-10-19 23:00,2025-10-19,23,107
2025-10-20 00:00,2025-10-20,0,120
2025-10-20 01:00,2025-10-20,1,115
2025-10-20 02:00,2025-10-20,2,73
2025-10-20 03:00,2025-10-20,3,49
2025-10-20 04:00,2025-10-20,4,27
2025-10-20 05:00,2025-10-20,5,92
2025-10-20 06:00,2025-10-20,6,280
2025-10-20 07:00,2025-10-20,7,623
2025-10-20 08:00,2025-10-20,8,662
2025-10-20 09:00,2025-10-20,9,497
2025-10-20 10:00,2025-10-20,10,388
2025-10-20 11:00,2025-10-20,11,439
2025-10-20 12:00,2025-10-20,12,654
2025-10-20 13:00,2025-10-20,13,396
2025-10-20 14:00,2025-10-20,14,467
2025-10-20 15:00,2025-10-20,15,548
2025-10-20 16:00,2025-10-20,16,486
2025-10-20 17:00,2025-10-20,17,650
2025-10-20 18:00,2025-10-20,18,556
2025-10-20 19:00,2025-10-20,19,475
2025-10-20 20:00,2025-10-20,20,461
2025-10-20 21:00,2025-10-20,21,231
2025-10-20 22:00,2025-10-20,22,212
2025-10-20 23:00,2025-10-20,23,171
2025-10-21 00:00,2025-10-21,0,101
2025-10-21 01:00,2025-10-21,1,102
2025-10-21 02:00,2025-10-21,2,87
2025-10-21 03:00,2025-10-21,3,53
2025-10-21 04:00,2025-10-21,4,20
2025-10-21 05:00,2025-10-21,5,107
2025-10-21 06:00,2025-10-21,6,427
2025-10-21 07:00,2025-10-21,7,590
2025-10-21 08:00,2025-10-21,8,557
2025-10-21 09:00,2025-10-21,9,721
2025-10-21 10:00,2025-10-21,10,427
2025-10-21 11:00,2025-10-21,11,332
2025-10-21 12:00,2025-10-21,12,412
2025-10-21 13:00,2025-10-21,13,449
2025-10-21 14:00,2025-10-21,14,330
2025-10-21 15:00,2025-10-21,15,450
2025-10-21 16:00,2025-10-21,16,329
2025-10-21 17:00,2025-10-21,17,479
2025-10-21 18:00,2025-10-21,18,817
2025-10-21 19:00,2025-10-21,19,478
2025-10-21 20:00,2025-10-21,20,491
2025-10-21 21:00,2025-10-21,21,257
2025-10-21 22:00,2025-10-21,22,220
2025-10-21 23:00,2025-10-21,23,139
2025-10-22 00:00,2025-10-22,0,120
2025-10-22 01:00,2025-10-22,1,117
2025-10-22 02:00,2025-10-22,2,61
2025-10-22 03:00,2025-10-22,3,47
2025-10-22 04:00,2025-10-22,4,20
2025-10-22 05:00,2025-10-22,5,104
2025-10-22 06:00,2025-10-22,6,372
2025-10-22 07:00,2025-10-22,7,613
2025-10-22 08:00,2025-10-22,8,608
2025-10-22 09:00,2025-10-22,9,532
2025-10-22 10:00,2025-10-22,10,498
2025-10-22 11:00,2025-10-22,11,447
2025-10-22 12:00,2025-10-22,12,382
2025-10-22 13:00,2025-10-22,13,407
2025-10-22 14:00,2025-10-22,14,456
2025-10-22 15:00,2025-10-22,15,408
2025-10-22 16:00,2025-10-22,16,488
2025-10-22 17:00,2025-10-22,17,655
2025-10-22 18:00,2025-10-22,18,585
2025-10-22 19:00,2025-10-22,19,450
2025-10-22 20:00,2025-10-22,20,358
2025-10-22 21:00,2025-10-22,21,323
2025-10-22 22:00,2025-10-22,22,237
2025-10-22 23:00,2025-10-22,23,166
2025-10-23 00:00,2025-10-23,0,123
2025-10-23 01:00,2025-10-23,1,94
2025-10-23 02:00,2025-10-23,2,83
2025-10-23 03:00,2025-10-23,3,39
2025-10-23 04:00,2025-10-23,4,24
2025-10-23 05:00,2025-10-23,5,112
2025-10-23 06:00,2025-10-23,6,382
2025-10-23 07:00,2025-10-23,7,592
2025-10-23 08:00,2025-10-23,8,522
2025-10-23 09:00,2025-10-23,9,624
2025-10-23 10:00,2025-10-23,10,506
2025-10-23 11:00,2025-10-23,11,527
2025-10-23 12:00,2025-10-23,12,467
2025-10-23 13:00,2025-10-23,13,582
2025-10-23 14:00,2025-10-23,14,517
2025-10-23 15:00,2025-10-23,15,535
2025-10-23 16:00,2025-10-23,16,433
2025-10-23 17:00,2025-10-23,17,506
2025-10-23 18:00,2025-10-23,18,783
2025-10-23 19:00,2025-10-23,19,571
2025-10-23 20:00,2025-10-23,20,475
2025-10-23 21:00,2025-10-23,21,255
2025-10-23 22:00,2025-10-23,22,233
2025-10-23 23:00,2025-10-23,23,172
2025-10-24 00:00,2025-10-24,0,122
2025-10-24 01:00,2025-10-24,1,86
2025-10-24 02:00,2025-10-24,2,63
2025-10-24 03:00,2025-10-24,3,49
2025-10-24 04:00,2025-10-24,4,21
2025-10-24 05:00,2025-10-24,5,118
2025-10-24 06:00,2025-10-24,6,283
2025-10-24 07:00,2025-10-24,7,427
2025-10-24 08:00,2025-10-24,8,405
2025-10-24 09:00,2025-10-24,9,656
2025-10-24 10:00,2025-10-24,10,368
2025-10-24 11:00,2025-10-24,11,343
2025-10-24 12:00,2025-10-24,12,399
2025-10-24 13:00,2025-10-24,13,506
2025-10-24 14:00,2025-10-24,14,594
2025-10-24 15:00,2025-10-24,15,449
2025-10-24 16:00,2025-10-24,16,463
2025-10-24 17:00,2025-10-24,17,635
2025-10-24 18:00,2025-10-24,18,892
2025-10-24 19:00,2025-10-24,19,717
2025-10-24 20:00,2025-10-24,20,412
2025-10-24 21:00,2025-10-24,21,300
2025-10-24 22:00,2025-10-24,22,216
2025-10-24 23:00,2025-10-24,23,178
2025-10-25 00:00,2025-10-25,0,95
2025-10-25 01:00,2025-10-25,1,64
2025-10-25 02:00,2025-10-25,2,38
2025-10-25 03:00,2025-10-25,3,35
2025-10-25 04:00,2025-10-25,4,18
2025-10-25 05:00,2025-10-25,5,55
2025-10-25 06:00,2025-10-25,6,231
2025-10-25 07:00,2025-10-25,7,268
2025-10-25 08:00,2025-10-25,8,376
2025-10-25 09:00,2025-10-25,9,391
2025-10-25 10:00,2025-10-25,10,232
2025-10-25 11:00,2025-10-25,11,286
2025-10-25 12:00,2025-10-25,12,413
2025-10-25 13:00,2025-10-25,13,277
2025-10-25 14:00,2025-10-25,14,300
2025-10-25 15:00,2025-10-25,15,430
2025-10-25 16:00,2025-10-25,16,308
2025-10-25 17:00,2025-10-25,17,501
2025-10-25 18:00,2025-10-25,18,543
2025-10-25 19:00,2025-10-25,19,450
2025-10-25 20:00,2025-10-25,20,289
2025-10-25 21:00,2025-10-25,21,183
2025-10-25 22:00,2025-10-25,22,183
2025-10-25 23:00,2025-10-25,23,114
2025-10-26 00:00,2025-10-26,0,60
2025-10-26 01:00,2025-10-26,1,83
2025-10-26 02:00,2025-10-26,2,43
2025-10-26 03:00,2025-10-26,3,37
2025-10-26 04:00,2025-10-26,4,17
2025-10-26 05:00,2025-10-26,5,56
2025-10-26 06:00,2025-10-26,6,180
2025-10-26 07:00,2025-10-26,7,370
2025-10-26 08:00,2025-10-26,8,353
2025-10-26 09:00,2025-10-26,9,426
2025-10-26 10:00,2025-10-26,10,257
2025-10-26 11:00,2025-10-26,11,344
2025-10-26 12:00,2025-10-26,12,274
2025-10-26 13:00,2025-10-26,13,267
2025-10-26 14:00,2025-10-26,14,361
2025-10-26 15:00,2025-10-26,15,337
2025-10-26 16:00,2025-10-26,16,255
2025-10-26 17:00,2025-10-26,17,368
2025-10-26 18:00,2025-10-26,18,556
2025-10-26 19:00,2025-10-26,19,504
2025-10-26 20:00,2025-10-26,20,270
2025-10-26 21:00,2025-10-26,21,251
2025-10-26 22:00,2025-10-26,22,143
2025-10-26 23:00,2025-10-26,23,83
2025-10-27 00:00,2025-10-27,0,98
2025-10-27 01:00,2025-10-27,1,86
2025-10-27 02:00,2025-10-27,2,81
2025-10-27 03:00,2025-10-27,3,57
2025-10-27 04:00,2025-10-27,4,18
2025-10-27 05:00,2025-10-27,5,111
2025-10-27 06:00,2025-10-27,6,371
2025-10-27 07:00,2025-10-27,7,441
2025-10-27 08:00,2025-10-27,8,549
2025-10-27 09:00,2025-10-27,9,492
2025-10-27 10:00,2025-10-27,10,493
2025-10-27 11:00,2025-10-27,11,495
2025-10-27 12:00,2025-10-27,12,526
2025-10-27 13:00,2025-10-27,13,434
2025-10-27 14:00,2025-10-27,14,444
2025-10-27 15:00,2025-10-27,15,409
2025-10-27 16:00,2025-10-27,16,397
2025-10-27 17:00,2025-10-27,17,708
2025-10-27 18:00,2025-10-27,18,860
2025-10-27 19:00,2025-10-27,19,489
2025-10-27 20:00,2025-10-27,20,360
2025-10-27 21:00,2025-10-27,21,236
2025-10-27 22:00,2025-10-27,22,192
2025-10-27 23:00,2025-10-27,23,133
2025-10-28 00:00,2025-10-28,0,99
2025-10-28 01:00,2025-10-28,1,118
2025-10-28 02:00,2025-10-28,2,65
2025-10-28 03:00,2025-10-28,3,43
2025-10-28 04:00,2025-10-28,4,27
2025-10-28 05:00,2025-10-28,5,102
2025-10-28 06:00,2025-10-28,6,391
2025-10-28 07:00,2025-10-28,7,425
2025-10-28 08:00,2025-10-28,8,681
2025-10-28 09:00,2025-10-28,9,573
2025-10-28 10:00,2025-10-28,10,490
2025-10-28 11:00,2025-10-28,11,456
2025-10-28 12:00,2025-10-28,12,401
2025-10-28 13:00,2025-10-28,13,475
2025-10-28 14:00,2025-10-28,14,556
2025-10-28 15:00,2025-10-28,15,515
2025-10-28 16:00,2025-10-28,16,420
2025-10-28 17:00,2025-10-28,17,453
2025-10-28 18:00,2025-10-28,18,743
2025-10-28 19:00,2025-10-28,19,483
2025-10-28 20:00,2025-10-28,20,334
2025-10-28 21:00,2025-10-28,21,343
2025-10-28 22:00,2025-10-28,22,226
2025-10-28 23:00,2025-10-28,23,117
2025-10-29 00:00,2025-10-29,0,99
2025-10-29 01:00,2025-10-29,1,98
2025-10-29 02:00,2025-10-29,2,84
2025-10-29 03:00,2025-10-29,3,45
2025-10-29 04:00,2025-10-29,4,18
2025-10-29 05:00,2025-10-29,5,80
2025-10-29 06:00,2025-10-29,6,272
2025-10-29 07:00,2025-10-29,7,411
2025-10-29 08:00,2025-10-29,8,450
2025-10-29 09:00,2025-10-29,9,607
2025-10-29 10:00,2025-10-29,10,400
2025-10-29 11:00,2025-10-29,11,508
2025-10-29 12:00,2025-10-29,12,403
2025-10-29 13:00,2025-10-29,13,343
2025-10-29 14:00,2025-10-29,14,385
2025-10-29 15:00,2025-10-29,15,529
2025-10-29 16:00,2025-10-29,16,376
2025-10-29 17:00,2025-10-29,17,463
2025-10-29 18:00,2025-10-29,18,806
2025-10-29 19:00,2025-10-29,19,678
2025-10-29 20:00,2025-10-29,20,466
2025-10-29 21:00,2025-10-29,21,273
2025-10-29 22:00,2025-10-29,22,167
2025-10-29 23:00,2025-10-29,23,110
2025-10-30 00:00,2025-10-30,0,142
2025-10-30 01:00,2025-10-30,1,112
2025-10-30 02:00,2025-10-30,2,85
2025-10-30 03:00,2025-10-30,3,42
2025-10-30 04:00,2025-10-30,4,24
2025-10-30 05:00,2025-10-30,5,117
2025-10-30 06:00,2025-10-30,6,310
2025-10-30 07:00,2025-10-30,7,456
2025-10-30 08:00,2025-10-30,8,497
2025-10-30 09:00,2025-10-30,9,476
2025-10-30 10:00,2025-10-30,10,485
2025-10-30 11:00,2025-10-30,11,487
2025-10-30 12:00,2025-10-30,12,459
2025-10-30 13:00,2025-10-30,13,560
2025-10-30 14:00,2025-10-30,14,390
2025-10-30 15:00,2025-10-30,15,582
2025-10-30 16:00,2025-10-30,16,394
2025-10-30 17:00,2025-10-30,17,468
2025-10-30 18:00,2025-10-30,18,738
2025-10-30 19:00,2025-10-30,19,587
2025-10-30 20:00,2025-10-30,20,366
2025-10-30 21:00,2025-10-30,21,318
2025-10-30 22:00,2025-10-30,22,236
2025-10-30 23:00,2025-10-30,23,122
2025-10-31 00:00,2025-10-31,0,130
2025-10-31 01:00,2025-10-31,1,72
2025-10-31 02:00,2025-10-31,2,86
2025-10-31 03:00,2025-10-31,3,57
2025-10-31 04:00,2025-10-31,4,24
2025-10-31 05:00,2025-10-31,5,79
2025-10-31 06:00,2025-10-31,6,449
2025-10-31 07:00,2025-10-31,7,516
2025-10-31 08:00,2025-10-31,8,571
2025-10-31 09:00,2025-10-31,9,600
2025-10-31 10:00,2025-10-31,10,431
2025-10-31 11:00,2025-10-31,11,482
2025-10-31 12:00,2025-10-31,12,538
2025-10-31 13:00,2025-10-31,13,412
2025-10-31 14:00,2025-10-31,14,374
2025-10-31 15:00,2025-10-31,15,480
2025-10-31 16:00,2025-10-31,16,589
2025-10-31 17:00,2025-10-31,17,563
2025-10-31 18:00,2025-10-31,18,608
2025-10-31 19:00,2025-10-31,19,491
2025-10-31 20:00,2025-10-31,20,368
2025-10-31 21:00,2025-10-31,21,257
2025-10-31 22:00,2025-10-31,22,234
2025-10-31 23:00,2025-10-31,23,137
2025-11-01 00:00,2025-11-01,0,83
2025-11-01 01:00,2025-11-01,1,59
2025-11-01 02:00,2025-11-01,2,46
2025-11-01 03:00,2025-11-01,3,21
2025-11-01 04:00,2025-11-01,4,13
2025-11-01 05:00,2025-11-01,5,50
2025-11-01 06:00,2025-11-01,6,181
2025-11-01 07:00,2025-11-01,7,235
2025-11-01 08:00,2025-11-01,8,214
2025-11-01 09:00,2025-11-01,9,358
2025-11-01 10:00,2025-11-01,10,264
2025-11-01 11:00,2025-11-01,11,278
2025-11-01 12:00,2025-11-01,12,359
2025-11-01 13:00,2025-11-01,13,263
2025-11-01 14:00,2025-11-01,14,195
2025-11-01 15:00,2025-11-01,15,303
2025-11-01 16:00,2025-11-01,16,237
2025-11-01 17:00,2025-11-01,17,356
2025-11-01 18:00,2025-11-01,18,518
2025-11-01 19:00,2025-11-01,19,400
2025-11-01 20:00,2025-11-01,20,246
2025-11-01 21:00,2025-11-01,21,158
2025-11-01 22:00,2025-11-01,22,147
2025-11-01 23:00,2025-11-01,23,60
2025-11-02 00:00,2025-11-02,0,77
2025-11-02 01:00,2025-11-02,1,51
2025-11-02 02:00,2025-11-02,2,46
2025-11-02 03:00,2025-11-02,3,31
2025-11-02 04:00,2025-11-02,4,14
2025-11-02 05:00,2025-11-02,5,43
2025-11-02 06:00,2025-11-02,6,194
2025-11-02 07:00,2025-11-02,7,328
2025-11-02 08:00,2025-11-02,8,270
2025-11-02 09:00,2025-11-02,9,361
2025-11-02 10:00,2025-11-02,10,193
2025-11-02 11:00,2025-11-02,11,261
2025-11-02 12:00,2025-11-02,12,249
2025-11-02 13:00,2025-11-02,13,265
2025-11-02 14:00,2025-11-02,14,314
2025-11-02 15:00,2025-11-02,15,271
2025-11-02 16:00,2025-11-02,16,257
2025-11-02 17:00,2025-11-02,17,312
2025-11-02 18:00,2025-11-02,18,465
2025-11-02 19:00,2025-11-02,19,423
2025-11-02 20:00,2025-11-02,20,301
2025-11-02 21:00,2025-11-02,21,158
2025-11-02 22:00,2025-11-02,22,109
2025-11-02 23:00,2025-11-02,23,66
2025-11-03 00:00,2025-11-03,0,109
2025-11-03 01:00,2025-11-03,1,86
2025-11-03 02:00,2025-11-03,2,77
2025-11-03 03:00,2025-11-03,3,36
2025-11-03 04:00,2025-11-03,4,25
2025-11-03 05:00,2025-11-03,5,119
2025-11-03 06:00,2025-11-03,6,352
2025-11-03 07:00,2025-11-03,7,571
2025-11-03 08:00,2025-11-03,8,411
2025-11-03 09:00,2025-11-03,9,524
2025-11-03 10:00,2025-11-03,10,335
2025-11-03 11:00,2025-11-03,11,374
2025-11-03 12:00,2025-11-03,12,529
2025-11-03 13:00,2025-11-03,13,476
2025-11-03 14:00,2025-11-03,14,404
2025-11-03 15:00,2025-11-03,15,515
2025-11-03 16:00,2025-11-03,16,438
2025-11-03 17:00,2025-11-03,17,538
2025-11-03 18:00,2025-11-03,18,649
2025-11-03 19:00,2025-11-03,19,635
2025-11-03 20:00,2025-11-03,20,451
2025-11-03 21:00,2025-11-03,21,255
2025-11-03 22:00,2025-11-03,22,271
2025-11-03 23:00,2025-11-03,23,147
2025-11-04 00:00,2025-11-04,0,104
2025-11-04 01:00,2025-11-04,1,120
2025-11-04 02:00,2025-11-04,2,87
2025-11-04 03:00,2025-11-04,3,40
2025-11-04 04:00,2025-11-04,4,28
2025-11-04 05:00,2025-11-04,5,120
2025-11-04 06:00,2025-11-04,6,415
2025-11-04 07:00,2025-11-04,7,501
2025-11-04 08:00,2025-11-04,8,440
2025-11-04 09:00,2025-11-04,9,702
2025-11-04 10:00,2025-11-04,10,415
2025-11-04 11:00,2025-11-04,11,486
2025-11-04 12:00,2025-11-04,12,580
2025-11-04 13:00,2025-11-04,13,419
2025-11-04 14:00,2025-11-04,14,405
2025-11-04 15:00,2025-11-04,15,614
2025-11-04 16:00,2025-11-04,16,387
2025-11-04 17:00,2025-11-04,17,709
2025-11-04 18:00,2025-11-04,18,865
2025-11-04 19:00,2025-11-04,19,511
2025-11-04 20:00,2025-11-04,20,496
2025-11-04 21:00,2025-11-04,21,342
2025-11-04 22:00,2025-11-04,22,171
2025-11-04 23:00,2025-11-04,23,144
2025-11-05 00:00,2025-11-05,0,129
2025-11-05 01:00,2025-11-05,1,85
2025-11-05 02:00,2025-11-05,2,79
2025-11-05 03:00,2025-11-05,3,50
2025-11-05 04:00,2025-11-05,4,29
2025-11-05 05:00,2025-11-05,5,79
2025-11-05 06:00,2025-11-05,6,419
2025-11-05 07:00,2025-11-05,7,428
2025-11-05 08:00,2025-11-05,8,654
2025-11-05 09:00,2025-11-05,9,652
2025-11-05 10:00,2025-11-05,10,444
2025-11-05 11:00,2025-11-05,11,476
2025-11-05 12:00,2025-11-05,12,557
2025-11-05 13:00,2025-11-05,13,505
2025-11-05 14:00,2025-11-05,14,598
2025-11-05 15:00,2025-11-05,15,567
2025-11-05 16:00,2025-11-05,16,552
2025-11-05 17:00,2025-11-05,17,596
2025-11-05 18:00,2025-11-05,18,865
2025-11-05 19:00,2025-11-05,19,437
2025-11-05 20:00,2025-11-05,20,358
2025-11-05 21:00,2025-11-05,21,258
2025-11-05 22:00,2025-11-05,22,180
2025-11-05 23:00,2025-11-05,23,156
2025-11-06 00:00,2025-11-06,0,96
2025-11-06 01:00,2025-11-06,1,101
2025-11-06 02:00,2025-11-06,2,79
2025-11-06 03:00,2025-11-06,3,42
2025-11-06 04:00,2025-11-06,4,25
2025-11-06 05:00,2025-11-06,5,81
2025-11-06 06:00,2025-11-06,6,330
2025-11-06 07:00,2025-11-06,7,648
2025-11-06 08:00,2025-11-06,8,825
2025-11-06 09:00,2025-11-06,9,539
2025-11-06 10:00,2025-11-06,10,415
2025-11-06 11:00,2025-11-06,11,553
2025-11-06 12:00,2025-11-06,12,622
2025-11-06 13:00,2025-11-06,13,433
2025-11-06 14:00,2025-11-06,14,500
2025-11-06 15:00,2025-11-06,15,649
2025-11-06 16:00,2025-11-06,16,469
2025-11-06 17:00,2025-11-06,17,627
2025-11-06 18:00,2025-11-06,18,910
2025-11-06 19:00,2025-11-06,19,697
2025-11-06 20:00,2025-11-06,20,501
2025-11-06 21:00,2025-11-06,21,325
2025-11-06 22:00,2025-11-06,22,237
2025-11-06 23:00,2025-11-06,23,135
2025-11-07 00:00,2025-11-07,0,104
2025-11-07 01:00,2025-11-07,1,72
2025-11-07 02:00,2025-11-07,2,76
2025-11-07 03:00,2025-11-07,3,43
2025-11-07 04:00,2025-11-07,4,22
2025-11-07 05:00,2025-11-07,5,110
2025-11-07 06:00,2025-11-07,6,276
2025-11-07 07:00,2025-11-07,7,510
2025-11-07 08:00,2025-11-07,8,418
2025-11-07 09:00,2025-11-07,9,702
2025-11-07 10:00,2025-11-07,10,436
2025-11-07 11:00,2025-11-07,11,435
2025-11-07 12:00,2025-11-07,12,642
2025-11-07 13:00,2025-11-07,13,372
2025-11-07 14:00,2025-11-07,14,510
2025-11-07 15:00,2025-11-07,15,582
2025-11-07 16:00,2025-11-07,16,559
2025-11-07 17:00,2025-11-07,17,612
2025-11-07 18:00,2025-11-07,18,687
2025-11-07 19:00,2025-11-07,19,486
2025-11-07 20:00,2025-11-07,20,437
2025-11-07 21:00,2025-11-07,21,304
2025-11-07 22:00,2025-11-07,22,224
2025-11-07 23:00,2025-11-07,23,174
2025-11-08 00:00,2025-11-08,0,94
2025-11-08 01:00,2025-11-08,1,61
2025-11-08 02:00,2025-11-08,2,39
2025-11-08 03:00,2025-11-08,3,45
2025-11-08 04:00,2025-11-08,4,15
2025-11-08 05:00,2025-11-08,5,54
2025-11-08 06:00,2025-11-08,6,237
2025-11-08 07:00,2025-11-08,7,336
2025-11-08 08:00,2025-11-08,8,462
2025-11-08 09:00,2025-11-08,9,495
2025-11-08 10:00,2025-11-08,10,297
2025-11-08 11:00,2025-11-08,11,366
2025-11-08 12:00,2025-11-08,12,454
2025-11-08 13:00,2025-11-08,13,319
2025-11-08 14:00,2025-11-08,14,298
2025-11-08 15:00,2025-11-08,15,422
2025-11-08 16:00,2025-11-08,16,292
2025-11-08 17:00,2025-11-08,17,404
2025-11-08 18:00,2025-11-08,18,361
2025-11-08 19:00,2025-11-08,19,318
2025-11-08 20:00,2025-11-08,20,368
2025-11-08 21:00,2025-11-08,21,213
2025-11-08 22:00,2025-11-08,22,142
2025-11-08 23:00,2025-11-08,23,113
2025-11-09 00:00,2025-11-09,0,65
2025-11-09 01:00,2025-11-09,1,75
2025-11-09 02:00,2025-11-09,2,63
2025-11-09 03:00,2025-11-09,3,36
2025-11-09 04:00,2025-11-09,4,18
2025-11-09 05:00,2025-11-09,5,58
2025-11-09 06:00,2025-11-09,6,213
2025-11-09 07:00,2025-11-09,7,336
2025-11-09 08:00,2025-11-09,8,386
2025-11-09 09:00,2025-11-09,9,371
2025-11-09 10:00,2025-11-09,10,310
2025-11-09 11:00,2025-11-09,11,272
2025-11-09 12:00,2025-11-09,12,357
2025-11-09 13:00,2025-11-09,13,328
2025-11-09 14:00,2025-11-09,14,262
2025-11-09 15:00,2025-11-09,15,272
2025-11-09 16:00,2025-11-09,16,330
2025-11-09 17:00,2025-11-09,17,311
2025-11-09 18:00,2025-11-09,18,469
2025-11-09 19:00,2025-11-09,19,430
2025-11-09 20:00,2025-11-09,20,314
2025-11-09 21:00,2025-11-09,21,187
2025-11-09 22:00,2025-11-09,22,118
2025-11-09 23:00,2025-11-09,23,99
2025-11-10 00:00,2025-11-10,0,97
2025-11-10 01:00,2025-11-10,1,120
2025-11-10 02:00,2025-11-10,2,88
2025-11-10 03:00,2025-11-10,3,45
2025-11-10 04:00,2025-11-10,4,22
2025-11-10 05:00,2025-11-10,5,91
2025-11-10 06:00,2025-11-10,6,468
2025-11-10 07:00,2025-11-10,7,381
2025-11-10 08:00,2025-11-10,8,453
2025-11-10 09:00,2025-11-10,9,698
2025-11-10 10:00,2025-11-10,10,402
2025-11-10 11:00,2025-11-10,11,470
2025-11-10 12:00,2025-11-10,12,484
2025-11-10 13:00,2025-11-10,13,424
2025-11-10 14:00,2025-11-10,14,500
2025-11-10 15:00,2025-11-10,15,384
2025-11-10 16:00,2025-11-10,16,360
2025-11-10 17:00,2025-11-10,17,554
2025-11-10 18:00,2025-11-10,18,651
2025-11-10 19:00,2025-11-10,19,604
2025-11-10 20:00,2025-11-10,20,478
2025-11-10 21:00,2025-11-10,21,247
2025-11-10 22:00,2025-11-10,22,222
2025-11-10 23:00,2025-11-10,23,131
2025-11-11 00:00,2025-11-11,0,108
2025-11-11 01:00,2025-11-11,1,93
2025-11-11 02:00,2025-11-11,2,73
2025-11-11 03:00,2025-11-11,3,41
2025-11-11 04:00,2025-11-11,4,20
2025-11-11 05:00,2025-11-11,5,95
2025-11-11 06:00,2025-11-11,6,265
2025-11-11 07:00,2025-11-11,7,433
2025-11-11 08:00,2025-11-11,8,418
2025-11-11 09:00,2025-11-11,9,430
2025-11-11 10:00,2025-11-11,10,304
2025-11-11 11:00,2025-11-11,11,307
2025-11-11 12:00,2025-11-11,12,481
2025-11-11 13:00,2025-11-11,13,404
2025-11-11 14:00,2025-11-11,14,310
2025-11-11 15:00,2025-11-11,15,447
2025-11-11 16:00,2025-11-11,16,422
2025-11-11 17:00,2025-11-11,17,465
2025-11-11 18:00,2025-11-11,18,452
2025-11-11 19:00,2025-11-11,19,554
2025-11-11 20:00,2025-11-11,20,317
2025-11-11 21:00,2025-11-11,21,256
2025-11-11 22:00,2025-11-11,22,146
2025-11-11 23:00,2025-11-11,23,126
2025-11-12 00:00,2025-11-12,0,88
2025-11-12 01:00,2025-11-12,1,81
2025-11-12 02:00,2025-11-12,2,45
2025-11-12 03:00,2025-11-12,3,32
2025-11-12 04:00,2025-11-12,4,22
2025-11-12 05:00,2025-11-12,5,67
2025-11-12 06:00,2025-11-12,6,294
2025-11-12 07:00,2025-11-12,7,429
2025-11-12 08:00,2025-11-12,8,521
2025-11-12 09:00,2025-11-12,9,434
2025-11-12 10:00,2025-11-12,10,385
2025-11-12 11:00,2025-11-12,11,381
2025-11-12 12:00,2025-11-12,12,461
2025-11-12 13:00,2025-11-12,13,323
2025-11-12 14:00,2025-11-12,14,366
2025-11-12 15:00,2025-11-12,15,326
2025-11-12 16:00,2025-11-12,16,402
2025-11-12 17:00,2025-11-12,17,484
2025-11-12 18:00,2025-11-12,18,694
2025-11-12 19:00,2025-11-12,19,532
2025-11-12 20:00,2025-11-12,20,336
2025-11-12 21:00,2025-11-12,21,194
2025-11-12 22:00,2025-11-12,22,209
2025-11-12 23:00,2025-11-12,23,97
2025-11-13 00:00,2025-11-13,0,107
2025-11-13 01:00,2025-11-13,1,110
2025-11-13 02:00,2025-11-13,2,63
2025-11-13 03:00,2025-11-13,3,45
2025-11-13 04:00,2025-11-13,4,18
2025-11-13 05:00,2025-11-13,5,80
2025-11-13 06:00,2025-11-13,6,374
2025-11-13 07:00,2025-11-13,7,417
2025-11-13 08:00,2025-11-13,8,458
2025-11-13 09:00,2025-11-13,9,635
2025-11-13 10:00,2025-11-13,10,443
2025-11-13 11:00,2025-11-13,11,502
2025-11-13 12:00,2025-11-13,12,592
2025-11-13 13:00,2025-11-13,13,369
2025-11-13 14:00,2025-11-13,14,459
2025-11-13 15:00,2025-11-13,15,614
2025-11-13 16:00,2025-11-13,16,571
2025-11-13 17:00,2025-11-13,17,673
2025-11-13 18:00,2025-11-13,18,568
2025-11-13 19:00,2025-11-13,19,565
2025-11-13 20:00,2025-11-13,20,497
2025-11-13 21:00,2025-11-13,21,308
2025-11-13 22:00,2025-11-13,22,206
2025-11-13 23:00,2025-11-13,23,159
2025-11-14 00:00,2025-11-14,0,91
2025-11-14 01:00,2025-11-14,1,106
2025-11-14 02:00,2025-11-14,2,55
2025-11-14 03:00,2025-11-14,3,36
2025-11-14 04:00,2025-11-14,4,28
2025-11-14 05:00,2025-11-14,5,110
2025-11-14 06:00,2025-11-14,6,392
2025-11-14 07:00,2025-11-14,7,598
2025-11-14 08:00,2025-11-14,8,634
2025-11-14 09:00,2025-11-14,9,501
2025-11-14 10:00,2025-11-14,10,369
2025-11-14 11:00,2025-11-14,11,381
2025-11-14 12:00,2025-11-14,12,555
2025-11-14 13:00,2025-11-14,13,458
2025-11-14 14:00,2025-11-14,14,516
2025-11-14 15:00,2025-11-14,15,517
2025-11-14 16:00,2025-11-14,16,418
2025-11-14 17:00,2025-11-14,17,737
2025-11-14 18:00,2025-11-14,18,720
2025-11-14 19:00,2025-11-14,19,607
2025-11-14 20:00,2025-11-14,20,439
2025-11-14 21:00,2025-11-14,21,288
2025-11-14 22:00,2025-11-14,22,163
2025-11-14 23:00,2025-11-14,23,138
2025-11-15 00:00,2025-11-15,0,76
2025-11-15 01:00,2025-11-15,1,56
2025-11-15 02:00,2025-11-15,2,50
2025-11-15 03:00,2025-11-15,3,37
2025-11-15 04:00,2025-11-15,4,19
2025-11-15 05:00,2025-11-15,5,53
2025-11-15 06:00,2025-11-15,6,227
2025-11-15 07:00,2025-11-15,7,331
2025-11-15 08:00,2025-11-15,8,266
2025-11-15 09:00,2025-11-15,9,456
2025-11-15 10:00,2025-11-15,10,277
2025-11-15 11:00,2025-11-15,11,376
2025-11-15 12:00,2025-11-15,12,326
2025-11-15 13:00,2025-11-15,13,304
2025-11-15 14:00,2025-11-15,14,360
2025-11-15 15:00,2025-11-15,15,434
2025-11-15 16:00,2025-11-15,16,370
2025-11-15 17:00,2025-11-15,17,302
2025-11-15 18:00,2025-11-15,18,390
2025-11-15 19:00,2025-11-15,19,375
2025-11-15 20:00,2025-11-15,20,376
2025-11-15 21:00,2025-11-15,21,191
2025-11-15 22:00,2025-11-15,22,189
2025-11-15 23:00,2025-11-15,23,99
2025-11-16 00:00,2025-11-16,0,95
2025-11-16 01:00,2025-11-16,1,58
2025-11-16 02:00,2025-11-16,2,62
2025-11-16 03:00,2025-11-16,3,30
2025-11-16 04:00,2025-11-16,4,15
2025-11-16 05:00,2025-11-16,5,77
2025-11-16 06:00,2025-11-16,6,281
2025-11-16 07:00,2025-11-16,7,328
2025-11-16 08:00,2025-11-16,8,266
2025-11-16 09:00,2025-11-16,9,295
2025-11-16 10:00,2025-11-16,10,206
2025-11-16 11:00,2025-11-16,11,327
2025-11-16 12:00,2025-11-16,12,443
2025-11-16 13:00,2025-11-16,13,351
2025-11-16 14:00,2025-11-16,14,308
2025-11-16 15:00,2025-11-16,15,296
2025-11-16 16:00,2025-11-16,16,381
2025-11-16 17:00,2025-11-16,17,408
2025-11-16 18:00,2025-11-16,18,502
2025-11-16 19:00,2025-11-16,19,462
2025-11-16 20:00,2025-11-16,20,295
2025-11-16 21:00,2025-11-16,21,216
2025-11-16 22:00,2025-11-16,22,146
2025-11-16 23:00,2025-11-16,23,87
2025-11-17 00:00,2025-11-17,0,103
2025-11-17 01:00,2025-11-17,1,80
2025-11-17 02:00,2025-11-17,2,69
2025-11-17 03:00,2025-11-17,3,59
2025-11-17 04:00,2025-11-17,4,21
2025-11-17 05:00,2025-11-17,5,99
2025-11-17 06:00,2025-11-17,6,294
2025-11-17 07:00,2025-11-17,7,584
2025-11-17 08:00,2025-11-17,8,587
2025-11-17 09:00,2025-11-17,9,516
2025-11-17 10:00,2025-11-17,10,396
2025-11-17 11:00,2025-11-17,11,367
2025-11-17 12:00,2025-11-17,12,553
2025-11-17 13:00,2025-11-17,13,509
2025-11-17 14:00,2025-11-17,14,526
2025-11-17 15:00,2025-11-17,15,492
2025-11-17 16:00,2025-11-17,16,536
2025-11-17 17:00,2025-11-17,17,701
2025-11-17 18:00,2025-11-17,18,752
2025-11-17 19:00,2025-11-17,19,460
2025-11-17 20:00,2025-11-17,20,426
2025-11-17 21:00,2025-11-17,21,232
2025-11-17 22:00,2025-11-17,22,251
2025-11-17 23:00,2025-11-17,23,147
2025-11-18 00:00,2025-11-18,0,135
2025-11-18 01:00,2025-11-18,1,113
2025-11-18 02:00,2025-11-18,2,82
2025-11-18 03:00,2025-11-18,3,47
2025-11-18 04:00,2025-11-18,4,19
2025-11-18 05:00,2025-11-18,5,98
2025-11-18 06:00,2025-11-18,6,316
2025-11-18 07:00,2025-11-18,7,612
2025-11-18 08:00,2025-11-18,8,539
2025-11-18 09:00,2025-11-18,9,704
2025-11-18 10:00,2025-11-18,10,489
2025-11-18 11:00,2025-11-18,11,399
2025-11-18 12:00,2025-11-18,12,421
2025-11-18 13:00,2025-11-18,13,543
2025-11-18 14:00,2025-11-18,14,430
2025-11-18 15:00,2025-11-18,15,567
2025-11-18 16:00,2025-11-18,16,569
2025-11-18 17:00,2025-11-18,17,724
2025-11-18 18:00,2025-11-18,18,567
2025-11-18 19:00,2025-11-18,19,600
2025-11-18 20:00,2025-11-18,20,512
2025-11-18 21:00,2025-11-18,21,239
2025-11-18 22:00,2025-11-18,22,214
2025-11-18 23:00,2025-11-18,23,137
2025-11-19 00:00,2025-11-19,0,104
2025-11-19 01:00,2025-11-19,1,86
2025-11-19 02:00,2025-11-19,2,77
2025-11-19 03:00,2025-11-19,3,62
2025-11-19 04:00,2025-11-19,4,21
2025-11-19 05:00,2025-11-19,5,99
2025-11-19 06:00,2025-11-19,6,429
2025-11-19 07:00,2025-11-19,7,619
2025-11-19 08:00,2025-11-19,8,475
2025-11-19 09:00,2025-11-19,9,639
2025-11-19 10:00,2025-11-19,10,367
2025-11-19 11:00,2025-11-19,11,464
2025-11-19 12:00,2025-11-19,12,492
2025-11-19 13:00,2025-11-19,13,469
2025-11-19 14:00,2025-11-19,14,579
2025-11-19 15:00,2025-11-19,15,580
2025-11-19 16:00,2025-11-19,16,594
2025-11-19 17:00,2025-11-19,17,580
2025-11-19 18:00,2025-11-19,18,621
2025-11-19 19:00,2025-11-19,19,709
2025-11-19 20:00,2025-11-19,20,592
2025-11-19 21:00,2025-11-19,21,293
2025-11-19 22:00,2025-11-19,22,259
2025-11-19 23:00,2025-11-19,23,149
2025-11-20 00:00,2025-11-20,0,147
2025-11-20 01:00,2025-11-20,1,79
2025-11-20 02:00,2025-11-20,2,58
2025-11-20 03:00,2025-11-20,3,43
2025-11-20 04:00,2025-11-20,4,19
2025-11-20 05:00,2025-11-20,5,84
2025-11-20 06:00,2025-11-20,6,312
2025-11-20 07:00,2025-11-20,7,476
2025-11-20 08:00,2025-11-20,8,681
2025-11-20 09:00,2025-11-20,9,639
2025-11-20 10:00,2025-11-20,10,404
2025-11-20 11:00,2025-11-20,11,549
2025-11-20 12:00,2025-11-20,12,640
2025-11-20 13:00,2025-11-20,13,362
2025-11-20 14:00,2025-11-20,14,469
2025-11-20 15:00,2025-11-20,15,457
2025-11-20 16:00,2025-11-20,16,441
2025-11-20 17:00,2025-11-20,17,662
2025-11-20 18:00,2025-11-20,18,725
2025-11-20 19:00,2025-11-20,19,589
2025-11-20 20:00,2025-11-20,20,522
2025-11-20 21:00,2025-11-20,21,303
2025-11-20 22:00,2025-11-20,22,184
2025-11-20 23:00,2025-11-20,23,169
2025-11-21 00:00,2025-11-21,0,120
2025-11-21 01:00,2025-11-21,1,101
2025-11-21 02:00,2025-11-21,2,67
2025-11-21 03:00,2025-11-21,3,55
2025-11-21 04:00,2025-11-21,4,29
2025-11-21 05:00,2025-11-21,5,108
2025-11-21 06:00,2025-11-21,6,472
2025-11-21 07:00,2025-11-21,7,524
2025-11-21 08:00,2025-11-21,8,480
2025-11-21 09:00,2025-11-21,9,650
2025-11-21 10:00,2025-11-21,10,330
2025-11-21 11:00,2025-11-21,11,484
2025-11-21 12:00,2025-11-21,12,548
2025-11-21 13:00,2025-11-21,13,393
2025-11-21 14:00,2025-11-21,14,439
2025-11-21 15:00,2025-11-21,15,493
2025-11-21 16:00,2025-11-21,16,446
2025-11-21 17:00,2025-11-21,17,754
2025-11-21 18:00,2025-11-21,18,686
2025-11-21 19:00,2025-11-21,19,541
2025-11-21 20:00,2025-11-21,20,425
2025-11-21 21:00,2025-11-21,21,294
2025-11-21 22:00,2025-11-21,22,192
2025-11-21 23:00,2025-11-21,23,140
2025-11-22 00:00,2025-11-22,0,82
2025-11-22 01:00,2025-11-22,1,52
2025-11-22 02:00,2025-11-22,2,60
2025-11-22 03:00,2025-11-22,3,33
2025-11-22 04:00,2025-11-22,4,20
2025-11-22 05:00,2025-11-22,5,81
2025-11-22 06:00,2025-11-22,6,292
2025-11-22 07:00,2025-11-22,7,388
2025-11-22 08:00,2025-11-22,8,357
2025-11-22 09:00,2025-11-22,9,480
2025-11-22 10:00,2025-11-22,10,283
2025-11-22 11:00,2025-11-22,11,275
2025-11-22 12:00,2025-11-22,12,371
2025-11-22 13:00,2025-11-22,13,293
2025-11-22 14:00,2025-11-22,14,395
2025-11-22 15:00,2025-11-22,15,426
2025-11-22 16:00,2025-11-22,16,291
2025-11-22 17:00,2025-11-22,17,403
2025-11-22 18:00,2025-11-22,18,572
2025-11-22 19:00,2025-11-22,19,317
2025-11-22 20:00,2025-11-22,20,227
2025-11-22 21:00,2025-11-22,21,176
2025-11-22 22:00,2025-11-22,22,131
2025-11-22 23:00,2025-11-22,23,88
2025-11-23 00:00,2025-11-23,0,63
2025-11-23 01:00,2025-11-23,1,72
2025-11-23 02:00,2025-11-23,2,50
2025-11-23 03:00,2025-11-23,3,36
2025-11-23 04:00,2025-11-23,4,21
2025-11-23 05:00,2025-11-23,5,52
2025-11-23 06:00,2025-11-23,6,274
2025-11-23 07:00,2025-11-23,7,375
2025-11-23 08:00,2025-11-23,8,427
2025-11-23 09:00,2025-11-23,9,488
2025-11-23 10:00,2025-11-23,10,299
2025-11-23 11:00,2025-11-23,11,381
2025-11-23 12:00,2025-11-23,12,323
2025-11-23 13:00,2025-11-23,13,319
2025-11-23 14:00,2025-11-23,14,307
2025-11-23 15:00,2025-11-23,15,410
2025-11-23 16:00,2025-11-23,16,394
2025-11-23 17:00,2025-11-23,17,354
2025-11-23 18:00,2025-11-23,18,583
2025-11-23 19:00,2025-11-23,19,466
2025-11-23 20:00,2025-11-23,20,373
2025-11-23 21:00,2025-11-23,21,234
2025-11-23 22:00,2025-11-23,22,181
2025-11-23 23:00,2025-11-23,23,82
2025-11-24 00:00,2025-11-24,0,118
2025-11-24 01:00,2025-11-24,1,90
2025-11-24 02:00,2025-11-24,2,56
2025-11-24 03:00,2025-11-24,3,61
2025-11-24 04:00,2025-11-24,4,25
2025-11-24 05:00,2025-11-24,5,101
2025-11-24 06:00,2025-11-24,6,393
2025-11-24 07:00,2025-11-24,7,448
2025-11-24 08:00,2025-11-24,8,493
2025-11-24 09:00,2025-11-24,9,656
2025-11-24 10:00,2025-11-24,10,378
2025-11-24 11:00,2025-11-24,11,382
2025-11-24 12:00,2025-11-24,12,550
2025-11-24 13:00,2025-11-24,13,408
2025-11-24 14:00,2025-11-24,14,525
2025-11-24 15:00,2025-11-24,15,526
2025-11-24 16:00,2025-11-24,16,482
2025-11-24 17:00,2025-11-24,17,523
2025-11-24 18:00,2025-11-24,18,693
2025-11-24 19:00,2025-11-24,19,650
2025-11-24 20:00,2025-11-24,20,425
2025-11-24 21:00,2025-11-24,21,348
2025-11-24 22:00,2025-11-24,22,245
2025-11-24 23:00,2025-11-24,23,135
2025-11-25 00:00,2025-11-25,0,129
2025-11-25 01:00,2025-11-25,1,106
2025-11-25 02:00,2025-11-25,2,92
2025-11-25 03:00,2025-11-25,3,56
2025-11-25 04:00,2025-11-25,4,29
2025-11-25 05:00,2025-11-25,5,128
2025-11-25 06:00,2025-11-25,6,332
2025-11-25 07:00,2025-11-25,7,401
2025-11-25 08:00,2025-11-25,8,519
2025-11-25 09:00,2025-11-25,9,583
2025-11-25 10:00,2025-11-25,10,532
2025-11-25 11:00,2025-11-25,11,554
2025-11-25 12:00,2025-11-25,12,662
2025-11-25 13:00,2025-11-25,13,447
2025-11-25 14:00,2025-11-25,14,408
2025-11-25 15:00,2025-11-25,15,646
2025-11-25 16:00,2025-11-25,16,405
2025-11-25 17:00,2025-11-25,17,650
2025-11-25 18:00,2025-11-25,18,850
2025-11-25 19:00,2025-11-25,19,609
2025-11-25 20:00,2025-11-25,20,350
2025-11-25 21:00,2025-11-25,21,238
2025-11-25 22:00,2025-11-25,22,259
2025-11-25 23:00,2025-11-25,23,148
2025-11-26 00:00,2025-11-26,0,137
2025-11-26 01:00,2025-11-26,1,115
2025-11-26 02:00,2025-11-26,2,84
2025-11-26 03:00,2025-11-26,3,48
