NOM_USUEL,AAAAMMJJHH,RR1,T,U
TOULOUSE-BLAGNAC,2024010100,0,5.6,88
TOULOUSE-BLAGNAC,2024010101,0,4.9,90
TOULOUSE-BLAGNAC,2024010102,0,4.8,92
TOULOUSE-BLAGNAC,2024010103,0,4.9,92
TOULOUSE-BLAGNAC,2024010104,0,4.9,92
TOULOUSE-BLAGNAC,2024010105,0,5,91
TOULOUSE-BLAGNAC,2024010106,0,5.1,91
TOULOUSE-BLAGNAC,2024010107,0,5.4,91
TOULOUSE-BLAGNAC,2024010108,0,5.8,87
TOULOUSE-BLAGNAC,2024010109,0,6.6,84
TOULOUSE-BLAGNAC,2024010110,0,8.5,80
TOULOUSE-BLAGNAC,2024010111,0,11.1,66
TOULOUSE-BLAGNAC,2024010112,0,11.5,59
TOULOUSE-BLAGNAC,2024010113,0,12.7,58
TOULOUSE-BLAGNAC,2024010114,0,13,57
TOULOUSE-BLAGNAC,2024010115,0,13.6,55
TOULOUSE-BLAGNAC,2024010116,0,12.3,58
TOULOUSE-BLAGNAC,2024010117,0,10,67
TOULOUSE-BLAGNAC,2024010118,0,7.9,78
TOULOUSE-BLAGNAC,2024010119,0,6.9,82
TOULOUSE-BLAGNAC,2024010120,0,6.4,84
TOULOUSE-BLAGNAC,2024010121,0,5.2,88
TOULOUSE-BLAGNAC,2024010122,0,4.5,90
TOULOUSE-BLAGNAC,2024010123,0,3.9,90
TOULOUSE-BLAGNAC,2024010200,0,3.6,90
TOULOUSE-BLAGNAC,2024010201,0,3.8,90
TOULOUSE-BLAGNAC,2024010202,0,3.8,90
TOULOUSE-BLAGNAC,2024010203,0,4,90
TOULOUSE-BLAGNAC,2024010204,0,4.6,85
TOULOUSE-BLAGNAC,2024010205,0,4.7,85
TOULOUSE-BLAGNAC,2024010206,0,4.3,85
TOULOUSE-BLAGNAC,2024010207,0,4.5,87
TOULOUSE-BLAGNAC,2024010208,0,4.5,88
TOULOUSE-BLAGNAC,2024010209,0,5.9,85
TOULOUSE-BLAGNAC,2024010210,0,9.2,81
TOULOUSE-BLAGNAC,2024010211,0,9.8,77
TOULOUSE-BLAGNAC,2024010212,0,11,75
TOULOUSE-BLAGNAC,2024010213,0,12.2,69
TOULOUSE-BLAGNAC,2024010214,0,11.8,74
TOULOUSE-BLAGNAC,2024010215,0,11.8,73
TOULOUSE-BLAGNAC,2024010216,0,11.3,75
TOULOUSE-BLAGNAC,2024010217,0,10.8,76
TOULOUSE-BLAGNAC,2024010218,0,10.7,76
TOULOUSE-BLAGNAC,2024010219,0,10.1,80
TOULOUSE-BLAGNAC,2024010220,0,9.8,81
TOULOUSE-BLAGNAC,2024010221,0,9.6,83
TOULOUSE-BLAGNAC,2024010222,0,9.4,88
TOULOUSE-BLAGNAC,2024010223,0,9,89
TOULOUSE-BLAGNAC,2024010300,0,8.5,88
TOULOUSE-BLAGNAC,2024010301,0,7.1,92
TOULOUSE-BLAGNAC,2024010302,0,6.4,94
TOULOUSE-BLAGNAC,2024010303,0,6.7,96
TOULOUSE-BLAGNAC,2024010304,0,6.8,95
TOULOUSE-BLAGNAC,2024010305,0,6.5,96
TOULOUSE-BLAGNAC,2024010306,0,7.1,95
TOULOUSE-BLAGNAC,2024010307,0,7.8,94
TOULOUSE-BLAGNAC,2024010308,0,8.2,91
TOULOUSE-BLAGNAC,2024010309,0,8.6,89
TOULOUSE-BLAGNAC,2024010310,0,9.2,87
TOULOUSE-BLAGNAC,2024010311,0,9.8,87
TOULOUSE-BLAGNAC,2024010312,0,10.7,82
TOULOUSE-BLAGNAC,2024010313,0,12,80
TOULOUSE-BLAGNAC,2024010314,0,12.6,81
TOULOUSE-BLAGNAC,2024010315,0,13.8,71
TOULOUSE-BLAGNAC,2024010316,0,13.4,74
TOULOUSE-BLAGNAC,2024010317,0,13.2,73
TOULOUSE-BLAGNAC,2024010318,0,12.9,74
TOULOUSE-BLAGNAC,2024010319,0,12.6,74
TOULOUSE-BLAGNAC,2024010320,0,12.3,73
TOULOUSE-BLAGNAC,2024010321,0,11.9,74
TOULOUSE-BLAGNAC,2024010322,0,11.8,74
TOULOUSE-BLAGNAC,2024010323,0,11.1,74
TOULOUSE-BLAGNAC,2024010400,0,10.4,77
TOULOUSE-BLAGNAC,2024010401,0,10.3,77
TOULOUSE-BLAGNAC,2024010402,0,10.5,77
TOULOUSE-BLAGNAC,2024010403,0,10.1,77
TOULOUSE-BLAGNAC,2024010404,0,7.4,86
TOULOUSE-BLAGNAC,2024010405,0,6.5,90
TOULOUSE-BLAGNAC,2024010406,0,5.7,93
TOULOUSE-BLAGNAC,2024010407,0,4.9,93
TOULOUSE-BLAGNAC,2024010408,0,5.1,93
TOULOUSE-BLAGNAC,2024010409,0,7.9,86
TOULOUSE-BLAGNAC,2024010410,0,10.2,76
TOULOUSE-BLAGNAC,2024010411,0,12.2,70
TOULOUSE-BLAGNAC,2024010412,0,14.4,63
TOULOUSE-BLAGNAC,2024010413,0,15.5,60
TOULOUSE-BLAGNAC,2024010414,0,15.7,59
TOULOUSE-BLAGNAC,2024010415,0,14.5,62
TOULOUSE-BLAGNAC,2024010416,0,13.2,66
TOULOUSE-BLAGNAC,2024010417,0,10.6,74
TOULOUSE-BLAGNAC,2024010418,0,9.6,80
TOULOUSE-BLAGNAC,2024010419,0,9.2,85
TOULOUSE-BLAGNAC,2024010420,0,8.5,89
TOULOUSE-BLAGNAC,2024010421,0,8.1,90
TOULOUSE-BLAGNAC,2024010422,0,7.7,90
TOULOUSE-BLAGNAC,2024010423,0,7.4,92
TOULOUSE-BLAGNAC,2024010500,0,7.4,92
TOULOUSE-BLAGNAC,2024010501,0,7.3,93
TOULOUSE-BLAGNAC,2024010502,0,7.2,94
TOULOUSE-BLAGNAC,2024010503,0,7.2,94
TOULOUSE-BLAGNAC,2024010504,0,7.2,94
TOULOUSE-BLAGNAC,2024010505,0.2,7.5,95
TOULOUSE-BLAGNAC,2024010506,0.2,7.4,95
TOULOUSE-BLAGNAC,2024010507,0.4,7.6,96
TOULOUSE-BLAGNAC,2024010508,0.8,8.2,94
TOULOUSE-BLAGNAC,2024010509,0.2,8.2,94
TOULOUSE-BLAGNAC,2024010510,0.4,8.2,94
TOULOUSE-BLAGNAC,2024010511,0,8.7,92
TOULOUSE-BLAGNAC,2024010512,0.2,8.6,89
TOULOUSE-BLAGNAC,2024010513,0,8.9,87
TOULOUSE-BLAGNAC,2024010514,0,9,86
TOULOUSE-BLAGNAC,2024010515,0,8.6,88
TOULOUSE-BLAGNAC,2024010516,0,8.3,88
TOULOUSE-BLAGNAC,2024010517,0,8.1,88
TOULOUSE-BLAGNAC,2024010518,0,7.8,88
TOULOUSE-BLAGNAC,2024010519,0.4,7.2,90
TOULOUSE-BLAGNAC,2024010520,0,7,91
TOULOUSE-BLAGNAC,2024010521,0,7.1,91
TOULOUSE-BLAGNAC,2024010522,0,6.8,93
TOULOUSE-BLAGNAC,2024010523,0.4,6.8,94
TOULOUSE-BLAGNAC,2024010600,0,7.1,94
TOULOUSE-BLAGNAC,2024010601,0,7.3,93
TOULOUSE-BLAGNAC,2024010602,0,6.8,91
TOULOUSE-BLAGNAC,2024010603,0,6.2,92
TOULOUSE-BLAGNAC,2024010604,0,6,93
TOULOUSE-BLAGNAC,2024010605,0,5.5,94
TOULOUSE-BLAGNAC,2024010606,0,5.5,94
TOULOUSE-BLAGNAC,2024010607,0,5.8,94
TOULOUSE-BLAGNAC,2024010608,0,6,93
TOULOUSE-BLAGNAC,2024010609,0,6.5,90
TOULOUSE-BLAGNAC,2024010610,0,6.9,89
TOULOUSE-BLAGNAC,2024010611,0,7.1,85
TOULOUSE-BLAGNAC,2024010612,0,7.9,80
TOULOUSE-BLAGNAC,2024010613,0,8,76
TOULOUSE-BLAGNAC,2024010614,0,8,73
TOULOUSE-BLAGNAC,2024010615,0,8,69
TOULOUSE-BLAGNAC,2024010616,0,7,76
TOULOUSE-BLAGNAC,2024010617,0,6.6,77
TOULOUSE-BLAGNAC,2024010618,0,6.3,83
TOULOUSE-BLAGNAC,2024010619,0,6.3,84
TOULOUSE-BLAGNAC,2024010620,0,6.2,82
TOULOUSE-BLAGNAC,2024010621,0,6.1,86
TOULOUSE-BLAGNAC,2024010622,0,6.1,85
TOULOUSE-BLAGNAC,2024010623,0.2,5.8,90
TOULOUSE-BLAGNAC,2024010700,0,5.7,88
TOULOUSE-BLAGNAC,2024010701,0,5.4,88
TOULOUSE-BLAGNAC,2024010702,0,5.3,87
TOULOUSE-BLAGNAC,2024010703,0,5,88
TOULOUSE-BLAGNAC,2024010704,0,4.9,84
TOULOUSE-BLAGNAC,2024010705,0,4.6,86
TOULOUSE-BLAGNAC,2024010706,0,4.4,86
TOULOUSE-BLAGNAC,2024010707,0,4.3,83
TOULOUSE-BLAGNAC,2024010708,0,4.3,80
TOULOUSE-BLAGNAC,2024010709,0,4.1,82
TOULOUSE-BLAGNAC,2024010710,0,4.9,78
TOULOUSE-BLAGNAC,2024010711,0,4.7,76
TOULOUSE-BLAGNAC,2024010712,0,5,74
TOULOUSE-BLAGNAC,2024010713,0,5,75
TOULOUSE-BLAGNAC,2024010714,0,5.2,68
TOULOUSE-BLAGNAC,2024010715,0,5,68
TOULOUSE-BLAGNAC,2024010716,0,4.9,69
TOULOUSE-BLAGNAC,2024010717,0,4.8,68
TOULOUSE-BLAGNAC,2024010718,0,4.6,71
TOULOUSE-BLAGNAC,2024010719,0,4.7,67
TOULOUSE-BLAGNAC,2024010720,0,4.6,71
TOULOUSE-BLAGNAC,2024010721,0,4.4,71
TOULOUSE-BLAGNAC,2024010722,0,4.2,71
TOULOUSE-BLAGNAC,2024010723,0,4,71
TOULOUSE-BLAGNAC,2024010800,0,3.9,74
TOULOUSE-BLAGNAC,2024010801,0,3.8,76
TOULOUSE-BLAGNAC,2024010802,0,3.7,78
TOULOUSE-BLAGNAC,2024010803,0,3.5,80
TOULOUSE-BLAGNAC,2024010804,0,3.4,82
TOULOUSE-BLAGNAC,2024010805,0,3.4,83
TOULOUSE-BLAGNAC,2024010806,0,3.4,84
TOULOUSE-BLAGNAC,2024010807,0,3.4,84
TOULOUSE-BLAGNAC,2024010808,0,3.5,85
TOULOUSE-BLAGNAC,2024010809,0,3.3,89
TOULOUSE-BLAGNAC,2024010810,0,3.7,85
TOULOUSE-BLAGNAC,2024010811,0,3.7,83
TOULOUSE-BLAGNAC,2024010812,0,2.9,91
TOULOUSE-BLAGNAC,2024010813,0,3.7,91
TOULOUSE-BLAGNAC,2024010814,0,4.3,84
TOULOUSE-BLAGNAC,2024010815,0.4,3.6,89
TOULOUSE-BLAGNAC,2024010816,0,3.6,89
TOULOUSE-BLAGNAC,2024010817,0,2.8,86
TOULOUSE-BLAGNAC,2024010818,0,2.9,88
TOULOUSE-BLAGNAC,2024010819,0,2.6,85
TOULOUSE-BLAGNAC,2024010820,0,2.1,80
TOULOUSE-BLAGNAC,2024010821,0,1.3,86
TOULOUSE-BLAGNAC,2024010822,0,1.4,85
TOULOUSE-BLAGNAC,2024010823,0,1.7,82
TOULOUSE-BLAGNAC,2024010900,0,1.2,81
TOULOUSE-BLAGNAC,2024010901,0,0.2,90
TOULOUSE-BLAGNAC,2024010902,0,-1.5,92
TOULOUSE-BLAGNAC,2024010903,0,-0.6,90
TOULOUSE-BLAGNAC,2024010904,0,-1,89
TOULOUSE-BLAGNAC,2024010905,0,-1.6,91
TOULOUSE-BLAGNAC,2024010906,0,-1.2,89
TOULOUSE-BLAGNAC,2024010907,0,-1.2,83
TOULOUSE-BLAGNAC,2024010908,0,-1.3,88
TOULOUSE-BLAGNAC,2024010909,0,1.1,73
TOULOUSE-BLAGNAC,2024010910,0,1.8,69
TOULOUSE-BLAGNAC,2024010911,0,2.2,68
TOULOUSE-BLAGNAC,2024010912,0,3,65
TOULOUSE-BLAGNAC,2024010913,0,4.2,60
TOULOUSE-BLAGNAC,2024010914,0,4.5,60
TOULOUSE-BLAGNAC,2024010915,0,4.8,58
TOULOUSE-BLAGNAC,2024010916,0,3.5,61
TOULOUSE-BLAGNAC,2024010917,0,,66
TOULOUSE-BLAGNAC,2024010918,0,1.8,70
TOULOUSE-BLAGNAC,2024010919,0,0.3,78
TOULOUSE-BLAGNAC,2024010920,0,0.8,74
TOULOUSE-BLAGNAC,2024010921,0,0.5,76
TOULOUSE-BLAGNAC,2024010922,0,-0.5,81
TOULOUSE-BLAGNAC,2024010923,0,-1.4,86
TOULOUSE-BLAGNAC,2024011000,0,-1.8,89
TOULOUSE-BLAGNAC,2024011001,0,-3.2,93
TOULOUSE-BLAGNAC,2024011002,0,-3.5,90
TOULOUSE-BLAGNAC,2024011003,0,-2.8,93
TOULOUSE-BLAGNAC,2024011004,0,-2.6,95
TOULOUSE-BLAGNAC,2024011005,0,-0.8,88
TOULOUSE-BLAGNAC,2024011006,0,-0.5,87
TOULOUSE-BLAGNAC,2024011007,0,0,83
TOULOUSE-BLAGNAC,2024011008,0,-0.3,84
TOULOUSE-BLAGNAC,2024011009,0,1.5,79
TOULOUSE-BLAGNAC,2024011010,0,1.6,80
TOULOUSE-BLAGNAC,2024011011,0,2.5,73
TOULOUSE-BLAGNAC,2024011012,0,2.9,72
TOULOUSE-BLAGNAC,2024011013,0,3.6,70
TOULOUSE-BLAGNAC,2024011014,0,4.2,68
TOULOUSE-BLAGNAC,2024011015,0,4.7,63
TOULOUSE-BLAGNAC,2024011016,0,4.7,68
TOULOUSE-BLAGNAC,2024011017,0,4.2,73
TOULOUSE-BLAGNAC,2024011018,0,4.1,80
TOULOUSE-BLAGNAC,2024011019,0,3.6,80
TOULOUSE-BLAGNAC,2024011020,0,3.2,86
TOULOUSE-BLAGNAC,2024011021,0,2.9,87
TOULOUSE-BLAGNAC,2024011022,0,2.8,87
TOULOUSE-BLAGNAC,2024011023,0,2.6,89
TOULOUSE-BLAGNAC,2024011100,0,2.5,91
TOULOUSE-BLAGNAC,2024011101,0,2.2,93
TOULOUSE-BLAGNAC,2024011102,0,2.4,93
TOULOUSE-BLAGNAC,2024011103,0,2.4,92
TOULOUSE-BLAGNAC,2024011104,0,2.3,93
TOULOUSE-BLAGNAC,2024011105,0,2.3,92
TOULOUSE-BLAGNAC,2024011106,0,2,92
TOULOUSE-BLAGNAC,2024011107,0,2,93
TOULOUSE-BLAGNAC,2024011108,0,2,93
TOULOUSE-BLAGNAC,2024011109,0,2.1,92
TOULOUSE-BLAGNAC,2024011110,0,2.8,83
TOULOUSE-BLAGNAC,2024011111,0,3.8,77
TOULOUSE-BLAGNAC,2024011112,0,4.4,72
TOULOUSE-BLAGNAC,2024011113,0,5.2,73
TOULOUSE-BLAGNAC,2024011114,0,5.1,71
TOULOUSE-BLAGNAC,2024011115,0,5.3,70
TOULOUSE-BLAGNAC,2024011116,0,5.1,73
TOULOUSE-BLAGNAC,2024011117,0,4.3,77
TOULOUSE-BLAGNAC,2024011118,0,4.4,77
TOULOUSE-BLAGNAC,2024011119,0,4.1,77
TOULOUSE-BLAGNAC,2024011120,0,3.9,80
TOULOUSE-BLAGNAC,2024011121,0,3.6,82
TOULOUSE-BLAGNAC,2024011122,0,3.2,86
TOULOUSE-BLAGNAC,2024011123,0,2.6,89
TOULOUSE-BLAGNAC,2024011200,0,1.3,92
TOULOUSE-BLAGNAC,2024011201,0,1.7,94
TOULOUSE-BLAGNAC,2024011202,0,0.7,93
TOULOUSE-BLAGNAC,2024011203,0,-0.1,94
TOULOUSE-BLAGNAC,2024011204,0,-0.5,96
TOULOUSE-BLAGNAC,2024011205,0,-1,97
TOULOUSE-BLAGNAC,2024011206,0,-1.1,99
TOULOUSE-BLAGNAC,2024011207,0,-0.7,99
TOULOUSE-BLAGNAC,2024011208,0,0,99
TOULOUSE-BLAGNAC,2024011209,0,0.3,98
TOULOUSE-BLAGNAC,2024011210,0,1.1,95
TOULOUSE-BLAGNAC,2024011211,0,0.7,98
TOULOUSE-BLAGNAC,2024011212,0,1.4,98
TOULOUSE-BLAGNAC,2024011213,0,2.1,95
TOULOUSE-BLAGNAC,2024011214,0,3,88
TOULOUSE-BLAGNAC,2024011215,0,3.4,83
TOULOUSE-BLAGNAC,2024011216,0,3.4,83
TOULOUSE-BLAGNAC,2024011217,0,3.4,84
TOULOUSE-BLAGNAC,2024011218,0,3.3,85
TOULOUSE-BLAGNAC,2024011219,0,3.1,83
TOULOUSE-BLAGNAC,2024011220,0,1.5,88
TOULOUSE-BLAGNAC,2024011221,0,0.7,90
TOULOUSE-BLAGNAC,2024011222,0,-1.5,96
TOULOUSE-BLAGNAC,2024011223,0,-1.4,98
TOULOUSE-BLAGNAC,2024011300,0,-1.8,95
TOULOUSE-BLAGNAC,2024011301,0,-2.2,95
TOULOUSE-BLAGNAC,2024011302,0,-1.9,98
TOULOUSE-BLAGNAC,2024011303,0,-1.5,98
TOULOUSE-BLAGNAC,2024011304,0,-1.7,98
TOULOUSE-BLAGNAC,2024011305,0,-1.7,98
TOULOUSE-BLAGNAC,2024011306,0,-2,98
TOULOUSE-BLAGNAC,2024011307,0,-2.1,98
TOULOUSE-BLAGNAC,2024011308,0,-1.9,99
TOULOUSE-BLAGNAC,2024011309,0,-0.7,99
TOULOUSE-BLAGNAC,2024011310,0,-0.5,98
TOULOUSE-BLAGNAC,2024011311,0,1.1,98
TOULOUSE-BLAGNAC,2024011312,0,2.6,92
TOULOUSE-BLAGNAC,2024011313,0,4.9,74
TOULOUSE-BLAGNAC,2024011314,0,6.9,68
TOULOUSE-BLAGNAC,2024011315,0,8,66
TOULOUSE-BLAGNAC,2024011316,0,6.9,73
TOULOUSE-BLAGNAC,2024011317,0,6.1,78
TOULOUSE-BLAGNAC,2024011318,0,4.3,83
TOULOUSE-BLAGNAC,2024011319,0,3.9,89
TOULOUSE-BLAGNAC,2024011320,0,3.4,84
TOULOUSE-BLAGNAC,2024011321,0,3.8,82
TOULOUSE-BLAGNAC,2024011322,0,2.9,84
TOULOUSE-BLAGNAC,2024011323,0,2.6,89
TOULOUSE-BLAGNAC,2024011400,0,2.4,91
TOULOUSE-BLAGNAC,2024011401,0,1.3,91
TOULOUSE-BLAGNAC,2024011402,0,1.4,93
TOULOUSE-BLAGNAC,2024011403,0,0.4,92
TOULOUSE-BLAGNAC,2024011404,0,0.4,95
TOULOUSE-BLAGNAC,2024011405,0,0.5,95
TOULOUSE-BLAGNAC,2024011406,0,1.2,95
TOULOUSE-BLAGNAC,2024011407,0,2.1,94
TOULOUSE-BLAGNAC,2024011408,0,3,93
TOULOUSE-BLAGNAC,2024011409,0,4.3,90
TOULOUSE-BLAGNAC,2024011410,0,5.9,87
TOULOUSE-BLAGNAC,2024011411,0,7.5,82
TOULOUSE-BLAGNAC,2024011412,0,9.2,77
TOULOUSE-BLAGNAC,2024011413,0,11,70
TOULOUSE-BLAGNAC,2024011414,0,11.6,70
TOULOUSE-BLAGNAC,2024011415,0,11.5,68
TOULOUSE-BLAGNAC,2024011416,0,11.2,68
TOULOUSE-BLAGNAC,2024011417,0,10.2,75
TOULOUSE-BLAGNAC,2024011418,0,9.8,76
TOULOUSE-BLAGNAC,2024011419,0.4,8.8,87
TOULOUSE-BLAGNAC,2024011420,0.2,8.9,86
TOULOUSE-BLAGNAC,2024011421,0,8.7,88
TOULOUSE-BLAGNAC,2024011422,0,8.7,91
TOULOUSE-BLAGNAC,2024011423,0,8.5,93
TOULOUSE-BLAGNAC,2024011500,0.2,8.4,94
TOULOUSE-BLAGNAC,2024011501,0,8.9,96
TOULOUSE-BLAGNAC,2024011502,0,8.9,96
TOULOUSE-BLAGNAC,2024011503,0,8.7,96
TOULOUSE-BLAGNAC,2024011504,0,8.6,96
TOULOUSE-BLAGNAC,2024011505,0,8.6,97
TOULOUSE-BLAGNAC,2024011506,0,8.9,98
TOULOUSE-BLAGNAC,2024011507,0,8.8,98
TOULOUSE-BLAGNAC,2024011508,0,9,98
TOULOUSE-BLAGNAC,2024011509,0,9.4,98
TOULOUSE-BLAGNAC,2024011510,0,9.8,98
TOULOUSE-BLAGNAC,2024011511,0,10.1,97
TOULOUSE-BLAGNAC,2024011512,0.4,10.7,98
TOULOUSE-BLAGNAC,2024011513,2.2,10.9,98
TOULOUSE-BLAGNAC,2024011514,1.2,11.5,98
TOULOUSE-BLAGNAC,2024011515,1.8,11.6,97
TOULOUSE-BLAGNAC,2024011516,2.1,11.5,97
TOULOUSE-BLAGNAC,2024011517,0.6,11.3,97
TOULOUSE-BLAGNAC,2024011518,1.6,11.3,98
TOULOUSE-BLAGNAC,2024011519,0.4,11.4,98
TOULOUSE-BLAGNAC,2024011520,0.2,11.2,97
TOULOUSE-BLAGNAC,2024011521,0.4,11.1,98
TOULOUSE-BLAGNAC,2024011522,1.8,11.2,98
TOULOUSE-BLAGNAC,2024011523,0.8,11.7,99
TOULOUSE-BLAGNAC,2024011600,1.2,12,99
TOULOUSE-BLAGNAC,2024011601,0.2,12.4,96
TOULOUSE-BLAGNAC,2024011602,0,12.5,94
TOULOUSE-BLAGNAC,2024011603,0,12.6,94
TOULOUSE-BLAGNAC,2024011604,0,12.4,94
TOULOUSE-BLAGNAC,2024011605,0,12.3,94
TOULOUSE-BLAGNAC,2024011606,0.4,11.8,93
TOULOUSE-BLAGNAC,2024011607,0,11.6,91
TOULOUSE-BLAGNAC,2024011608,0,11.3,92
TOULOUSE-BLAGNAC,2024011609,0,12.7,88
TOULOUSE-BLAGNAC,2024011610,0,13.3,83
TOULOUSE-BLAGNAC,2024011611,0,13.8,80
TOULOUSE-BLAGNAC,2024011612,0,14.1,78
TOULOUSE-BLAGNAC,2024011613,0,14.9,74
TOULOUSE-BLAGNAC,2024011614,0,14.8,74
TOULOUSE-BLAGNAC,2024011615,0,14.7,73
TOULOUSE-BLAGNAC,2024011616,0,13.4,80
TOULOUSE-BLAGNAC,2024011617,0,13.4,82
TOULOUSE-BLAGNAC,2024011618,0.2,12.6,88
TOULOUSE-BLAGNAC,2024011619,0,12.7,84
TOULOUSE-BLAGNAC,2024011620,0,12.4,83
TOULOUSE-BLAGNAC,2024011621,0,12.5,81
TOULOUSE-BLAGNAC,2024011622,0,12,81
TOULOUSE-BLAGNAC,2024011623,0,12.2,79
TOULOUSE-BLAGNAC,2024011700,0,11.9,77
TOULOUSE-BLAGNAC,2024011701,0,12.4,75
TOULOUSE-BLAGNAC,2024011702,0.4,11.3,87
TOULOUSE-BLAGNAC,2024011703,0,11.2,89
TOULOUSE-BLAGNAC,2024011704,0,10.8,89
TOULOUSE-BLAGNAC,2024011705,0,10.5,92
TOULOUSE-BLAGNAC,2024011706,0,10.6,92
TOULOUSE-BLAGNAC,2024011707,0,10.8,92
TOULOUSE-BLAGNAC,2024011708,0,11,92
TOULOUSE-BLAGNAC,2024011709,0.2,11.1,93
TOULOUSE-BLAGNAC,2024011710,0,11.4,92
TOULOUSE-BLAGNAC,2024011711,0,11.8,91
TOULOUSE-BLAGNAC,2024011712,0.4,12.1,92
TOULOUSE-BLAGNAC,2024011713,0.2,11.9,94
TOULOUSE-BLAGNAC,2024011714,0.6,12,94
TOULOUSE-BLAGNAC,2024011715,0,12.2,92
TOULOUSE-BLAGNAC,2024011716,0,12.3,91
TOULOUSE-BLAGNAC,2024011717,0,10.6,91
TOULOUSE-BLAGNAC,2024011718,0,10.1,96
TOULOUSE-BLAGNAC,2024011719,0,8,95
TOULOUSE-BLAGNAC,2024011720,0,8.4,97
TOULOUSE-BLAGNAC,2024011721,0,8.9,97
TOULOUSE-BLAGNAC,2024011722,0,8.7,97
TOULOUSE-BLAGNAC,2024011723,0,7.9,97
TOULOUSE-BLAGNAC,2024011800,0,8.6,98
TOULOUSE-BLAGNAC,2024011801,0,8.5,96
TOULOUSE-BLAGNAC,2024011802,0,7.4,95
TOULOUSE-BLAGNAC,2024011803,0,8.6,96
TOULOUSE-BLAGNAC,2024011804,0,8.3,95
TOULOUSE-BLAGNAC,2024011805,0,8,94
TOULOUSE-BLAGNAC,2024011806,0,7.8,94
TOULOUSE-BLAGNAC,2024011807,0,7.4,92
TOULOUSE-BLAGNAC,2024011808,0,6.6,94
TOULOUSE-BLAGNAC,2024011809,0,7.1,94
TOULOUSE-BLAGNAC,2024011810,0,9.5,84
TOULOUSE-BLAGNAC,2024011811,0,11.4,78
TOULOUSE-BLAGNAC,2024011812,0,15.5,65
TOULOUSE-BLAGNAC,2024011813,0,17.1,52
TOULOUSE-BLAGNAC,2024011814,0,16.4,55
TOULOUSE-BLAGNAC,2024011815,0,16.1,54
TOULOUSE-BLAGNAC,2024011816,0,15.4,57
TOULOUSE-BLAGNAC,2024011817,0,13.7,67
TOULOUSE-BLAGNAC,2024011818,1.2,10.7,89
TOULOUSE-BLAGNAC,2024011819,0.2,8.5,89
TOULOUSE-BLAGNAC,2024011820,0,7,88
TOULOUSE-BLAGNAC,2024011821,0,6.1,89
TOULOUSE-BLAGNAC,2024011822,0,4.5,89
TOULOUSE-BLAGNAC,2024011823,0,3.9,81
TOULOUSE-BLAGNAC,2024011900,0,3.5,84
TOULOUSE-BLAGNAC,2024011901,0,2.8,83
TOULOUSE-BLAGNAC,2024011902,0,2.2,85
TOULOUSE-BLAGNAC,2024011903,0,1.6,86
TOULOUSE-BLAGNAC,2024011904,0,1.1,87
TOULOUSE-BLAGNAC,2024011905,0,1,84
TOULOUSE-BLAGNAC,2024011906,0,0.7,84
TOULOUSE-BLAGNAC,2024011907,0,0.2,85
TOULOUSE-BLAGNAC,2024011908,0,0.3,82
TOULOUSE-BLAGNAC,2024011909,0,0.8,79
TOULOUSE-BLAGNAC,2024011910,0,1.6,76
TOULOUSE-BLAGNAC,2024011911,0,2.8,74
TOULOUSE-BLAGNAC,2024011912,0,3.6,64
TOULOUSE-BLAGNAC,2024011913,0,3.6,57
TOULOUSE-BLAGNAC,2024011914,0,3.3,61
TOULOUSE-BLAGNAC,2024011915,0,3.4,58
TOULOUSE-BLAGNAC,2024011916,0,3.4,51
TOULOUSE-BLAGNAC,2024011917,0,3.2,53
TOULOUSE-BLAGNAC,2024011918,0,2.6,62
TOULOUSE-BLAGNAC,2024011919,0,0.7,75
TOULOUSE-BLAGNAC,2024011920,0,-0.3,77
TOULOUSE-BLAGNAC,2024011921,0,-0.3,76
TOULOUSE-BLAGNAC,2024011922,0,-1,76
TOULOUSE-BLAGNAC,2024011923,0,-1.5,78
TOULOUSE-BLAGNAC,2024012000,0,-2.1,84
TOULOUSE-BLAGNAC,2024012001,0,-2.8,85
TOULOUSE-BLAGNAC,2024012002,0,-3.6,87
TOULOUSE-BLAGNAC,2024012003,0,-4.4,89
TOULOUSE-BLAGNAC,2024012004,0,-4.6,87
TOULOUSE-BLAGNAC,2024012005,0,-4.3,91
TOULOUSE-BLAGNAC,2024012006,0,-4.6,91
TOULOUSE-BLAGNAC,2024012007,0,-5.1,90
TOULOUSE-BLAGNAC,2024012008,0,-4,93
TOULOUSE-BLAGNAC,2024012009,0,-1.4,86
TOULOUSE-BLAGNAC,2024012010,0,1.4,71
TOULOUSE-BLAGNAC,2024012011,0,3.3,56
TOULOUSE-BLAGNAC,2024012012,0,3.9,52
TOULOUSE-BLAGNAC,2024012013,0,5.2,46
TOULOUSE-BLAGNAC,2024012014,0,6.2,38
TOULOUSE-BLAGNAC,2024012015,0,6.2,37
TOULOUSE-BLAGNAC,2024012016,0,5.4,42
TOULOUSE-BLAGNAC,2024012017,0,4.5,44
TOULOUSE-BLAGNAC,2024012018,0,3.1,57
TOULOUSE-BLAGNAC,2024012019,0,1.5,65
TOULOUSE-BLAGNAC,2024012020,0,-0.1,68
TOULOUSE-BLAGNAC,2024012021,0,0.9,69
TOULOUSE-BLAGNAC,2024012022,0,1.9,69
TOULOUSE-BLAGNAC,2024012023,0,0.4,71
TOULOUSE-BLAGNAC,2024012100,0,-2.4,82
TOULOUSE-BLAGNAC,2024012101,0,-1.6,87
TOULOUSE-BLAGNAC,2024012102,0,-3,85
TOULOUSE-BLAGNAC,2024012103,0,-3,90
TOULOUSE-BLAGNAC,2024012104,0,-1.3,93
TOULOUSE-BLAGNAC,2024012105,0,-1.9,93
TOULOUSE-BLAGNAC,2024012106,0,-0.7,92
TOULOUSE-BLAGNAC,2024012107,0,,91
TOULOUSE-BLAGNAC,2024012108,0,,93
TOULOUSE-BLAGNAC,2024012109,0,2.4,85
TOULOUSE-BLAGNAC,2024012110,0,5.6,76
TOULOUSE-BLAGNAC,2024012111,0,8.3,68
TOULOUSE-BLAGNAC,2024012112,0,10.4,63
TOULOUSE-BLAGNAC,2024012113,0,12.6,57
TOULOUSE-BLAGNAC,2024012114,0,12.8,55
TOULOUSE-BLAGNAC,2024012115,0,13.1,49
TOULOUSE-BLAGNAC,2024012116,0,12.7,46
TOULOUSE-BLAGNAC,2024012117,0,10.1,50
TOULOUSE-BLAGNAC,2024012118,0,7.6,62
TOULOUSE-BLAGNAC,2024012119,0,5.7,68
TOULOUSE-BLAGNAC,2024012120,0,5.8,74
TOULOUSE-BLAGNAC,2024012121,0,4.1,81
TOULOUSE-BLAGNAC,2024012122,0,5.6,79
TOULOUSE-BLAGNAC,2024012123,0,5.4,79
TOULOUSE-BLAGNAC,2024012200,0,3.5,84
TOULOUSE-BLAGNAC,2024012201,0,2.3,86
TOULOUSE-BLAGNAC,2024012202,0,2.1,89
TOULOUSE-BLAGNAC,2024012203,0,2.2,90
TOULOUSE-BLAGNAC,2024012204,0,1.9,90
TOULOUSE-BLAGNAC,2024012205,0,1.4,93
TOULOUSE-BLAGNAC,2024012206,0,1,92
TOULOUSE-BLAGNAC,2024012207,0,1.2,91
TOULOUSE-BLAGNAC,2024012208,0,2,91
TOULOUSE-BLAGNAC,2024012209,0,5.7,83
TOULOUSE-BLAGNAC,2024012210,0,8,81
TOULOUSE-BLAGNAC,2024012211,0,9,77
TOULOUSE-BLAGNAC,2024012212,0,10.6,76
TOULOUSE-BLAGNAC,2024012213,0,12,72
TOULOUSE-BLAGNAC,2024012214,0,12.7,69
TOULOUSE-BLAGNAC,2024012215,0,12.9,70
TOULOUSE-BLAGNAC,2024012216,0,12.4,72
TOULOUSE-BLAGNAC,2024012217,0,11.5,75
TOULOUSE-BLAGNAC,2024012218,0,11.4,76
TOULOUSE-BLAGNAC,2024012219,0,11,92
TOULOUSE-BLAGNAC,2024012220,0.2,11,95
TOULOUSE-BLAGNAC,2024012221,0,11.2,93
TOULOUSE-BLAGNAC,2024012222,0,11,93
TOULOUSE-BLAGNAC,2024012223,0,10.6,93
TOULOUSE-BLAGNAC,2024012300,0,10.7,92
TOULOUSE-BLAGNAC,2024012301,0,10.3,91
TOULOUSE-BLAGNAC,2024012302,0,9.5,93
TOULOUSE-BLAGNAC,2024012303,0,9.8,94
TOULOUSE-BLAGNAC,2024012304,0,9.8,93
TOULOUSE-BLAGNAC,2024012305,0,9,91
TOULOUSE-BLAGNAC,2024012306,0,8.5,96
TOULOUSE-BLAGNAC,2024012307,0,9.3,97
TOULOUSE-BLAGNAC,2024012308,0,9.5,97
TOULOUSE-BLAGNAC,2024012309,0,10,96
TOULOUSE-BLAGNAC,2024012310,0,10.4,93
TOULOUSE-BLAGNAC,2024012311,0,11.1,89
TOULOUSE-BLAGNAC,2024012312,0,12,83
TOULOUSE-BLAGNAC,2024012313,0,12.4,81
TOULOUSE-BLAGNAC,2024012314,0,14.5,73
TOULOUSE-BLAGNAC,2024012315,0,13.3,78
TOULOUSE-BLAGNAC,2024012316,0,12.9,80
TOULOUSE-BLAGNAC,2024012317,0,12.2,82
TOULOUSE-BLAGNAC,2024012318,0,10.8,88
TOULOUSE-BLAGNAC,2024012319,0,9.7,92
TOULOUSE-BLAGNAC,2024012320,0,8.6,94
TOULOUSE-BLAGNAC,2024012321,0,8.1,96
TOULOUSE-BLAGNAC,2024012322,0,7.3,95
TOULOUSE-BLAGNAC,2024012323,0,6.7,98
TOULOUSE-BLAGNAC,2024012400,0,6.7,98
TOULOUSE-BLAGNAC,2024012401,0,5.6,98
TOULOUSE-BLAGNAC,2024012402,0,5.3,98
TOULOUSE-BLAGNAC,2024012403,0,5.6,99
TOULOUSE-BLAGNAC,2024012404,0,6.4,99
TOULOUSE-BLAGNAC,2024012405,0,6.8,99
TOULOUSE-BLAGNAC,2024012406,0,6.9,98
TOULOUSE-BLAGNAC,2024012407,0,6.9,98
TOULOUSE-BLAGNAC,2024012408,0,6.9,97
TOULOUSE-BLAGNAC,2024012409,0,7.6,96
TOULOUSE-BLAGNAC,2024012410,0,9.2,93
TOULOUSE-BLAGNAC,2024012411,0,11.3,88
TOULOUSE-BLAGNAC,2024012412,0,13.8,81
TOULOUSE-BLAGNAC,2024012413,0,16.6,71
TOULOUSE-BLAGNAC,2024012414,0,18.3,66
TOULOUSE-BLAGNAC,2024012415,0,16.3,69
TOULOUSE-BLAGNAC,2024012416,0,15.5,72
TOULOUSE-BLAGNAC,2024012417,0,15.1,71
TOULOUSE-BLAGNAC,2024012418,0,13.7,84
TOULOUSE-BLAGNAC,2024012419,0,13.2,85
TOULOUSE-BLAGNAC,2024012420,0,13,85
TOULOUSE-BLAGNAC,2024012421,0,10.8,91
TOULOUSE-BLAGNAC,2024012422,0,9.1,96
TOULOUSE-BLAGNAC,2024012423,0,7.8,97
TOULOUSE-BLAGNAC,2024012500,0,6.7,98
TOULOUSE-BLAGNAC,2024012501,0,6.1,98
TOULOUSE-BLAGNAC,2024012502,0,5.7,98
TOULOUSE-BLAGNAC,2024012503,0,6.5,99
TOULOUSE-BLAGNAC,2024012504,0,6.9,99
TOULOUSE-BLAGNAC,2024012505,0,7.2,99
TOULOUSE-BLAGNAC,2024012506,0,7.9,99
TOULOUSE-BLAGNAC,2024012507,0,8.1,99
TOULOUSE-BLAGNAC,2024012508,0,7.9,99
TOULOUSE-BLAGNAC,2024012509,0,8.3,99
TOULOUSE-BLAGNAC,2024012510,0,8.4,99
TOULOUSE-BLAGNAC,2024012511,0,8.9,99
TOULOUSE-BLAGNAC,2024012512,0,9.7,99
TOULOUSE-BLAGNAC,2024012513,0,11.4,94
TOULOUSE-BLAGNAC,2024012514,0,13.7,78
TOULOUSE-BLAGNAC,2024012515,0,15.1,73
TOULOUSE-BLAGNAC,2024012516,0,14.3,76
TOULOUSE-BLAGNAC,2024012517,0,12.9,81
TOULOUSE-BLAGNAC,2024012518,0,10.6,87
TOULOUSE-BLAGNAC,2024012519,0,10,92
TOULOUSE-BLAGNAC,2024012520,0,9,94
TOULOUSE-BLAGNAC,2024012521,0,10.4,95
TOULOUSE-BLAGNAC,2024012522,0,9.7,92
TOULOUSE-BLAGNAC,2024012523,0,9.6,96
TOULOUSE-BLAGNAC,2024012600,0,10.2,96
TOULOUSE-BLAGNAC,2024012601,0,10.7,96
TOULOUSE-BLAGNAC,2024012602,0,10.3,97
TOULOUSE-BLAGNAC,2024012603,0,10.1,98
TOULOUSE-BLAGNAC,2024012604,0.2,9.9,98
TOULOUSE-BLAGNAC,2024012605,0,9.8,98
TOULOUSE-BLAGNAC,2024012606,0,9.8,98
TOULOUSE-BLAGNAC,2024012607,0,9.6,98
TOULOUSE-BLAGNAC,2024012608,0,9.7,98
TOULOUSE-BLAGNAC,2024012609,0,9.7,98
TOULOUSE-BLAGNAC,2024012610,0,9.8,97
TOULOUSE-BLAGNAC,2024012611,0,10.1,94
TOULOUSE-BLAGNAC,2024012612,0,10.5,93
TOULOUSE-BLAGNAC,2024012613,0,10.8,92
TOULOUSE-BLAGNAC,2024012614,0,11.3,88
TOULOUSE-BLAGNAC,2024012615,0,10.7,90
TOULOUSE-BLAGNAC,2024012616,0,10.2,92
TOULOUSE-BLAGNAC,2024012617,0,9.8,93
TOULOUSE-BLAGNAC,2024012618,0,9.6,93
TOULOUSE-BLAGNAC,2024012619,0,9.6,93
TOULOUSE-BLAGNAC,2024012620,0,9.4,93
TOULOUSE-BLAGNAC,2024012621,0,9.1,93
TOULOUSE-BLAGNAC,2024012622,0,8.8,94
TOULOUSE-BLAGNAC,2024012623,0,8.7,95
TOULOUSE-BLAGNAC,2024012700,0,8,97
TOULOUSE-BLAGNAC,2024012701,0,7.7,98
TOULOUSE-BLAGNAC,2024012702,0,7.2,98
TOULOUSE-BLAGNAC,2024012703,0,7.1,98
TOULOUSE-BLAGNAC,2024012704,0,6.9,99
TOULOUSE-BLAGNAC,2024012705,0,6.7,99
TOULOUSE-BLAGNAC,2024012706,0,6.4,99
TOULOUSE-BLAGNAC,2024012707,0,6.2,99
TOULOUSE-BLAGNAC,2024012708,0,5.8,99
TOULOUSE-BLAGNAC,2024012709,0,5.6,99
TOULOUSE-BLAGNAC,2024012710,0,6.1,99
TOULOUSE-BLAGNAC,2024012711,0,6.5,99
TOULOUSE-BLAGNAC,2024012712,0,7.2,99
TOULOUSE-BLAGNAC,2024012713,0,8.1,98
TOULOUSE-BLAGNAC,2024012714,0,8.7,95
TOULOUSE-BLAGNAC,2024012715,0,9.9,91
TOULOUSE-BLAGNAC,2024012716,0,10,89
TOULOUSE-BLAGNAC,2024012717,0,7.6,93
TOULOUSE-BLAGNAC,2024012718,0,7.7,98
TOULOUSE-BLAGNAC,2024012719,0,7,98
TOULOUSE-BLAGNAC,2024012720,0,6.5,98
TOULOUSE-BLAGNAC,2024012721,0,5.3,98
TOULOUSE-BLAGNAC,2024012722,0,5,98
TOULOUSE-BLAGNAC,2024012723,0,3.5,99
TOULOUSE-BLAGNAC,2024012800,0,3.7,99
TOULOUSE-BLAGNAC,2024012801,0,4.5,99
TOULOUSE-BLAGNAC,2024012802,0,4.2,99
TOULOUSE-BLAGNAC,2024012803,0,8.6,83
TOULOUSE-BLAGNAC,2024012804,0,9.8,74
TOULOUSE-BLAGNAC,2024012805,0,9.2,73
TOULOUSE-BLAGNAC,2024012806,0,9.2,74
TOULOUSE-BLAGNAC,2024012807,0,,80
TOULOUSE-BLAGNAC,2024012808,0,9.7,86
TOULOUSE-BLAGNAC,2024012809,0,,83
TOULOUSE-BLAGNAC,2024012810,0,12,79
TOULOUSE-BLAGNAC,2024012811,0,12.6,76
TOULOUSE-BLAGNAC,2024012812,0,13.2,73
TOULOUSE-BLAGNAC,2024012813,0,12.8,75
TOULOUSE-BLAGNAC,2024012814,0,12.5,76
TOULOUSE-BLAGNAC,2024012815,0,12.4,77
TOULOUSE-BLAGNAC,2024012816,0,12,79
TOULOUSE-BLAGNAC,2024012817,0,11.8,80
TOULOUSE-BLAGNAC,2024012818,0,11.7,82
TOULOUSE-BLAGNAC,2024012819,0,11.5,84
TOULOUSE-BLAGNAC,2024012820,0,11.9,85
TOULOUSE-BLAGNAC,2024012821,0,12.4,84
TOULOUSE-BLAGNAC,2024012822,0,12.1,85
TOULOUSE-BLAGNAC,2024012823,0,11.7,86
TOULOUSE-BLAGNAC,2024012900,0,11.6,87
TOULOUSE-BLAGNAC,2024012901,0,11.7,86
TOULOUSE-BLAGNAC,2024012902,0,11.5,88
TOULOUSE-BLAGNAC,2024012903,0,,
TOULOUSE-BLAGNAC,2024012904,0,,
TOULOUSE-BLAGNAC,2024012905,0,,
TOULOUSE-BLAGNAC,2024012906,0,,
TOULOUSE-BLAGNAC,2024012907,0,12.1,87
TOULOUSE-BLAGNAC,2024012908,0,12.3,86
TOULOUSE-BLAGNAC,2024012909,0,13.3,79
TOULOUSE-BLAGNAC,2024012910,0,14.4,71
TOULOUSE-BLAGNAC,2024012911,0,14.9,68
TOULOUSE-BLAGNAC,2024012912,0,15.5,67
TOULOUSE-BLAGNAC,2024012913,0,15.1,68
TOULOUSE-BLAGNAC,2024012914,0,15.2,69
TOULOUSE-BLAGNAC,2024012915,0,14.7,69
TOULOUSE-BLAGNAC,2024012916,0,14,72
TOULOUSE-BLAGNAC,2024012917,0,12.8,77
TOULOUSE-BLAGNAC,2024012918,0,12,81
TOULOUSE-BLAGNAC,2024012919,0,12,82
TOULOUSE-BLAGNAC,2024012920,0,11.8,83
TOULOUSE-BLAGNAC,2024012921,0,11.7,84
TOULOUSE-BLAGNAC,2024012922,0,11.6,83
TOULOUSE-BLAGNAC,2024012923,0,11.5,84
TOULOUSE-BLAGNAC,2024013000,0,11,86
TOULOUSE-BLAGNAC,2024013001,0,10.7,88
TOULOUSE-BLAGNAC,2024013002,0,10.8,88
TOULOUSE-BLAGNAC,2024013003,0,10.9,88
TOULOUSE-BLAGNAC,2024013004,0,10.8,89
TOULOUSE-BLAGNAC,2024013005,0,10.4,90
TOULOUSE-BLAGNAC,2024013006,0,10.5,90
TOULOUSE-BLAGNAC,2024013007,0,10.9,90
TOULOUSE-BLAGNAC,2024013008,0,11.3,89
TOULOUSE-BLAGNAC,2024013009,0,12.3,86
TOULOUSE-BLAGNAC,2024013010,0,13.3,77
TOULOUSE-BLAGNAC,2024013011,0,14.4,72
TOULOUSE-BLAGNAC,2024013012,0,14.9,68
TOULOUSE-BLAGNAC,2024013013,0,15.7,66
TOULOUSE-BLAGNAC,2024013014,0,15.7,61
TOULOUSE-BLAGNAC,2024013015,0,15.7,59
TOULOUSE-BLAGNAC,2024013016,0,14.5,65
TOULOUSE-BLAGNAC,2024013017,0,12.4,74
TOULOUSE-BLAGNAC,2024013018,0,11.9,76
TOULOUSE-BLAGNAC,2024013019,0,11.2,80
TOULOUSE-BLAGNAC,2024013020,0,10.4,83
TOULOUSE-BLAGNAC,2024013021,0,9.3,86
TOULOUSE-BLAGNAC,2024013022,0,9.1,90
TOULOUSE-BLAGNAC,2024013023,0,9.4,93
TOULOUSE-BLAGNAC,2024013100,0,8.9,94
TOULOUSE-BLAGNAC,2024013101,0,7.8,93
TOULOUSE-BLAGNAC,2024013102,0,6.3,93
TOULOUSE-BLAGNAC,2024013103,0,7.2,94
TOULOUSE-BLAGNAC,2024013104,0,5.3,96
TOULOUSE-BLAGNAC,2024013105,0,6,98
TOULOUSE-BLAGNAC,2024013106,0,6.8,96
TOULOUSE-BLAGNAC,2024013107,0,6.7,97
TOULOUSE-BLAGNAC,2024013108,0,7.1,97
TOULOUSE-BLAGNAC,2024013109,0,,96
TOULOUSE-BLAGNAC,2024013110,0,9.1,94
TOULOUSE-BLAGNAC,2024013111,0,10,86
TOULOUSE-BLAGNAC,2024013112,0,12.4,75
TOULOUSE-BLAGNAC,2024013113,0,13.2,72
TOULOUSE-BLAGNAC,2024013114,0,14.6,65
TOULOUSE-BLAGNAC,2024013115,0,14.6,66
TOULOUSE-BLAGNAC,2024013116,0,13.9,70
TOULOUSE-BLAGNAC,2024013117,0,12.9,74
TOULOUSE-BLAGNAC,2024013118,0,10.8,83
TOULOUSE-BLAGNAC,2024013119,0,9.9,86
TOULOUSE-BLAGNAC,2024013120,0,8.3,86
TOULOUSE-BLAGNAC,2024013121,0,7.6,92
TOULOUSE-BLAGNAC,2024013122,0,7.1,95
TOULOUSE-BLAGNAC,2024013123,0,6.1,95
TOULOUSE-BLAGNAC,2024020100,0,5.7,97
TOULOUSE-BLAGNAC,2024020101,0,5.3,96
TOULOUSE-BLAGNAC,2024020102,0,4.7,97
TOULOUSE-BLAGNAC,2024020103,0,4.5,97
TOULOUSE-BLAGNAC,2024020104,0,3.9,98
TOULOUSE-BLAGNAC,2024020105,0,5.2,99
TOULOUSE-BLAGNAC,2024020106,0,5.3,99
TOULOUSE-BLAGNAC,2024020107,0,5.5,99
TOULOUSE-BLAGNAC,2024020108,0,6.1,99
TOULOUSE-BLAGNAC,2024020109,0,7,98
TOULOUSE-BLAGNAC,2024020110,0,8.2,98
TOULOUSE-BLAGNAC,2024020111,0,9.3,97
TOULOUSE-BLAGNAC,2024020112,0,9.5,92
TOULOUSE-BLAGNAC,2024020113,0,9.1,91
TOULOUSE-BLAGNAC,2024020114,0,10.3,87
TOULOUSE-BLAGNAC,2024020115,0,10.7,85
TOULOUSE-BLAGNAC,2024020116,0,10.2,85
TOULOUSE-BLAGNAC,2024020117,0,10.1,86
TOULOUSE-BLAGNAC,2024020118,0,9.9,88
TOULOUSE-BLAGNAC,2024020119,0,10,89
TOULOUSE-BLAGNAC,2024020120,0,9.8,91
TOULOUSE-BLAGNAC,2024020121,0,9.8,92
TOULOUSE-BLAGNAC,2024020122,0,9.8,92
TOULOUSE-BLAGNAC,2024020123,0,9.7,93
TOULOUSE-BLAGNAC,2024020200,0,9.7,92
TOULOUSE-BLAGNAC,2024020201,0,9.7,95
TOULOUSE-BLAGNAC,2024020202,0,9.7,94
TOULOUSE-BLAGNAC,2024020203,0,9.3,97
TOULOUSE-BLAGNAC,2024020204,0,9.4,98
TOULOUSE-BLAGNAC,2024020205,0,9.4,98
TOULOUSE-BLAGNAC,2024020206,0,9.2,98
TOULOUSE-BLAGNAC,2024020207,0,9.3,95
TOULOUSE-BLAGNAC,2024020208,0,9.5,93
TOULOUSE-BLAGNAC,2024020209,0,10.1,93
TOULOUSE-BLAGNAC,2024020210,0,10.2,96
TOULOUSE-BLAGNAC,2024020211,0,10.8,93
TOULOUSE-BLAGNAC,2024020212,0,11.6,87
TOULOUSE-BLAGNAC,2024020213,0,11.9,83
TOULOUSE-BLAGNAC,2024020214,0,11.2,85
TOULOUSE-BLAGNAC,2024020215,0,11.4,84
TOULOUSE-BLAGNAC,2024020216,0,11.5,83
TOULOUSE-BLAGNAC,2024020217,0,11.2,83
TOULOUSE-BLAGNAC,2024020218,0,9.9,85
TOULOUSE-BLAGNAC,2024020219,0,8.8,87
TOULOUSE-BLAGNAC,2024020220,0,8.3,90
TOULOUSE-BLAGNAC,2024020221,0,8,93
TOULOUSE-BLAGNAC,2024020222,0,7.1,94
TOULOUSE-BLAGNAC,2024020223,0,7.1,95
TOULOUSE-BLAGNAC,2024020300,0,7.7,93
TOULOUSE-BLAGNAC,2024020301,0,6,95
TOULOUSE-BLAGNAC,2024020302,0,5.9,97
TOULOUSE-BLAGNAC,2024020303,0,5.2,98
TOULOUSE-BLAGNAC,2024020304,0,3.4,98
TOULOUSE-BLAGNAC,2024020305,0,3.7,99
TOULOUSE-BLAGNAC,2024020306,0,4.4,99
TOULOUSE-BLAGNAC,2024020307,0,4.8,99
TOULOUSE-BLAGNAC,2024020308,0,5.3,99
TOULOUSE-BLAGNAC,2024020309,0,6.2,99
TOULOUSE-BLAGNAC,2024020310,0,6.8,99
TOULOUSE-BLAGNAC,2024020311,0,7.3,99
TOULOUSE-BLAGNAC,2024020312,0,7.7,99
TOULOUSE-BLAGNAC,2024020313,0,8,97
TOULOUSE-BLAGNAC,2024020314,0,8.1,96
TOULOUSE-BLAGNAC,2024020315,0,8.1,94
TOULOUSE-BLAGNAC,2024020316,0,8.1,92
TOULOUSE-BLAGNAC,2024020317,0,8,93
TOULOUSE-BLAGNAC,2024020318,0,7.5,95
TOULOUSE-BLAGNAC,2024020319,0,6.9,95
TOULOUSE-BLAGNAC,2024020320,0,6.4,96
TOULOUSE-BLAGNAC,2024020321,0,6.2,97
TOULOUSE-BLAGNAC,2024020322,0,6.1,97
TOULOUSE-BLAGNAC,2024020323,0,5.7,98
TOULOUSE-BLAGNAC,2024020400,0,5.7,98
TOULOUSE-BLAGNAC,2024020401,0,5.5,98
TOULOUSE-BLAGNAC,2024020402,0,5,97
TOULOUSE-BLAGNAC,2024020403,0,4.9,97
TOULOUSE-BLAGNAC,2024020404,0,4.8,97
TOULOUSE-BLAGNAC,2024020405,0,4.8,98
TOULOUSE-BLAGNAC,2024020406,0,4.3,98
TOULOUSE-BLAGNAC,2024020407,0,4.6,98
TOULOUSE-BLAGNAC,2024020408,0,4.6,99
TOULOUSE-BLAGNAC,2024020409,0,4.8,99
TOULOUSE-BLAGNAC,2024020410,0,5.2,99
TOULOUSE-BLAGNAC,2024020411,0,5.3,99
TOULOUSE-BLAGNAC,2024020412,0,5.9,98
TOULOUSE-BLAGNAC,2024020413,0,6.6,96
TOULOUSE-BLAGNAC,2024020414,0,6.6,94
TOULOUSE-BLAGNAC,2024020415,0,6.5,93
TOULOUSE-BLAGNAC,2024020416,0,6.6,94
TOULOUSE-BLAGNAC,2024020417,0,6.2,95
TOULOUSE-BLAGNAC,2024020418,0,5.6,97
TOULOUSE-BLAGNAC,2024020419,0,5.2,98
TOULOUSE-BLAGNAC,2024020420,0,5,98
TOULOUSE-BLAGNAC,2024020421,0,5,98
TOULOUSE-BLAGNAC,2024020422,0,4.7,98
TOULOUSE-BLAGNAC,2024020423,0,4.5,98
TOULOUSE-BLAGNAC,2024020500,0,4.3,98
TOULOUSE-BLAGNAC,2024020501,0,4,99
TOULOUSE-BLAGNAC,2024020502,0,3.9,99
TOULOUSE-BLAGNAC,2024020503,0,3.6,99
TOULOUSE-BLAGNAC,2024020504,0,3.6,99
TOULOUSE-BLAGNAC,2024020505,0,3.2,99
TOULOUSE-BLAGNAC,2024020506,0,2.9,99
TOULOUSE-BLAGNAC,2024020507,0,2.6,99
TOULOUSE-BLAGNAC,2024020508,0,2.7,99
TOULOUSE-BLAGNAC,2024020509,0,2.9,99
TOULOUSE-BLAGNAC,2024020510,0,3.2,99
TOULOUSE-BLAGNAC,2024020511,0,3.8,97
TOULOUSE-BLAGNAC,2024020512,0,4.6,93
TOULOUSE-BLAGNAC,2024020513,0,,90
TOULOUSE-BLAGNAC,2024020514,0,6.1,86
TOULOUSE-BLAGNAC,2024020515,0,6,86
TOULOUSE-BLAGNAC,2024020516,0,5.4,89
TOULOUSE-BLAGNAC,2024020517,0,5.4,93
TOULOUSE-BLAGNAC,2024020518,0,5.3,96
TOULOUSE-BLAGNAC,2024020519,0,5.5,94
TOULOUSE-BLAGNAC,2024020520,0,5.1,93
TOULOUSE-BLAGNAC,2024020521,0,5.3,94
TOULOUSE-BLAGNAC,2024020522,0,5.3,95
TOULOUSE-BLAGNAC,2024020523,0,5.3,96
TOULOUSE-BLAGNAC,2024020600,0,5.3,95
TOULOUSE-BLAGNAC,2024020601,0,5.2,96
TOULOUSE-BLAGNAC,2024020602,0,5.1,97
TOULOUSE-BLAGNAC,2024020603,0,5.2,97
TOULOUSE-BLAGNAC,2024020604,0,4.8,93
TOULOUSE-BLAGNAC,2024020605,0,4.7,95
TOULOUSE-BLAGNAC,2024020606,0,4.7,95
TOULOUSE-BLAGNAC,2024020607,0,4.6,94
TOULOUSE-BLAGNAC,2024020608,0,4.6,94
TOULOUSE-BLAGNAC,2024020609,0,5.1,92
TOULOUSE-BLAGNAC,2024020610,0,5.6,87
TOULOUSE-BLAGNAC,2024020611,0,6.1,84
TOULOUSE-BLAGNAC,2024020612,0,7.4,80
TOULOUSE-BLAGNAC,2024020613,0,8.7,76
TOULOUSE-BLAGNAC,2024020614,0,9.7,72
TOULOUSE-BLAGNAC,2024020615,0,9.9,70
TOULOUSE-BLAGNAC,2024020616,0,9.8,73
TOULOUSE-BLAGNAC,2024020617,0,9.3,76
TOULOUSE-BLAGNAC,2024020618,0,9.2,76
TOULOUSE-BLAGNAC,2024020619,0,9,77
TOULOUSE-BLAGNAC,2024020620,0,8.5,81
TOULOUSE-BLAGNAC,2024020621,0,8.2,80
TOULOUSE-BLAGNAC,2024020622,0,7.6,83
TOULOUSE-BLAGNAC,2024020623,0,7.2,86
TOULOUSE-BLAGNAC,2024020700,0,6.5,87
TOULOUSE-BLAGNAC,2024020701,0,5.5,88
TOULOUSE-BLAGNAC,2024020702,0,3.6,93
TOULOUSE-BLAGNAC,2024020703,0,2.9,95
TOULOUSE-BLAGNAC,2024020704,0,2.4,95
TOULOUSE-BLAGNAC,2024020705,0,1.6,95
TOULOUSE-BLAGNAC,2024020706,0,1.2,96
TOULOUSE-BLAGNAC,2024020707,0,,97
TOULOUSE-BLAGNAC,2024020708,0,2,97
TOULOUSE-BLAGNAC,2024020709,0,4.6,90
TOULOUSE-BLAGNAC,2024020710,0,8.3,77
TOULOUSE-BLAGNAC,2024020711,0,11.2,68
TOULOUSE-BLAGNAC,2024020712,0,13.2,60
TOULOUSE-BLAGNAC,2024020713,0,14.2,55
TOULOUSE-BLAGNAC,2024020714,0,15.6,51
TOULOUSE-BLAGNAC,2024020715,0,16.1,49
TOULOUSE-BLAGNAC,2024020716,0,15.3,51
TOULOUSE-BLAGNAC,2024020717,0,13.6,59
TOULOUSE-BLAGNAC,2024020718,0,12.4,66
TOULOUSE-BLAGNAC,2024020719,0,11.8,74
TOULOUSE-BLAGNAC,2024020720,0,11,75
TOULOUSE-BLAGNAC,2024020721,0,11.4,76
TOULOUSE-BLAGNAC,2024020722,0,12.8,69
TOULOUSE-BLAGNAC,2024020723,0,12.3,72
TOULOUSE-BLAGNAC,2024020800,0,11.3,78
TOULOUSE-BLAGNAC,2024020801,0,11,81
TOULOUSE-BLAGNAC,2024020802,0,10.8,85
TOULOUSE-BLAGNAC,2024020803,0,11,86
TOULOUSE-BLAGNAC,2024020804,0,10.9,88
TOULOUSE-BLAGNAC,2024020805,0,10.7,86
TOULOUSE-BLAGNAC,2024020806,0,9.6,93
TOULOUSE-BLAGNAC,2024020807,0,8.1,95
TOULOUSE-BLAGNAC,2024020808,0,8.7,96
TOULOUSE-BLAGNAC,2024020809,0,11.9,78
TOULOUSE-BLAGNAC,2024020810,0,13.8,72
TOULOUSE-BLAGNAC,2024020811,0,16.7,61
TOULOUSE-BLAGNAC,2024020812,0,18.4,54
TOULOUSE-BLAGNAC,2024020813,0,18.2,51
TOULOUSE-BLAGNAC,2024020814,0,18.2,50
TOULOUSE-BLAGNAC,2024020815,0,17.9,45
TOULOUSE-BLAGNAC,2024020816,0,16.6,46
TOULOUSE-BLAGNAC,2024020817,0,15.1,50
TOULOUSE-BLAGNAC,2024020818,0,14.3,55
TOULOUSE-BLAGNAC,2024020819,0,13.8,58
TOULOUSE-BLAGNAC,2024020820,0,13.3,62
TOULOUSE-BLAGNAC,2024020821,0,12.6,68
TOULOUSE-BLAGNAC,2024020822,0,11.6,81
TOULOUSE-BLAGNAC,2024020823,0.2,11.3,87
TOULOUSE-BLAGNAC,2024020900,0,11.1,87
TOULOUSE-BLAGNAC,2024020901,0,11.4,84
TOULOUSE-BLAGNAC,2024020902,0,11.3,83
TOULOUSE-BLAGNAC,2024020903,0,11.3,83
TOULOUSE-BLAGNAC,2024020904,0,11.9,80
TOULOUSE-BLAGNAC,2024020905,0,12.1,78
TOULOUSE-BLAGNAC,2024020906,0,11.7,83
TOULOUSE-BLAGNAC,2024020907,0,11.7,82
TOULOUSE-BLAGNAC,2024020908,0,11.4,85
TOULOUSE-BLAGNAC,2024020909,0,12.3,83
TOULOUSE-BLAGNAC,2024020910,0,12.9,81
TOULOUSE-BLAGNAC,2024020911,0,13.1,84
TOULOUSE-BLAGNAC,2024020912,0.2,14.3,75
TOULOUSE-BLAGNAC,2024020913,0,15.7,67
TOULOUSE-BLAGNAC,2024020914,0,16.5,63
TOULOUSE-BLAGNAC,2024020915,0,16.3,63
TOULOUSE-BLAGNAC,2024020916,0,15.4,64
TOULOUSE-BLAGNAC,2024020917,0,14.3,71
TOULOUSE-BLAGNAC,2024020918,0,13,75
TOULOUSE-BLAGNAC,2024020919,0,12.9,75
TOULOUSE-BLAGNAC,2024020920,0,12.9,72
TOULOUSE-BLAGNAC,2024020921,0,12.4,74
TOULOUSE-BLAGNAC,2024020922,0,12.1,72
TOULOUSE-BLAGNAC,2024020923,0,11.8,74
TOULOUSE-BLAGNAC,2024021000,0,11.3,78
TOULOUSE-BLAGNAC,2024021001,0,10.7,81
TOULOUSE-BLAGNAC,2024021002,0,10.3,85
TOULOUSE-BLAGNAC,2024021003,0,10.5,85
TOULOUSE-BLAGNAC,2024021004,0.2,10.8,90
TOULOUSE-BLAGNAC,2024021005,2.4,10,94
TOULOUSE-BLAGNAC,2024021006,1.2,10.3,89
TOULOUSE-BLAGNAC,2024021007,0.6,9.2,92
TOULOUSE-BLAGNAC,2024021008,0.6,8.6,88
TOULOUSE-BLAGNAC,2024021009,0.4,8.4,89
TOULOUSE-BLAGNAC,2024021010,0.7,8.7,89
TOULOUSE-BLAGNAC,2024021011,0.2,9.1,88
TOULOUSE-BLAGNAC,2024021012,0,10.1,82
TOULOUSE-BLAGNAC,2024021013,0,10.6,78
TOULOUSE-BLAGNAC,2024021014,1.2,8.3,84
TOULOUSE-BLAGNAC,2024021015,0,9.4,76
TOULOUSE-BLAGNAC,2024021016,1,8.9,87
TOULOUSE-BLAGNAC,2024021017,0,8.5,80
TOULOUSE-BLAGNAC,2024021018,0,7.8,79
TOULOUSE-BLAGNAC,2024021019,0,7.2,84
TOULOUSE-BLAGNAC,2024021020,0,7.1,84
TOULOUSE-BLAGNAC,2024021021,0,7.5,84
TOULOUSE-BLAGNAC,2024021022,0,7.2,86
TOULOUSE-BLAGNAC,2024021023,0,7.6,84
TOULOUSE-BLAGNAC,2024021100,0.4,6.8,89
TOULOUSE-BLAGNAC,2024021101,0.4,6.8,88
TOULOUSE-BLAGNAC,2024021102,0.2,7,91
TOULOUSE-BLAGNAC,2024021103,0,7.1,86
TOULOUSE-BLAGNAC,2024021104,0,7.1,86
TOULOUSE-BLAGNAC,2024021105,0,6.9,84
TOULOUSE-BLAGNAC,2024021106,0,6.8,84
TOULOUSE-BLAGNAC,2024021107,0,6.7,85
TOULOUSE-BLAGNAC,2024021108,0,7,83
TOULOUSE-BLAGNAC,2024021109,0,8.3,77
TOULOUSE-BLAGNAC,2024021110,0,8.8,76
TOULOUSE-BLAGNAC,2024021111,0,10,72
TOULOUSE-BLAGNAC,2024021112,0,10.6,69
TOULOUSE-BLAGNAC,2024021113,0,10.6,69
TOULOUSE-BLAGNAC,2024021114,0,10.8,66
TOULOUSE-BLAGNAC,2024021115,0,11.1,66
TOULOUSE-BLAGNAC,2024021116,0,11,67
TOULOUSE-BLAGNAC,2024021117,0,9.6,72
TOULOUSE-BLAGNAC,2024021118,0,,77
TOULOUSE-BLAGNAC,2024021119,0,8.4,81
TOULOUSE-BLAGNAC,2024021120,0,7.2,84
TOULOUSE-BLAGNAC,2024021121,0,6.6,84
TOULOUSE-BLAGNAC,2024021122,0,5.7,88
TOULOUSE-BLAGNAC,2024021123,0,5.5,87
TOULOUSE-BLAGNAC,2024021200,0,4.4,91
TOULOUSE-BLAGNAC,2024021201,0,4.3,92
TOULOUSE-BLAGNAC,2024021202,0,4.6,93
TOULOUSE-BLAGNAC,2024021203,0,4.6,94
TOULOUSE-BLAGNAC,2024021204,0,4.7,93
TOULOUSE-BLAGNAC,2024021205,0,5,93
TOULOUSE-BLAGNAC,2024021206,0,5.2,93
TOULOUSE-BLAGNAC,2024021207,0,5.6,90
TOULOUSE-BLAGNAC,2024021208,0,5.7,89
TOULOUSE-BLAGNAC,2024021209,0,7.9,79
TOULOUSE-BLAGNAC,2024021210,0,9.7,72
TOULOUSE-BLAGNAC,2024021211,0,10.9,67
TOULOUSE-BLAGNAC,2024021212,0.5,,74
TOULOUSE-BLAGNAC,2024021213,0.2,11.4,81
TOULOUSE-BLAGNAC,2024021214,0.2,12.5,79
TOULOUSE-BLAGNAC,2024021215,0.4,11.7,84
TOULOUSE-BLAGNAC,2024021216,1,10.7,92
TOULOUSE-BLAGNAC,2024021217,1.4,10.2,93
TOULOUSE-BLAGNAC,2024021218,0.2,10.1,91
TOULOUSE-BLAGNAC,2024021219,0.6,9.2,96
TOULOUSE-BLAGNAC,2024021220,1,8.7,95
TOULOUSE-BLAGNAC,2024021221,0,8.6,92
TOULOUSE-BLAGNAC,2024021222,0,8.5,92
TOULOUSE-BLAGNAC,2024021223,0,8.5,94
TOULOUSE-BLAGNAC,2024021300,0,8,94
TOULOUSE-BLAGNAC,2024021301,0,7.4,93
TOULOUSE-BLAGNAC,2024021302,0,6.1,97
TOULOUSE-BLAGNAC,2024021303,0,6.4,99
TOULOUSE-BLAGNAC,2024021304,0,6,97
TOULOUSE-BLAGNAC,2024021305,0,6.5,98
TOULOUSE-BLAGNAC,2024021306,0,6,97
TOULOUSE-BLAGNAC,2024021307,0,4,97
TOULOUSE-BLAGNAC,2024021308,0,6.3,99
TOULOUSE-BLAGNAC,2024021309,0,8.1,89
TOULOUSE-BLAGNAC,2024021310,0,10.4,78
TOULOUSE-BLAGNAC,2024021311,0,12.1,71
TOULOUSE-BLAGNAC,2024021312,0,13.2,62
TOULOUSE-BLAGNAC,2024021313,0,14.4,56
TOULOUSE-BLAGNAC,2024021314,0,16.1,51
TOULOUSE-BLAGNAC,2024021315,0,16.9,49
TOULOUSE-BLAGNAC,2024021316,0,16.9,49
TOULOUSE-BLAGNAC,2024021317,0,15.4,51
TOULOUSE-BLAGNAC,2024021318,0,13.8,61
TOULOUSE-BLAGNAC,2024021319,0,12.5,69
TOULOUSE-BLAGNAC,2024021320,0,10.7,73
TOULOUSE-BLAGNAC,2024021321,0,9.1,83
TOULOUSE-BLAGNAC,2024021322,0,8.1,81
TOULOUSE-BLAGNAC,2024021323,0,7.3,88
TOULOUSE-BLAGNAC,2024021400,0,6.5,93
TOULOUSE-BLAGNAC,2024021401,0,6.4,95
TOULOUSE-BLAGNAC,2024021402,0,5.8,96
TOULOUSE-BLAGNAC,2024021403,0,4.9,96
TOULOUSE-BLAGNAC,2024021404,0,5.1,96
TOULOUSE-BLAGNAC,2024021405,0,4.4,96
TOULOUSE-BLAGNAC,2024021406,0,4.1,97
TOULOUSE-BLAGNAC,2024021407,0,3.9,96
TOULOUSE-BLAGNAC,2024021408,0,5.7,98
TOULOUSE-BLAGNAC,2024021409,0,8.1,87
TOULOUSE-BLAGNAC,2024021410,0,11.4,72
TOULOUSE-BLAGNAC,2024021411,0,14.4,60
TOULOUSE-BLAGNAC,2024021412,0,16.6,51
TOULOUSE-BLAGNAC,2024021413,0,18.6,51
TOULOUSE-BLAGNAC,2024021414,0,19.8,50
TOULOUSE-BLAGNAC,2024021415,0,20.1,48
TOULOUSE-BLAGNAC,2024021416,0,19,51
TOULOUSE-BLAGNAC,2024021417,0,17.9,54
TOULOUSE-BLAGNAC,2024021418,0,16.3,60
TOULOUSE-BLAGNAC,2024021419,0,15.1,64
TOULOUSE-BLAGNAC,2024021420,0,14.5,60
TOULOUSE-BLAGNAC,2024021421,0,12.5,66
TOULOUSE-BLAGNAC,2024021422,0,12.7,63
TOULOUSE-BLAGNAC,2024021423,0,12.3,64
TOULOUSE-BLAGNAC,2024021500,0,12.4,63
TOULOUSE-BLAGNAC,2024021501,0,11.7,74
TOULOUSE-BLAGNAC,2024021502,0,11.6,79
TOULOUSE-BLAGNAC,2024021503,0,11.5,77
TOULOUSE-BLAGNAC,2024021504,0,11.4,81
TOULOUSE-BLAGNAC,2024021505,0,11.4,86
TOULOUSE-BLAGNAC,2024021506,0,11.6,87
TOULOUSE-BLAGNAC,2024021507,0,11.8,88
TOULOUSE-BLAGNAC,2024021508,0,12.7,85
TOULOUSE-BLAGNAC,2024021509,0,13.2,85
TOULOUSE-BLAGNAC,2024021510,0,14.2,82
TOULOUSE-BLAGNAC,2024021511,0,15.1,78
TOULOUSE-BLAGNAC,2024021512,0,15.1,78
TOULOUSE-BLAGNAC,2024021513,0,15.2,78
TOULOUSE-BLAGNAC,2024021514,0,14.8,80
TOULOUSE-BLAGNAC,2024021515,0,14.9,79
TOULOUSE-BLAGNAC,2024021516,0,14.6,79
TOULOUSE-BLAGNAC,2024021517,0,13.9,80
TOULOUSE-BLAGNAC,2024021518,0,13.5,80
TOULOUSE-BLAGNAC,2024021519,0,13.5,77
TOULOUSE-BLAGNAC,2024021520,0,13.4,77
TOULOUSE-BLAGNAC,2024021521,0,13.2,77
TOULOUSE-BLAGNAC,2024021522,0,13.1,79
TOULOUSE-BLAGNAC,2024021523,0,13.2,79
TOULOUSE-BLAGNAC,2024021600,0,12.7,83
TOULOUSE-BLAGNAC,2024021601,0,12.8,84
TOULOUSE-BLAGNAC,2024021602,0,12.7,83
TOULOUSE-BLAGNAC,2024021603,0,12.5,85
TOULOUSE-BLAGNAC,2024021604,2,11.7,94
TOULOUSE-BLAGNAC,2024021605,4.5,11.5,96
TOULOUSE-BLAGNAC,2024021606,3.4,11.7,94
TOULOUSE-BLAGNAC,2024021607,4.2,11.5,96
TOULOUSE-BLAGNAC,2024021608,2,11.9,96
TOULOUSE-BLAGNAC,2024021609,0.8,12.3,95
TOULOUSE-BLAGNAC,2024021610,0.8,12.7,94
TOULOUSE-BLAGNAC,2024021611,0.3,12,94
TOULOUSE-BLAGNAC,2024021612,0.2,12.7,91
TOULOUSE-BLAGNAC,2024021613,0,13,86
TOULOUSE-BLAGNAC,2024021614,0,13,86
TOULOUSE-BLAGNAC,2024021615,0.2,11.9,91
TOULOUSE-BLAGNAC,2024021616,0.6,11.6,93
TOULOUSE-BLAGNAC,2024021617,0.6,11.4,93
TOULOUSE-BLAGNAC,2024021618,1.6,10.9,93
TOULOUSE-BLAGNAC,2024021619,1,10.8,94
TOULOUSE-BLAGNAC,2024021620,0.2,11,94
TOULOUSE-BLAGNAC,2024021621,0.8,10.6,95
TOULOUSE-BLAGNAC,2024021622,0.4,10.1,90
TOULOUSE-BLAGNAC,2024021623,0.4,9.9,88
TOULOUSE-BLAGNAC,2024021700,0,10.1,87
TOULOUSE-BLAGNAC,2024021701,0,9.9,90
TOULOUSE-BLAGNAC,2024021702,0,9.8,91
TOULOUSE-BLAGNAC,2024021703,0,9.6,91
TOULOUSE-BLAGNAC,2024021704,0,9.3,91
TOULOUSE-BLAGNAC,2024021705,0,9.1,91
TOULOUSE-BLAGNAC,2024021706,0,9,90
TOULOUSE-BLAGNAC,2024021707,0,9,90
TOULOUSE-BLAGNAC,2024021708,0,9.2,89
TOULOUSE-BLAGNAC,2024021709,0,10.1,87
TOULOUSE-BLAGNAC,2024021710,0,11.3,80
TOULOUSE-BLAGNAC,2024021711,0,12.2,76
TOULOUSE-BLAGNAC,2024021712,0,13.2,57
TOULOUSE-BLAGNAC,2024021713,0,13.2,61
TOULOUSE-BLAGNAC,2024021714,0,13.9,54
TOULOUSE-BLAGNAC,2024021715,0,13.3,55
TOULOUSE-BLAGNAC,2024021716,0,13.2,58
TOULOUSE-BLAGNAC,2024021717,0,12.2,61
TOULOUSE-BLAGNAC,2024021718,0,10.3,66
TOULOUSE-BLAGNAC,2024021719,0,9.6,72
TOULOUSE-BLAGNAC,2024021720,0,8.5,74
TOULOUSE-BLAGNAC,2024021721,0,8.1,78
TOULOUSE-BLAGNAC,2024021722,0,6.7,86
TOULOUSE-BLAGNAC,2024021723,0,5.6,90
TOULOUSE-BLAGNAC,2024021800,0,4.7,90
TOULOUSE-BLAGNAC,2024021801,0,4.5,94
TOULOUSE-BLAGNAC,2024021802,0,4.2,93
TOULOUSE-BLAGNAC,2024021803,0,3.9,94
TOULOUSE-BLAGNAC,2024021804,0,3.2,95
TOULOUSE-BLAGNAC,2024021805,0,3.3,95
TOULOUSE-BLAGNAC,2024021806,0,3.2,96
TOULOUSE-BLAGNAC,2024021807,0,3,95
TOULOUSE-BLAGNAC,2024021808,0,4.8,97
TOULOUSE-BLAGNAC,2024021809,0,7.6,87
TOULOUSE-BLAGNAC,2024021810,0,9.3,79
TOULOUSE-BLAGNAC,2024021811,0,11.3,72
TOULOUSE-BLAGNAC,2024021812,0,12.6,66
TOULOUSE-BLAGNAC,2024021813,0,14.1,64
TOULOUSE-BLAGNAC,2024021814,0,13.9,62
TOULOUSE-BLAGNAC,2024021815,0,14.6,58
TOULOUSE-BLAGNAC,2024021816,0,13.6,61
TOULOUSE-BLAGNAC,2024021817,0,12.2,65
TOULOUSE-BLAGNAC,2024021818,0,11.7,69
TOULOUSE-BLAGNAC,2024021819,0,11.5,70
TOULOUSE-BLAGNAC,2024021820,0,11.6,73
TOULOUSE-BLAGNAC,2024021821,0,11.2,80
TOULOUSE-BLAGNAC,2024021822,0,11.6,74
TOULOUSE-BLAGNAC,2024021823,0,11.1,77
TOULOUSE-BLAGNAC,2024021900,0,11.5,73
TOULOUSE-BLAGNAC,2024021901,0,11.4,73
TOULOUSE-BLAGNAC,2024021902,0,11.1,76
TOULOUSE-BLAGNAC,2024021903,0,10.5,79
TOULOUSE-BLAGNAC,2024021904,0.4,9,94
TOULOUSE-BLAGNAC,2024021905,0.2,9,95
TOULOUSE-BLAGNAC,2024021906,0.2,9.1,97
TOULOUSE-BLAGNAC,2024021907,0,9.5,98
TOULOUSE-BLAGNAC,2024021908,0,10.3,98
TOULOUSE-BLAGNAC,2024021909,0,11.1,95
TOULOUSE-BLAGNAC,2024021910,0,11.4,93
TOULOUSE-BLAGNAC,2024021911,0,11.8,89
TOULOUSE-BLAGNAC,2024021912,0,12.2,86
TOULOUSE-BLAGNAC,2024021913,0,12.4,85
TOULOUSE-BLAGNAC,2024021914,0,12.3,81
TOULOUSE-BLAGNAC,2024021915,0,12.4,80
TOULOUSE-BLAGNAC,2024021916,0,12.5,79
TOULOUSE-BLAGNAC,2024021917,0,12.5,72
TOULOUSE-BLAGNAC,2024021918,0,10.1,82
TOULOUSE-BLAGNAC,2024021919,0,9.7,85
TOULOUSE-BLAGNAC,2024021920,0,10.4,85
TOULOUSE-BLAGNAC,2024021921,0,10.2,85
TOULOUSE-BLAGNAC,2024021922,0,9.9,85
TOULOUSE-BLAGNAC,2024021923,0,9.4,89
TOULOUSE-BLAGNAC,2024022000,0,9.8,86
TOULOUSE-BLAGNAC,2024022001,0,9.5,85
TOULOUSE-BLAGNAC,2024022002,0,9.1,85
TOULOUSE-BLAGNAC,2024022003,0,8.7,85
TOULOUSE-BLAGNAC,2024022004,0,8.7,87
TOULOUSE-BLAGNAC,2024022005,0,8.4,84
TOULOUSE-BLAGNAC,2024022006,0,8.3,83
TOULOUSE-BLAGNAC,2024022007,0,8.4,81
TOULOUSE-BLAGNAC,2024022008,0,8.6,81
TOULOUSE-BLAGNAC,2024022009,0,9.4,76
TOULOUSE-BLAGNAC,2024022010,0,10.7,70
TOULOUSE-BLAGNAC,2024022011,0,11.7,69
TOULOUSE-BLAGNAC,2024022012,0,12.9,64
TOULOUSE-BLAGNAC,2024022013,0,12.5,64
TOULOUSE-BLAGNAC,2024022014,0,12.8,57
TOULOUSE-BLAGNAC,2024022015,0,12.8,58
TOULOUSE-BLAGNAC,2024022016,0,13.1,59
TOULOUSE-BLAGNAC,2024022017,0,12,64
TOULOUSE-BLAGNAC,2024022018,0,10.8,66
TOULOUSE-BLAGNAC,2024022019,0,9.9,68
TOULOUSE-BLAGNAC,2024022020,0,7.9,79
TOULOUSE-BLAGNAC,2024022021,0,7.2,82
TOULOUSE-BLAGNAC,2024022022,0,6.9,87
TOULOUSE-BLAGNAC,2024022023,0,6.1,89
TOULOUSE-BLAGNAC,2024022100,0,6,90
TOULOUSE-BLAGNAC,2024022101,0,5.4,92
TOULOUSE-BLAGNAC,2024022102,0,5.4,91
TOULOUSE-BLAGNAC,2024022103,0,4.5,93
TOULOUSE-BLAGNAC,2024022104,0,4,94
TOULOUSE-BLAGNAC,2024022105,0,3.4,95
TOULOUSE-BLAGNAC,2024022106,0,3,95
TOULOUSE-BLAGNAC,2024022107,0,3.3,97
TOULOUSE-BLAGNAC,2024022108,0,4.4,96
TOULOUSE-BLAGNAC,2024022109,0,6,91
TOULOUSE-BLAGNAC,2024022110,0,9.7,75
TOULOUSE-BLAGNAC,2024022111,0,12,69
TOULOUSE-BLAGNAC,2024022112,0,14.6,60
TOULOUSE-BLAGNAC,2024022113,0,15.4,52
TOULOUSE-BLAGNAC,2024022114,0,16.2,49
TOULOUSE-BLAGNAC,2024022115,0,16.3,46
TOULOUSE-BLAGNAC,2024022116,0,15.7,54
TOULOUSE-BLAGNAC,2024022117,0,15.4,54
TOULOUSE-BLAGNAC,2024022118,0,14.6,60
TOULOUSE-BLAGNAC,2024022119,0,13.7,63
TOULOUSE-BLAGNAC,2024022120,0,13.9,64
TOULOUSE-BLAGNAC,2024022121,0,13.2,62
TOULOUSE-BLAGNAC,2024022122,0,12.4,63
TOULOUSE-BLAGNAC,2024022123,0,11.9,63
TOULOUSE-BLAGNAC,2024022200,0,11,61
TOULOUSE-BLAGNAC,2024022201,0,10.9,57
TOULOUSE-BLAGNAC,2024022202,0,11.6,56
TOULOUSE-BLAGNAC,2024022203,0,11.8,55
TOULOUSE-BLAGNAC,2024022204,0,12,53
TOULOUSE-BLAGNAC,2024022205,0,11.5,54
TOULOUSE-BLAGNAC,2024022206,0,11.1,62
TOULOUSE-BLAGNAC,2024022207,0,10.8,65
TOULOUSE-BLAGNAC,2024022208,0,11.4,69
TOULOUSE-BLAGNAC,2024022209,0,12.1,72
TOULOUSE-BLAGNAC,2024022210,0,13.9,65
TOULOUSE-BLAGNAC,2024022211,0,13.9,68
TOULOUSE-BLAGNAC,2024022212,0,13.9,67
TOULOUSE-BLAGNAC,2024022213,0,13.7,70
TOULOUSE-BLAGNAC,2024022214,0,13.8,71
TOULOUSE-BLAGNAC,2024022215,0,13.6,76
TOULOUSE-BLAGNAC,2024022216,0,13.8,77
TOULOUSE-BLAGNAC,2024022217,0.6,11.3,76
TOULOUSE-BLAGNAC,2024022218,0,10.6,77
TOULOUSE-BLAGNAC,2024022219,0,9.6,78
TOULOUSE-BLAGNAC,2024022220,0,9,68
TOULOUSE-BLAGNAC,2024022221,0,8.7,75
TOULOUSE-BLAGNAC,2024022222,0,8.3,78
TOULOUSE-BLAGNAC,2024022223,0,7.5,80
TOULOUSE-BLAGNAC,2024022300,0,6.4,84
TOULOUSE-BLAGNAC,2024022301,0,5.7,84
TOULOUSE-BLAGNAC,2024022302,0,6.7,81
TOULOUSE-BLAGNAC,2024022303,0,6.3,81
TOULOUSE-BLAGNAC,2024022304,0,6.1,80
TOULOUSE-BLAGNAC,2024022305,0,5.9,81
TOULOUSE-BLAGNAC,2024022306,0,6.1,78
TOULOUSE-BLAGNAC,2024022307,0,6.2,80
TOULOUSE-BLAGNAC,2024022308,0,6,82
TOULOUSE-BLAGNAC,2024022309,0,8.1,72
TOULOUSE-BLAGNAC,2024022310,0,7.4,78
TOULOUSE-BLAGNAC,2024022311,0.4,7.2,84
TOULOUSE-BLAGNAC,2024022312,0.6,6.5,87
TOULOUSE-BLAGNAC,2024022313,0,8.9,74
TOULOUSE-BLAGNAC,2024022314,0,,74
TOULOUSE-BLAGNAC,2024022315,0.1,8.8,73
TOULOUSE-BLAGNAC,2024022316,0,8.9,67
TOULOUSE-BLAGNAC,2024022317,0,,70
TOULOUSE-BLAGNAC,2024022318,0,7.4,72
TOULOUSE-BLAGNAC,2024022319,0,7.3,77
TOULOUSE-BLAGNAC,2024022320,0,7,73
TOULOUSE-BLAGNAC,2024022321,0,6.8,74
TOULOUSE-BLAGNAC,2024022322,0,6.6,74
TOULOUSE-BLAGNAC,2024022323,0,5.9,77
TOULOUSE-BLAGNAC,2024022400,0,6.2,75
TOULOUSE-BLAGNAC,2024022401,0,5.5,77
TOULOUSE-BLAGNAC,2024022402,0,4.9,81
TOULOUSE-BLAGNAC,2024022403,0,4.8,85
TOULOUSE-BLAGNAC,2024022404,0,4.2,86
TOULOUSE-BLAGNAC,2024022405,0,4.3,88
TOULOUSE-BLAGNAC,2024022406,0,4.9,86
TOULOUSE-BLAGNAC,2024022407,0,4.8,89
TOULOUSE-BLAGNAC,2024022408,0.4,4.8,89
TOULOUSE-BLAGNAC,2024022409,0,6,83
TOULOUSE-BLAGNAC,2024022410,0,6.2,86
TOULOUSE-BLAGNAC,2024022411,0,7.8,75
TOULOUSE-BLAGNAC,2024022412,0,8.1,75
TOULOUSE-BLAGNAC,2024022413,0,8.9,69
TOULOUSE-BLAGNAC,2024022414,0,9.1,65
TOULOUSE-BLAGNAC,2024022415,0,9.8,61
TOULOUSE-BLAGNAC,2024022416,0,10,61
TOULOUSE-BLAGNAC,2024022417,0,,66
TOULOUSE-BLAGNAC,2024022418,0,7.4,71
TOULOUSE-BLAGNAC,2024022419,0,6.5,76
TOULOUSE-BLAGNAC,2024022420,0,6.5,76
TOULOUSE-BLAGNAC,2024022421,0,6.8,74
TOULOUSE-BLAGNAC,2024022422,0,6.9,76
TOULOUSE-BLAGNAC,2024022423,0,6,81
TOULOUSE-BLAGNAC,2024022500,0,5.8,81
TOULOUSE-BLAGNAC,2024022501,0,5.6,79
TOULOUSE-BLAGNAC,2024022502,0,4.1,83
TOULOUSE-BLAGNAC,2024022503,0,3.9,85
TOULOUSE-BLAGNAC,2024022504,0,3.8,84
TOULOUSE-BLAGNAC,2024022505,0,4.2,86
TOULOUSE-BLAGNAC,2024022506,0,5.7,73
TOULOUSE-BLAGNAC,2024022507,0,5.4,82
TOULOUSE-BLAGNAC,2024022508,0.4,5.8,84
TOULOUSE-BLAGNAC,2024022509,0.6,6.1,86
TOULOUSE-BLAGNAC,2024022510,1.2,6.4,89
TOULOUSE-BLAGNAC,2024022511,2,6.6,91
TOULOUSE-BLAGNAC,2024022512,1.4,7.2,92
TOULOUSE-BLAGNAC,2024022513,1.9,7.7,93
TOULOUSE-BLAGNAC,2024022514,1,8.4,93
TOULOUSE-BLAGNAC,2024022515,0.8,9,94
TOULOUSE-BLAGNAC,2024022516,0.4,8.8,92
TOULOUSE-BLAGNAC,2024022517,1,8.5,94
TOULOUSE-BLAGNAC,2024022518,1,8.3,95
TOULOUSE-BLAGNAC,2024022519,2.2,8.1,96
TOULOUSE-BLAGNAC,2024022520,3,8.1,96
TOULOUSE-BLAGNAC,2024022521,4.1,8,95
TOULOUSE-BLAGNAC,2024022522,1.8,8.3,96
TOULOUSE-BLAGNAC,2024022523,0.8,8.6,95
TOULOUSE-BLAGNAC,2024022600,0,8.3,96
TOULOUSE-BLAGNAC,2024022601,0,8.6,94
TOULOUSE-BLAGNAC,2024022602,0,7,93
TOULOUSE-BLAGNAC,2024022603,0,6.7,93
TOULOUSE-BLAGNAC,2024022604,0,9.5,79
TOULOUSE-BLAGNAC,2024022605,0,10.4,75
TOULOUSE-BLAGNAC,2024022606,0,9.8,77
TOULOUSE-BLAGNAC,2024022607,0,9.4,73
TOULOUSE-BLAGNAC,2024022608,0,10.3,68
TOULOUSE-BLAGNAC,2024022609,0,11.3,64
TOULOUSE-BLAGNAC,2024022610,0,12.3,58
TOULOUSE-BLAGNAC,2024022611,0,12.9,53
TOULOUSE-BLAGNAC,2024022612,0,13.7,54
TOULOUSE-BLAGNAC,2024022613,0,14.2,52
TOULOUSE-BLAGNAC,2024022614,0,14.5,48
TOULOUSE-BLAGNAC,2024022615,0,13.8,53
TOULOUSE-BLAGNAC,2024022616,0,12.8,58
TOULOUSE-BLAGNAC,2024022617,0,10.6,68
TOULOUSE-BLAGNAC,2024022618,0,9.2,80
TOULOUSE-BLAGNAC,2024022619,0,9.3,79
TOULOUSE-BLAGNAC,2024022620,0.2,8.6,91
TOULOUSE-BLAGNAC,2024022621,0.2,8.5,92
TOULOUSE-BLAGNAC,2024022622,0.2,8.3,93
TOULOUSE-BLAGNAC,2024022623,0,8.3,94
TOULOUSE-BLAGNAC,2024022700,0,7.7,91
TOULOUSE-BLAGNAC,2024022701,0,7.1,91
TOULOUSE-BLAGNAC,2024022702,0,6.5,93
TOULOUSE-BLAGNAC,2024022703,0,6.1,93
TOULOUSE-BLAGNAC,2024022704,0.2,5.8,96
TOULOUSE-BLAGNAC,2024022705,0.4,5.7,96
TOULOUSE-BLAGNAC,2024022706,1.4,5.8,96
TOULOUSE-BLAGNAC,2024022707,0,6.1,97
TOULOUSE-BLAGNAC,2024022708,0.2,6.6,96
TOULOUSE-BLAGNAC,2024022709,0,6.8,96
TOULOUSE-BLAGNAC,2024022710,0,7.2,94
TOULOUSE-BLAGNAC,2024022711,0,7.3,93
TOULOUSE-BLAGNAC,2024022712,0.2,7.7,92
TOULOUSE-BLAGNAC,2024022713,0,8.2,89
TOULOUSE-BLAGNAC,2024022714,0,7.7,91
TOULOUSE-BLAGNAC,2024022715,0,7.5,89
TOULOUSE-BLAGNAC,2024022716,0,7.3,89
TOULOUSE-BLAGNAC,2024022717,0,6.9,91
TOULOUSE-BLAGNAC,2024022718,0,7,88
TOULOUSE-BLAGNAC,2024022719,0,6.7,86
TOULOUSE-BLAGNAC,2024022720,0,6.6,84
TOULOUSE-BLAGNAC,2024022721,0,6.7,83
TOULOUSE-BLAGNAC,2024022722,0,7,81
TOULOUSE-BLAGNAC,2024022723,0,7.4,82
TOULOUSE-BLAGNAC,2024022800,0,7.5,82
TOULOUSE-BLAGNAC,2024022801,0,7.4,81
TOULOUSE-BLAGNAC,2024022802,0,7.1,82
TOULOUSE-BLAGNAC,2024022803,0,6.9,82
TOULOUSE-BLAGNAC,2024022804,0,6.6,81
TOULOUSE-BLAGNAC,2024022805,0,6.4,80
TOULOUSE-BLAGNAC,2024022806,0,6.3,81
TOULOUSE-BLAGNAC,2024022807,0,6,83
TOULOUSE-BLAGNAC,2024022808,0,6,81
TOULOUSE-BLAGNAC,2024022809,0,5.9,81
TOULOUSE-BLAGNAC,2024022810,0,7.8,73
TOULOUSE-BLAGNAC,2024022811,0,8.7,70
TOULOUSE-BLAGNAC,2024022812,0,11.1,58
TOULOUSE-BLAGNAC,2024022813,0,11.6,53
TOULOUSE-BLAGNAC,2024022814,0,11.9,50
TOULOUSE-BLAGNAC,2024022815,0,11.9,44
TOULOUSE-BLAGNAC,2024022816,0,11.8,43
TOULOUSE-BLAGNAC,2024022817,0,10.8,46
TOULOUSE-BLAGNAC,2024022818,0,9.6,54
TOULOUSE-BLAGNAC,2024022819,0,8.1,58
TOULOUSE-BLAGNAC,2024022820,0,7.8,59
TOULOUSE-BLAGNAC,2024022821,0,7.6,64
TOULOUSE-BLAGNAC,2024022822,0,7.1,69
TOULOUSE-BLAGNAC,2024022823,0,6.9,72
TOULOUSE-BLAGNAC,2024022900,0,7.2,74
TOULOUSE-BLAGNAC,2024022901,0,7.2,75
TOULOUSE-BLAGNAC,2024022902,0,5.2,80
TOULOUSE-BLAGNAC,2024022903,0,3,82
TOULOUSE-BLAGNAC,2024022904,0,2.1,84
TOULOUSE-BLAGNAC,2024022905,0,3.3,82
TOULOUSE-BLAGNAC,2024022906,0,3.8,75
TOULOUSE-BLAGNAC,2024022907,0,3.7,74
TOULOUSE-BLAGNAC,2024022908,0,5.8,64
TOULOUSE-BLAGNAC,2024022909,0,7.3,64
TOULOUSE-BLAGNAC,2024022910,0,10.7,57
TOULOUSE-BLAGNAC,2024022911,0,12.7,56
TOULOUSE-BLAGNAC,2024022912,0,12.8,55
TOULOUSE-BLAGNAC,2024022913,0,14.3,50
TOULOUSE-BLAGNAC,2024022914,0,14.6,53
TOULOUSE-BLAGNAC,2024022915,0,13.9,53
TOULOUSE-BLAGNAC,2024022916,0,13.7,56
TOULOUSE-BLAGNAC,2024022917,0,13.1,64
TOULOUSE-BLAGNAC,2024022918,0.4,11.1,85
TOULOUSE-BLAGNAC,2024022919,0.4,10.8,84
TOULOUSE-BLAGNAC,2024022920,0,9.7,84
TOULOUSE-BLAGNAC,2024022921,0.4,8.8,90
TOULOUSE-BLAGNAC,2024022922,0.4,8.6,90
TOULOUSE-BLAGNAC,2024022923,0.2,8.2,91
TOULOUSE-BLAGNAC,2024030100,0,8.1,89
TOULOUSE-BLAGNAC,2024030101,0,8,88
TOULOUSE-BLAGNAC,2024030102,0,7.9,91
TOULOUSE-BLAGNAC,2024030103,0.2,7.5,91
TOULOUSE-BLAGNAC,2024030104,0,7.1,90
TOULOUSE-BLAGNAC,2024030105,0,6.4,89
TOULOUSE-BLAGNAC,2024030106,0,6.2,90
TOULOUSE-BLAGNAC,2024030107,0,5.9,89
TOULOUSE-BLAGNAC,2024030108,0,7.1,83
TOULOUSE-BLAGNAC,2024030109,0,8.9,73
TOULOUSE-BLAGNAC,2024030110,0,10.8,68
TOULOUSE-BLAGNAC,2024030111,0,11,64
TOULOUSE-BLAGNAC,2024030112,0,12.6,58
TOULOUSE-BLAGNAC,2024030113,0,12.5,57
TOULOUSE-BLAGNAC,2024030114,0,13.1,57
TOULOUSE-BLAGNAC,2024030115,0,13.3,57
TOULOUSE-BLAGNAC,2024030116,0,13.1,57
TOULOUSE-BLAGNAC,2024030117,0,12.9,59
TOULOUSE-BLAGNAC,2024030118,0,11.9,62
TOULOUSE-BLAGNAC,2024030119,0,10.3,67
TOULOUSE-BLAGNAC,2024030120,0,8.5,76
TOULOUSE-BLAGNAC,2024030121,0,7.6,79
TOULOUSE-BLAGNAC,2024030122,0,7.8,82
TOULOUSE-BLAGNAC,2024030123,0,7.7,86
TOULOUSE-BLAGNAC,2024030200,0,8.5,78
TOULOUSE-BLAGNAC,2024030201,0,9.8,76
TOULOUSE-BLAGNAC,2024030202,0,9.4,80
TOULOUSE-BLAGNAC,2024030203,0,9,83
TOULOUSE-BLAGNAC,2024030204,0,6.7,87
TOULOUSE-BLAGNAC,2024030205,0,6.4,89
TOULOUSE-BLAGNAC,2024030206,0,6.4,89
TOULOUSE-BLAGNAC,2024030207,0,6.7,89
TOULOUSE-BLAGNAC,2024030208,0,8.1,86
TOULOUSE-BLAGNAC,2024030209,0,10,78
TOULOUSE-BLAGNAC,2024030210,0,10.3,75
TOULOUSE-BLAGNAC,2024030211,0,11.6,74
TOULOUSE-BLAGNAC,2024030212,0,12.6,72
TOULOUSE-BLAGNAC,2024030213,0,14.1,69
TOULOUSE-BLAGNAC,2024030214,0,13.3,67
TOULOUSE-BLAGNAC,2024030215,0,13,69
TOULOUSE-BLAGNAC,2024030216,0,12.7,69
TOULOUSE-BLAGNAC,2024030217,0,12.4,66
TOULOUSE-BLAGNAC,2024030218,0,11.7,74
TOULOUSE-BLAGNAC,2024030219,0,9.3,80
TOULOUSE-BLAGNAC,2024030220,0,8.4,80
TOULOUSE-BLAGNAC,2024030221,0.6,6.5,91
TOULOUSE-BLAGNAC,2024030222,1.8,5.7,91
TOULOUSE-BLAGNAC,2024030223,1.6,5.3,92
TOULOUSE-BLAGNAC,2024030300,1,4.2,91
TOULOUSE-BLAGNAC,2024030301,1.5,3.6,94
TOULOUSE-BLAGNAC,2024030302,1.2,4.8,94
TOULOUSE-BLAGNAC,2024030303,1,4.9,92
TOULOUSE-BLAGNAC,2024030304,0,5.1,91
TOULOUSE-BLAGNAC,2024030305,0,5.1,90
TOULOUSE-BLAGNAC,2024030306,0,5.4,88
TOULOUSE-BLAGNAC,2024030307,0,5.3,89
TOULOUSE-BLAGNAC,2024030308,0,5.7,88
TOULOUSE-BLAGNAC,2024030309,0,6.4,86
TOULOUSE-BLAGNAC,2024030310,0,7.5,80
TOULOUSE-BLAGNAC,2024030311,0,,74
TOULOUSE-BLAGNAC,2024030312,0,9.3,68
TOULOUSE-BLAGNAC,2024030313,0,10.2,61
TOULOUSE-BLAGNAC,2024030314,0,9,72
TOULOUSE-BLAGNAC,2024030315,0,9.6,70
TOULOUSE-BLAGNAC,2024030316,0,7.9,74
TOULOUSE-BLAGNAC,2024030317,0,,78
TOULOUSE-BLAGNAC,2024030318,0,6.5,81
TOULOUSE-BLAGNAC,2024030319,0,6.3,82
TOULOUSE-BLAGNAC,2024030320,0,6.3,78
TOULOUSE-BLAGNAC,2024030321,0,5.8,83
TOULOUSE-BLAGNAC,2024030322,0,5.1,85
TOULOUSE-BLAGNAC,2024030323,0,4.5,88
TOULOUSE-BLAGNAC,2024030400,0,4.1,87
TOULOUSE-BLAGNAC,2024030401,0,4,87
TOULOUSE-BLAGNAC,2024030402,0,3.9,88
TOULOUSE-BLAGNAC,2024030403,0,3.6,88
TOULOUSE-BLAGNAC,2024030404,0,3.6,88
TOULOUSE-BLAGNAC,2024030405,0,2.9,89
TOULOUSE-BLAGNAC,2024030406,0,1.3,91
TOULOUSE-BLAGNAC,2024030407,0,1.4,95
TOULOUSE-BLAGNAC,2024030408,0,3.9,89
TOULOUSE-BLAGNAC,2024030409,0,,78
TOULOUSE-BLAGNAC,2024030410,0,9,67
TOULOUSE-BLAGNAC,2024030411,0,10.4,52
TOULOUSE-BLAGNAC,2024030412,0,11.6,46
TOULOUSE-BLAGNAC,2024030413,0,11.4,42
TOULOUSE-BLAGNAC,2024030414,0,11.5,43
TOULOUSE-BLAGNAC,2024030415,0,11.6,40
TOULOUSE-BLAGNAC,2024030416,0,11.3,47
TOULOUSE-BLAGNAC,2024030417,0,11.1,49
TOULOUSE-BLAGNAC,2024030418,0.2,9.5,58
TOULOUSE-BLAGNAC,2024030419,1.2,8,78
TOULOUSE-BLAGNAC,2024030420,0.6,7.6,85
TOULOUSE-BLAGNAC,2024030421,0,7.8,91
TOULOUSE-BLAGNAC,2024030422,0,8.1,92
TOULOUSE-BLAGNAC,2024030423,0,7.6,93
TOULOUSE-BLAGNAC,2024030500,0,6.2,94
TOULOUSE-BLAGNAC,2024030501,0,7.6,90
TOULOUSE-BLAGNAC,2024030502,0.6,7.2,89
TOULOUSE-BLAGNAC,2024030503,0,7,89
TOULOUSE-BLAGNAC,2024030504,0.8,7,91
TOULOUSE-BLAGNAC,2024030505,0.8,7,93
TOULOUSE-BLAGNAC,2024030506,0,6.6,92
TOULOUSE-BLAGNAC,2024030507,0,6.8,90
TOULOUSE-BLAGNAC,2024030508,0,8.1,84
TOULOUSE-BLAGNAC,2024030509,0,9.5,75
TOULOUSE-BLAGNAC,2024030510,0,10,75
TOULOUSE-BLAGNAC,2024030511,0,10.9,66
TOULOUSE-BLAGNAC,2024030512,0,10.7,64
TOULOUSE-BLAGNAC,2024030513,0,11.4,61
TOULOUSE-BLAGNAC,2024030514,0,10.9,64
TOULOUSE-BLAGNAC,2024030515,0.4,8,83
TOULOUSE-BLAGNAC,2024030516,0,10.1,70
TOULOUSE-BLAGNAC,2024030517,0,8.8,69
TOULOUSE-BLAGNAC,2024030518,0,8.6,75
TOULOUSE-BLAGNAC,2024030519,0,8.8,78
TOULOUSE-BLAGNAC,2024030520,0,8.6,77
TOULOUSE-BLAGNAC,2024030521,0,8.4,77
TOULOUSE-BLAGNAC,2024030522,0,8.4,76
TOULOUSE-BLAGNAC,2024030523,0.2,7.7,87
TOULOUSE-BLAGNAC,2024030600,0.2,7.3,88
TOULOUSE-BLAGNAC,2024030601,0,7.2,85
TOULOUSE-BLAGNAC,2024030602,0.2,6.7,87
TOULOUSE-BLAGNAC,2024030603,0,6.6,88
TOULOUSE-BLAGNAC,2024030604,0,6.4,89
TOULOUSE-BLAGNAC,2024030605,0,6.4,90
TOULOUSE-BLAGNAC,2024030606,0,6.2,92
TOULOUSE-BLAGNAC,2024030607,0,6.2,94
TOULOUSE-BLAGNAC,2024030608,0,7.5,89
TOULOUSE-BLAGNAC,2024030609,0,8.6,83
TOULOUSE-BLAGNAC,2024030610,0,10.4,74
TOULOUSE-BLAGNAC,2024030611,0,12,68
TOULOUSE-BLAGNAC,2024030612,0,12,65
TOULOUSE-BLAGNAC,2024030613,0,13.4,63
TOULOUSE-BLAGNAC,2024030614,0,14.4,55
TOULOUSE-BLAGNAC,2024030615,0,13.6,60
TOULOUSE-BLAGNAC,2024030616,0,13.1,57
TOULOUSE-BLAGNAC,2024030617,0,12.4,60
TOULOUSE-BLAGNAC,2024030618,0,11.4,66
TOULOUSE-BLAGNAC,2024030619,0,10.6,70
TOULOUSE-BLAGNAC,2024030620,0,9.6,73
TOULOUSE-BLAGNAC,2024030621,0,8.8,77
TOULOUSE-BLAGNAC,2024030622,0,7.5,82
TOULOUSE-BLAGNAC,2024030623,0,6.4,87
TOULOUSE-BLAGNAC,2024030700,0,6,86
TOULOUSE-BLAGNAC,2024030701,0,5.7,87
TOULOUSE-BLAGNAC,2024030702,0,5.5,87
TOULOUSE-BLAGNAC,2024030703,0,5.1,86
TOULOUSE-BLAGNAC,2024030704,0,4.2,88
TOULOUSE-BLAGNAC,2024030705,0,4.1,88
TOULOUSE-BLAGNAC,2024030706,0,3.6,89
TOULOUSE-BLAGNAC,2024030707,0,4.2,86
TOULOUSE-BLAGNAC,2024030708,0,7.9,63
TOULOUSE-BLAGNAC,2024030709,0,10.1,55
TOULOUSE-BLAGNAC,2024030710,0,11.5,54
TOULOUSE-BLAGNAC,2024030711,0,12,55
TOULOUSE-BLAGNAC,2024030712,0,12.8,55
TOULOUSE-BLAGNAC,2024030713,0,13.8,55
TOULOUSE-BLAGNAC,2024030714,0,13.7,52
TOULOUSE-BLAGNAC,2024030715,0,13.8,56
TOULOUSE-BLAGNAC,2024030716,0,13.3,62
TOULOUSE-BLAGNAC,2024030717,0,12.6,69
TOULOUSE-BLAGNAC,2024030718,0,11.7,75
TOULOUSE-BLAGNAC,2024030719,0,11.3,78
TOULOUSE-BLAGNAC,2024030720,0,9.7,80
TOULOUSE-BLAGNAC,2024030721,0,11.1,73
TOULOUSE-BLAGNAC,2024030722,0,11.2,72
TOULOUSE-BLAGNAC,2024030723,0,11.1,73
TOULOUSE-BLAGNAC,2024030800,0,11.4,69
TOULOUSE-BLAGNAC,2024030801,0,11.4,68
TOULOUSE-BLAGNAC,2024030802,0,11.4,70
TOULOUSE-BLAGNAC,2024030803,0,11.3,66
TOULOUSE-BLAGNAC,2024030804,0,11.2,67
TOULOUSE-BLAGNAC,2024030805,0,11.2,69
TOULOUSE-BLAGNAC,2024030806,0,11.4,70
TOULOUSE-BLAGNAC,2024030807,0,11.4,79
TOULOUSE-BLAGNAC,2024030808,0.4,10.5,90
TOULOUSE-BLAGNAC,2024030809,4.8,10.1,95
TOULOUSE-BLAGNAC,2024030810,6.3,8.4,91
TOULOUSE-BLAGNAC,2024030811,0.6,8.8,89
TOULOUSE-BLAGNAC,2024030812,0,11.9,75
TOULOUSE-BLAGNAC,2024030813,0,12.7,68
TOULOUSE-BLAGNAC,2024030814,0,12.3,67
TOULOUSE-BLAGNAC,2024030815,0,13.3,66
TOULOUSE-BLAGNAC,2024030816,0,13.6,60
TOULOUSE-BLAGNAC,2024030817,0,13,65
TOULOUSE-BLAGNAC,2024030818,0,11.9,75
TOULOUSE-BLAGNAC,2024030819,0.8,10.4,85
TOULOUSE-BLAGNAC,2024030820,0,8.7,89
TOULOUSE-BLAGNAC,2024030821,0,8.6,88
TOULOUSE-BLAGNAC,2024030822,0,8.5,87
TOULOUSE-BLAGNAC,2024030823,0,8.1,88
TOULOUSE-BLAGNAC,2024030900,0,8.6,87
TOULOUSE-BLAGNAC,2024030901,0,8.3,88
TOULOUSE-BLAGNAC,2024030902,0,8.6,82
TOULOUSE-BLAGNAC,2024030903,0,8.8,77
TOULOUSE-BLAGNAC,2024030904,0,9.3,70
TOULOUSE-BLAGNAC,2024030905,0,9.4,70
TOULOUSE-BLAGNAC,2024030906,0,9.5,70
TOULOUSE-BLAGNAC,2024030907,0,9.9,68
TOULOUSE-BLAGNAC,2024030908,0,10.8,59
TOULOUSE-BLAGNAC,2024030909,0,11.8,61
TOULOUSE-BLAGNAC,2024030910,0,13.1,59
TOULOUSE-BLAGNAC,2024030911,0,13.3,58
TOULOUSE-BLAGNAC,2024030912,0,13,59
TOULOUSE-BLAGNAC,2024030913,0,13,61
TOULOUSE-BLAGNAC,2024030914,0,13.2,66
TOULOUSE-BLAGNAC,2024030915,0,13.7,67
TOULOUSE-BLAGNAC,2024030916,0,13.7,69
TOULOUSE-BLAGNAC,2024030917,0,13.3,67
TOULOUSE-BLAGNAC,2024030918,0,12.2,69
TOULOUSE-BLAGNAC,2024030919,0,9,80
TOULOUSE-BLAGNAC,2024030920,0,8.6,83
TOULOUSE-BLAGNAC,2024030921,0,8.7,87
TOULOUSE-BLAGNAC,2024030922,0,9,74
TOULOUSE-BLAGNAC,2024030923,0,8.7,73
TOULOUSE-BLAGNAC,2024031000,0,8.5,77
TOULOUSE-BLAGNAC,2024031001,0,7.7,82
TOULOUSE-BLAGNAC,2024031002,0,5.9,88
TOULOUSE-BLAGNAC,2024031003,0,4.8,93
TOULOUSE-BLAGNAC,2024031004,0,3.9,94
TOULOUSE-BLAGNAC,2024031005,0,4.2,95
TOULOUSE-BLAGNAC,2024031006,0,3.3,95
TOULOUSE-BLAGNAC,2024031007,0,3.9,97
TOULOUSE-BLAGNAC,2024031008,0,6.6,91
TOULOUSE-BLAGNAC,2024031009,0,7.3,85
TOULOUSE-BLAGNAC,2024031010,0,11.3,66
TOULOUSE-BLAGNAC,2024031011,0,12.8,55
TOULOUSE-BLAGNAC,2024031012,0,14.8,50
TOULOUSE-BLAGNAC,2024031013,0,14.7,47
TOULOUSE-BLAGNAC,2024031014,0,14.4,48
TOULOUSE-BLAGNAC,2024031015,0,15.3,43
TOULOUSE-BLAGNAC,2024031016,0,12.9,58
TOULOUSE-BLAGNAC,2024031017,0,11.6,67
TOULOUSE-BLAGNAC,2024031018,0.2,10,77
TOULOUSE-BLAGNAC,2024031019,0,10,73
TOULOUSE-BLAGNAC,2024031020,0,10.1,71
TOULOUSE-BLAGNAC,2024031021,0,9.8,73
TOULOUSE-BLAGNAC,2024031022,0,9.1,75
TOULOUSE-BLAGNAC,2024031023,0,8.7,79
TOULOUSE-BLAGNAC,2024031100,0,8.6,84
TOULOUSE-BLAGNAC,2024031101,0,8.8,81
TOULOUSE-BLAGNAC,2024031102,0,8.2,82
TOULOUSE-BLAGNAC,2024031103,0,7.9,79
TOULOUSE-BLAGNAC,2024031104,0,7.4,80
TOULOUSE-BLAGNAC,2024031105,0,7.5,81
TOULOUSE-BLAGNAC,2024031106,0,7.8,87
TOULOUSE-BLAGNAC,2024031107,0,8.4,88
TOULOUSE-BLAGNAC,2024031108,0,9.1,85
TOULOUSE-BLAGNAC,2024031109,0.4,8.9,89
TOULOUSE-BLAGNAC,2024031110,0.6,8.6,90
TOULOUSE-BLAGNAC,2024031111,4.8,7.2,92
TOULOUSE-BLAGNAC,2024031112,1.9,10.1,86
TOULOUSE-BLAGNAC,2024031113,0,10.4,79
TOULOUSE-BLAGNAC,2024031114,0.4,9.8,83
TOULOUSE-BLAGNAC,2024031115,2,9.5,88
TOULOUSE-BLAGNAC,2024031116,0,10.9,81
TOULOUSE-BLAGNAC,2024031117,0.6,10.1,86
TOULOUSE-BLAGNAC,2024031118,0,9.8,84
TOULOUSE-BLAGNAC,2024031119,0,9.7,84
TOULOUSE-BLAGNAC,2024031120,0,9.1,88
TOULOUSE-BLAGNAC,2024031121,0,9,87
TOULOUSE-BLAGNAC,2024031122,0,8.7,88
TOULOUSE-BLAGNAC,2024031123,0,8.8,88
TOULOUSE-BLAGNAC,2024031200,0,8.8,87
TOULOUSE-BLAGNAC,2024031201,0,8.5,89
TOULOUSE-BLAGNAC,2024031202,0,8.6,90
TOULOUSE-BLAGNAC,2024031203,0,8.6,88
TOULOUSE-BLAGNAC,2024031204,0,8.6,88
TOULOUSE-BLAGNAC,2024031205,0,8.2,88
TOULOUSE-BLAGNAC,2024031206,0,8,89
TOULOUSE-BLAGNAC,2024031207,0,8,89
TOULOUSE-BLAGNAC,2024031208,0,8.8,88
TOULOUSE-BLAGNAC,2024031209,0,11.1,81
TOULOUSE-BLAGNAC,2024031210,0,12.3,74
TOULOUSE-BLAGNAC,2024031211,0,12.8,68
TOULOUSE-BLAGNAC,2024031212,0,13.4,63
TOULOUSE-BLAGNAC,2024031213,0,13.5,60
TOULOUSE-BLAGNAC,2024031214,0,14.6,59
TOULOUSE-BLAGNAC,2024031215,0,14.1,60
TOULOUSE-BLAGNAC,2024031216,0,14.2,61
TOULOUSE-BLAGNAC,2024031217,0,13.6,64
TOULOUSE-BLAGNAC,2024031218,0,12.9,65
TOULOUSE-BLAGNAC,2024031219,0,10.6,73
TOULOUSE-BLAGNAC,2024031220,0,9.9,78
TOULOUSE-BLAGNAC,2024031221,0,9.4,82
TOULOUSE-BLAGNAC,2024031222,0,7.6,89
TOULOUSE-BLAGNAC,2024031223,0,6.9,92
TOULOUSE-BLAGNAC,2024031300,0,6.4,93
TOULOUSE-BLAGNAC,2024031301,0,5.8,95
TOULOUSE-BLAGNAC,2024031302,0,5.3,95
TOULOUSE-BLAGNAC,2024031303,0,5,96
TOULOUSE-BLAGNAC,2024031304,0,4.9,97
TOULOUSE-BLAGNAC,2024031305,0,3.9,96
TOULOUSE-BLAGNAC,2024031306,0,3.4,96
TOULOUSE-BLAGNAC,2024031307,0,3.7,98
TOULOUSE-BLAGNAC,2024031308,0,6.4,93
TOULOUSE-BLAGNAC,2024031309,0,10,78
TOULOUSE-BLAGNAC,2024031310,0,13.1,67
TOULOUSE-BLAGNAC,2024031311,0,14.7,63
TOULOUSE-BLAGNAC,2024031312,0,16.4,56
TOULOUSE-BLAGNAC,2024031313,0,16.9,54
TOULOUSE-BLAGNAC,2024031314,0,17.5,49
TOULOUSE-BLAGNAC,2024031315,0,17.7,49
TOULOUSE-BLAGNAC,2024031316,0,18.4,45
TOULOUSE-BLAGNAC,2024031317,0,17.6,45
TOULOUSE-BLAGNAC,2024031318,0,16.5,48
TOULOUSE-BLAGNAC,2024031319,0,14.2,55
TOULOUSE-BLAGNAC,2024031320,0,11.6,68
TOULOUSE-BLAGNAC,2024031321,0,10.5,74
TOULOUSE-BLAGNAC,2024031322,0,9.3,78
TOULOUSE-BLAGNAC,2024031323,0,8.7,78
TOULOUSE-BLAGNAC,2024031400,0,7.9,80
TOULOUSE-BLAGNAC,2024031401,0,7.7,77
TOULOUSE-BLAGNAC,2024031402,0,8.8,74
TOULOUSE-BLAGNAC,2024031403,0,9.2,74
TOULOUSE-BLAGNAC,2024031404,0,9.2,78
TOULOUSE-BLAGNAC,2024031405,0,9.5,81
TOULOUSE-BLAGNAC,2024031406,0,9.9,84
TOULOUSE-BLAGNAC,2024031407,0,10.9,82
TOULOUSE-BLAGNAC,2024031408,0,11.8,81
TOULOUSE-BLAGNAC,2024031409,0,13.7,75
TOULOUSE-BLAGNAC,2024031410,0,15,70
TOULOUSE-BLAGNAC,2024031411,0,16.2,68
TOULOUSE-BLAGNAC,2024031412,0,17.9,68
TOULOUSE-BLAGNAC,2024031413,0,17.8,62
TOULOUSE-BLAGNAC,2024031414,0,18,60
TOULOUSE-BLAGNAC,2024031415,0,17.4,61
TOULOUSE-BLAGNAC,2024031416,0,16.3,65
TOULOUSE-BLAGNAC,2024031417,0,15.4,67
TOULOUSE-BLAGNAC,2024031418,0,14.1,72
TOULOUSE-BLAGNAC,2024031419,0,12.9,76
TOULOUSE-BLAGNAC,2024031420,0,12.1,80
TOULOUSE-BLAGNAC,2024031421,0,11.5,83
TOULOUSE-BLAGNAC,2024031422,0,11,83
TOULOUSE-BLAGNAC,2024031423,0,11,85
TOULOUSE-BLAGNAC,2024031500,0,10.8,87
TOULOUSE-BLAGNAC,2024031501,0,11,87
TOULOUSE-BLAGNAC,2024031502,0,10.8,87
TOULOUSE-BLAGNAC,2024031503,0,9.8,90
TOULOUSE-BLAGNAC,2024031504,0,10.7,90
TOULOUSE-BLAGNAC,2024031505,0,11,87
TOULOUSE-BLAGNAC,2024031506,0,10.7,88
TOULOUSE-BLAGNAC,2024031507,0,11.1,87
TOULOUSE-BLAGNAC,2024031508,0,11.7,87
TOULOUSE-BLAGNAC,2024031509,0,13.1,80
TOULOUSE-BLAGNAC,2024031510,0,15.8,71
TOULOUSE-BLAGNAC,2024031511,0,18.2,60
TOULOUSE-BLAGNAC,2024031512,0,19.7,55
TOULOUSE-BLAGNAC,2024031513,0,19.5,57
TOULOUSE-BLAGNAC,2024031514,0,19.9,53
TOULOUSE-BLAGNAC,2024031515,0,20.2,52
TOULOUSE-BLAGNAC,2024031516,0,20,54
TOULOUSE-BLAGNAC,2024031517,0,19,58
TOULOUSE-BLAGNAC,2024031518,0,17.6,63
TOULOUSE-BLAGNAC,2024031519,0,15.4,72
TOULOUSE-BLAGNAC,2024031520,0,14.4,73
TOULOUSE-BLAGNAC,2024031521,0,14,76
TOULOUSE-BLAGNAC,2024031522,0,13.6,75
TOULOUSE-BLAGNAC,2024031523,0,13.3,76
TOULOUSE-BLAGNAC,2024031600,0,12.8,78
TOULOUSE-BLAGNAC,2024031601,0,12.1,82
TOULOUSE-BLAGNAC,2024031602,0,12.3,82
TOULOUSE-BLAGNAC,2024031603,0,12.2,82
TOULOUSE-BLAGNAC,2024031604,0,11.6,83
TOULOUSE-BLAGNAC,2024031605,0,10,89
TOULOUSE-BLAGNAC,2024031606,0,10.8,89
TOULOUSE-BLAGNAC,2024031607,0,11.6,87
TOULOUSE-BLAGNAC,2024031608,0,13.4,79
TOULOUSE-BLAGNAC,2024031609,0,14.8,76
TOULOUSE-BLAGNAC,2024031610,0,16.3,70
TOULOUSE-BLAGNAC,2024031611,0,17.1,67
TOULOUSE-BLAGNAC,2024031612,0,17.6,60
TOULOUSE-BLAGNAC,2024031613,0,18.7,57
TOULOUSE-BLAGNAC,2024031614,0,19.5,55
TOULOUSE-BLAGNAC,2024031615,0,19,53
TOULOUSE-BLAGNAC,2024031616,0,19,55
TOULOUSE-BLAGNAC,2024031617,0,18.4,53
TOULOUSE-BLAGNAC,2024031618,0,17.4,58
TOULOUSE-BLAGNAC,2024031619,0,16.2,63
TOULOUSE-BLAGNAC,2024031620,0,15.6,66
TOULOUSE-BLAGNAC,2024031621,0,14.2,70
TOULOUSE-BLAGNAC,2024031622,0,12.7,77
TOULOUSE-BLAGNAC,2024031623,0,13.2,77
TOULOUSE-BLAGNAC,2024031700,0,11.6,81
TOULOUSE-BLAGNAC,2024031701,0,11.3,85
TOULOUSE-BLAGNAC,2024031702,0,10.9,83
TOULOUSE-BLAGNAC,2024031703,0,10.9,84
TOULOUSE-BLAGNAC,2024031704,0,10.3,88
TOULOUSE-BLAGNAC,2024031705,0,10.5,84
TOULOUSE-BLAGNAC,2024031706,0,10.3,84
TOULOUSE-BLAGNAC,2024031707,0,10.4,88
TOULOUSE-BLAGNAC,2024031708,0,12.7,77
TOULOUSE-BLAGNAC,2024031709,0,15.8,65
TOULOUSE-BLAGNAC,2024031710,0,18.7,59
TOULOUSE-BLAGNAC,2024031711,0,20.3,51
TOULOUSE-BLAGNAC,2024031712,0,22,46
TOULOUSE-BLAGNAC,2024031713,0,22.7,46
TOULOUSE-BLAGNAC,2024031714,0,23.3,45
TOULOUSE-BLAGNAC,2024031715,0,23.3,43
TOULOUSE-BLAGNAC,2024031716,0,22.3,48
TOULOUSE-BLAGNAC,2024031717,0,21.6,49
TOULOUSE-BLAGNAC,2024031718,0,21.2,49
TOULOUSE-BLAGNAC,2024031719,0,19.4,56
TOULOUSE-BLAGNAC,2024031720,0,19.1,57
TOULOUSE-BLAGNAC,2024031721,0,15.9,64
TOULOUSE-BLAGNAC,2024031722,0,15.2,62
TOULOUSE-BLAGNAC,2024031723,0,14.9,61
TOULOUSE-BLAGNAC,2024031800,0,13.9,65
TOULOUSE-BLAGNAC,2024031801,0,12.8,72
TOULOUSE-BLAGNAC,2024031802,0,12.6,73
TOULOUSE-BLAGNAC,2024031803,0,13.1,74
TOULOUSE-BLAGNAC,2024031804,0.2,14.3,87
TOULOUSE-BLAGNAC,2024031805,0,14.4,85
TOULOUSE-BLAGNAC,2024031806,0.2,13.9,90
TOULOUSE-BLAGNAC,2024031807,0.4,13.5,93
TOULOUSE-BLAGNAC,2024031808,0,14.2,89
TOULOUSE-BLAGNAC,2024031809,0,14.4,88
TOULOUSE-BLAGNAC,2024031810,0,14.4,92
TOULOUSE-BLAGNAC,2024031811,0,14.2,93
TOULOUSE-BLAGNAC,2024031812,0,15.4,87
TOULOUSE-BLAGNAC,2024031813,0,17,76
TOULOUSE-BLAGNAC,2024031814,0,18.5,71
TOULOUSE-BLAGNAC,2024031815,0,19.3,62
TOULOUSE-BLAGNAC,2024031816,0,19.5,60
TOULOUSE-BLAGNAC,2024031817,0,19.1,61
TOULOUSE-BLAGNAC,2024031818,0,17.2,65
TOULOUSE-BLAGNAC,2024031819,0,15.7,69
TOULOUSE-BLAGNAC,2024031820,0,15.6,70
TOULOUSE-BLAGNAC,2024031821,0,13.7,77
TOULOUSE-BLAGNAC,2024031822,0,12.4,84
TOULOUSE-BLAGNAC,2024031823,0,11.5,90
TOULOUSE-BLAGNAC,2024031900,0,10.9,92
TOULOUSE-BLAGNAC,2024031901,0,10.1,92
TOULOUSE-BLAGNAC,2024031902,0,10.1,95
TOULOUSE-BLAGNAC,2024031903,0,9.7,96
TOULOUSE-BLAGNAC,2024031904,0,8.9,95
TOULOUSE-BLAGNAC,2024031905,0,10,96
TOULOUSE-BLAGNAC,2024031906,0,9.6,96
TOULOUSE-BLAGNAC,2024031907,0,10,97
TOULOUSE-BLAGNAC,2024031908,0,13.1,88
TOULOUSE-BLAGNAC,2024031909,0,15.6,75
TOULOUSE-BLAGNAC,2024031910,0,18,64
TOULOUSE-BLAGNAC,2024031911,0,19.6,58
TOULOUSE-BLAGNAC,2024031912,0,20.5,55
TOULOUSE-BLAGNAC,2024031913,0,21,53
TOULOUSE-BLAGNAC,2024031914,0,21.3,49
TOULOUSE-BLAGNAC,2024031915,0,22,47
TOULOUSE-BLAGNAC,2024031916,0,21.8,43
TOULOUSE-BLAGNAC,2024031917,0,21.3,46
TOULOUSE-BLAGNAC,2024031918,0,20,49
TOULOUSE-BLAGNAC,2024031919,0,18.6,51
TOULOUSE-BLAGNAC,2024031920,0,16.6,57
TOULOUSE-BLAGNAC,2024031921,0,14.7,67
TOULOUSE-BLAGNAC,2024031922,0,14.6,64
TOULOUSE-BLAGNAC,2024031923,0,14.8,60
TOULOUSE-BLAGNAC,2024032000,0,14.1,60
TOULOUSE-BLAGNAC,2024032001,0,13.5,59
TOULOUSE-BLAGNAC,2024032002,0,13.4,57
TOULOUSE-BLAGNAC,2024032003,0,12,60
TOULOUSE-BLAGNAC,2024032004,0,12.3,68
TOULOUSE-BLAGNAC,2024032005,0,13,77
TOULOUSE-BLAGNAC,2024032006,0,13.1,78
TOULOUSE-BLAGNAC,2024032007,0,13.4,74
TOULOUSE-BLAGNAC,2024032008,0,14.4,72
TOULOUSE-BLAGNAC,2024032009,0,15.5,70
TOULOUSE-BLAGNAC,2024032010,0,16.3,69
TOULOUSE-BLAGNAC,2024032011,0,17.3,69
TOULOUSE-BLAGNAC,2024032012,0,17.4,67
TOULOUSE-BLAGNAC,2024032013,0,18.5,65
TOULOUSE-BLAGNAC,2024032014,0,17.9,66
TOULOUSE-BLAGNAC,2024032015,0,17,68
TOULOUSE-BLAGNAC,2024032016,0,16.2,70
TOULOUSE-BLAGNAC,2024032017,0,15.7,72
TOULOUSE-BLAGNAC,2024032018,0,14.5,76
TOULOUSE-BLAGNAC,2024032019,0,13.7,81
TOULOUSE-BLAGNAC,2024032020,0,13.6,80
TOULOUSE-BLAGNAC,2024032021,0.2,13.3,84
TOULOUSE-BLAGNAC,2024032022,0,13.2,84
TOULOUSE-BLAGNAC,2024032023,0,13.4,84
TOULOUSE-BLAGNAC,2024032100,0,12.8,87
TOULOUSE-BLAGNAC,2024032101,0,12.5,88
TOULOUSE-BLAGNAC,2024032102,0,12.2,90
TOULOUSE-BLAGNAC,2024032103,0,11.8,90
TOULOUSE-BLAGNAC,2024032104,0,11.5,91
TOULOUSE-BLAGNAC,2024032105,0,12.5,88
TOULOUSE-BLAGNAC,2024032106,0,12.9,88
TOULOUSE-BLAGNAC,2024032107,0,13.2,87
TOULOUSE-BLAGNAC,2024032108,0,13.8,85
TOULOUSE-BLAGNAC,2024032109,0,14.8,81
TOULOUSE-BLAGNAC,2024032110,0,16.9,73
TOULOUSE-BLAGNAC,2024032111,0,18,69
TOULOUSE-BLAGNAC,2024032112,0,18.7,67
TOULOUSE-BLAGNAC,2024032113,0,20.2,61
TOULOUSE-BLAGNAC,2024032114,0,20.9,59
TOULOUSE-BLAGNAC,2024032115,0,21.2,59
TOULOUSE-BLAGNAC,2024032116,0,20.9,59
TOULOUSE-BLAGNAC,2024032117,0,20.7,62
TOULOUSE-BLAGNAC,2024032118,0,19.3,67
TOULOUSE-BLAGNAC,2024032119,0,17.3,74
TOULOUSE-BLAGNAC,2024032120,0,16.6,75
TOULOUSE-BLAGNAC,2024032121,0,16.1,76
TOULOUSE-BLAGNAC,2024032122,0,15.5,78
TOULOUSE-BLAGNAC,2024032123,0,13.2,89
TOULOUSE-BLAGNAC,2024032200,0,13,90
TOULOUSE-BLAGNAC,2024032201,0,12.1,91
TOULOUSE-BLAGNAC,2024032202,0,11.7,93
TOULOUSE-BLAGNAC,2024032203,0,11.4,95
TOULOUSE-BLAGNAC,2024032204,0,10.8,95
TOULOUSE-BLAGNAC,2024032205,0,11.3,96
TOULOUSE-BLAGNAC,2024032206,0,10.3,95
TOULOUSE-BLAGNAC,2024032207,0,11.5,96
TOULOUSE-BLAGNAC,2024032208,0,13.5,93
TOULOUSE-BLAGNAC,2024032209,0,16.5,79
TOULOUSE-BLAGNAC,2024032210,0,19.2,69
TOULOUSE-BLAGNAC,2024032211,0,19.9,66
TOULOUSE-BLAGNAC,2024032212,0,22.1,61
TOULOUSE-BLAGNAC,2024032213,0,23,52
TOULOUSE-BLAGNAC,2024032214,0,24.2,49
TOULOUSE-BLAGNAC,2024032215,0,23.9,46
TOULOUSE-BLAGNAC,2024032216,0,23.8,44
TOULOUSE-BLAGNAC,2024032217,0,22.9,43
TOULOUSE-BLAGNAC,2024032218,0,21.5,38
TOULOUSE-BLAGNAC,2024032219,0,20.8,42
TOULOUSE-BLAGNAC,2024032220,0,18.6,50
TOULOUSE-BLAGNAC,2024032221,0,17.6,57
TOULOUSE-BLAGNAC,2024032222,0,15.7,68
TOULOUSE-BLAGNAC,2024032223,0,17,76
TOULOUSE-BLAGNAC,2024032300,0,15.1,84
TOULOUSE-BLAGNAC,2024032301,0,14.7,84
TOULOUSE-BLAGNAC,2024032302,0,14.3,80
TOULOUSE-BLAGNAC,2024032303,0,12.8,76
TOULOUSE-BLAGNAC,2024032304,0,11.5,80
TOULOUSE-BLAGNAC,2024032305,0,11.6,75
TOULOUSE-BLAGNAC,2024032306,0,11.6,79
TOULOUSE-BLAGNAC,2024032307,0,10.9,93
TOULOUSE-BLAGNAC,2024032308,0.2,9.8,92
TOULOUSE-BLAGNAC,2024032309,0,9.4,83
TOULOUSE-BLAGNAC,2024032310,0,11.6,63
TOULOUSE-BLAGNAC,2024032311,0,12.8,56
TOULOUSE-BLAGNAC,2024032312,0,13.8,47
TOULOUSE-BLAGNAC,2024032313,0,14.9,47
TOULOUSE-BLAGNAC,2024032314,0,14.8,49
TOULOUSE-BLAGNAC,2024032315,0,14.9,47
TOULOUSE-BLAGNAC,2024032316,0,15,45
TOULOUSE-BLAGNAC,2024032317,0,14.3,45
TOULOUSE-BLAGNAC,2024032318,0,13,50
TOULOUSE-BLAGNAC,2024032319,0,11.9,56
TOULOUSE-BLAGNAC,2024032320,0,11.6,60
TOULOUSE-BLAGNAC,2024032321,0,11.4,60
TOULOUSE-BLAGNAC,2024032322,0,10.3,62
TOULOUSE-BLAGNAC,2024032323,0,10,63
TOULOUSE-BLAGNAC,2024032400,0,9.7,68
TOULOUSE-BLAGNAC,2024032401,0,9.2,71
TOULOUSE-BLAGNAC,2024032402,0,8.9,72
TOULOUSE-BLAGNAC,2024032403,0,9.1,73
TOULOUSE-BLAGNAC,2024032404,0,9.1,73
TOULOUSE-BLAGNAC,2024032405,0,8.7,75
TOULOUSE-BLAGNAC,2024032406,0,8.4,76
TOULOUSE-BLAGNAC,2024032407,0,9.3,75
TOULOUSE-BLAGNAC,2024032408,0,10.4,71
TOULOUSE-BLAGNAC,2024032409,0,11.7,66
TOULOUSE-BLAGNAC,2024032410,0,11.9,63
TOULOUSE-BLAGNAC,2024032411,0,12.2,63
TOULOUSE-BLAGNAC,2024032412,0,13.3,61
TOULOUSE-BLAGNAC,2024032413,0,13.4,62
TOULOUSE-BLAGNAC,2024032414,0,14.2,56
TOULOUSE-BLAGNAC,2024032415,0,14,65
TOULOUSE-BLAGNAC,2024032416,0,13.9,59
TOULOUSE-BLAGNAC,2024032417,0,13.1,61
TOULOUSE-BLAGNAC,2024032418,0,12.6,64
TOULOUSE-BLAGNAC,2024032419,0,11.4,68
TOULOUSE-BLAGNAC,2024032420,0,11.3,70
TOULOUSE-BLAGNAC,2024032421,0,11.2,69
TOULOUSE-BLAGNAC,2024032422,0,10.8,70
TOULOUSE-BLAGNAC,2024032423,0,9.6,76
TOULOUSE-BLAGNAC,2024032500,0,7.9,83
TOULOUSE-BLAGNAC,2024032501,0,7.2,86
TOULOUSE-BLAGNAC,2024032502,0,7.1,86
TOULOUSE-BLAGNAC,2024032503,0,6.6,86
TOULOUSE-BLAGNAC,2024032504,0,5.6,87
TOULOUSE-BLAGNAC,2024032505,0,6.2,84
TOULOUSE-BLAGNAC,2024032506,0,5.9,84
TOULOUSE-BLAGNAC,2024032507,0,6.5,80
TOULOUSE-BLAGNAC,2024032508,0,7.7,76
TOULOUSE-BLAGNAC,2024032509,0,10.7,58
TOULOUSE-BLAGNAC,2024032510,0,11.7,51
TOULOUSE-BLAGNAC,2024032511,0,12,49
TOULOUSE-BLAGNAC,2024032512,0,12.6,54
TOULOUSE-BLAGNAC,2024032513,0,12.9,56
TOULOUSE-BLAGNAC,2024032514,0,12.4,62
TOULOUSE-BLAGNAC,2024032515,0,12.7,68
TOULOUSE-BLAGNAC,2024032516,0,12.5,71
TOULOUSE-BLAGNAC,2024032517,0,11.9,76
TOULOUSE-BLAGNAC,2024032518,0,11.5,82
TOULOUSE-BLAGNAC,2024032519,0.2,10.9,87
TOULOUSE-BLAGNAC,2024032520,0,10.9,89
TOULOUSE-BLAGNAC,2024032521,0.2,10.8,87
TOULOUSE-BLAGNAC,2024032522,0.2,10.9,84
TOULOUSE-BLAGNAC,2024032523,0,11,83
TOULOUSE-BLAGNAC,2024032600,0,11,83
TOULOUSE-BLAGNAC,2024032601,0,11.4,84
TOULOUSE-BLAGNAC,2024032602,0,11.5,84
TOULOUSE-BLAGNAC,2024032603,0,11.7,84
TOULOUSE-BLAGNAC,2024032604,0,11.6,87
TOULOUSE-BLAGNAC,2024032605,0,11.7,87
TOULOUSE-BLAGNAC,2024032606,0.2,10.5,91
TOULOUSE-BLAGNAC,2024032607,0.8,9.3,93
TOULOUSE-BLAGNAC,2024032608,0,7.5,90
TOULOUSE-BLAGNAC,2024032609,0.4,7.2,88
TOULOUSE-BLAGNAC,2024032610,0.8,7,90
TOULOUSE-BLAGNAC,2024032611,0.2,7,90
TOULOUSE-BLAGNAC,2024032612,0.8,7.5,90
TOULOUSE-BLAGNAC,2024032613,0,8,82
TOULOUSE-BLAGNAC,2024032614,0,8.1,81
TOULOUSE-BLAGNAC,2024032615,0.2,7.3,91
TOULOUSE-BLAGNAC,2024032616,0.2,7.3,90
TOULOUSE-BLAGNAC,2024032617,0.4,7.4,92
TOULOUSE-BLAGNAC,2024032618,0.2,7,91
TOULOUSE-BLAGNAC,2024032619,0.6,6.6,92
TOULOUSE-BLAGNAC,2024032620,0.2,6.1,93
TOULOUSE-BLAGNAC,2024032621,0,6,93
TOULOUSE-BLAGNAC,2024032622,0,5.7,94
TOULOUSE-BLAGNAC,2024032623,0,5.4,95
TOULOUSE-BLAGNAC,2024032700,0,5,96
TOULOUSE-BLAGNAC,2024032701,0,4.7,95
TOULOUSE-BLAGNAC,2024032702,0,3.6,96
TOULOUSE-BLAGNAC,2024032703,0,3.7,96
TOULOUSE-BLAGNAC,2024032704,0,3.6,96
TOULOUSE-BLAGNAC,2024032705,0,2.9,96
TOULOUSE-BLAGNAC,2024032706,0,2.4,96
TOULOUSE-BLAGNAC,2024032707,0,4.6,95
TOULOUSE-BLAGNAC,2024032708,0,7.4,87
TOULOUSE-BLAGNAC,2024032709,0,10.2,72
TOULOUSE-BLAGNAC,2024032710,0,11.4,59
TOULOUSE-BLAGNAC,2024032711,0,12.6,57
TOULOUSE-BLAGNAC,2024032712,0,12.8,56
TOULOUSE-BLAGNAC,2024032713,0,13.4,54
TOULOUSE-BLAGNAC,2024032714,0,15.4,42
TOULOUSE-BLAGNAC,2024032715,0,15.4,45
TOULOUSE-BLAGNAC,2024032716,0,14.1,47
TOULOUSE-BLAGNAC,2024032717,0,13.6,50
TOULOUSE-BLAGNAC,2024032718,0,13.4,48
TOULOUSE-BLAGNAC,2024032719,0,12.1,54
TOULOUSE-BLAGNAC,2024032720,0,11.7,56
TOULOUSE-BLAGNAC,2024032721,0,11.6,55
TOULOUSE-BLAGNAC,2024032722,0,11.8,54
TOULOUSE-BLAGNAC,2024032723,0,11.3,65
TOULOUSE-BLAGNAC,2024032800,0,10.7,70
TOULOUSE-BLAGNAC,2024032801,1.2,8.8,92
TOULOUSE-BLAGNAC,2024032802,1.6,7.5,92
TOULOUSE-BLAGNAC,2024032803,0.6,7.3,91
TOULOUSE-BLAGNAC,2024032804,0,7.3,88
TOULOUSE-BLAGNAC,2024032805,0,7,93
TOULOUSE-BLAGNAC,2024032806,0,7.3,95
TOULOUSE-BLAGNAC,2024032807,0,7.7,92
TOULOUSE-BLAGNAC,2024032808,0,9.1,83
TOULOUSE-BLAGNAC,2024032809,0,11.2,76
TOULOUSE-BLAGNAC,2024032810,0,12.4,69
TOULOUSE-BLAGNAC,2024032811,0,13.3,63
TOULOUSE-BLAGNAC,2024032812,0,15.2,50
TOULOUSE-BLAGNAC,2024032813,0,16.6,51
TOULOUSE-BLAGNAC,2024032814,0,17.4,50
TOULOUSE-BLAGNAC,2024032815,0,17.2,48
TOULOUSE-BLAGNAC,2024032816,0,17.5,46
TOULOUSE-BLAGNAC,2024032817,0,17.2,49
TOULOUSE-BLAGNAC,2024032818,0,14.7,55
TOULOUSE-BLAGNAC,2024032819,0,13.5,59
TOULOUSE-BLAGNAC,2024032820,0,13.3,63
TOULOUSE-BLAGNAC,2024032821,0,13.1,65
TOULOUSE-BLAGNAC,2024032822,0,13.5,64
TOULOUSE-BLAGNAC,2024032823,0,13.6,65
TOULOUSE-BLAGNAC,2024032900,0,13.6,64
TOULOUSE-BLAGNAC,2024032901,0,13.7,63
TOULOUSE-BLAGNAC,2024032902,0,13.5,68
TOULOUSE-BLAGNAC,2024032903,0,13,73
TOULOUSE-BLAGNAC,2024032904,0,12,76
TOULOUSE-BLAGNAC,2024032905,0,10,81
TOULOUSE-BLAGNAC,2024032906,0,9.4,83
TOULOUSE-BLAGNAC,2024032907,0,10.6,84
TOULOUSE-BLAGNAC,2024032908,0,11.9,80
TOULOUSE-BLAGNAC,2024032909,0,15.3,67
TOULOUSE-BLAGNAC,2024032910,0,17.7,64
TOULOUSE-BLAGNAC,2024032911,0,18,60
TOULOUSE-BLAGNAC,2024032912,0,18.4,62
TOULOUSE-BLAGNAC,2024032913,0,19,64
TOULOUSE-BLAGNAC,2024032914,0,18.1,64
TOULOUSE-BLAGNAC,2024032915,0,16.7,62
TOULOUSE-BLAGNAC,2024032916,0,14.4,68
TOULOUSE-BLAGNAC,2024032917,0,13.3,70
TOULOUSE-BLAGNAC,2024032918,0,12.2,77
TOULOUSE-BLAGNAC,2024032919,0.2,11,89
TOULOUSE-BLAGNAC,2024032920,0,10.7,90
TOULOUSE-BLAGNAC,2024032921,0.2,9.9,94
TOULOUSE-BLAGNAC,2024032922,0,9.9,93
TOULOUSE-BLAGNAC,2024032923,1.8,9.7,95
TOULOUSE-BLAGNAC,2024033000,0,9.5,95
TOULOUSE-BLAGNAC,2024033001,0,9.1,96
TOULOUSE-BLAGNAC,2024033002,0.2,8.3,94
TOULOUSE-BLAGNAC,2024033003,0,7.9,93
TOULOUSE-BLAGNAC,2024033004,0,7.8,92
TOULOUSE-BLAGNAC,2024033005,0,7.5,90
TOULOUSE-BLAGNAC,2024033006,0,6.8,88
TOULOUSE-BLAGNAC,2024033007,0,7,87
TOULOUSE-BLAGNAC,2024033008,0,9.2,81
TOULOUSE-BLAGNAC,2024033009,0,10.7,80
TOULOUSE-BLAGNAC,2024033010,0,10.5,80
TOULOUSE-BLAGNAC,2024033011,0,12.6,72
TOULOUSE-BLAGNAC,2024033012,0,14.2,67
TOULOUSE-BLAGNAC,2024033013,0,15.1,66
TOULOUSE-BLAGNAC,2024033014,0,15.8,64
TOULOUSE-BLAGNAC,2024033015,0,16.9,64
TOULOUSE-BLAGNAC,2024033016,0,16.8,63
TOULOUSE-BLAGNAC,2024033017,0,17,57
TOULOUSE-BLAGNAC,2024033018,0,16.1,60
TOULOUSE-BLAGNAC,2024033019,0,14.1,65
TOULOUSE-BLAGNAC,2024033020,0,12.5,71
TOULOUSE-BLAGNAC,2024033021,0,13.3,65
TOULOUSE-BLAGNAC,2024033022,0,12,68
TOULOUSE-BLAGNAC,2024033023,0,11.1,76
TOULOUSE-BLAGNAC,2024033100,0,10.3,75
TOULOUSE-BLAGNAC,2024033101,0,11.9,68
TOULOUSE-BLAGNAC,2024033102,0,11.9,70
TOULOUSE-BLAGNAC,2024033103,0,11.4,73
TOULOUSE-BLAGNAC,2024033104,0,10.8,77
TOULOUSE-BLAGNAC,2024033105,0,9.2,82
TOULOUSE-BLAGNAC,2024033106,0,7.8,84
TOULOUSE-BLAGNAC,2024033107,0,10.1,80
TOULOUSE-BLAGNAC,2024033108,0,12,75
TOULOUSE-BLAGNAC,2024033109,0,12.9,74
TOULOUSE-BLAGNAC,2024033110,0,14,64
TOULOUSE-BLAGNAC,2024033111,0,15.3,54
TOULOUSE-BLAGNAC,2024033112,0,17.1,49
TOULOUSE-BLAGNAC,2024033113,0,17.2,47
TOULOUSE-BLAGNAC,2024033114,0,17.5,51
TOULOUSE-BLAGNAC,2024033115,0,17.9,49
TOULOUSE-BLAGNAC,2024033116,0,17.5,50
TOULOUSE-BLAGNAC,2024033117,0,15.5,58
TOULOUSE-BLAGNAC,2024033118,0,12.1,73
TOULOUSE-BLAGNAC,2024033119,2,9.9,90
TOULOUSE-BLAGNAC,2024033120,0.2,9.7,87
TOULOUSE-BLAGNAC,2024033121,0,8.1,86
TOULOUSE-BLAGNAC,2024033122,0,7.6,89
TOULOUSE-BLAGNAC,2024033123,0,7,87
TOULOUSE-BLAGNAC,2024040100,0,6.7,87
TOULOUSE-BLAGNAC,2024040101,0,5.4,89
TOULOUSE-BLAGNAC,2024040102,0,5.1,95
TOULOUSE-BLAGNAC,2024040103,0,4.8,96
TOULOUSE-BLAGNAC,2024040104,0,4.3,96
TOULOUSE-BLAGNAC,2024040105,0,3.9,96
TOULOUSE-BLAGNAC,2024040106,0,3.8,97
TOULOUSE-BLAGNAC,2024040107,0,6.2,98
TOULOUSE-BLAGNAC,2024040108,0,8.9,87
TOULOUSE-BLAGNAC,2024040109,0,12.2,74
TOULOUSE-BLAGNAC,2024040110,0,14.2,57
TOULOUSE-BLAGNAC,2024040111,0,16.5,44
TOULOUSE-BLAGNAC,2024040112,0,17.6,39
TOULOUSE-BLAGNAC,2024040113,0,18.4,36
TOULOUSE-BLAGNAC,2024040114,0,17.8,33
TOULOUSE-BLAGNAC,2024040115,1.6,12.3,65
TOULOUSE-BLAGNAC,2024040116,0,17.2,44
TOULOUSE-BLAGNAC,2024040117,0,14.6,47
TOULOUSE-BLAGNAC,2024040118,0,13,50
TOULOUSE-BLAGNAC,2024040119,0,12,54
TOULOUSE-BLAGNAC,2024040120,0,11.1,60
TOULOUSE-BLAGNAC,2024040121,0,12,59
TOULOUSE-BLAGNAC,2024040122,0.2,10.3,73
TOULOUSE-BLAGNAC,2024040123,0,10,79
TOULOUSE-BLAGNAC,2024040200,0.6,8.2,90
TOULOUSE-BLAGNAC,2024040201,0.2,7.7,92
TOULOUSE-BLAGNAC,2024040202,0,6.8,93
TOULOUSE-BLAGNAC,2024040203,0,5.8,95
TOULOUSE-BLAGNAC,2024040204,0,5.1,96
TOULOUSE-BLAGNAC,2024040205,0,5.6,97
TOULOUSE-BLAGNAC,2024040206,0,5.5,97
TOULOUSE-BLAGNAC,2024040207,0,7.4,95
TOULOUSE-BLAGNAC,2024040208,0,10.7,79
TOULOUSE-BLAGNAC,2024040209,0,13.2,67
TOULOUSE-BLAGNAC,2024040210,0,15.1,56
TOULOUSE-BLAGNAC,2024040211,0,16.1,47
TOULOUSE-BLAGNAC,2024040212,0,17.2,46
TOULOUSE-BLAGNAC,2024040213,0,17.5,45
TOULOUSE-BLAGNAC,2024040214,0,17.8,47
TOULOUSE-BLAGNAC,2024040215,0,18.9,41
TOULOUSE-BLAGNAC,2024040216,0,17.8,46
TOULOUSE-BLAGNAC,2024040217,0,16.1,55
TOULOUSE-BLAGNAC,2024040218,0,14.5,59
TOULOUSE-BLAGNAC,2024040219,0,12.8,66
TOULOUSE-BLAGNAC,2024040220,0,12.2,73
TOULOUSE-BLAGNAC,2024040221,0,12,76
TOULOUSE-BLAGNAC,2024040222,0,11.9,78
TOULOUSE-BLAGNAC,2024040223,0,12,79
TOULOUSE-BLAGNAC,2024040300,0,11.7,82
TOULOUSE-BLAGNAC,2024040301,0,11.7,82
TOULOUSE-BLAGNAC,2024040302,0,11.7,84
TOULOUSE-BLAGNAC,2024040303,0.6,11.1,91
TOULOUSE-BLAGNAC,2024040304,0,10.2,92
TOULOUSE-BLAGNAC,2024040305,0,9.2,93
TOULOUSE-BLAGNAC,2024040306,0,8.8,96
TOULOUSE-BLAGNAC,2024040307,0,11.2,95
TOULOUSE-BLAGNAC,2024040308,0,12.8,86
TOULOUSE-BLAGNAC,2024040309,0,14.9,75
TOULOUSE-BLAGNAC,2024040310,0,17.2,64
TOULOUSE-BLAGNAC,2024040311,0,17.9,62
TOULOUSE-BLAGNAC,2024040312,0,18.2,55
TOULOUSE-BLAGNAC,2024040313,0,18.8,49
TOULOUSE-BLAGNAC,2024040314,0,20.4,47
TOULOUSE-BLAGNAC,2024040315,0,20.2,49
TOULOUSE-BLAGNAC,2024040316,0,19.2,49
TOULOUSE-BLAGNAC,2024040317,0,19.3,48
TOULOUSE-BLAGNAC,2024040318,0,17.9,51
TOULOUSE-BLAGNAC,2024040319,0,16.7,54
TOULOUSE-BLAGNAC,2024040320,0,14.9,62
TOULOUSE-BLAGNAC,2024040321,0,14.9,63
TOULOUSE-BLAGNAC,2024040322,0,13.6,68
TOULOUSE-BLAGNAC,2024040323,0,12.1,73
TOULOUSE-BLAGNAC,2024040400,0,11.6,77
TOULOUSE-BLAGNAC,2024040401,0,10.9,80
TOULOUSE-BLAGNAC,2024040402,0,10.3,82
TOULOUSE-BLAGNAC,2024040403,0,10.8,81
TOULOUSE-BLAGNAC,2024040404,0,10.3,83
TOULOUSE-BLAGNAC,2024040405,0,9.1,88
TOULOUSE-BLAGNAC,2024040406,0,9,88
TOULOUSE-BLAGNAC,2024040407,0,11.3,85
TOULOUSE-BLAGNAC,2024040408,0,14.1,75
TOULOUSE-BLAGNAC,2024040409,0,17.8,63
TOULOUSE-BLAGNAC,2024040410,0,20.3,52
TOULOUSE-BLAGNAC,2024040411,0,21.6,51
TOULOUSE-BLAGNAC,2024040412,0,22.3,48
TOULOUSE-BLAGNAC,2024040413,0,23,43
TOULOUSE-BLAGNAC,2024040414,0,22.9,40
TOULOUSE-BLAGNAC,2024040415,0,23.3,41
TOULOUSE-BLAGNAC,2024040416,0,22.9,40
TOULOUSE-BLAGNAC,2024040417,0,21.5,46
TOULOUSE-BLAGNAC,2024040418,0,20.2,50
TOULOUSE-BLAGNAC,2024040419,0,18.5,55
TOULOUSE-BLAGNAC,2024040420,0,17.2,62
TOULOUSE-BLAGNAC,2024040421,0,15.7,70
TOULOUSE-BLAGNAC,2024040422,0,15.1,70
TOULOUSE-BLAGNAC,2024040423,0,14.3,74
TOULOUSE-BLAGNAC,2024040500,0,13.5,83
TOULOUSE-BLAGNAC,2024040501,0,13.3,86
TOULOUSE-BLAGNAC,2024040502,0,13.3,87
TOULOUSE-BLAGNAC,2024040503,0,13.4,86
TOULOUSE-BLAGNAC,2024040504,0,13.5,85
TOULOUSE-BLAGNAC,2024040505,0,13.5,84
TOULOUSE-BLAGNAC,2024040506,0,13.5,85
TOULOUSE-BLAGNAC,2024040507,0,14.7,82
TOULOUSE-BLAGNAC,2024040508,0,16.1,75
TOULOUSE-BLAGNAC,2024040509,0,17.7,69
TOULOUSE-BLAGNAC,2024040510,0,18.7,69
TOULOUSE-BLAGNAC,2024040511,0,19.8,64
TOULOUSE-BLAGNAC,2024040512,0,21,60
TOULOUSE-BLAGNAC,2024040513,0,21.4,59
TOULOUSE-BLAGNAC,2024040514,0,21.7,58
TOULOUSE-BLAGNAC,2024040515,0,21.9,54
TOULOUSE-BLAGNAC,2024040516,0,20.5,57
TOULOUSE-BLAGNAC,2024040517,0,18.8,62
TOULOUSE-BLAGNAC,2024040518,0,17.6,62
TOULOUSE-BLAGNAC,2024040519,0,16.1,67
TOULOUSE-BLAGNAC,2024040520,0,15.4,71
TOULOUSE-BLAGNAC,2024040521,0,14.9,71
TOULOUSE-BLAGNAC,2024040522,0,14.5,73
TOULOUSE-BLAGNAC,2024040523,0,14.1,75
TOULOUSE-BLAGNAC,2024040600,0,13.6,77
TOULOUSE-BLAGNAC,2024040601,0,13.5,78
TOULOUSE-BLAGNAC,2024040602,0,13.4,79
TOULOUSE-BLAGNAC,2024040603,0,13.7,78
TOULOUSE-BLAGNAC,2024040604,0,13.6,79
TOULOUSE-BLAGNAC,2024040605,0,13.6,81
TOULOUSE-BLAGNAC,2024040606,0,13.8,80
TOULOUSE-BLAGNAC,2024040607,0,15.1,76
TOULOUSE-BLAGNAC,2024040608,0,16.2,72
TOULOUSE-BLAGNAC,2024040609,0,16.4,72
TOULOUSE-BLAGNAC,2024040610,0,16.3,74
TOULOUSE-BLAGNAC,2024040611,0,16.5,73
TOULOUSE-BLAGNAC,2024040612,0,17.2,72
TOULOUSE-BLAGNAC,2024040613,0,18.1,67
TOULOUSE-BLAGNAC,2024040614,0,17.6,68
TOULOUSE-BLAGNAC,2024040615,0,17.1,71
TOULOUSE-BLAGNAC,2024040616,0,16.7,71
TOULOUSE-BLAGNAC,2024040617,0,16,75
TOULOUSE-BLAGNAC,2024040618,0,15.6,77
TOULOUSE-BLAGNAC,2024040619,0,15.3,79
TOULOUSE-BLAGNAC,2024040620,0,15.2,79
TOULOUSE-BLAGNAC,2024040621,0,15.1,81
TOULOUSE-BLAGNAC,2024040622,0,14.9,82
TOULOUSE-BLAGNAC,2024040623,0,14.8,82
TOULOUSE-BLAGNAC,2024040700,0,14.6,82
TOULOUSE-BLAGNAC,2024040701,0,14.8,79
TOULOUSE-BLAGNAC,2024040702,0,14.4,83
TOULOUSE-BLAGNAC,2024040703,0,14.1,84
TOULOUSE-BLAGNAC,2024040704,0,14.1,87
TOULOUSE-BLAGNAC,2024040705,0,14.3,87
TOULOUSE-BLAGNAC,2024040706,0,14.2,87
TOULOUSE-BLAGNAC,2024040707,0,15,83
TOULOUSE-BLAGNAC,2024040708,0,15.6,79
TOULOUSE-BLAGNAC,2024040709,0,16.3,75
TOULOUSE-BLAGNAC,2024040710,0,17.6,69
TOULOUSE-BLAGNAC,2024040711,0,17.9,68
TOULOUSE-BLAGNAC,2024040712,0,17.5,69
TOULOUSE-BLAGNAC,2024040713,0,17.4,70
TOULOUSE-BLAGNAC,2024040714,0,17.6,69
TOULOUSE-BLAGNAC,2024040715,0,18.6,65
TOULOUSE-BLAGNAC,2024040716,0,18.7,65
TOULOUSE-BLAGNAC,2024040717,0,17.7,65
TOULOUSE-BLAGNAC,2024040718,0,17.1,67
TOULOUSE-BLAGNAC,2024040719,0,15.9,70
TOULOUSE-BLAGNAC,2024040720,0,15.1,74
TOULOUSE-BLAGNAC,2024040721,0,14.3,81
TOULOUSE-BLAGNAC,2024040722,0,14.2,83
TOULOUSE-BLAGNAC,2024040723,0,14.4,83
TOULOUSE-BLAGNAC,2024040800,0,14.7,83
TOULOUSE-BLAGNAC,2024040801,0,14.6,84
TOULOUSE-BLAGNAC,2024040802,0,14.8,84
TOULOUSE-BLAGNAC,2024040803,0,14.5,85
TOULOUSE-BLAGNAC,2024040804,0,14.4,85
TOULOUSE-BLAGNAC,2024040805,0,14.6,84
TOULOUSE-BLAGNAC,2024040806,0,14.7,83
TOULOUSE-BLAGNAC,2024040807,,14.4,88
TOULOUSE-BLAGNAC,2024040808,,15.3,83
TOULOUSE-BLAGNAC,2024040809,,17.2,77
TOULOUSE-BLAGNAC,2024040810,,18.4,72
TOULOUSE-BLAGNAC,2024040811,,19.3,69
TOULOUSE-BLAGNAC,2024040812,,20.1,70
TOULOUSE-BLAGNAC,2024040813,,20.2,64
TOULOUSE-BLAGNAC,2024040814,,20.4,67
TOULOUSE-BLAGNAC,2024040815,,19.9,65
TOULOUSE-BLAGNAC,2024040816,,18.9,68
TOULOUSE-BLAGNAC,2024040817,,17.4,70
TOULOUSE-BLAGNAC,2024040818,,15.9,67
TOULOUSE-BLAGNAC,2024040819,,15.1,75
TOULOUSE-BLAGNAC,2024040820,,12.9,77
TOULOUSE-BLAGNAC,2024040821,,12,75
TOULOUSE-BLAGNAC,2024040822,,10.5,86
TOULOUSE-BLAGNAC,2024040823,,9.6,88
TOULOUSE-BLAGNAC,2024040900,,9.1,93
TOULOUSE-BLAGNAC,2024040901,,9,89
TOULOUSE-BLAGNAC,2024040902,,8.8,91
TOULOUSE-BLAGNAC,2024040903,,8.8,90
TOULOUSE-BLAGNAC,2024040904,,8.6,90
TOULOUSE-BLAGNAC,2024040905,,8.4,89
TOULOUSE-BLAGNAC,2024040906,,8.4,88
TOULOUSE-BLAGNAC,2024040907,0,9.4,85
TOULOUSE-BLAGNAC,2024040908,0,10.1,79
TOULOUSE-BLAGNAC,2024040909,0,11.1,71
TOULOUSE-BLAGNAC,2024040910,0,11.6,68
TOULOUSE-BLAGNAC,2024040911,0,12.6,68
TOULOUSE-BLAGNAC,2024040912,0,13.2,65
TOULOUSE-BLAGNAC,2024040913,1,8.9,85
TOULOUSE-BLAGNAC,2024040914,0.6,12.9,70
TOULOUSE-BLAGNAC,2024040915,1.4,9.5,84
TOULOUSE-BLAGNAC,2024040916,0.4,11.5,86
TOULOUSE-BLAGNAC,2024040917,0,10.9,69
TOULOUSE-BLAGNAC,2024040918,0,10.7,74
TOULOUSE-BLAGNAC,2024040919,0,9.7,81
TOULOUSE-BLAGNAC,2024040920,0,9.3,79
TOULOUSE-BLAGNAC,2024040921,0,9,84
TOULOUSE-BLAGNAC,2024040922,0,9.5,83
TOULOUSE-BLAGNAC,2024040923,0,9.6,85
TOULOUSE-BLAGNAC,2024041000,0,9.1,87
TOULOUSE-BLAGNAC,2024041001,0,8.8,89
TOULOUSE-BLAGNAC,2024041002,0,8.5,89
TOULOUSE-BLAGNAC,2024041003,0,8.2,91
TOULOUSE-BLAGNAC,2024041004,0,8.5,91
TOULOUSE-BLAGNAC,2024041005,0,7.9,92
TOULOUSE-BLAGNAC,2024041006,0,7.8,92
TOULOUSE-BLAGNAC,2024041007,0,9.4,86
TOULOUSE-BLAGNAC,2024041008,0,10.7,82
TOULOUSE-BLAGNAC,2024041009,0,11.5,76
TOULOUSE-BLAGNAC,2024041010,0.2,11.7,79
TOULOUSE-BLAGNAC,2024041011,0,13.3,70
TOULOUSE-BLAGNAC,2024041012,0,13.6,61
TOULOUSE-BLAGNAC,2024041013,0,14.6,56
TOULOUSE-BLAGNAC,2024041014,0,15.5,52
TOULOUSE-BLAGNAC,2024041015,0,16.3,53
TOULOUSE-BLAGNAC,2024041016,0,15.1,53
TOULOUSE-BLAGNAC,2024041017,0,14.4,54
TOULOUSE-BLAGNAC,2024041018,0,13.8,59
TOULOUSE-BLAGNAC,2024041019,0,12.2,63
TOULOUSE-BLAGNAC,2024041020,0,11.8,66
TOULOUSE-BLAGNAC,2024041021,0,10.8,71
TOULOUSE-BLAGNAC,2024041022,0,9.8,77
TOULOUSE-BLAGNAC,2024041023,0,9.3,80
TOULOUSE-BLAGNAC,2024041100,0,8.6,83
TOULOUSE-BLAGNAC,2024041101,0,8.7,84
TOULOUSE-BLAGNAC,2024041102,0,7.8,86
TOULOUSE-BLAGNAC,2024041103,0,6.7,87
TOULOUSE-BLAGNAC,2024041104,0,6.6,89
TOULOUSE-BLAGNAC,2024041105,0,5.5,92
TOULOUSE-BLAGNAC,2024041106,0,6,93
TOULOUSE-BLAGNAC,2024041107,0,9.7,88
TOULOUSE-BLAGNAC,2024041108,0,11.4,82
TOULOUSE-BLAGNAC,2024041109,0,13.9,67
TOULOUSE-BLAGNAC,2024041110,0,15.7,60
TOULOUSE-BLAGNAC,2024041111,0,16.5,55
TOULOUSE-BLAGNAC,2024041112,0,17.8,50
TOULOUSE-BLAGNAC,2024041113,0,18.1,50
TOULOUSE-BLAGNAC,2024041114,0,18.2,48
TOULOUSE-BLAGNAC,2024041115,0,19.2,49
TOULOUSE-BLAGNAC,2024041116,0,19.2,48
TOULOUSE-BLAGNAC,2024041117,0,19.1,49
TOULOUSE-BLAGNAC,2024041118,0,17.8,55
TOULOUSE-BLAGNAC,2024041119,0,16,62
TOULOUSE-BLAGNAC,2024041120,0,15.2,66
TOULOUSE-BLAGNAC,2024041121,0,14.3,69
TOULOUSE-BLAGNAC,2024041122,0,12.7,74
TOULOUSE-BLAGNAC,2024041123,0,10.5,84
TOULOUSE-BLAGNAC,2024041200,0,10.1,85
TOULOUSE-BLAGNAC,2024041201,0,9.2,87
TOULOUSE-BLAGNAC,2024041202,0,8.9,87
TOULOUSE-BLAGNAC,2024041203,0,8.4,90
TOULOUSE-BLAGNAC,2024041204,0,7.6,92
TOULOUSE-BLAGNAC,2024041205,0,7.4,91
TOULOUSE-BLAGNAC,2024041206,0,7.5,92
TOULOUSE-BLAGNAC,2024041207,0,10,83
TOULOUSE-BLAGNAC,2024041208,0,13.5,73
TOULOUSE-BLAGNAC,2024041209,0,17.1,64
TOULOUSE-BLAGNAC,2024041210,0,18.6,64
TOULOUSE-BLAGNAC,2024041211,0,20.3,59
TOULOUSE-BLAGNAC,2024041212,0,22.3,50
TOULOUSE-BLAGNAC,2024041213,0,24,44
TOULOUSE-BLAGNAC,2024041214,0,24.3,42
TOULOUSE-BLAGNAC,2024041215,0,25.2,39
TOULOUSE-BLAGNAC,2024041216,0,25.3,32
TOULOUSE-BLAGNAC,2024041217,0,24.4,41
TOULOUSE-BLAGNAC,2024041218,0,22.4,44
TOULOUSE-BLAGNAC,2024041219,0,20.4,44
TOULOUSE-BLAGNAC,2024041220,0,19.6,44
TOULOUSE-BLAGNAC,2024041221,0,18.2,50
TOULOUSE-BLAGNAC,2024041222,0,14.7,69
TOULOUSE-BLAGNAC,2024041223,0,13.2,75
TOULOUSE-BLAGNAC,2024041300,0,12.5,79
TOULOUSE-BLAGNAC,2024041301,0,11.5,85
TOULOUSE-BLAGNAC,2024041302,0,10.8,85
TOULOUSE-BLAGNAC,2024041303,0,10.2,87
TOULOUSE-BLAGNAC,2024041304,0,10.1,87
TOULOUSE-BLAGNAC,2024041305,0,9.2,90
TOULOUSE-BLAGNAC,2024041306,0,9.6,90
TOULOUSE-BLAGNAC,2024041307,0,12.4,82
TOULOUSE-BLAGNAC,2024041308,0,15.6,66
TOULOUSE-BLAGNAC,2024041309,0,19,56
TOULOUSE-BLAGNAC,2024041310,0,21.9,52
TOULOUSE-BLAGNAC,2024041311,0,23.9,50
TOULOUSE-BLAGNAC,2024041312,0,25.4,45
TOULOUSE-BLAGNAC,2024041313,0,26.4,40
TOULOUSE-BLAGNAC,2024041314,0,27.3,41
TOULOUSE-BLAGNAC,2024041315,0,28,35
TOULOUSE-BLAGNAC,2024041316,0,28.2,35
TOULOUSE-BLAGNAC,2024041317,0,27.6,33
TOULOUSE-BLAGNAC,2024041318,0,26.3,39
TOULOUSE-BLAGNAC,2024041319,0,23.3,49
TOULOUSE-BLAGNAC,2024041320,0,21.6,55
TOULOUSE-BLAGNAC,2024041321,0,21.3,51
TOULOUSE-BLAGNAC,2024041322,0,17.7,71
TOULOUSE-BLAGNAC,2024041323,0,16,76
TOULOUSE-BLAGNAC,2024041400,0,16,77
TOULOUSE-BLAGNAC,2024041401,0,14,85
TOULOUSE-BLAGNAC,2024041402,0,13.1,88
TOULOUSE-BLAGNAC,2024041403,0,12.7,88
TOULOUSE-BLAGNAC,2024041404,0,11.9,89
TOULOUSE-BLAGNAC,2024041405,0,11.1,91
TOULOUSE-BLAGNAC,2024041406,0,11.7,91
TOULOUSE-BLAGNAC,2024041407,0,14.3,84
TOULOUSE-BLAGNAC,2024041408,0,17.7,72
TOULOUSE-BLAGNAC,2024041409,0,20.1,67
TOULOUSE-BLAGNAC,2024041410,0,22.2,58
TOULOUSE-BLAGNAC,2024041411,0,24.4,58
TOULOUSE-BLAGNAC,2024041412,0,25.9,47
TOULOUSE-BLAGNAC,2024041413,0,27,42
TOULOUSE-BLAGNAC,2024041414,0,28.3,41
TOULOUSE-BLAGNAC,2024041415,0,29,38
TOULOUSE-BLAGNAC,2024041416,0,28.6,41
TOULOUSE-BLAGNAC,2024041417,0,28.2,40
TOULOUSE-BLAGNAC,2024041418,0,26.7,41
TOULOUSE-BLAGNAC,2024041419,0,24.6,51
TOULOUSE-BLAGNAC,2024041420,0,22.7,55
TOULOUSE-BLAGNAC,2024041421,0,20.5,63
TOULOUSE-BLAGNAC,2024041422,0,18.7,67
TOULOUSE-BLAGNAC,2024041423,0,18.5,56
TOULOUSE-BLAGNAC,2024041500,0,19.5,67
TOULOUSE-BLAGNAC,2024041501,0,17.2,78
TOULOUSE-BLAGNAC,2024041502,0,15.2,81
TOULOUSE-BLAGNAC,2024041503,0,14.1,84
TOULOUSE-BLAGNAC,2024041504,0,14.2,82
TOULOUSE-BLAGNAC,2024041505,0,14,82
TOULOUSE-BLAGNAC,2024041506,0,14.1,82
TOULOUSE-BLAGNAC,2024041507,0,14.1,84
TOULOUSE-BLAGNAC,2024041508,0,15.1,77
TOULOUSE-BLAGNAC,2024041509,0,15.9,73
TOULOUSE-BLAGNAC,2024041510,0,15.7,74
TOULOUSE-BLAGNAC,2024041511,0,15.7,73
TOULOUSE-BLAGNAC,2024041512,0,16.3,71
TOULOUSE-BLAGNAC,2024041513,0,15.9,74
TOULOUSE-BLAGNAC,2024041514,0,15.5,76
TOULOUSE-BLAGNAC,2024041515,0,15.5,73
TOULOUSE-BLAGNAC,2024041516,0,15.5,70
TOULOUSE-BLAGNAC,2024041517,0,14.7,71
TOULOUSE-BLAGNAC,2024041518,0,14.4,69
TOULOUSE-BLAGNAC,2024041519,0,13.4,71
TOULOUSE-BLAGNAC,2024041520,0,13,67
TOULOUSE-BLAGNAC,2024041521,0,12.6,71
TOULOUSE-BLAGNAC,2024041522,0,12,72
TOULOUSE-BLAGNAC,2024041523,0,11.5,72
TOULOUSE-BLAGNAC,2024041600,0,11,76
TOULOUSE-BLAGNAC,2024041601,0,10.8,78
TOULOUSE-BLAGNAC,2024041602,0,10.6,81
TOULOUSE-BLAGNAC,2024041603,0,10.5,86
TOULOUSE-BLAGNAC,2024041604,0,10.2,89
TOULOUSE-BLAGNAC,2024041605,0,10.5,86
TOULOUSE-BLAGNAC,2024041606,0,10.3,91
TOULOUSE-BLAGNAC,2024041607,0.8,9.5,94
TOULOUSE-BLAGNAC,2024041608,0,10.4,87
TOULOUSE-BLAGNAC,2024041609,0.2,10.7,86
TOULOUSE-BLAGNAC,2024041610,0,12.3,75
TOULOUSE-BLAGNAC,2024041611,0,13.7,62
TOULOUSE-BLAGNAC,2024041612,0,14.7,55
TOULOUSE-BLAGNAC,2024041613,0,12.6,76
TOULOUSE-BLAGNAC,2024041614,0,13.3,65
TOULOUSE-BLAGNAC,2024041615,0,13.5,66
TOULOUSE-BLAGNAC,2024041616,0,11.7,79
TOULOUSE-BLAGNAC,2024041617,0,13.3,69
TOULOUSE-BLAGNAC,2024041618,0,12.4,62
TOULOUSE-BLAGNAC,2024041619,0,11.6,65
TOULOUSE-BLAGNAC,2024041620,0,10.6,69
TOULOUSE-BLAGNAC,2024041621,0,10.2,73
TOULOUSE-BLAGNAC,2024041622,0.4,9.1,85
TOULOUSE-BLAGNAC,2024041623,0,9,86
TOULOUSE-BLAGNAC,2024041700,0,8.8,86
TOULOUSE-BLAGNAC,2024041701,0,8.6,88
TOULOUSE-BLAGNAC,2024041702,0,8.2,89
TOULOUSE-BLAGNAC,2024041703,0,8.3,90
TOULOUSE-BLAGNAC,2024041704,0,8.3,89
TOULOUSE-BLAGNAC,2024041705,0,8.1,88
TOULOUSE-BLAGNAC,2024041706,0,8.4,89
TOULOUSE-BLAGNAC,2024041707,0.2,8.6,92
TOULOUSE-BLAGNAC,2024041708,0,9.7,88
TOULOUSE-BLAGNAC,2024041709,0,10.6,79
TOULOUSE-BLAGNAC,2024041710,0,11.8,73
TOULOUSE-BLAGNAC,2024041711,0,13.3,65
TOULOUSE-BLAGNAC,2024041712,0.4,13.3,64
TOULOUSE-BLAGNAC,2024041713,0,14.4,59
TOULOUSE-BLAGNAC,2024041714,0,13.8,56
TOULOUSE-BLAGNAC,2024041715,0,14,50
TOULOUSE-BLAGNAC,2024041716,0,14,49
TOULOUSE-BLAGNAC,2024041717,0,13.6,50
TOULOUSE-BLAGNAC,2024041718,0,13.2,52
TOULOUSE-BLAGNAC,2024041719,0,12.5,58
TOULOUSE-BLAGNAC,2024041720,0,12.3,61
TOULOUSE-BLAGNAC,2024041721,0,10.4,79
TOULOUSE-BLAGNAC,2024041722,0,9.1,72
TOULOUSE-BLAGNAC,2024041723,0,8.4,74
TOULOUSE-BLAGNAC,2024041800,0,8.4,77
TOULOUSE-BLAGNAC,2024041801,0,8.7,77
TOULOUSE-BLAGNAC,2024041802,0,8.7,80
TOULOUSE-BLAGNAC,2024041803,0,8.7,78
TOULOUSE-BLAGNAC,2024041804,0,8.4,82
TOULOUSE-BLAGNAC,2024041805,0,8.4,87
TOULOUSE-BLAGNAC,2024041806,0.2,7.9,93
TOULOUSE-BLAGNAC,2024041807,0.2,8.2,93
TOULOUSE-BLAGNAC,2024041808,0,9.8,84
TOULOUSE-BLAGNAC,2024041809,0,10.2,68
TOULOUSE-BLAGNAC,2024041810,0,11.1,63
TOULOUSE-BLAGNAC,2024041811,0,11.7,53
TOULOUSE-BLAGNAC,2024041812,0,12.2,54
TOULOUSE-BLAGNAC,2024041813,0,13.4,46
TOULOUSE-BLAGNAC,2024041814,0,11.2,56
TOULOUSE-BLAGNAC,2024041815,0.2,13.5,48
TOULOUSE-BLAGNAC,2024041816,0,12.6,50
TOULOUSE-BLAGNAC,2024041817,0,14.3,36
TOULOUSE-BLAGNAC,2024041818,0,13.4,38
TOULOUSE-BLAGNAC,2024041819,0,11.7,42
TOULOUSE-BLAGNAC,2024041820,0,8.7,54
TOULOUSE-BLAGNAC,2024041821,0,7.9,56
TOULOUSE-BLAGNAC,2024041822,0,7.9,56
TOULOUSE-BLAGNAC,2024041823,0,5.7,66
TOULOUSE-BLAGNAC,2024041900,0,3.7,83
TOULOUSE-BLAGNAC,2024041901,0,2.5,86
TOULOUSE-BLAGNAC,2024041902,0,3,86
TOULOUSE-BLAGNAC,2024041903,0,1.6,90
TOULOUSE-BLAGNAC,2024041904,0,2.3,94
TOULOUSE-BLAGNAC,2024041905,0,2.3,93
TOULOUSE-BLAGNAC,2024041906,0,2.1,92
TOULOUSE-BLAGNAC,2024041907,0,5.5,86
TOULOUSE-BLAGNAC,2024041908,0,9.7,62
TOULOUSE-BLAGNAC,2024041909,0,12.4,47
TOULOUSE-BLAGNAC,2024041910,0,13.9,45
TOULOUSE-BLAGNAC,2024041911,0,15,37
TOULOUSE-BLAGNAC,2024041912,0,16.4,34
TOULOUSE-BLAGNAC,2024041913,0,17.5,28
TOULOUSE-BLAGNAC,2024041914,0,18.6,27
TOULOUSE-BLAGNAC,2024041915,0,18.4,25
TOULOUSE-BLAGNAC,2024041916,0,18.8,25
TOULOUSE-BLAGNAC,2024041917,0,18.4,25
TOULOUSE-BLAGNAC,2024041918,0,17.4,27
TOULOUSE-BLAGNAC,2024041919,0,15,34
TOULOUSE-BLAGNAC,2024041920,0,13.1,39
TOULOUSE-BLAGNAC,2024041921,0,11.6,44
TOULOUSE-BLAGNAC,2024041922,0,10.7,46
TOULOUSE-BLAGNAC,2024041923,0,10.3,47
TOULOUSE-BLAGNAC,2024042000,0,9.1,53
TOULOUSE-BLAGNAC,2024042001,0,6.6,68
TOULOUSE-BLAGNAC,2024042002,0,5.5,73
TOULOUSE-BLAGNAC,2024042003,0,4.7,77
TOULOUSE-BLAGNAC,2024042004,0,3.9,83
TOULOUSE-BLAGNAC,2024042005,0,3.7,82
TOULOUSE-BLAGNAC,2024042006,0,4.8,85
TOULOUSE-BLAGNAC,2024042007,0,9.6,71
TOULOUSE-BLAGNAC,2024042008,0,11.6,66
TOULOUSE-BLAGNAC,2024042009,0,14.2,61
TOULOUSE-BLAGNAC,2024042010,0,15.1,56
TOULOUSE-BLAGNAC,2024042011,0,16.6,48
TOULOUSE-BLAGNAC,2024042012,0,16.5,43
TOULOUSE-BLAGNAC,2024042013,0,17.9,39
TOULOUSE-BLAGNAC,2024042014,0,18.2,37
TOULOUSE-BLAGNAC,2024042015,0,18.4,35
TOULOUSE-BLAGNAC,2024042016,0,18.4,33
TOULOUSE-BLAGNAC,2024042017,0,16.9,31
TOULOUSE-BLAGNAC,2024042018,0,15.9,31
TOULOUSE-BLAGNAC,2024042019,0,14.2,36
TOULOUSE-BLAGNAC,2024042020,0,12.9,41
TOULOUSE-BLAGNAC,2024042021,0,11.6,46
TOULOUSE-BLAGNAC,2024042022,0,10.5,50
TOULOUSE-BLAGNAC,2024042023,0,9.2,45
TOULOUSE-BLAGNAC,2024042100,0,7.9,50
TOULOUSE-BLAGNAC,2024042101,0,7.2,54
TOULOUSE-BLAGNAC,2024042102,0,4.9,69
TOULOUSE-BLAGNAC,2024042103,0,4.9,68
TOULOUSE-BLAGNAC,2024042104,0,4,71
TOULOUSE-BLAGNAC,2024042105,0,3.9,72
TOULOUSE-BLAGNAC,2024042106,0,4,74
TOULOUSE-BLAGNAC,2024042107,0,6.2,64
TOULOUSE-BLAGNAC,2024042108,0,7.9,59
TOULOUSE-BLAGNAC,2024042109,0,10.1,56
TOULOUSE-BLAGNAC,2024042110,0,11.5,47
TOULOUSE-BLAGNAC,2024042111,0,13.5,42
TOULOUSE-BLAGNAC,2024042112,0,14.4,39
TOULOUSE-BLAGNAC,2024042113,0,15.1,37
TOULOUSE-BLAGNAC,2024042114,0,16.2,36
TOULOUSE-BLAGNAC,2024042115,0,17.3,34
TOULOUSE-BLAGNAC,2024042116,0,16.5,33
TOULOUSE-BLAGNAC,2024042117,0,16,34
TOULOUSE-BLAGNAC,2024042118,0,14.5,37
TOULOUSE-BLAGNAC,2024042119,0,12.3,43
TOULOUSE-BLAGNAC,2024042120,0,11.3,42
TOULOUSE-BLAGNAC,2024042121,0,10.3,43
TOULOUSE-BLAGNAC,2024042122,0,9.7,45
TOULOUSE-BLAGNAC,2024042123,0,8.8,47
TOULOUSE-BLAGNAC,2024042200,0,7.7,51
TOULOUSE-BLAGNAC,2024042201,0,6.1,60
TOULOUSE-BLAGNAC,2024042202,0,5.3,63
TOULOUSE-BLAGNAC,2024042203,0,4.5,67
TOULOUSE-BLAGNAC,2024042204,0,3.5,71
TOULOUSE-BLAGNAC,2024042205,0,3.4,73
TOULOUSE-BLAGNAC,2024042206,0,4.6,71
TOULOUSE-BLAGNAC,2024042207,0,6.2,66
TOULOUSE-BLAGNAC,2024042208,0,7.8,61
TOULOUSE-BLAGNAC,2024042209,0,9.4,50
TOULOUSE-BLAGNAC,2024042210,0,11.1,42
TOULOUSE-BLAGNAC,2024042211,0,11.6,39
TOULOUSE-BLAGNAC,2024042212,0,12.5,37
TOULOUSE-BLAGNAC,2024042213,0,12,36
TOULOUSE-BLAGNAC,2024042214,0,11.9,36
TOULOUSE-BLAGNAC,2024042215,0,12.2,33
TOULOUSE-BLAGNAC,2024042216,0,11.8,34
TOULOUSE-BLAGNAC,2024042217,0,12.6,33
TOULOUSE-BLAGNAC,2024042218,0,11.5,34
TOULOUSE-BLAGNAC,2024042219,0,10.5,39
TOULOUSE-BLAGNAC,2024042220,0,8.9,45
TOULOUSE-BLAGNAC,2024042221,0,7.9,49
TOULOUSE-BLAGNAC,2024042222,0,7.5,50
TOULOUSE-BLAGNAC,2024042223,0,7.2,51
TOULOUSE-BLAGNAC,2024042300,0,6.9,53
TOULOUSE-BLAGNAC,2024042301,0,6.3,55
TOULOUSE-BLAGNAC,2024042302,0,4,65
TOULOUSE-BLAGNAC,2024042303,0,3.9,65
TOULOUSE-BLAGNAC,2024042304,0,3.4,70
TOULOUSE-BLAGNAC,2024042305,0,4.3,67
TOULOUSE-BLAGNAC,2024042306,0,4.9,65
TOULOUSE-BLAGNAC,2024042307,0,5.9,62
TOULOUSE-BLAGNAC,2024042308,0,8.2,57
TOULOUSE-BLAGNAC,2024042309,0,9.9,47
TOULOUSE-BLAGNAC,2024042310,0,10.9,41
TOULOUSE-BLAGNAC,2024042311,0,11,42
TOULOUSE-BLAGNAC,2024042312,0,11.7,35
TOULOUSE-BLAGNAC,2024042313,0,12.9,36
TOULOUSE-BLAGNAC,2024042314,0,12.9,36
TOULOUSE-BLAGNAC,2024042315,0,13.3,36
TOULOUSE-BLAGNAC,2024042316,0,12.8,33
TOULOUSE-BLAGNAC,2024042317,0,11.8,35
TOULOUSE-BLAGNAC,2024042318,0,11.1,39
TOULOUSE-BLAGNAC,2024042319,0,9.3,44
TOULOUSE-BLAGNAC,2024042320,0,8.2,48
TOULOUSE-BLAGNAC,2024042321,0,7.6,50
TOULOUSE-BLAGNAC,2024042322,0,7.1,53
TOULOUSE-BLAGNAC,2024042323,0,6.7,57
TOULOUSE-BLAGNAC,2024042400,0,5.9,58
TOULOUSE-BLAGNAC,2024042401,0,5.1,61
TOULOUSE-BLAGNAC,2024042402,0,4.6,64
TOULOUSE-BLAGNAC,2024042403,0,4.4,65
TOULOUSE-BLAGNAC,2024042404,0,5.1,62
TOULOUSE-BLAGNAC,2024042405,0,5.6,62
TOULOUSE-BLAGNAC,2024042406,0,6.7,60
TOULOUSE-BLAGNAC,2024042407,0,7.7,57
TOULOUSE-BLAGNAC,2024042408,0,8.6,57
TOULOUSE-BLAGNAC,2024042409,0,9.7,60
TOULOUSE-BLAGNAC,2024042410,0,10.1,54
TOULOUSE-BLAGNAC,2024042411,0,10.8,48
TOULOUSE-BLAGNAC,2024042412,0,11.5,58
TOULOUSE-BLAGNAC,2024042413,0,9.7,89
TOULOUSE-BLAGNAC,2024042414,0,11.2,72
TOULOUSE-BLAGNAC,2024042415,0,10.2,79
TOULOUSE-BLAGNAC,2024042416,0,10.7,73
TOULOUSE-BLAGNAC,2024042417,0.2,10,88
TOULOUSE-BLAGNAC,2024042418,0.6,9.5,90
TOULOUSE-BLAGNAC,2024042419,0,9.1,88
TOULOUSE-BLAGNAC,2024042420,0,9.2,90
TOULOUSE-BLAGNAC,2024042421,0,9.2,90
TOULOUSE-BLAGNAC,2024042422,0,9.3,89
TOULOUSE-BLAGNAC,2024042423,0,9,91
TOULOUSE-BLAGNAC,2024042500,0,9,90
TOULOUSE-BLAGNAC,2024042501,0,8.8,90
TOULOUSE-BLAGNAC,2024042502,0,8.5,90
TOULOUSE-BLAGNAC,2024042503,0,7.9,91
TOULOUSE-BLAGNAC,2024042504,0,8.2,89
TOULOUSE-BLAGNAC,2024042505,0,7.9,89
TOULOUSE-BLAGNAC,2024042506,0,8,89
TOULOUSE-BLAGNAC,2024042507,0,8.7,88
TOULOUSE-BLAGNAC,2024042508,0,10.8,82
TOULOUSE-BLAGNAC,2024042509,0,12.5,72
TOULOUSE-BLAGNAC,2024042510,0,13.8,62
TOULOUSE-BLAGNAC,2024042511,0,14.1,61
TOULOUSE-BLAGNAC,2024042512,0,14.7,56
TOULOUSE-BLAGNAC,2024042513,0,15.3,54
TOULOUSE-BLAGNAC,2024042514,0,16.3,49
TOULOUSE-BLAGNAC,2024042515,0,16.6,50
TOULOUSE-BLAGNAC,2024042516,0,16.3,49
TOULOUSE-BLAGNAC,2024042517,0,15.4,51
TOULOUSE-BLAGNAC,2024042518,0,13.3,67
TOULOUSE-BLAGNAC,2024042519,1.8,11.1,90
TOULOUSE-BLAGNAC,2024042520,1.2,10.2,93
TOULOUSE-BLAGNAC,2024042521,0,10,94
TOULOUSE-BLAGNAC,2024042522,0,9.9,95
TOULOUSE-BLAGNAC,2024042523,0.2,9.9,95
TOULOUSE-BLAGNAC,2024042600,0,9.9,94
TOULOUSE-BLAGNAC,2024042601,0,9.2,95
TOULOUSE-BLAGNAC,2024042602,0,8.8,96
TOULOUSE-BLAGNAC,2024042603,0,9,97
TOULOUSE-BLAGNAC,2024042604,0,8.7,96
TOULOUSE-BLAGNAC,2024042605,0,9,95
TOULOUSE-BLAGNAC,2024042606,0,9.3,95
TOULOUSE-BLAGNAC,2024042607,0,10.1,93
TOULOUSE-BLAGNAC,2024042608,0,11.5,86
TOULOUSE-BLAGNAC,2024042609,0,13.8,75
TOULOUSE-BLAGNAC,2024042610,0,14.8,59
TOULOUSE-BLAGNAC,2024042611,0,15.7,58
TOULOUSE-BLAGNAC,2024042612,0,17.3,49
TOULOUSE-BLAGNAC,2024042613,0,17.5,49
TOULOUSE-BLAGNAC,2024042614,0,18.7,45
TOULOUSE-BLAGNAC,2024042615,0,18,48
TOULOUSE-BLAGNAC,2024042616,0,18.6,44
TOULOUSE-BLAGNAC,2024042617,0,17.7,49
TOULOUSE-BLAGNAC,2024042618,0,15.8,52
TOULOUSE-BLAGNAC,2024042619,0,14.1,57
TOULOUSE-BLAGNAC,2024042620,0,13.3,66
TOULOUSE-BLAGNAC,2024042621,0,13.2,73
TOULOUSE-BLAGNAC,2024042622,0,13.3,76
TOULOUSE-BLAGNAC,2024042623,0,13.3,80
TOULOUSE-BLAGNAC,2024042700,0,13.4,79
TOULOUSE-BLAGNAC,2024042701,0,13.1,80
TOULOUSE-BLAGNAC,2024042702,0,13.4,77
TOULOUSE-BLAGNAC,2024042703,0,13.7,75
TOULOUSE-BLAGNAC,2024042704,0,13.8,76
TOULOUSE-BLAGNAC,2024042705,0,14.1,75
TOULOUSE-BLAGNAC,2024042706,0,14.1,77
TOULOUSE-BLAGNAC,2024042707,0,14.3,77
TOULOUSE-BLAGNAC,2024042708,0,14.4,77
TOULOUSE-BLAGNAC,2024042709,0,14.2,80
TOULOUSE-BLAGNAC,2024042710,0,16,70
TOULOUSE-BLAGNAC,2024042711,0,16.3,68
TOULOUSE-BLAGNAC,2024042712,0,17.6,64
TOULOUSE-BLAGNAC,2024042713,0,17.3,66
TOULOUSE-BLAGNAC,2024042714,0,17.3,66
TOULOUSE-BLAGNAC,2024042715,0,17.6,66
TOULOUSE-BLAGNAC,2024042716,0,16.6,71
TOULOUSE-BLAGNAC,2024042717,5.6,14,88
TOULOUSE-BLAGNAC,2024042718,0.4,13.9,84
TOULOUSE-BLAGNAC,2024042719,0,14.4,83
TOULOUSE-BLAGNAC,2024042720,0,14,86
TOULOUSE-BLAGNAC,2024042721,0,13.1,90
TOULOUSE-BLAGNAC,2024042722,0,12.4,79
TOULOUSE-BLAGNAC,2024042723,0,11.5,85
TOULOUSE-BLAGNAC,2024042800,0,10.7,82
TOULOUSE-BLAGNAC,2024042801,0,9.9,82
TOULOUSE-BLAGNAC,2024042802,0,9.8,82
TOULOUSE-BLAGNAC,2024042803,0,9.9,82
TOULOUSE-BLAGNAC,2024042804,0,9.9,81
TOULOUSE-BLAGNAC,2024042805,0,9.8,87
TOULOUSE-BLAGNAC,2024042806,0,9.9,85
TOULOUSE-BLAGNAC,2024042807,0,10.4,84
TOULOUSE-BLAGNAC,2024042808,0,11.4,76
TOULOUSE-BLAGNAC,2024042809,0,12.2,75
TOULOUSE-BLAGNAC,2024042810,0,12.8,70
TOULOUSE-BLAGNAC,2024042811,0,14.5,64
TOULOUSE-BLAGNAC,2024042812,0,16.1,58
TOULOUSE-BLAGNAC,2024042813,0,17,57
TOULOUSE-BLAGNAC,2024042814,0,16.6,55
TOULOUSE-BLAGNAC,2024042815,0,17,55
TOULOUSE-BLAGNAC,2024042816,0,16.8,57
TOULOUSE-BLAGNAC,2024042817,0,16.6,58
TOULOUSE-BLAGNAC,2024042818,0,16.2,58
TOULOUSE-BLAGNAC,2024042819,0,15,68
TOULOUSE-BLAGNAC,2024042820,0,14.4,69
TOULOUSE-BLAGNAC,2024042821,0,14.1,71
TOULOUSE-BLAGNAC,2024042822,0,13.9,74
TOULOUSE-BLAGNAC,2024042823,0.2,12.7,89
TOULOUSE-BLAGNAC,2024042900,2.2,12.4,94
TOULOUSE-BLAGNAC,2024042901,0.8,11.6,91
TOULOUSE-BLAGNAC,2024042902,0.8,11.3,94
TOULOUSE-BLAGNAC,2024042903,1.2,11.2,95
TOULOUSE-BLAGNAC,2024042904,0.2,11,94
TOULOUSE-BLAGNAC,2024042905,0,10.7,94
TOULOUSE-BLAGNAC,2024042906,0.2,10.6,94
TOULOUSE-BLAGNAC,2024042907,0,10.7,94
TOULOUSE-BLAGNAC,2024042908,0,11.1,94
TOULOUSE-BLAGNAC,2024042909,0.2,11.4,94
TOULOUSE-BLAGNAC,2024042910,0.2,11.8,92
TOULOUSE-BLAGNAC,2024042911,0.4,11.8,91
TOULOUSE-BLAGNAC,2024042912,0.8,11.9,94
TOULOUSE-BLAGNAC,2024042913,0.8,11.9,95
TOULOUSE-BLAGNAC,2024042914,0.4,12.3,93
TOULOUSE-BLAGNAC,2024042915,0.2,12.3,90
TOULOUSE-BLAGNAC,2024042916,1.2,12.1,92
TOULOUSE-BLAGNAC,2024042917,1.6,12.2,93
TOULOUSE-BLAGNAC,2024042918,0.2,11.9,93
TOULOUSE-BLAGNAC,2024042919,0,11.9,94
TOULOUSE-BLAGNAC,2024042920,1.6,11.7,95
TOULOUSE-BLAGNAC,2024042921,1.2,11.6,96
TOULOUSE-BLAGNAC,2024042922,0.6,11.3,95
TOULOUSE-BLAGNAC,2024042923,0.2,11.4,96
TOULOUSE-BLAGNAC,2024043000,0,11.4,97
TOULOUSE-BLAGNAC,2024043001,0,11.3,97
TOULOUSE-BLAGNAC,2024043002,0,11.3,97
TOULOUSE-BLAGNAC,2024043003,0,11.2,97
TOULOUSE-BLAGNAC,2024043004,0,11.1,96
TOULOUSE-BLAGNAC,2024043005,0,10.9,95
TOULOUSE-BLAGNAC,2024043006,0,11,95
TOULOUSE-BLAGNAC,2024043007,0,11.4,93
TOULOUSE-BLAGNAC,2024043008,0,11.7,90
TOULOUSE-BLAGNAC,2024043009,0,12.5,89
TOULOUSE-BLAGNAC,2024043010,0,12.8,86
TOULOUSE-BLAGNAC,2024043011,0,13.6,83
TOULOUSE-BLAGNAC,2024043012,0,13.8,82
TOULOUSE-BLAGNAC,2024043013,0,15.5,79
TOULOUSE-BLAGNAC,2024043014,0,14.7,79
TOULOUSE-BLAGNAC,2024043015,0,15.1,79
TOULOUSE-BLAGNAC,2024043016,0,15.3,81
TOULOUSE-BLAGNAC,2024043017,0,15.5,81
TOULOUSE-BLAGNAC,2024043018,0,15.5,82
TOULOUSE-BLAGNAC,2024043019,0,15.3,84
TOULOUSE-BLAGNAC,2024043020,0,14.1,88
TOULOUSE-BLAGNAC,2024043021,0,14.1,88
TOULOUSE-BLAGNAC,2024043022,0,13.9,89
TOULOUSE-BLAGNAC,2024043023,0,13.5,91
TOULOUSE-BLAGNAC,2024050100,0,13.1,92
TOULOUSE-BLAGNAC,2024050101,0,13,92
TOULOUSE-BLAGNAC,2024050102,0,13,93
TOULOUSE-BLAGNAC,2024050103,0,12.7,90
TOULOUSE-BLAGNAC,2024050104,0,12.4,91
TOULOUSE-BLAGNAC,2024050105,0,12.2,91
TOULOUSE-BLAGNAC,2024050106,0,12,93
TOULOUSE-BLAGNAC,2024050107,0,12.1,93
TOULOUSE-BLAGNAC,2024050108,0,12.1,92
TOULOUSE-BLAGNAC,2024050109,0,12.4,88
TOULOUSE-BLAGNAC,2024050110,0,11.9,88
TOULOUSE-BLAGNAC,2024050111,0.4,11.1,94
TOULOUSE-BLAGNAC,2024050112,0.2,9.5,93
TOULOUSE-BLAGNAC,2024050113,0,9.6,95
TOULOUSE-BLAGNAC,2024050114,0,9.5,93
TOULOUSE-BLAGNAC,2024050115,0.4,8.4,94
TOULOUSE-BLAGNAC,2024050116,0.8,8.2,93
TOULOUSE-BLAGNAC,2024050117,0.8,8.2,91
TOULOUSE-BLAGNAC,2024050118,0.8,8.1,92
TOULOUSE-BLAGNAC,2024050119,0.2,8.2,93
TOULOUSE-BLAGNAC,2024050120,0.2,8.3,93
TOULOUSE-BLAGNAC,2024050121,0.6,8.3,93
TOULOUSE-BLAGNAC,2024050122,0.6,8.3,94
TOULOUSE-BLAGNAC,2024050123,0,8.2,92
TOULOUSE-BLAGNAC,2024050200,1,8.1,94
TOULOUSE-BLAGNAC,2024050201,0.6,8.2,94
TOULOUSE-BLAGNAC,2024050202,0.6,8.4,94
TOULOUSE-BLAGNAC,2024050203,0.8,8.4,94
TOULOUSE-BLAGNAC,2024050204,0.4,8.3,92
TOULOUSE-BLAGNAC,2024050205,0.4,8.3,93
TOULOUSE-BLAGNAC,2024050206,1.4,8.5,92
TOULOUSE-BLAGNAC,2024050207,0,8.8,88
TOULOUSE-BLAGNAC,2024050208,0,9.8,83
TOULOUSE-BLAGNAC,2024050209,0,10.9,80
TOULOUSE-BLAGNAC,2024050210,0,11.7,73
TOULOUSE-BLAGNAC,2024050211,0,12.8,67
TOULOUSE-BLAGNAC,2024050212,0,14,59
TOULOUSE-BLAGNAC,2024050213,0,12.6,71
TOULOUSE-BLAGNAC,2024050214,0,15.1,51
TOULOUSE-BLAGNAC,2024050215,0,16.2,48
TOULOUSE-BLAGNAC,2024050216,0,15.9,45
TOULOUSE-BLAGNAC,2024050217,0,15.4,50
TOULOUSE-BLAGNAC,2024050218,0,14.4,53
TOULOUSE-BLAGNAC,2024050219,0,12,61
TOULOUSE-BLAGNAC,2024050220,0,11.2,67
TOULOUSE-BLAGNAC,2024050221,0,9.8,72
TOULOUSE-BLAGNAC,2024050222,0,9.6,71
TOULOUSE-BLAGNAC,2024050223,0,6.9,85
TOULOUSE-BLAGNAC,2024050300,0,5.9,90
TOULOUSE-BLAGNAC,2024050301,0,5.4,91
TOULOUSE-BLAGNAC,2024050302,0,5.2,93
TOULOUSE-BLAGNAC,2024050303,0,4.7,94
TOULOUSE-BLAGNAC,2024050304,0,4.1,94
TOULOUSE-BLAGNAC,2024050305,0,4.3,96
TOULOUSE-BLAGNAC,2024050306,0,5.8,94
TOULOUSE-BLAGNAC,2024050307,0,7.7,90
TOULOUSE-BLAGNAC,2024050308,0,10.7,78
TOULOUSE-BLAGNAC,2024050309,0,13.6,63
TOULOUSE-BLAGNAC,2024050310,0,16.1,54
TOULOUSE-BLAGNAC,2024050311,0,17.5,48
TOULOUSE-BLAGNAC,2024050312,0,18.1,45
TOULOUSE-BLAGNAC,2024050313,0,18.8,43
TOULOUSE-BLAGNAC,2024050314,0,18.6,43
TOULOUSE-BLAGNAC,2024050315,0,18.2,46
TOULOUSE-BLAGNAC,2024050316,0,17.7,51
TOULOUSE-BLAGNAC,2024050317,0,16.9,55
TOULOUSE-BLAGNAC,2024050318,0,16.3,54
TOULOUSE-BLAGNAC,2024050319,0,15.5,55
TOULOUSE-BLAGNAC,2024050320,0,14.6,60
TOULOUSE-BLAGNAC,2024050321,0,14.1,66
TOULOUSE-BLAGNAC,2024050322,0,13.6,67
TOULOUSE-BLAGNAC,2024050323,0,13.2,72
TOULOUSE-BLAGNAC,2024050400,0,13.1,71
TOULOUSE-BLAGNAC,2024050401,0,12.6,78
TOULOUSE-BLAGNAC,2024050402,0.2,11.9,85
TOULOUSE-BLAGNAC,2024050403,0.4,11.4,87
TOULOUSE-BLAGNAC,2024050404,0,11.3,84
TOULOUSE-BLAGNAC,2024050405,0,11.5,83
TOULOUSE-BLAGNAC,2024050406,0,12.3,78
TOULOUSE-BLAGNAC,2024050407,0,13.8,68
TOULOUSE-BLAGNAC,2024050408,0,15.1,65
TOULOUSE-BLAGNAC,2024050409,0,16.7,57
TOULOUSE-BLAGNAC,2024050410,0,17.7,57
TOULOUSE-BLAGNAC,2024050411,0,19,55
TOULOUSE-BLAGNAC,2024050412,0,20.6,52
TOULOUSE-BLAGNAC,2024050413,0,19.5,55
TOULOUSE-BLAGNAC,2024050414,0,21.4,50
TOULOUSE-BLAGNAC,2024050415,0,21,49
TOULOUSE-BLAGNAC,2024050416,0,21.5,48
TOULOUSE-BLAGNAC,2024050417,0,20.5,48
TOULOUSE-BLAGNAC,2024050418,0,19.4,50
TOULOUSE-BLAGNAC,2024050419,0,17.9,51
TOULOUSE-BLAGNAC,2024050420,0,16.7,57
TOULOUSE-BLAGNAC,2024050421,0,15.6,66
TOULOUSE-BLAGNAC,2024050422,0,15.4,72
TOULOUSE-BLAGNAC,2024050423,0,15.1,73
TOULOUSE-BLAGNAC,2024050500,0.2,14.5,76
TOULOUSE-BLAGNAC,2024050501,0,14.1,78
TOULOUSE-BLAGNAC,2024050502,0,13.7,84
TOULOUSE-BLAGNAC,2024050503,0,13.4,85
TOULOUSE-BLAGNAC,2024050504,0,13.6,85
TOULOUSE-BLAGNAC,2024050505,0,13.2,87
TOULOUSE-BLAGNAC,2024050506,0,14.3,87
TOULOUSE-BLAGNAC,2024050507,0,15.4,81
TOULOUSE-BLAGNAC,2024050508,0,15.7,78
TOULOUSE-BLAGNAC,2024050509,0,17.5,72
TOULOUSE-BLAGNAC,2024050510,0,17.8,71
TOULOUSE-BLAGNAC,2024050511,0,19,68
TOULOUSE-BLAGNAC,2024050512,0,17.5,75
TOULOUSE-BLAGNAC,2024050513,0,19.9,67
TOULOUSE-BLAGNAC,2024050514,0,20,66
TOULOUSE-BLAGNAC,2024050515,0,20.3,64
TOULOUSE-BLAGNAC,2024050516,0,20,64
TOULOUSE-BLAGNAC,2024050517,0,19.2,69
TOULOUSE-BLAGNAC,2024050518,0,17.8,72
TOULOUSE-BLAGNAC,2024050519,0,16.6,77
TOULOUSE-BLAGNAC,2024050520,3.8,15.7,92
TOULOUSE-BLAGNAC,2024050521,1.4,15.3,93
TOULOUSE-BLAGNAC,2024050522,1.7,15.2,95
TOULOUSE-BLAGNAC,2024050523,2.6,14.6,95
TOULOUSE-BLAGNAC,2024050600,2.4,14.4,96
TOULOUSE-BLAGNAC,2024050601,0.4,14.5,97
TOULOUSE-BLAGNAC,2024050602,0.2,14.1,95
TOULOUSE-BLAGNAC,2024050603,1.8,13.9,96
TOULOUSE-BLAGNAC,2024050604,0.2,10.9,93
TOULOUSE-BLAGNAC,2024050605,0.2,10.4,92
TOULOUSE-BLAGNAC,2024050606,1,10.7,95
TOULOUSE-BLAGNAC,2024050607,0,11.2,90
TOULOUSE-BLAGNAC,2024050608,0,11.9,88
TOULOUSE-BLAGNAC,2024050609,0,12.2,90
TOULOUSE-BLAGNAC,2024050610,0.2,12.6,90
TOULOUSE-BLAGNAC,2024050611,0,13.1,83
TOULOUSE-BLAGNAC,2024050612,0,14.8,72
TOULOUSE-BLAGNAC,2024050613,0,15.3,71
TOULOUSE-BLAGNAC,2024050614,0,15.1,65
TOULOUSE-BLAGNAC,2024050615,0,15.9,64
TOULOUSE-BLAGNAC,2024050616,0,17,60
TOULOUSE-BLAGNAC,2024050617,0,16.5,61
TOULOUSE-BLAGNAC,2024050618,0,16.3,56
TOULOUSE-BLAGNAC,2024050619,0,14.3,63
TOULOUSE-BLAGNAC,2024050620,0,14.1,60
TOULOUSE-BLAGNAC,2024050621,0,12.4,75
TOULOUSE-BLAGNAC,2024050622,0,12.1,80
TOULOUSE-BLAGNAC,2024050623,0,11.7,82
TOULOUSE-BLAGNAC,2024050700,0,11.6,84
TOULOUSE-BLAGNAC,2024050701,0,11.2,86
TOULOUSE-BLAGNAC,2024050702,0,11,87
TOULOUSE-BLAGNAC,2024050703,0,11.1,89
TOULOUSE-BLAGNAC,2024050704,0,10.9,88
TOULOUSE-BLAGNAC,2024050705,0,10.8,90
TOULOUSE-BLAGNAC,2024050706,0,11.6,89
TOULOUSE-BLAGNAC,2024050707,0,12.5,84
TOULOUSE-BLAGNAC,2024050708,0,13.3,77
TOULOUSE-BLAGNAC,2024050709,0,13.7,73
TOULOUSE-BLAGNAC,2024050710,0,14.2,73
TOULOUSE-BLAGNAC,2024050711,0,15.2,78
TOULOUSE-BLAGNAC,2024050712,0.4,14.2,85
TOULOUSE-BLAGNAC,2024050713,0.4,13.5,87
TOULOUSE-BLAGNAC,2024050714,1,14.6,83
TOULOUSE-BLAGNAC,2024050715,0.4,15,82
TOULOUSE-BLAGNAC,2024050716,0.8,13.3,90
TOULOUSE-BLAGNAC,2024050717,0.4,13.6,87
TOULOUSE-BLAGNAC,2024050718,0,13.1,87
TOULOUSE-BLAGNAC,2024050719,0.2,13,91
TOULOUSE-BLAGNAC,2024050720,0,12.2,92
TOULOUSE-BLAGNAC,2024050721,0,11.9,92
TOULOUSE-BLAGNAC,2024050722,0,11.9,93
TOULOUSE-BLAGNAC,2024050723,0.2,11.8,94
TOULOUSE-BLAGNAC,2024050800,0,12.1,94
TOULOUSE-BLAGNAC,2024050801,0,11.7,94
TOULOUSE-BLAGNAC,2024050802,0,11.6,94
TOULOUSE-BLAGNAC,2024050803,0,11.6,94
TOULOUSE-BLAGNAC,2024050804,0,11.6,94
TOULOUSE-BLAGNAC,2024050805,0,11.7,93
TOULOUSE-BLAGNAC,2024050806,0,12,94
TOULOUSE-BLAGNAC,2024050807,0,13,89
TOULOUSE-BLAGNAC,2024050808,0,13.8,87
TOULOUSE-BLAGNAC,2024050809,0,14.6,81
TOULOUSE-BLAGNAC,2024050810,0,16.2,79
TOULOUSE-BLAGNAC,2024050811,0,17.3,72
TOULOUSE-BLAGNAC,2024050812,0,18.7,65
TOULOUSE-BLAGNAC,2024050813,0,19.4,61
TOULOUSE-BLAGNAC,2024050814,0,20.2,58
TOULOUSE-BLAGNAC,2024050815,0,20.8,54
TOULOUSE-BLAGNAC,2024050816,0,20.6,55
TOULOUSE-BLAGNAC,2024050817,0,21.2,55
TOULOUSE-BLAGNAC,2024050818,0,19.7,60
TOULOUSE-BLAGNAC,2024050819,0,18.2,65
TOULOUSE-BLAGNAC,2024050820,0,16.5,71
TOULOUSE-BLAGNAC,2024050821,0,15.5,75
TOULOUSE-BLAGNAC,2024050822,0,14.8,76
TOULOUSE-BLAGNAC,2024050823,0,13.9,80
TOULOUSE-BLAGNAC,2024050900,0,13,80
TOULOUSE-BLAGNAC,2024050901,0,10.9,87
TOULOUSE-BLAGNAC,2024050902,0,10.1,92
TOULOUSE-BLAGNAC,2024050903,0,9.3,94
TOULOUSE-BLAGNAC,2024050904,0,9.2,95
TOULOUSE-BLAGNAC,2024050905,0,8.8,94
TOULOUSE-BLAGNAC,2024050906,0,10.6,96
TOULOUSE-BLAGNAC,2024050907,0,13.2,84
TOULOUSE-BLAGNAC,2024050908,0,16.5,69
TOULOUSE-BLAGNAC,2024050909,0,18.2,61
TOULOUSE-BLAGNAC,2024050910,0,19.5,57
TOULOUSE-BLAGNAC,2024050911,0,20.5,52
TOULOUSE-BLAGNAC,2024050912,0,21.2,44
TOULOUSE-BLAGNAC,2024050913,0,21.7,46
TOULOUSE-BLAGNAC,2024050914,0,22.8,42
TOULOUSE-BLAGNAC,2024050915,0,22.7,44
TOULOUSE-BLAGNAC,2024050916,0,22.9,42
TOULOUSE-BLAGNAC,2024050917,0,22.6,42
TOULOUSE-BLAGNAC,2024050918,0,22.3,43
TOULOUSE-BLAGNAC,2024050919,0,20.9,46
TOULOUSE-BLAGNAC,2024050920,0,19.2,53
TOULOUSE-BLAGNAC,2024050921,0,17.1,61
TOULOUSE-BLAGNAC,2024050922,0,15.7,67
TOULOUSE-BLAGNAC,2024050923,0,14,79
TOULOUSE-BLAGNAC,2024051000,0,13.6,79
TOULOUSE-BLAGNAC,2024051001,0,12.6,86
TOULOUSE-BLAGNAC,2024051002,0,11.4,87
TOULOUSE-BLAGNAC,2024051003,0,11.3,89
TOULOUSE-BLAGNAC,2024051004,0,11.2,83
TOULOUSE-BLAGNAC,2024051005,0,12,81
TOULOUSE-BLAGNAC,2024051006,0,13.7,76
TOULOUSE-BLAGNAC,2024051007,0,16.1,71
TOULOUSE-BLAGNAC,2024051008,0,18.5,64
TOULOUSE-BLAGNAC,2024051009,0,20.4,56
TOULOUSE-BLAGNAC,2024051010,0,22,57
TOULOUSE-BLAGNAC,2024051011,0,23,50
TOULOUSE-BLAGNAC,2024051012,0,24.1,47
TOULOUSE-BLAGNAC,2024051013,0,24.9,47
TOULOUSE-BLAGNAC,2024051014,0,25.8,44
TOULOUSE-BLAGNAC,2024051015,0,25.8,39
TOULOUSE-BLAGNAC,2024051016,0,25.8,42
TOULOUSE-BLAGNAC,2024051017,0,24.9,44
TOULOUSE-BLAGNAC,2024051018,0,23.5,46
TOULOUSE-BLAGNAC,2024051019,0,22.2,45
TOULOUSE-BLAGNAC,2024051020,0,19.7,52
TOULOUSE-BLAGNAC,2024051021,0,17.5,59
TOULOUSE-BLAGNAC,2024051022,0,17.3,57
TOULOUSE-BLAGNAC,2024051023,0,16.2,59
TOULOUSE-BLAGNAC,2024051100,0,15.5,61
TOULOUSE-BLAGNAC,2024051101,0,15.3,61
TOULOUSE-BLAGNAC,2024051102,0,14.6,69
TOULOUSE-BLAGNAC,2024051103,0,14,67
TOULOUSE-BLAGNAC,2024051104,0,13.9,67
TOULOUSE-BLAGNAC,2024051105,0,12.8,73
TOULOUSE-BLAGNAC,2024051106,0,15,69
TOULOUSE-BLAGNAC,2024051107,0,17,63
TOULOUSE-BLAGNAC,2024051108,0,19.9,55
TOULOUSE-BLAGNAC,2024051109,0,21.6,46
TOULOUSE-BLAGNAC,2024051110,0,23.3,45
TOULOUSE-BLAGNAC,2024051111,0,24.4,46
TOULOUSE-BLAGNAC,2024051112,0,25.5,46
TOULOUSE-BLAGNAC,2024051113,0,26.3,46
TOULOUSE-BLAGNAC,2024051114,0,26.8,41
TOULOUSE-BLAGNAC,2024051115,0,26.5,41
TOULOUSE-BLAGNAC,2024051116,0,26.2,37
TOULOUSE-BLAGNAC,2024051117,0,25.2,38
TOULOUSE-BLAGNAC,2024051118,0,23.3,41
TOULOUSE-BLAGNAC,2024051119,0,21.1,43
TOULOUSE-BLAGNAC,2024051120,0,20.2,43
TOULOUSE-BLAGNAC,2024051121,0,20,47
TOULOUSE-BLAGNAC,2024051122,0.2,17.5,73
TOULOUSE-BLAGNAC,2024051123,0,16.8,88
TOULOUSE-BLAGNAC,2024051200,0,15.8,88
TOULOUSE-BLAGNAC,2024051201,0,15.4,90
TOULOUSE-BLAGNAC,2024051202,0,15.4,89
TOULOUSE-BLAGNAC,2024051203,0,14.2,92
TOULOUSE-BLAGNAC,2024051204,0,14.5,93
TOULOUSE-BLAGNAC,2024051205,0.6,14.8,93
TOULOUSE-BLAGNAC,2024051206,0,15,95
TOULOUSE-BLAGNAC,2024051207,0,16.2,88
TOULOUSE-BLAGNAC,2024051208,0,17.3,81
TOULOUSE-BLAGNAC,2024051209,0,18.8,72
TOULOUSE-BLAGNAC,2024051210,0,18,78
TOULOUSE-BLAGNAC,2024051211,0,20.2,67
TOULOUSE-BLAGNAC,2024051212,0,18.2,78
TOULOUSE-BLAGNAC,2024051213,0,18.4,78
TOULOUSE-BLAGNAC,2024051214,0,18.7,76
TOULOUSE-BLAGNAC,2024051215,0,19.8,70
TOULOUSE-BLAGNAC,2024051216,0,20,67
TOULOUSE-BLAGNAC,2024051217,0,18.2,73
TOULOUSE-BLAGNAC,2024051218,0,17.6,75
TOULOUSE-BLAGNAC,2024051219,0,16.7,80
TOULOUSE-BLAGNAC,2024051220,0,16,80
TOULOUSE-BLAGNAC,2024051221,0,16.2,81
TOULOUSE-BLAGNAC,2024051222,0,16.1,80
TOULOUSE-BLAGNAC,2024051223,0,15.9,79
TOULOUSE-BLAGNAC,2024051300,0,16,80
TOULOUSE-BLAGNAC,2024051301,0,15.8,82
TOULOUSE-BLAGNAC,2024051302,0,15.7,81
TOULOUSE-BLAGNAC,2024051303,0,15.7,80
TOULOUSE-BLAGNAC,2024051304,0,15.5,82
TOULOUSE-BLAGNAC,2024051305,0,15.5,80
TOULOUSE-BLAGNAC,2024051306,0,15.9,78
TOULOUSE-BLAGNAC,2024051307,0,17.5,73
TOULOUSE-BLAGNAC,2024051308,0,19.4,67
TOULOUSE-BLAGNAC,2024051309,0,20.4,66
TOULOUSE-BLAGNAC,2024051310,0,21.7,65
TOULOUSE-BLAGNAC,2024051311,0,22.9,62
TOULOUSE-BLAGNAC,2024051312,0,23.8,59
TOULOUSE-BLAGNAC,2024051313,0,24,58
TOULOUSE-BLAGNAC,2024051314,0,24,60
TOULOUSE-BLAGNAC,2024051315,0,23.1,58
TOULOUSE-BLAGNAC,2024051316,0,22.2,56
TOULOUSE-BLAGNAC,2024051317,0,20.8,55
TOULOUSE-BLAGNAC,2024051318,0,19.3,60
TOULOUSE-BLAGNAC,2024051319,0,18.4,59
TOULOUSE-BLAGNAC,2024051320,0,17.7,61
TOULOUSE-BLAGNAC,2024051321,0,17.5,65
TOULOUSE-BLAGNAC,2024051322,0,17.4,75
TOULOUSE-BLAGNAC,2024051323,0,17.2,80
TOULOUSE-BLAGNAC,2024051400,0.2,15.1,93
TOULOUSE-BLAGNAC,2024051401,0,14.7,90
TOULOUSE-BLAGNAC,2024051402,0.2,12.2,93
TOULOUSE-BLAGNAC,2024051403,0.2,12.1,94
TOULOUSE-BLAGNAC,2024051404,0.2,12.2,94
TOULOUSE-BLAGNAC,2024051405,1,12.3,94
TOULOUSE-BLAGNAC,2024051406,2.2,12.2,95
TOULOUSE-BLAGNAC,2024051407,3.1,12,95
TOULOUSE-BLAGNAC,2024051408,3,12,94
TOULOUSE-BLAGNAC,2024051409,2.6,12.3,93
TOULOUSE-BLAGNAC,2024051410,1.2,12.6,93
TOULOUSE-BLAGNAC,2024051411,0.8,12.7,90
TOULOUSE-BLAGNAC,2024051412,1.4,13.4,92
TOULOUSE-BLAGNAC,2024051413,0,14.2,78
TOULOUSE-BLAGNAC,2024051414,0.2,15.7,72
TOULOUSE-BLAGNAC,2024051415,0,16.6,66
TOULOUSE-BLAGNAC,2024051416,0,18.1,65
TOULOUSE-BLAGNAC,2024051417,0.2,15.8,75
TOULOUSE-BLAGNAC,2024051418,0,14.3,76
TOULOUSE-BLAGNAC,2024051419,0,14.2,78
TOULOUSE-BLAGNAC,2024051420,0,14,80
TOULOUSE-BLAGNAC,2024051421,0,13.6,80
TOULOUSE-BLAGNAC,2024051422,0,13.2,87
TOULOUSE-BLAGNAC,2024051423,0,13,85
TOULOUSE-BLAGNAC,2024051500,0,12.5,87
TOULOUSE-BLAGNAC,2024051501,0,12.3,89
TOULOUSE-BLAGNAC,2024051502,0,12.2,89
TOULOUSE-BLAGNAC,2024051503,0,12,90
TOULOUSE-BLAGNAC,2024051504,0.2,11.6,93
TOULOUSE-BLAGNAC,2024051505,0,11.1,93
TOULOUSE-BLAGNAC,2024051506,0.4,10.5,92
TOULOUSE-BLAGNAC,2024051507,0.2,11.4,86
TOULOUSE-BLAGNAC,2024051508,0,12.9,81
TOULOUSE-BLAGNAC,2024051509,0,13.7,76
TOULOUSE-BLAGNAC,2024051510,0,14.6,70
TOULOUSE-BLAGNAC,2024051511,0.2,14,75
TOULOUSE-BLAGNAC,2024051512,0,16.9,56
TOULOUSE-BLAGNAC,2024051513,0,15.8,61
TOULOUSE-BLAGNAC,2024051514,0,15.3,67
TOULOUSE-BLAGNAC,2024051515,0,15.3,67
TOULOUSE-BLAGNAC,2024051516,5.5,12.4,86
TOULOUSE-BLAGNAC,2024051517,1.8,12.6,92
TOULOUSE-BLAGNAC,2024051518,0.8,11.8,87
TOULOUSE-BLAGNAC,2024051519,0.2,11.4,87
TOULOUSE-BLAGNAC,2024051520,0,11.1,86
TOULOUSE-BLAGNAC,2024051521,0,11,93
TOULOUSE-BLAGNAC,2024051522,0,11.4,93
TOULOUSE-BLAGNAC,2024051523,0,11.1,93
TOULOUSE-BLAGNAC,2024051600,0,10.6,95
TOULOUSE-BLAGNAC,2024051601,0,10.8,95
TOULOUSE-BLAGNAC,2024051602,0,9.9,95
TOULOUSE-BLAGNAC,2024051603,0,8.9,96
TOULOUSE-BLAGNAC,2024051604,0,8.9,97
TOULOUSE-BLAGNAC,2024051605,0,8.7,98
TOULOUSE-BLAGNAC,2024051606,0,10.1,98
TOULOUSE-BLAGNAC,2024051607,0,11.5,92
TOULOUSE-BLAGNAC,2024051608,0,12.6,88
TOULOUSE-BLAGNAC,2024051609,0,13.7,76
TOULOUSE-BLAGNAC,2024051610,0,15.4,74
TOULOUSE-BLAGNAC,2024051611,0,16.5,69
TOULOUSE-BLAGNAC,2024051612,0,17.6,58
TOULOUSE-BLAGNAC,2024051613,0,18.4,52
TOULOUSE-BLAGNAC,2024051614,0,19,49
TOULOUSE-BLAGNAC,2024051615,0,18.4,46
TOULOUSE-BLAGNAC,2024051616,0,19.3,42
TOULOUSE-BLAGNAC,2024051617,0,14.8,68
TOULOUSE-BLAGNAC,2024051618,0,15.5,61
TOULOUSE-BLAGNAC,2024051619,0,14.1,69
TOULOUSE-BLAGNAC,2024051620,0,13.4,73
TOULOUSE-BLAGNAC,2024051621,0,13,82
TOULOUSE-BLAGNAC,2024051622,0,12.5,88
TOULOUSE-BLAGNAC,2024051623,0,11.8,85
TOULOUSE-BLAGNAC,2024051700,0,11.1,87
TOULOUSE-BLAGNAC,2024051701,0,11.3,90
TOULOUSE-BLAGNAC,2024051702,0,11,90
TOULOUSE-BLAGNAC,2024051703,0,11.2,89
TOULOUSE-BLAGNAC,2024051704,0,11.4,86
TOULOUSE-BLAGNAC,2024051705,0,11.1,88
TOULOUSE-BLAGNAC,2024051706,0,11.4,86
TOULOUSE-BLAGNAC,2024051707,0,14.3,73
TOULOUSE-BLAGNAC,2024051708,0,14.5,69
TOULOUSE-BLAGNAC,2024051709,0,14.9,72
TOULOUSE-BLAGNAC,2024051710,0,15.4,71
TOULOUSE-BLAGNAC,2024051711,0,16,71
TOULOUSE-BLAGNAC,2024051712,0,16.9,66
TOULOUSE-BLAGNAC,2024051713,0,18.7,56
TOULOUSE-BLAGNAC,2024051714,0,19.5,53
TOULOUSE-BLAGNAC,2024051715,0,19.8,58
TOULOUSE-BLAGNAC,2024051716,0,20,54
TOULOUSE-BLAGNAC,2024051717,0,18.7,61
TOULOUSE-BLAGNAC,2024051718,0,17.8,60
TOULOUSE-BLAGNAC,2024051719,0,16.6,68
TOULOUSE-BLAGNAC,2024051720,0,15.5,75
TOULOUSE-BLAGNAC,2024051721,1.4,13,88
TOULOUSE-BLAGNAC,2024051722,0.2,12.8,90
TOULOUSE-BLAGNAC,2024051723,0,13,92
TOULOUSE-BLAGNAC,2024051800,0,12.9,91
TOULOUSE-BLAGNAC,2024051801,0,12.9,91
TOULOUSE-BLAGNAC,2024051802,0,12.5,94
TOULOUSE-BLAGNAC,2024051803,0,12.3,94
TOULOUSE-BLAGNAC,2024051804,0,12.4,94
TOULOUSE-BLAGNAC,2024051805,0.2,12.6,94
TOULOUSE-BLAGNAC,2024051806,0,12.8,94
TOULOUSE-BLAGNAC,2024051807,0,13.3,92
TOULOUSE-BLAGNAC,2024051808,0,14.3,88
TOULOUSE-BLAGNAC,2024051809,0,15.1,80
TOULOUSE-BLAGNAC,2024051810,0.2,16,73
TOULOUSE-BLAGNAC,2024051811,0,18.4,62
TOULOUSE-BLAGNAC,2024051812,0,19.4,57
TOULOUSE-BLAGNAC,2024051813,0,20.9,52
TOULOUSE-BLAGNAC,2024051814,0,20.6,50
TOULOUSE-BLAGNAC,2024051815,0,21.2,47
TOULOUSE-BLAGNAC,2024051816,0,20,52
TOULOUSE-BLAGNAC,2024051817,0,19.5,52
TOULOUSE-BLAGNAC,2024051818,0,19.6,56
TOULOUSE-BLAGNAC,2024051819,0,18.5,60
TOULOUSE-BLAGNAC,2024051820,0,17.9,63
TOULOUSE-BLAGNAC,2024051821,0,16.8,70
TOULOUSE-BLAGNAC,2024051822,0,15.3,77
TOULOUSE-BLAGNAC,2024051823,0,14.1,78
TOULOUSE-BLAGNAC,2024051900,0,13.5,81
TOULOUSE-BLAGNAC,2024051901,0,13.2,82
TOULOUSE-BLAGNAC,2024051902,0,13,83
TOULOUSE-BLAGNAC,2024051903,0,12.8,87
TOULOUSE-BLAGNAC,2024051904,0,12.2,89
TOULOUSE-BLAGNAC,2024051905,0,12.5,88
TOULOUSE-BLAGNAC,2024051906,0,13.5,86
TOULOUSE-BLAGNAC,2024051907,0,14,85
TOULOUSE-BLAGNAC,2024051908,0,15.8,75
TOULOUSE-BLAGNAC,2024051909,0,16.8,72
TOULOUSE-BLAGNAC,2024051910,0,18,69
TOULOUSE-BLAGNAC,2024051911,0,18.7,71
TOULOUSE-BLAGNAC,2024051912,0,17.4,72
TOULOUSE-BLAGNAC,2024051913,0,15.9,73
TOULOUSE-BLAGNAC,2024051914,0.2,15.3,78
TOULOUSE-BLAGNAC,2024051915,0.4,15,83
TOULOUSE-BLAGNAC,2024051916,0.2,15.5,88
TOULOUSE-BLAGNAC,2024051917,0,14.8,88
TOULOUSE-BLAGNAC,2024051918,0,15,82
TOULOUSE-BLAGNAC,2024051919,0,14.6,84
TOULOUSE-BLAGNAC,2024051920,0.4,14.7,87
TOULOUSE-BLAGNAC,2024051921,0.2,14.4,90
TOULOUSE-BLAGNAC,2024051922,0.6,14.1,93
TOULOUSE-BLAGNAC,2024051923,0,13.9,93
TOULOUSE-BLAGNAC,2024052000,0.2,14,95
TOULOUSE-BLAGNAC,2024052001,0,13.5,92
TOULOUSE-BLAGNAC,2024052002,0,13.3,92
TOULOUSE-BLAGNAC,2024052003,0,13.2,91
TOULOUSE-BLAGNAC,2024052004,0,13,92
TOULOUSE-BLAGNAC,2024052005,0,13.2,93
TOULOUSE-BLAGNAC,2024052006,0,13.3,92
TOULOUSE-BLAGNAC,2024052007,0,14.5,84
TOULOUSE-BLAGNAC,2024052008,0,15.4,78
TOULOUSE-BLAGNAC,2024052009,0,16,76
TOULOUSE-BLAGNAC,2024052010,0,17.6,68
TOULOUSE-BLAGNAC,2024052011,0,18.1,63
TOULOUSE-BLAGNAC,2024052012,0,19.1,58
TOULOUSE-BLAGNAC,2024052013,0,18.7,57
TOULOUSE-BLAGNAC,2024052014,0,17.3,62
TOULOUSE-BLAGNAC,2024052015,0,18.2,60
TOULOUSE-BLAGNAC,2024052016,0,18.8,57
TOULOUSE-BLAGNAC,2024052017,0,18.2,58
TOULOUSE-BLAGNAC,2024052018,0,17.6,61
TOULOUSE-BLAGNAC,2024052019,0,16.2,68
TOULOUSE-BLAGNAC,2024052020,0,15.5,73
TOULOUSE-BLAGNAC,2024052021,0,14.8,76
TOULOUSE-BLAGNAC,2024052022,0,14,77
TOULOUSE-BLAGNAC,2024052023,0,12.8,82
TOULOUSE-BLAGNAC,2024052100,0,11.6,91
TOULOUSE-BLAGNAC,2024052101,0,10.7,90
TOULOUSE-BLAGNAC,2024052102,0,10.1,91
TOULOUSE-BLAGNAC,2024052103,0,10.5,88
TOULOUSE-BLAGNAC,2024052104,0,10.2,90
TOULOUSE-BLAGNAC,2024052105,0,10.9,88
TOULOUSE-BLAGNAC,2024052106,0,11.9,84
TOULOUSE-BLAGNAC,2024052107,0,13.4,80
TOULOUSE-BLAGNAC,2024052108,0,14.9,76
TOULOUSE-BLAGNAC,2024052109,0,16.1,70
TOULOUSE-BLAGNAC,2024052110,0,17.8,64
TOULOUSE-BLAGNAC,2024052111,0,18.4,57
TOULOUSE-BLAGNAC,2024052112,0,19.5,51
TOULOUSE-BLAGNAC,2024052113,0,19.1,58
TOULOUSE-BLAGNAC,2024052114,0,19.4,57
TOULOUSE-BLAGNAC,2024052115,0,19.8,48
TOULOUSE-BLAGNAC,2024052116,0,18.5,56
TOULOUSE-BLAGNAC,2024052117,0,18.9,58
TOULOUSE-BLAGNAC,2024052118,0,18,60
TOULOUSE-BLAGNAC,2024052119,0,16.6,66
TOULOUSE-BLAGNAC,2024052120,0,15.7,68
TOULOUSE-BLAGNAC,2024052121,0,14.5,73
TOULOUSE-BLAGNAC,2024052122,0,14,78
TOULOUSE-BLAGNAC,2024052123,0,13.5,81
TOULOUSE-BLAGNAC,2024052200,0,13,83
TOULOUSE-BLAGNAC,2024052201,0,12.4,85
TOULOUSE-BLAGNAC,2024052202,0,11.5,88
TOULOUSE-BLAGNAC,2024052203,0,10.9,90
TOULOUSE-BLAGNAC,2024052204,0,10.2,92
TOULOUSE-BLAGNAC,2024052205,0,10.8,93
TOULOUSE-BLAGNAC,2024052206,0,11.5,90
TOULOUSE-BLAGNAC,2024052207,0,13.4,83
TOULOUSE-BLAGNAC,2024052208,0,15.4,72
TOULOUSE-BLAGNAC,2024052209,0,16.4,67
TOULOUSE-BLAGNAC,2024052210,0,17.9,59
TOULOUSE-BLAGNAC,2024052211,0,17.1,59
TOULOUSE-BLAGNAC,2024052212,0,18.7,56
TOULOUSE-BLAGNAC,2024052213,0,19.5,49
TOULOUSE-BLAGNAC,2024052214,0,20,49
TOULOUSE-BLAGNAC,2024052215,0,20.3,47
TOULOUSE-BLAGNAC,2024052216,0,20,46
TOULOUSE-BLAGNAC,2024052217,0,19.4,46
TOULOUSE-BLAGNAC,2024052218,0,19,47
TOULOUSE-BLAGNAC,2024052219,0,17.3,62
TOULOUSE-BLAGNAC,2024052220,4.8,12.9,93
TOULOUSE-BLAGNAC,2024052221,4.9,12.5,92
TOULOUSE-BLAGNAC,2024052222,0,12.8,94
TOULOUSE-BLAGNAC,2024052223,0,12.8,95
TOULOUSE-BLAGNAC,2024052300,0.6,12.5,93
TOULOUSE-BLAGNAC,2024052301,0.8,12,91
TOULOUSE-BLAGNAC,2024052302,0.6,12.3,93
TOULOUSE-BLAGNAC,2024052303,0.4,12,95
TOULOUSE-BLAGNAC,2024052304,0,12.4,93
TOULOUSE-BLAGNAC,2024052305,0,12.6,93
TOULOUSE-BLAGNAC,2024052306,0,13.3,91
TOULOUSE-BLAGNAC,2024052307,0,14.3,84
TOULOUSE-BLAGNAC,2024052308,0,14.4,81
TOULOUSE-BLAGNAC,2024052309,0.6,15,79
TOULOUSE-BLAGNAC,2024052310,0,16.4,72
TOULOUSE-BLAGNAC,2024052311,0.2,16.8,76
TOULOUSE-BLAGNAC,2024052312,0,17.5,69
TOULOUSE-BLAGNAC,2024052313,0,18,66
TOULOUSE-BLAGNAC,2024052314,0,19,61
TOULOUSE-BLAGNAC,2024052315,0,19.7,49
TOULOUSE-BLAGNAC,2024052316,0,18.1,62
TOULOUSE-BLAGNAC,2024052317,0,18.1,60
TOULOUSE-BLAGNAC,2024052318,0,17.1,61
TOULOUSE-BLAGNAC,2024052319,0,16.6,67
TOULOUSE-BLAGNAC,2024052320,0,16,73
TOULOUSE-BLAGNAC,2024052321,0,15,81
TOULOUSE-BLAGNAC,2024052322,0,14.7,78
TOULOUSE-BLAGNAC,2024052323,0,14.2,82
TOULOUSE-BLAGNAC,2024052400,0,14,83
TOULOUSE-BLAGNAC,2024052401,0,13.2,89
TOULOUSE-BLAGNAC,2024052402,0,13.2,87
TOULOUSE-BLAGNAC,2024052403,0,13,86
TOULOUSE-BLAGNAC,2024052404,0,12.4,86
TOULOUSE-BLAGNAC,2024052405,0,12.2,85
TOULOUSE-BLAGNAC,2024052406,0,12.6,83
TOULOUSE-BLAGNAC,2024052407,0,14.3,77
TOULOUSE-BLAGNAC,2024052408,0,15.2,69
TOULOUSE-BLAGNAC,2024052409,0,16.2,60
TOULOUSE-BLAGNAC,2024052410,0,17.6,58
TOULOUSE-BLAGNAC,2024052411,0,18,52
TOULOUSE-BLAGNAC,2024052412,0,19.5,51
TOULOUSE-BLAGNAC,2024052413,0,20.2,50
TOULOUSE-BLAGNAC,2024052414,0,19,53
TOULOUSE-BLAGNAC,2024052415,0,20.4,49
TOULOUSE-BLAGNAC,2024052416,0,19.9,47
TOULOUSE-BLAGNAC,2024052417,0,20.7,47
TOULOUSE-BLAGNAC,2024052418,0,19.6,49
TOULOUSE-BLAGNAC,2024052419,0,18.6,53
TOULOUSE-BLAGNAC,2024052420,0,17.2,58
TOULOUSE-BLAGNAC,2024052421,0,15.7,68
TOULOUSE-BLAGNAC,2024052422,0,14.8,75
TOULOUSE-BLAGNAC,2024052423,0,13.6,82
TOULOUSE-BLAGNAC,2024052500,0,13,85
TOULOUSE-BLAGNAC,2024052501,0,12,88
TOULOUSE-BLAGNAC,2024052502,0,11,92
TOULOUSE-BLAGNAC,2024052503,0,10.9,94
TOULOUSE-BLAGNAC,2024052504,0,11.1,95
TOULOUSE-BLAGNAC,2024052505,0,11.3,94
TOULOUSE-BLAGNAC,2024052506,0,12,94
TOULOUSE-BLAGNAC,2024052507,0,13.9,89
TOULOUSE-BLAGNAC,2024052508,0,15.2,76
TOULOUSE-BLAGNAC,2024052509,0,18.5,61
TOULOUSE-BLAGNAC,2024052510,0,20.7,51
TOULOUSE-BLAGNAC,2024052511,0,22.2,46
TOULOUSE-BLAGNAC,2024052512,0,22.9,43
TOULOUSE-BLAGNAC,2024052513,0,24,46
TOULOUSE-BLAGNAC,2024052514,0,24.3,42
TOULOUSE-BLAGNAC,2024052515,0,25.2,38
TOULOUSE-BLAGNAC,2024052516,0,25.8,38
TOULOUSE-BLAGNAC,2024052517,0,25.2,40
TOULOUSE-BLAGNAC,2024052518,0,24.1,40
TOULOUSE-BLAGNAC,2024052519,0,22.2,46
TOULOUSE-BLAGNAC,2024052520,0,19.9,60
TOULOUSE-BLAGNAC,2024052521,0,17.8,64
TOULOUSE-BLAGNAC,2024052522,0,17,64
TOULOUSE-BLAGNAC,2024052523,0,16.4,68
TOULOUSE-BLAGNAC,2024052600,0,15.7,73
TOULOUSE-BLAGNAC,2024052601,0,16.1,74
TOULOUSE-BLAGNAC,2024052602,0,16,80
TOULOUSE-BLAGNAC,2024052603,0,15.8,82
TOULOUSE-BLAGNAC,2024052604,0,15.3,86
TOULOUSE-BLAGNAC,2024052605,0,15.1,88
TOULOUSE-BLAGNAC,2024052606,0,15.8,86
TOULOUSE-BLAGNAC,2024052607,0,16.8,84
TOULOUSE-BLAGNAC,2024052608,0,17,84
TOULOUSE-BLAGNAC,2024052609,0,17,84
TOULOUSE-BLAGNAC,2024052610,0,17.8,80
TOULOUSE-BLAGNAC,2024052611,0,18.7,78
TOULOUSE-BLAGNAC,2024052612,0,18.7,73
TOULOUSE-BLAGNAC,2024052613,0,20.1,69
TOULOUSE-BLAGNAC,2024052614,0,19.7,70
TOULOUSE-BLAGNAC,2024052615,0,19.5,71
TOULOUSE-BLAGNAC,2024052616,0,20,69
TOULOUSE-BLAGNAC,2024052617,0,19.8,71
TOULOUSE-BLAGNAC,2024052618,0,19.4,71
TOULOUSE-BLAGNAC,2024052619,0,18.2,80
TOULOUSE-BLAGNAC,2024052620,0,17.9,80
TOULOUSE-BLAGNAC,2024052621,0,17.5,75
TOULOUSE-BLAGNAC,2024052622,0,16.9,77
TOULOUSE-BLAGNAC,2024052623,0,16.4,72
TOULOUSE-BLAGNAC,2024052700,0,15.9,69
TOULOUSE-BLAGNAC,2024052701,1.2,14.6,86
TOULOUSE-BLAGNAC,2024052702,0,14.7,89
TOULOUSE-BLAGNAC,2024052703,0,14.7,90
TOULOUSE-BLAGNAC,2024052704,0,14.5,91
TOULOUSE-BLAGNAC,2024052705,2.4,14,95
TOULOUSE-BLAGNAC,2024052706,0.4,13.9,94
TOULOUSE-BLAGNAC,2024052707,1.6,13.8,95
TOULOUSE-BLAGNAC,2024052708,1,13.7,95
TOULOUSE-BLAGNAC,2024052709,0.4,13.8,93
TOULOUSE-BLAGNAC,2024052710,0.3,14.3,90
TOULOUSE-BLAGNAC,2024052711,0.6,14.2,82
TOULOUSE-BLAGNAC,2024052712,0,15.9,86
TOULOUSE-BLAGNAC,2024052713,0,16.8,72
TOULOUSE-BLAGNAC,2024052714,0,17.5,70
TOULOUSE-BLAGNAC,2024052715,0,16.5,77
TOULOUSE-BLAGNAC,2024052716,0,17,76
TOULOUSE-BLAGNAC,2024052717,0,17.1,73
TOULOUSE-BLAGNAC,2024052718,0,16.6,74
TOULOUSE-BLAGNAC,2024052719,0,16.1,78
TOULOUSE-BLAGNAC,2024052720,0,15.5,82
TOULOUSE-BLAGNAC,2024052721,0,14.8,85
TOULOUSE-BLAGNAC,2024052722,0,14.6,84
TOULOUSE-BLAGNAC,2024052723,0,14.1,83
TOULOUSE-BLAGNAC,2024052800,0,13.7,85
TOULOUSE-BLAGNAC,2024052801,0,13,89
TOULOUSE-BLAGNAC,2024052802,0,12,90
TOULOUSE-BLAGNAC,2024052803,0,11.2,90
TOULOUSE-BLAGNAC,2024052804,0,11.3,88
TOULOUSE-BLAGNAC,2024052805,0,10.9,87
TOULOUSE-BLAGNAC,2024052806,0,12.6,80
TOULOUSE-BLAGNAC,2024052807,0,14.2,73
TOULOUSE-BLAGNAC,2024052808,0,15.9,66
TOULOUSE-BLAGNAC,2024052809,0,17,63
TOULOUSE-BLAGNAC,2024052810,0,17.9,63
TOULOUSE-BLAGNAC,2024052811,0,19,59
TOULOUSE-BLAGNAC,2024052812,0,19.9,59
TOULOUSE-BLAGNAC,2024052813,0,21,59
TOULOUSE-BLAGNAC,2024052814,0,21.8,55
TOULOUSE-BLAGNAC,2024052815,0,22.1,50
TOULOUSE-BLAGNAC,2024052816,0,22.6,50
TOULOUSE-BLAGNAC,2024052817,0,22.1,50
TOULOUSE-BLAGNAC,2024052818,0,21,54
TOULOUSE-BLAGNAC,2024052819,0,20.3,56
TOULOUSE-BLAGNAC,2024052820,0,19.2,63
TOULOUSE-BLAGNAC,2024052821,0,17.9,69
TOULOUSE-BLAGNAC,2024052822,0,17.4,69
TOULOUSE-BLAGNAC,2024052823,0,16.6,73
TOULOUSE-BLAGNAC,2024052900,0,15.2,82
TOULOUSE-BLAGNAC,2024052901,0,13.7,88
TOULOUSE-BLAGNAC,2024052902,0,13.1,91
TOULOUSE-BLAGNAC,2024052903,0,13,92
TOULOUSE-BLAGNAC,2024052904,0,12.7,93
TOULOUSE-BLAGNAC,2024052905,0,13.1,94
TOULOUSE-BLAGNAC,2024052906,0,14,92
TOULOUSE-BLAGNAC,2024052907,0,15.4,87
TOULOUSE-BLAGNAC,2024052908,0,17.6,80
TOULOUSE-BLAGNAC,2024052909,0,19.4,69
TOULOUSE-BLAGNAC,2024052910,0,21.4,67
TOULOUSE-BLAGNAC,2024052911,0,22.3,62
TOULOUSE-BLAGNAC,2024052912,0,23,59
TOULOUSE-BLAGNAC,2024052913,0,23.3,57
TOULOUSE-BLAGNAC,2024052914,0,23.8,51
TOULOUSE-BLAGNAC,2024052915,0,23.4,51
TOULOUSE-BLAGNAC,2024052916,0,22.8,49
TOULOUSE-BLAGNAC,2024052917,0,22.9,48
TOULOUSE-BLAGNAC,2024052918,0,22.7,49
TOULOUSE-BLAGNAC,2024052919,0,21.2,50
TOULOUSE-BLAGNAC,2024052920,0,20.4,56
TOULOUSE-BLAGNAC,2024052921,0,19.8,59
TOULOUSE-BLAGNAC,2024052922,0,19.3,65
TOULOUSE-BLAGNAC,2024052923,0,18.6,70
TOULOUSE-BLAGNAC,2024053000,0,18.4,73
TOULOUSE-BLAGNAC,2024053001,0,18.1,70
TOULOUSE-BLAGNAC,2024053002,0,17.7,70
TOULOUSE-BLAGNAC,2024053003,0,17.1,74
TOULOUSE-BLAGNAC,2024053004,0.2,16.3,89
TOULOUSE-BLAGNAC,2024053005,0,16.3,85
TOULOUSE-BLAGNAC,2024053006,0,16.3,92
TOULOUSE-BLAGNAC,2024053007,0.2,16.4,95
TOULOUSE-BLAGNAC,2024053008,0,17,93
TOULOUSE-BLAGNAC,2024053009,0,18,85
TOULOUSE-BLAGNAC,2024053010,0,18.8,83
TOULOUSE-BLAGNAC,2024053011,1,17.7,90
TOULOUSE-BLAGNAC,2024053012,0,18.9,81
TOULOUSE-BLAGNAC,2024053013,0,18.7,73
TOULOUSE-BLAGNAC,2024053014,0,20.5,57
TOULOUSE-BLAGNAC,2024053015,0,21.4,49
TOULOUSE-BLAGNAC,2024053016,0,20.8,51
TOULOUSE-BLAGNAC,2024053017,0,20,52
TOULOUSE-BLAGNAC,2024053018,0,20,52
TOULOUSE-BLAGNAC,2024053019,0,18.4,57
TOULOUSE-BLAGNAC,2024053020,0,16.7,64
TOULOUSE-BLAGNAC,2024053021,0,16,69
TOULOUSE-BLAGNAC,2024053022,0,14.7,75
TOULOUSE-BLAGNAC,2024053023,0,13.9,79
TOULOUSE-BLAGNAC,2024053100,0,13.4,82
TOULOUSE-BLAGNAC,2024053101,0,13,84
TOULOUSE-BLAGNAC,2024053102,0,12.8,86
TOULOUSE-BLAGNAC,2024053103,0,12.1,89
TOULOUSE-BLAGNAC,2024053104,0,11.6,90
TOULOUSE-BLAGNAC,2024053105,0,12,89
TOULOUSE-BLAGNAC,2024053106,0,12.6,87
TOULOUSE-BLAGNAC,2024053107,0,13.7,85
TOULOUSE-BLAGNAC,2024053108,0,14.8,82
TOULOUSE-BLAGNAC,2024053109,0.4,15.1,81
TOULOUSE-BLAGNAC,2024053110,0,17.7,63
TOULOUSE-BLAGNAC,2024053111,0,18.4,56
TOULOUSE-BLAGNAC,2024053112,0,19.4,52
TOULOUSE-BLAGNAC,2024053113,0,19.1,50
TOULOUSE-BLAGNAC,2024053114,0,19.9,49
TOULOUSE-BLAGNAC,2024053115,0,20.7,46
TOULOUSE-BLAGNAC,2024053116,0,20.8,45
TOULOUSE-BLAGNAC,2024053117,0,20.6,47
TOULOUSE-BLAGNAC,2024053118,0,20.2,46
TOULOUSE-BLAGNAC,2024053119,0,18.9,50
TOULOUSE-BLAGNAC,2024053120,0,16.5,60
TOULOUSE-BLAGNAC,2024053121,0,15.8,63
TOULOUSE-BLAGNAC,2024053122,0,15.2,68
TOULOUSE-BLAGNAC,2024053123,0,15.3,69
TOULOUSE-BLAGNAC,2024060100,0,14.6,75
TOULOUSE-BLAGNAC,2024060101,0,14.4,77
TOULOUSE-BLAGNAC,2024060102,0,14.5,76
TOULOUSE-BLAGNAC,2024060103,0,14.1,80
TOULOUSE-BLAGNAC,2024060104,0,14,82
TOULOUSE-BLAGNAC,2024060105,0,13.4,85
TOULOUSE-BLAGNAC,2024060106,0,14.1,83
TOULOUSE-BLAGNAC,2024060107,0,15,79
TOULOUSE-BLAGNAC,2024060108,0,15.7,77
TOULOUSE-BLAGNAC,2024060109,0,17.8,68
TOULOUSE-BLAGNAC,2024060110,0,17.8,65
TOULOUSE-BLAGNAC,2024060111,0,19.2,62
TOULOUSE-BLAGNAC,2024060112,0,19.3,55
TOULOUSE-BLAGNAC,2024060113,0,18.8,61
TOULOUSE-BLAGNAC,2024060114,0,19.9,54
TOULOUSE-BLAGNAC,2024060115,0,20.1,57
TOULOUSE-BLAGNAC,2024060116,0,19.7,57
TOULOUSE-BLAGNAC,2024060117,0,19.2,54
TOULOUSE-BLAGNAC,2024060118,0,19.6,61
TOULOUSE-BLAGNAC,2024060119,0,18.1,61
TOULOUSE-BLAGNAC,2024060120,0,17,70
TOULOUSE-BLAGNAC,2024060121,0,16.9,70
TOULOUSE-BLAGNAC,2024060122,0,16.2,73
TOULOUSE-BLAGNAC,2024060123,0,15.4,77
TOULOUSE-BLAGNAC,2024060200,0,14.2,82
TOULOUSE-BLAGNAC,2024060201,0,14.3,83
TOULOUSE-BLAGNAC,2024060202,0,13.9,84
TOULOUSE-BLAGNAC,2024060203,0,14,84
TOULOUSE-BLAGNAC,2024060204,0,13.3,86
TOULOUSE-BLAGNAC,2024060205,0,13.3,87
TOULOUSE-BLAGNAC,2024060206,0,13.9,86
TOULOUSE-BLAGNAC,2024060207,0,15.3,80
TOULOUSE-BLAGNAC,2024060208,0,16.6,73
TOULOUSE-BLAGNAC,2024060209,0,18.1,69
TOULOUSE-BLAGNAC,2024060210,0,18.1,65
TOULOUSE-BLAGNAC,2024060211,0,18.3,62
TOULOUSE-BLAGNAC,2024060212,0,19.1,60
TOULOUSE-BLAGNAC,2024060213,0,20.4,58
TOULOUSE-BLAGNAC,2024060214,0,19.6,59
TOULOUSE-BLAGNAC,2024060215,0,21.1,55
TOULOUSE-BLAGNAC,2024060216,0,21.3,53
TOULOUSE-BLAGNAC,2024060217,0,21.6,52
TOULOUSE-BLAGNAC,2024060218,0,20.9,53
TOULOUSE-BLAGNAC,2024060219,0,19.7,59
TOULOUSE-BLAGNAC,2024060220,0,17.5,67
TOULOUSE-BLAGNAC,2024060221,0,17.2,71
TOULOUSE-BLAGNAC,2024060222,0,17,73
TOULOUSE-BLAGNAC,2024060223,0,16.5,75
TOULOUSE-BLAGNAC,2024060300,0,15.3,80
TOULOUSE-BLAGNAC,2024060301,0,14.4,85
TOULOUSE-BLAGNAC,2024060302,0,13.8,87
TOULOUSE-BLAGNAC,2024060303,0,12.9,88
TOULOUSE-BLAGNAC,2024060304,0,12.3,92
TOULOUSE-BLAGNAC,2024060305,0,12.2,94
TOULOUSE-BLAGNAC,2024060306,0,14.2,88
TOULOUSE-BLAGNAC,2024060307,0,15.7,83
TOULOUSE-BLAGNAC,2024060308,0,17.6,75
TOULOUSE-BLAGNAC,2024060309,0,18.9,67
TOULOUSE-BLAGNAC,2024060310,0,19.4,66
TOULOUSE-BLAGNAC,2024060311,0,20.2,64
TOULOUSE-BLAGNAC,2024060312,0,20.4,61
TOULOUSE-BLAGNAC,2024060313,0,21.2,60
TOULOUSE-BLAGNAC,2024060314,0,21.5,59
TOULOUSE-BLAGNAC,2024060315,0,22.1,56
TOULOUSE-BLAGNAC,2024060316,0,22.1,56
TOULOUSE-BLAGNAC,2024060317,0,21.5,57
TOULOUSE-BLAGNAC,2024060318,0,21.8,56
TOULOUSE-BLAGNAC,2024060319,0,20.3,63
TOULOUSE-BLAGNAC,2024060320,0,18.5,70
TOULOUSE-BLAGNAC,2024060321,0,17.2,74
TOULOUSE-BLAGNAC,2024060322,0,16.3,77
TOULOUSE-BLAGNAC,2024060323,0,15.8,79
TOULOUSE-BLAGNAC,2024060400,0,15,81
TOULOUSE-BLAGNAC,2024060401,0,14.1,87
TOULOUSE-BLAGNAC,2024060402,0,13.8,90
TOULOUSE-BLAGNAC,2024060403,0,12.9,92
TOULOUSE-BLAGNAC,2024060404,0,12.6,92
TOULOUSE-BLAGNAC,2024060405,0,12.7,93
TOULOUSE-BLAGNAC,2024060406,0,15.2,84
TOULOUSE-BLAGNAC,2024060407,0,17.9,74
TOULOUSE-BLAGNAC,2024060408,0,19.7,68
TOULOUSE-BLAGNAC,2024060409,0,21.2,62
TOULOUSE-BLAGNAC,2024060410,0,22,61
TOULOUSE-BLAGNAC,2024060411,0,23.2,54
TOULOUSE-BLAGNAC,2024060412,0,23.1,55
TOULOUSE-BLAGNAC,2024060413,0,24.4,50
TOULOUSE-BLAGNAC,2024060414,0,25.3,47
TOULOUSE-BLAGNAC,2024060415,0,25.3,46
TOULOUSE-BLAGNAC,2024060416,0,25.9,45
TOULOUSE-BLAGNAC,2024060417,0,25.5,45
TOULOUSE-BLAGNAC,2024060418,0,24.7,48
TOULOUSE-BLAGNAC,2024060419,0,23.4,51
TOULOUSE-BLAGNAC,2024060420,0,21.5,58
TOULOUSE-BLAGNAC,2024060421,0,20.8,62
TOULOUSE-BLAGNAC,2024060422,0,20.1,64
TOULOUSE-BLAGNAC,2024060423,0,19.8,66
TOULOUSE-BLAGNAC,2024060500,0,18.9,71
TOULOUSE-BLAGNAC,2024060501,0,17.6,78
TOULOUSE-BLAGNAC,2024060502,0,16.8,84
TOULOUSE-BLAGNAC,2024060503,0,15.7,88
TOULOUSE-BLAGNAC,2024060504,0,14.9,90
TOULOUSE-BLAGNAC,2024060505,0,15.3,91
TOULOUSE-BLAGNAC,2024060506,0,16.6,86
TOULOUSE-BLAGNAC,2024060507,0,19.8,73
TOULOUSE-BLAGNAC,2024060508,0,22.3,63
TOULOUSE-BLAGNAC,2024060509,0,23.8,57
TOULOUSE-BLAGNAC,2024060510,0,25.9,51
TOULOUSE-BLAGNAC,2024060511,0,26.5,47
TOULOUSE-BLAGNAC,2024060512,0,27.6,46
TOULOUSE-BLAGNAC,2024060513,0,29,36
TOULOUSE-BLAGNAC,2024060514,0,29.5,35
TOULOUSE-BLAGNAC,2024060515,0,29,31
TOULOUSE-BLAGNAC,2024060516,0,29.6,32
TOULOUSE-BLAGNAC,2024060517,0,29.2,34
TOULOUSE-BLAGNAC,2024060518,0,28.7,36
TOULOUSE-BLAGNAC,2024060519,0,27.3,40
TOULOUSE-BLAGNAC,2024060520,0,25.6,44
TOULOUSE-BLAGNAC,2024060521,0,24.7,47
TOULOUSE-BLAGNAC,2024060522,0,23.2,56
TOULOUSE-BLAGNAC,2024060523,0,20.8,66
TOULOUSE-BLAGNAC,2024060600,0,20.7,65
TOULOUSE-BLAGNAC,2024060601,0,20.2,64
TOULOUSE-BLAGNAC,2024060602,0,19.7,66
TOULOUSE-BLAGNAC,2024060603,0,19.5,69
TOULOUSE-BLAGNAC,2024060604,0,18.6,72
TOULOUSE-BLAGNAC,2024060605,0,18.2,79
TOULOUSE-BLAGNAC,2024060606,0,19.9,77
TOULOUSE-BLAGNAC,2024060607,0,21,73
TOULOUSE-BLAGNAC,2024060608,0,22.1,70
TOULOUSE-BLAGNAC,2024060609,0,23.6,63
TOULOUSE-BLAGNAC,2024060610,0,25.2,63
TOULOUSE-BLAGNAC,2024060611,0,26.1,59
TOULOUSE-BLAGNAC,2024060612,0,26.7,57
TOULOUSE-BLAGNAC,2024060613,0,28,53
TOULOUSE-BLAGNAC,2024060614,0,29.4,50
TOULOUSE-BLAGNAC,2024060615,0,30.1,49
TOULOUSE-BLAGNAC,2024060616,0,30.4,47
TOULOUSE-BLAGNAC,2024060617,0,30,49
TOULOUSE-BLAGNAC,2024060618,0,28.2,55
TOULOUSE-BLAGNAC,2024060619,0,27.3,57
TOULOUSE-BLAGNAC,2024060620,0,26,60
TOULOUSE-BLAGNAC,2024060621,0,25.2,63
TOULOUSE-BLAGNAC,2024060622,0,24.3,65
TOULOUSE-BLAGNAC,2024060623,0,22.6,70
TOULOUSE-BLAGNAC,2024060700,0,21.5,73
TOULOUSE-BLAGNAC,2024060701,0,20.5,76
TOULOUSE-BLAGNAC,2024060702,0,20.1,79
TOULOUSE-BLAGNAC,2024060703,0,19.9,80
TOULOUSE-BLAGNAC,2024060704,0,18.9,73
TOULOUSE-BLAGNAC,2024060705,0,17.5,78
TOULOUSE-BLAGNAC,2024060706,0,17.9,79
TOULOUSE-BLAGNAC,2024060707,0,19,76
TOULOUSE-BLAGNAC,2024060708,0,20.7,71
TOULOUSE-BLAGNAC,2024060709,0,21.8,69
TOULOUSE-BLAGNAC,2024060710,0,20.4,73
TOULOUSE-BLAGNAC,2024060711,0,20.6,72
TOULOUSE-BLAGNAC,2024060712,0,21.5,70
TOULOUSE-BLAGNAC,2024060713,0,22.6,70
TOULOUSE-BLAGNAC,2024060714,0,24.7,63
TOULOUSE-BLAGNAC,2024060715,0,25.9,62
TOULOUSE-BLAGNAC,2024060716,0,26.3,63
TOULOUSE-BLAGNAC,2024060717,0,26.8,63
TOULOUSE-BLAGNAC,2024060718,0,26,66
TOULOUSE-BLAGNAC,2024060719,0,25.7,68
TOULOUSE-BLAGNAC,2024060720,0,24.8,72
TOULOUSE-BLAGNAC,2024060721,0,24.4,70
TOULOUSE-BLAGNAC,2024060722,0,22.9,71
TOULOUSE-BLAGNAC,2024060723,0,22.4,72
TOULOUSE-BLAGNAC,2024060800,0,21.7,67
TOULOUSE-BLAGNAC,2024060801,0,20.9,71
TOULOUSE-BLAGNAC,2024060802,0,20.3,71
TOULOUSE-BLAGNAC,2024060803,0,19.5,77
TOULOUSE-BLAGNAC,2024060804,0,19.2,79
TOULOUSE-BLAGNAC,2024060805,0,18.8,82
TOULOUSE-BLAGNAC,2024060806,0,19.6,77
TOULOUSE-BLAGNAC,2024060807,0,21.1,73
TOULOUSE-BLAGNAC,2024060808,0,21.8,70
TOULOUSE-BLAGNAC,2024060809,0,22.8,70
TOULOUSE-BLAGNAC,2024060810,0,23.7,66
TOULOUSE-BLAGNAC,2024060811,0,24.6,63
TOULOUSE-BLAGNAC,2024060812,0,25.1,63
TOULOUSE-BLAGNAC,2024060813,0,26.1,57
TOULOUSE-BLAGNAC,2024060814,0,26.6,50
TOULOUSE-BLAGNAC,2024060815,0,26.1,49
TOULOUSE-BLAGNAC,2024060816,0,26.6,43
TOULOUSE-BLAGNAC,2024060817,0,26.4,42
TOULOUSE-BLAGNAC,2024060818,0,24.8,45
TOULOUSE-BLAGNAC,2024060819,0,23.9,47
TOULOUSE-BLAGNAC,2024060820,0,22.7,53
TOULOUSE-BLAGNAC,2024060821,0,21.2,61
TOULOUSE-BLAGNAC,2024060822,0,21.2,61
TOULOUSE-BLAGNAC,2024060823,0,20.2,63
TOULOUSE-BLAGNAC,2024060900,0,19.9,86
TOULOUSE-BLAGNAC,2024060901,0,19.2,88
TOULOUSE-BLAGNAC,2024060902,0,19.1,88
TOULOUSE-BLAGNAC,2024060903,0,19.1,89
TOULOUSE-BLAGNAC,2024060904,0,19.1,89
TOULOUSE-BLAGNAC,2024060905,0,19,89
TOULOUSE-BLAGNAC,2024060906,0,18.7,89
TOULOUSE-BLAGNAC,2024060907,0,18.6,89
TOULOUSE-BLAGNAC,2024060908,0,18.8,86
TOULOUSE-BLAGNAC,2024060909,0,18.5,85
TOULOUSE-BLAGNAC,2024060910,0,18.6,84
TOULOUSE-BLAGNAC,2024060911,0,18,86
TOULOUSE-BLAGNAC,2024060912,0,18.1,83
TOULOUSE-BLAGNAC,2024060913,0,17.9,83
TOULOUSE-BLAGNAC,2024060914,0,17.7,85
TOULOUSE-BLAGNAC,2024060915,0,18.1,83
TOULOUSE-BLAGNAC,2024060916,0.2,17,90
TOULOUSE-BLAGNAC,2024060917,0,17.9,84
TOULOUSE-BLAGNAC,2024060918,0,18.9,71
TOULOUSE-BLAGNAC,2024060919,0,18.5,81
TOULOUSE-BLAGNAC,2024060920,0,17.4,88
TOULOUSE-BLAGNAC,2024060921,0,17.4,84
TOULOUSE-BLAGNAC,2024060922,0,17.1,73
TOULOUSE-BLAGNAC,2024060923,0,16.4,74
TOULOUSE-BLAGNAC,2024061000,0,15.8,77
TOULOUSE-BLAGNAC,2024061001,0,15.3,77
TOULOUSE-BLAGNAC,2024061002,0,15.2,79
TOULOUSE-BLAGNAC,2024061003,0,14.8,80
TOULOUSE-BLAGNAC,2024061004,0,14.5,82
TOULOUSE-BLAGNAC,2024061005,0,14.2,84
TOULOUSE-BLAGNAC,2024061006,0,14.6,84
TOULOUSE-BLAGNAC,2024061007,0,15.4,81
TOULOUSE-BLAGNAC,2024061008,0,16.3,78
TOULOUSE-BLAGNAC,2024061009,0,18.6,69
TOULOUSE-BLAGNAC,2024061010,0,19.6,65
TOULOUSE-BLAGNAC,2024061011,0,20.9,60
TOULOUSE-BLAGNAC,2024061012,0,20.8,57
TOULOUSE-BLAGNAC,2024061013,0,21.5,54
TOULOUSE-BLAGNAC,2024061014,0,24.2,45
TOULOUSE-BLAGNAC,2024061015,0,22.6,47
TOULOUSE-BLAGNAC,2024061016,0,23.2,48
TOULOUSE-BLAGNAC,2024061017,0,23.3,47
TOULOUSE-BLAGNAC,2024061018,0,22.7,47
TOULOUSE-BLAGNAC,2024061019,0,21.1,53
TOULOUSE-BLAGNAC,2024061020,0,20.4,53
TOULOUSE-BLAGNAC,2024061021,0,19,57
TOULOUSE-BLAGNAC,2024061022,0,16.9,65
TOULOUSE-BLAGNAC,2024061023,0,15.8,69
TOULOUSE-BLAGNAC,2024061100,0,14.6,74
TOULOUSE-BLAGNAC,2024061101,0,14.7,74
TOULOUSE-BLAGNAC,2024061102,0,14.5,75
TOULOUSE-BLAGNAC,2024061103,0,14.4,78
TOULOUSE-BLAGNAC,2024061104,0,14.2,81
TOULOUSE-BLAGNAC,2024061105,0,14.3,83
TOULOUSE-BLAGNAC,2024061106,0,14.8,82
TOULOUSE-BLAGNAC,2024061107,0,16.1,76
TOULOUSE-BLAGNAC,2024061108,0,16.6,73
TOULOUSE-BLAGNAC,2024061109,0,18,66
TOULOUSE-BLAGNAC,2024061110,0,19.4,59
TOULOUSE-BLAGNAC,2024061111,0,19.4,57
TOULOUSE-BLAGNAC,2024061112,0,19.7,55
TOULOUSE-BLAGNAC,2024061113,0,20.5,58
TOULOUSE-BLAGNAC,2024061114,0,20.6,53
TOULOUSE-BLAGNAC,2024061115,0,19.9,60
TOULOUSE-BLAGNAC,2024061116,0,19.1,65
TOULOUSE-BLAGNAC,2024061117,0,19.2,64
TOULOUSE-BLAGNAC,2024061118,0,18.4,73
TOULOUSE-BLAGNAC,2024061119,0,17.8,76
TOULOUSE-BLAGNAC,2024061120,0,17,76
TOULOUSE-BLAGNAC,2024061121,0,16.5,73
TOULOUSE-BLAGNAC,2024061122,0,16.2,77
TOULOUSE-BLAGNAC,2024061123,0,15.9,79
TOULOUSE-BLAGNAC,2024061200,0,15.4,79
TOULOUSE-BLAGNAC,2024061201,0,15.1,80
TOULOUSE-BLAGNAC,2024061202,0,14.7,81
TOULOUSE-BLAGNAC,2024061203,0,14.3,83
TOULOUSE-BLAGNAC,2024061204,0,13.9,88
TOULOUSE-BLAGNAC,2024061205,0,14,87
TOULOUSE-BLAGNAC,2024061206,0,13.9,85
TOULOUSE-BLAGNAC,2024061207,0,14.6,82
TOULOUSE-BLAGNAC,2024061208,0,15.6,76
TOULOUSE-BLAGNAC,2024061209,0,17,70
TOULOUSE-BLAGNAC,2024061210,0,18.1,63
TOULOUSE-BLAGNAC,2024061211,0,19.7,50
TOULOUSE-BLAGNAC,2024061212,0,19,52
TOULOUSE-BLAGNAC,2024061213,0,19,50
TOULOUSE-BLAGNAC,2024061214,0,19.1,53
TOULOUSE-BLAGNAC,2024061215,0,20,48
TOULOUSE-BLAGNAC,2024061216,0,17.9,51
TOULOUSE-BLAGNAC,2024061217,0,17.9,52
TOULOUSE-BLAGNAC,2024061218,0,17.7,48
TOULOUSE-BLAGNAC,2024061219,0,16.7,54
TOULOUSE-BLAGNAC,2024061220,0,16.4,64
TOULOUSE-BLAGNAC,2024061221,0,15.7,69
TOULOUSE-BLAGNAC,2024061222,0,15.1,68
TOULOUSE-BLAGNAC,2024061223,0,14.7,69
TOULOUSE-BLAGNAC,2024061300,0,13.9,72
TOULOUSE-BLAGNAC,2024061301,0,13.2,75
TOULOUSE-BLAGNAC,2024061302,0,12.5,77
TOULOUSE-BLAGNAC,2024061303,0,11.5,78
TOULOUSE-BLAGNAC,2024061304,0,11,78
TOULOUSE-BLAGNAC,2024061305,0,10.5,85
TOULOUSE-BLAGNAC,2024061306,0,12.8,78
TOULOUSE-BLAGNAC,2024061307,0,14.8,66
TOULOUSE-BLAGNAC,2024061308,0,16.8,53
TOULOUSE-BLAGNAC,2024061309,0,19,45
TOULOUSE-BLAGNAC,2024061310,0,19.7,41
TOULOUSE-BLAGNAC,2024061311,0,20.8,38
TOULOUSE-BLAGNAC,2024061312,0,22.2,31
TOULOUSE-BLAGNAC,2024061313,0,23,31
TOULOUSE-BLAGNAC,2024061314,0,24.2,29
TOULOUSE-BLAGNAC,2024061315,0,25,28
TOULOUSE-BLAGNAC,2024061316,0,25.3,26
TOULOUSE-BLAGNAC,2024061317,0,25.4,26
TOULOUSE-BLAGNAC,2024061318,0,24.8,28
TOULOUSE-BLAGNAC,2024061319,0,23.4,32
TOULOUSE-BLAGNAC,2024061320,0,21.2,39
TOULOUSE-BLAGNAC,2024061321,0,21,42
TOULOUSE-BLAGNAC,2024061322,0,20,47
TOULOUSE-BLAGNAC,2024061323,0,19.4,51
TOULOUSE-BLAGNAC,2024061400,0,18.6,54
TOULOUSE-BLAGNAC,2024061401,0,17.3,59
TOULOUSE-BLAGNAC,2024061402,0,16.9,60
TOULOUSE-BLAGNAC,2024061403,0,17.4,57
TOULOUSE-BLAGNAC,2024061404,0,17.1,60
TOULOUSE-BLAGNAC,2024061405,0,16.6,65
TOULOUSE-BLAGNAC,2024061406,0,17,69
TOULOUSE-BLAGNAC,2024061407,0,18,63
TOULOUSE-BLAGNAC,2024061408,0,19.1,62
TOULOUSE-BLAGNAC,2024061409,0,20.9,54
TOULOUSE-BLAGNAC,2024061410,0,23.4,49
TOULOUSE-BLAGNAC,2024061411,0,24,44
TOULOUSE-BLAGNAC,2024061412,0,25.2,43
TOULOUSE-BLAGNAC,2024061413,0,26.3,44
TOULOUSE-BLAGNAC,2024061414,0,28,45
TOULOUSE-BLAGNAC,2024061415,0,28.9,42
TOULOUSE-BLAGNAC,2024061416,0,28.7,42
TOULOUSE-BLAGNAC,2024061417,0,26.8,45
TOULOUSE-BLAGNAC,2024061418,0,25.4,50
TOULOUSE-BLAGNAC,2024061419,0,24,58
TOULOUSE-BLAGNAC,2024061420,0,21.3,76
TOULOUSE-BLAGNAC,2024061421,0,16.3,81
TOULOUSE-BLAGNAC,2024061422,1.6,15.1,91
TOULOUSE-BLAGNAC,2024061423,0,15,92
TOULOUSE-BLAGNAC,2024061500,0.6,14.7,92
TOULOUSE-BLAGNAC,2024061501,0,14.8,89
TOULOUSE-BLAGNAC,2024061502,0.2,14.8,92
TOULOUSE-BLAGNAC,2024061503,1.2,14.6,93
TOULOUSE-BLAGNAC,2024061504,0.8,14.4,92
TOULOUSE-BLAGNAC,2024061505,0,14.5,91
TOULOUSE-BLAGNAC,2024061506,0,14.7,91
TOULOUSE-BLAGNAC,2024061507,0,15.6,87
TOULOUSE-BLAGNAC,2024061508,0,16.2,84
TOULOUSE-BLAGNAC,2024061509,0,17.2,77
TOULOUSE-BLAGNAC,2024061510,0,17.3,69
TOULOUSE-BLAGNAC,2024061511,0,17.8,65
TOULOUSE-BLAGNAC,2024061512,0,19.5,59
TOULOUSE-BLAGNAC,2024061513,0,20.1,59
TOULOUSE-BLAGNAC,2024061514,0,20.5,56
TOULOUSE-BLAGNAC,2024061515,0,19.8,58
TOULOUSE-BLAGNAC,2024061516,0,19.5,61
TOULOUSE-BLAGNAC,2024061517,0,20.2,54
TOULOUSE-BLAGNAC,2024061518,0,19.6,55
TOULOUSE-BLAGNAC,2024061519,0,18.7,55
TOULOUSE-BLAGNAC,2024061520,0,16.6,64
TOULOUSE-BLAGNAC,2024061521,0,15.4,70
TOULOUSE-BLAGNAC,2024061522,0,14.5,84
TOULOUSE-BLAGNAC,2024061523,0,14.4,85
TOULOUSE-BLAGNAC,2024061600,0,12.4,89
TOULOUSE-BLAGNAC,2024061601,0,12.1,93
TOULOUSE-BLAGNAC,2024061602,0,11.8,94
TOULOUSE-BLAGNAC,2024061603,0,11.3,95
TOULOUSE-BLAGNAC,2024061604,0,10.9,95
TOULOUSE-BLAGNAC,2024061605,0,11.2,95
TOULOUSE-BLAGNAC,2024061606,0,12.9,90
TOULOUSE-BLAGNAC,2024061607,0,15.5,79
TOULOUSE-BLAGNAC,2024061608,0,18.4,66
TOULOUSE-BLAGNAC,2024061609,0,20.7,51
TOULOUSE-BLAGNAC,2024061610,0,22.2,47
TOULOUSE-BLAGNAC,2024061611,0,23.7,48
TOULOUSE-BLAGNAC,2024061612,0,24.8,47
TOULOUSE-BLAGNAC,2024061613,0,25.7,45
TOULOUSE-BLAGNAC,2024061614,0,26.6,42
TOULOUSE-BLAGNAC,2024061615,0,27.3,39
TOULOUSE-BLAGNAC,2024061616,0,26.9,39
TOULOUSE-BLAGNAC,2024061617,0,27.4,39
TOULOUSE-BLAGNAC,2024061618,0,26.4,40
TOULOUSE-BLAGNAC,2024061619,0,24.3,50
TOULOUSE-BLAGNAC,2024061620,0,23.2,55
TOULOUSE-BLAGNAC,2024061621,0,22.4,60
TOULOUSE-BLAGNAC,2024061622,0,21.8,61
TOULOUSE-BLAGNAC,2024061623,0,19.8,73
TOULOUSE-BLAGNAC,2024061700,0,18.9,78
TOULOUSE-BLAGNAC,2024061701,0,18.4,81
TOULOUSE-BLAGNAC,2024061702,0,17.1,86
TOULOUSE-BLAGNAC,2024061703,0,17,85
TOULOUSE-BLAGNAC,2024061704,0,17,82
TOULOUSE-BLAGNAC,2024061705,0,17.4,77
TOULOUSE-BLAGNAC,2024061706,0,17.7,83
TOULOUSE-BLAGNAC,2024061707,0,19.5,76
TOULOUSE-BLAGNAC,2024061708,0,21.7,67
TOULOUSE-BLAGNAC,2024061709,0,21.4,70
TOULOUSE-BLAGNAC,2024061710,0,23.2,65
TOULOUSE-BLAGNAC,2024061711,0,25.1,59
TOULOUSE-BLAGNAC,2024061712,0,26.5,54
TOULOUSE-BLAGNAC,2024061713,0,27.5,53
TOULOUSE-BLAGNAC,2024061714,0,27.5,53
TOULOUSE-BLAGNAC,2024061715,0,27.5,54
TOULOUSE-BLAGNAC,2024061716,0,27.1,55
TOULOUSE-BLAGNAC,2024061717,0,24.7,64
TOULOUSE-BLAGNAC,2024061718,0,22.9,71
TOULOUSE-BLAGNAC,2024061719,0,21.6,76
TOULOUSE-BLAGNAC,2024061720,0,21.3,78
TOULOUSE-BLAGNAC,2024061721,0,21.3,79
TOULOUSE-BLAGNAC,2024061722,0,21.2,80
TOULOUSE-BLAGNAC,2024061723,0,20.6,82
TOULOUSE-BLAGNAC,2024061800,0,19.9,84
TOULOUSE-BLAGNAC,2024061801,0,19.1,85
TOULOUSE-BLAGNAC,2024061802,0,18.4,85
TOULOUSE-BLAGNAC,2024061803,0,18.8,83
TOULOUSE-BLAGNAC,2024061804,0,18.4,84
TOULOUSE-BLAGNAC,2024061805,0,18.6,83
TOULOUSE-BLAGNAC,2024061806,0,19,81
TOULOUSE-BLAGNAC,2024061807,0,19.7,76
TOULOUSE-BLAGNAC,2024061808,0,20.5,73
TOULOUSE-BLAGNAC,2024061809,0,21.2,72
TOULOUSE-BLAGNAC,2024061810,0,22.1,68
TOULOUSE-BLAGNAC,2024061811,0,25.1,58
TOULOUSE-BLAGNAC,2024061812,0,27.1,49
TOULOUSE-BLAGNAC,2024061813,0,28.1,45
TOULOUSE-BLAGNAC,2024061814,0,28.9,42
TOULOUSE-BLAGNAC,2024061815,0,29.5,41
TOULOUSE-BLAGNAC,2024061816,0,29.3,39
TOULOUSE-BLAGNAC,2024061817,0,28.9,40
TOULOUSE-BLAGNAC,2024061818,0,27.5,43
TOULOUSE-BLAGNAC,2024061819,0,26,46
TOULOUSE-BLAGNAC,2024061820,0,24.7,51
TOULOUSE-BLAGNAC,2024061821,0,22.6,68
TOULOUSE-BLAGNAC,2024061822,0,21.3,78
TOULOUSE-BLAGNAC,2024061823,0,21,83
TOULOUSE-BLAGNAC,2024061900,0,19.7,80
TOULOUSE-BLAGNAC,2024061901,0,19.2,85
TOULOUSE-BLAGNAC,2024061902,0,19.1,86
TOULOUSE-BLAGNAC,2024061903,0,19.5,85
TOULOUSE-BLAGNAC,2024061904,0,19.7,84
TOULOUSE-BLAGNAC,2024061905,0,19.7,86
TOULOUSE-BLAGNAC,2024061906,0,19.9,84
TOULOUSE-BLAGNAC,2024061907,0,20.7,81
TOULOUSE-BLAGNAC,2024061908,0,21.2,80
TOULOUSE-BLAGNAC,2024061909,0,21.6,77
TOULOUSE-BLAGNAC,2024061910,0.2,21.2,85
TOULOUSE-BLAGNAC,2024061911,0,21.7,80
TOULOUSE-BLAGNAC,2024061912,0,22.7,75
TOULOUSE-BLAGNAC,2024061913,0,22.9,72
TOULOUSE-BLAGNAC,2024061914,0,23.1,73
TOULOUSE-BLAGNAC,2024061915,0,23.9,67
TOULOUSE-BLAGNAC,2024061916,0,23.2,71
TOULOUSE-BLAGNAC,2024061917,0,23.3,72
TOULOUSE-BLAGNAC,2024061918,0,22.3,76
TOULOUSE-BLAGNAC,2024061919,0,21.8,77
TOULOUSE-BLAGNAC,2024061920,0,21,78
TOULOUSE-BLAGNAC,2024061921,0,20.6,81
TOULOUSE-BLAGNAC,2024061922,1.4,19.8,88
TOULOUSE-BLAGNAC,2024061923,19,18.3,97
TOULOUSE-BLAGNAC,2024062000,1.4,18.4,97
TOULOUSE-BLAGNAC,2024062001,0.2,18.4,95
TOULOUSE-BLAGNAC,2024062002,0,18.2,94
TOULOUSE-BLAGNAC,2024062003,0,17.5,94
TOULOUSE-BLAGNAC,2024062004,0.4,17.1,95
TOULOUSE-BLAGNAC,2024062005,0,16.6,94
TOULOUSE-BLAGNAC,2024062006,0.2,16.4,94
TOULOUSE-BLAGNAC,2024062007,0,16.4,95
TOULOUSE-BLAGNAC,2024062008,0,16.9,93
TOULOUSE-BLAGNAC,2024062009,0.2,16.9,93
TOULOUSE-BLAGNAC,2024062010,0,17.1,93
TOULOUSE-BLAGNAC,2024062011,0,17.8,86
TOULOUSE-BLAGNAC,2024062012,0,19.6,78
TOULOUSE-BLAGNAC,2024062013,0,18.8,78
TOULOUSE-BLAGNAC,2024062014,4.6,17.4,93
TOULOUSE-BLAGNAC,2024062015,16.2,16.8,94
TOULOUSE-BLAGNAC,2024062016,0.6,17,94
TOULOUSE-BLAGNAC,2024062017,1.4,16.6,94
TOULOUSE-BLAGNAC,2024062018,0.2,16.4,94
TOULOUSE-BLAGNAC,2024062019,0.6,16,94
TOULOUSE-BLAGNAC,2024062020,0,15.7,94
TOULOUSE-BLAGNAC,2024062021,0,15.7,94
TOULOUSE-BLAGNAC,2024062022,0,15.5,94
TOULOUSE-BLAGNAC,2024062023,0,15.1,95
TOULOUSE-BLAGNAC,2024062100,0,14.6,94
TOULOUSE-BLAGNAC,2024062101,0,14.5,94
TOULOUSE-BLAGNAC,2024062102,0,14.4,94
TOULOUSE-BLAGNAC,2024062103,0,14.4,95
TOULOUSE-BLAGNAC,2024062104,0,14.5,95
TOULOUSE-BLAGNAC,2024062105,0,14.7,96
TOULOUSE-BLAGNAC,2024062106,0,15.5,91
TOULOUSE-BLAGNAC,2024062107,0,16.1,90
TOULOUSE-BLAGNAC,2024062108,0,17.2,86
TOULOUSE-BLAGNAC,2024062109,0,18.2,81
TOULOUSE-BLAGNAC,2024062110,0,18.9,77
TOULOUSE-BLAGNAC,2024062111,0,21,70
TOULOUSE-BLAGNAC,2024062112,0.4,20.1,78
TOULOUSE-BLAGNAC,2024062113,0,23.3,59
TOULOUSE-BLAGNAC,2024062114,0,23.8,57
TOULOUSE-BLAGNAC,2024062115,0,21.4,63
TOULOUSE-BLAGNAC,2024062116,0,22.7,60
TOULOUSE-BLAGNAC,2024062117,0,22,65
TOULOUSE-BLAGNAC,2024062118,0,21.4,63
TOULOUSE-BLAGNAC,2024062119,0,20.6,68
TOULOUSE-BLAGNAC,2024062120,0,19.2,73
TOULOUSE-BLAGNAC,2024062121,0,18,78
TOULOUSE-BLAGNAC,2024062122,0,17.1,81
TOULOUSE-BLAGNAC,2024062123,0,16.2,85
TOULOUSE-BLAGNAC,2024062200,0,15.6,87
TOULOUSE-BLAGNAC,2024062201,0,15,89
TOULOUSE-BLAGNAC,2024062202,0,14.6,92
TOULOUSE-BLAGNAC,2024062203,0,15.4,91
TOULOUSE-BLAGNAC,2024062204,0,15.5,89
TOULOUSE-BLAGNAC,2024062205,0,15.7,88
TOULOUSE-BLAGNAC,2024062206,0,16.2,87
TOULOUSE-BLAGNAC,2024062207,0,17.2,82
TOULOUSE-BLAGNAC,2024062208,0,18.2,71
TOULOUSE-BLAGNAC,2024062209,0,18.4,74
TOULOUSE-BLAGNAC,2024062210,0,18.7,70
TOULOUSE-BLAGNAC,2024062211,0,18.6,73
TOULOUSE-BLAGNAC,2024062212,0,19.8,67
TOULOUSE-BLAGNAC,2024062213,0,19.5,70
TOULOUSE-BLAGNAC,2024062214,0,18.6,76
TOULOUSE-BLAGNAC,2024062215,0,19.3,70
TOULOUSE-BLAGNAC,2024062216,0.2,17.1,90
TOULOUSE-BLAGNAC,2024062217,0,17.6,85
TOULOUSE-BLAGNAC,2024062218,1.4,16.2,94
TOULOUSE-BLAGNAC,2024062219,0.6,15.8,94
TOULOUSE-BLAGNAC,2024062220,0.4,15.7,95
TOULOUSE-BLAGNAC,2024062221,0.4,15.5,96
TOULOUSE-BLAGNAC,2024062222,1,14.8,96
TOULOUSE-BLAGNAC,2024062223,0,14.7,95
TOULOUSE-BLAGNAC,2024062300,0.4,14.6,96
TOULOUSE-BLAGNAC,2024062301,0.2,14.6,96
TOULOUSE-BLAGNAC,2024062302,0.4,14.6,97
TOULOUSE-BLAGNAC,2024062303,0,14.3,96
TOULOUSE-BLAGNAC,2024062304,0,14.4,95
TOULOUSE-BLAGNAC,2024062305,0,14.5,94
TOULOUSE-BLAGNAC,2024062306,0,15,93
TOULOUSE-BLAGNAC,2024062307,0,15.7,88
TOULOUSE-BLAGNAC,2024062308,0,16.6,83
TOULOUSE-BLAGNAC,2024062309,0,17.9,75
TOULOUSE-BLAGNAC,2024062310,0,19.1,71
TOULOUSE-BLAGNAC,2024062311,0,20.9,63
TOULOUSE-BLAGNAC,2024062312,0,20.7,61
TOULOUSE-BLAGNAC,2024062313,0,21.6,57
TOULOUSE-BLAGNAC,2024062314,0,21.8,56
TOULOUSE-BLAGNAC,2024062315,0,21.8,52
TOULOUSE-BLAGNAC,2024062316,0,23.4,48
TOULOUSE-BLAGNAC,2024062317,0,22.9,50
TOULOUSE-BLAGNAC,2024062318,0,22.5,50
TOULOUSE-BLAGNAC,2024062319,0,21.2,57
TOULOUSE-BLAGNAC,2024062320,0,19.4,64
TOULOUSE-BLAGNAC,2024062321,0,18.3,70
TOULOUSE-BLAGNAC,2024062322,0,17,75
TOULOUSE-BLAGNAC,2024062323,0,16.8,76
TOULOUSE-BLAGNAC,2024062400,0,16,79
TOULOUSE-BLAGNAC,2024062401,0,15.6,81
TOULOUSE-BLAGNAC,2024062402,0,14.4,87
TOULOUSE-BLAGNAC,2024062403,0,13.3,91
TOULOUSE-BLAGNAC,2024062404,0,13,92
TOULOUSE-BLAGNAC,2024062405,0,13.4,92
TOULOUSE-BLAGNAC,2024062406,0,16.6,81
TOULOUSE-BLAGNAC,2024062407,0,18.7,72
TOULOUSE-BLAGNAC,2024062408,0,20.7,63
TOULOUSE-BLAGNAC,2024062409,0,21.4,61
TOULOUSE-BLAGNAC,2024062410,0,23.5,56
TOULOUSE-BLAGNAC,2024062411,0,24.1,49
TOULOUSE-BLAGNAC,2024062412,0,24,52
TOULOUSE-BLAGNAC,2024062413,0,24.7,47
TOULOUSE-BLAGNAC,2024062414,0,26.7,43
TOULOUSE-BLAGNAC,2024062415,0,26.7,43
TOULOUSE-BLAGNAC,2024062416,0,25.5,47
TOULOUSE-BLAGNAC,2024062417,0,25.5,50
TOULOUSE-BLAGNAC,2024062418,0,24.7,53
TOULOUSE-BLAGNAC,2024062419,0,24.9,53
TOULOUSE-BLAGNAC,2024062420,0,23.2,59
TOULOUSE-BLAGNAC,2024062421,0,22.1,62
TOULOUSE-BLAGNAC,2024062422,0,20.6,69
TOULOUSE-BLAGNAC,2024062423,0,19.3,74
TOULOUSE-BLAGNAC,2024062500,0,17.5,85
TOULOUSE-BLAGNAC,2024062501,0,17.2,87
TOULOUSE-BLAGNAC,2024062502,0,16.2,89
TOULOUSE-BLAGNAC,2024062503,0,15.7,89
TOULOUSE-BLAGNAC,2024062504,0.2,15.1,91
TOULOUSE-BLAGNAC,2024062505,0,15.5,91
TOULOUSE-BLAGNAC,2024062506,0,17.2,86
TOULOUSE-BLAGNAC,2024062507,0,19.9,75
TOULOUSE-BLAGNAC,2024062508,0,23.1,63
TOULOUSE-BLAGNAC,2024062509,0,25.5,58
TOULOUSE-BLAGNAC,2024062510,0,26.8,52
TOULOUSE-BLAGNAC,2024062511,0,27.6,51
TOULOUSE-BLAGNAC,2024062512,0,28.4,46
TOULOUSE-BLAGNAC,2024062513,0,29.3,43
TOULOUSE-BLAGNAC,2024062514,0,30.3,42
TOULOUSE-BLAGNAC,2024062515,0,30.5,40
TOULOUSE-BLAGNAC,2024062516,0,31,37
TOULOUSE-BLAGNAC,2024062517,0,31.2,35
TOULOUSE-BLAGNAC,2024062518,0,30.5,38
TOULOUSE-BLAGNAC,2024062519,0,28.4,42
TOULOUSE-BLAGNAC,2024062520,0,26,47
TOULOUSE-BLAGNAC,2024062521,0,24.6,51
TOULOUSE-BLAGNAC,2024062522,0,23.5,52
TOULOUSE-BLAGNAC,2024062523,0,22.2,54
TOULOUSE-BLAGNAC,2024062600,0,21.9,57
TOULOUSE-BLAGNAC,2024062601,0,20.3,71
TOULOUSE-BLAGNAC,2024062602,0,19.6,83
TOULOUSE-BLAGNAC,2024062603,0,19.2,88
TOULOUSE-BLAGNAC,2024062604,0,18.9,88
TOULOUSE-BLAGNAC,2024062605,0,19.2,85
TOULOUSE-BLAGNAC,2024062606,0,20.3,80
TOULOUSE-BLAGNAC,2024062607,0,22.3,74
TOULOUSE-BLAGNAC,2024062608,0,23.8,68
TOULOUSE-BLAGNAC,2024062609,0,25.6,63
TOULOUSE-BLAGNAC,2024062610,0,27.4,57
TOULOUSE-BLAGNAC,2024062611,0,28.7,53
TOULOUSE-BLAGNAC,2024062612,0,29.6,49
TOULOUSE-BLAGNAC,2024062613,0,30.6,47
TOULOUSE-BLAGNAC,2024062614,0,31.4,44
TOULOUSE-BLAGNAC,2024062615,0,32,40
TOULOUSE-BLAGNAC,2024062616,0,32.3,38
TOULOUSE-BLAGNAC,2024062617,0,32.2,40
TOULOUSE-BLAGNAC,2024062618,0,31.1,44
TOULOUSE-BLAGNAC,2024062619,0,29.3,49
TOULOUSE-BLAGNAC,2024062620,0,27.1,55
TOULOUSE-BLAGNAC,2024062621,0,25.3,59
TOULOUSE-BLAGNAC,2024062622,0,24.1,63
TOULOUSE-BLAGNAC,2024062623,0,23.3,70
TOULOUSE-BLAGNAC,2024062700,0,22.7,73
TOULOUSE-BLAGNAC,2024062701,0,22.4,75
TOULOUSE-BLAGNAC,2024062702,0,21.5,79
TOULOUSE-BLAGNAC,2024062703,0,21.1,81
TOULOUSE-BLAGNAC,2024062704,0,20.6,83
TOULOUSE-BLAGNAC,2024062705,0,20.1,86
TOULOUSE-BLAGNAC,2024062706,0,21.7,79
TOULOUSE-BLAGNAC,2024062707,0,22.4,80
TOULOUSE-BLAGNAC,2024062708,0,23.5,79
TOULOUSE-BLAGNAC,2024062709,0,25.7,71
TOULOUSE-BLAGNAC,2024062710,0,27.2,70
TOULOUSE-BLAGNAC,2024062711,0,28,67
TOULOUSE-BLAGNAC,2024062712,0,30,56
TOULOUSE-BLAGNAC,2024062713,0,30.8,55
TOULOUSE-BLAGNAC,2024062714,0,31.3,54
TOULOUSE-BLAGNAC,2024062715,0,31.7,53
TOULOUSE-BLAGNAC,2024062716,0,30.9,57
TOULOUSE-BLAGNAC,2024062717,0,30.6,60
TOULOUSE-BLAGNAC,2024062718,0,29.5,62
TOULOUSE-BLAGNAC,2024062719,0,28.6,64
TOULOUSE-BLAGNAC,2024062720,0,27.4,71
TOULOUSE-BLAGNAC,2024062721,0,26,75
TOULOUSE-BLAGNAC,2024062722,0,24.8,81
TOULOUSE-BLAGNAC,2024062723,0,24,82
TOULOUSE-BLAGNAC,2024062800,0,23,85
TOULOUSE-BLAGNAC,2024062801,0,22.3,86
TOULOUSE-BLAGNAC,2024062802,0,21.9,86
TOULOUSE-BLAGNAC,2024062803,0,21.5,85
TOULOUSE-BLAGNAC,2024062804,0,21.5,84
TOULOUSE-BLAGNAC,2024062805,0,21.5,85
TOULOUSE-BLAGNAC,2024062806,0,21.8,84
TOULOUSE-BLAGNAC,2024062807,0,22.3,81
TOULOUSE-BLAGNAC,2024062808,0,22.9,78
TOULOUSE-BLAGNAC,2024062809,0,23.6,76
TOULOUSE-BLAGNAC,2024062810,0,25.1,71
TOULOUSE-BLAGNAC,2024062811,0,25.7,70
TOULOUSE-BLAGNAC,2024062812,0,27.1,66
TOULOUSE-BLAGNAC,2024062813,0,28.1,63
TOULOUSE-BLAGNAC,2024062814,0,29.9,58
TOULOUSE-BLAGNAC,2024062815,0,30.2,55
TOULOUSE-BLAGNAC,2024062816,0,30.9,56
TOULOUSE-BLAGNAC,2024062817,0,29.9,57
TOULOUSE-BLAGNAC,2024062818,0,29.4,62
TOULOUSE-BLAGNAC,2024062819,0,28.5,65
TOULOUSE-BLAGNAC,2024062820,0,27.7,54
TOULOUSE-BLAGNAC,2024062821,0,25.9,55
TOULOUSE-BLAGNAC,2024062822,0,24.6,50
TOULOUSE-BLAGNAC,2024062823,0,23.1,57
TOULOUSE-BLAGNAC,2024062900,0,22.2,62
TOULOUSE-BLAGNAC,2024062901,0,21.3,69
TOULOUSE-BLAGNAC,2024062902,0,21,71
TOULOUSE-BLAGNAC,2024062903,0,20.5,76
TOULOUSE-BLAGNAC,2024062904,0,20.8,79
TOULOUSE-BLAGNAC,2024062905,0,21.1,78
TOULOUSE-BLAGNAC,2024062906,0,21.6,77
TOULOUSE-BLAGNAC,2024062907,0,22.4,73
TOULOUSE-BLAGNAC,2024062908,0,21.9,76
TOULOUSE-BLAGNAC,2024062909,0,22.2,77
TOULOUSE-BLAGNAC,2024062910,0.8,20.7,90
TOULOUSE-BLAGNAC,2024062911,0.2,20.4,91
TOULOUSE-BLAGNAC,2024062912,0,21.6,81
TOULOUSE-BLAGNAC,2024062913,0,22.7,73
TOULOUSE-BLAGNAC,2024062914,0,20.2,88
TOULOUSE-BLAGNAC,2024062915,0,20.2,81
TOULOUSE-BLAGNAC,2024062916,0,20.1,79
TOULOUSE-BLAGNAC,2024062917,0,19.5,79
TOULOUSE-BLAGNAC,2024062918,0,19.2,75
TOULOUSE-BLAGNAC,2024062919,0,18,79
TOULOUSE-BLAGNAC,2024062920,0,17.8,77
TOULOUSE-BLAGNAC,2024062921,0,17.7,75
TOULOUSE-BLAGNAC,2024062922,0,17.4,78
TOULOUSE-BLAGNAC,2024062923,0,17.1,79
TOULOUSE-BLAGNAC,2024063000,0,16.9,80
TOULOUSE-BLAGNAC,2024063001,0,16.5,80
TOULOUSE-BLAGNAC,2024063002,0,16.7,79
TOULOUSE-BLAGNAC,2024063003,0,16.5,80
TOULOUSE-BLAGNAC,2024063004,0,16.5,80
TOULOUSE-BLAGNAC,2024063005,0,16.4,82
TOULOUSE-BLAGNAC,2024063006,0,16.8,82
TOULOUSE-BLAGNAC,2024063007,0,16.8,84
TOULOUSE-BLAGNAC,2024063008,0,17.9,80
TOULOUSE-BLAGNAC,2024063009,0,18.5,76
TOULOUSE-BLAGNAC,2024063010,0,20.6,71
TOULOUSE-BLAGNAC,2024063011,0,20.9,63
TOULOUSE-BLAGNAC,2024063012,0,20.7,69
TOULOUSE-BLAGNAC,2024063013,0,21.8,64
TOULOUSE-BLAGNAC,2024063014,0,21.9,61
TOULOUSE-BLAGNAC,2024063015,0,21.6,62
TOULOUSE-BLAGNAC,2024063016,0,21.4,61
TOULOUSE-BLAGNAC,2024063017,0,22.1,59
TOULOUSE-BLAGNAC,2024063018,0,21.8,61
TOULOUSE-BLAGNAC,2024063019,0,20.9,68
TOULOUSE-BLAGNAC,2024063020,0,20.3,69
TOULOUSE-BLAGNAC,2024063021,0,20.2,69
TOULOUSE-BLAGNAC,2024063022,0,20.1,68
TOULOUSE-BLAGNAC,2024063023,0,20.1,72
TOULOUSE-BLAGNAC,2024070100,0,19.7,76
TOULOUSE-BLAGNAC,2024070101,0,19.3,80
TOULOUSE-BLAGNAC,2024070102,0,19,78
TOULOUSE-BLAGNAC,2024070103,0,18.3,79
TOULOUSE-BLAGNAC,2024070104,0,18,80
TOULOUSE-BLAGNAC,2024070105,0,17.4,80
TOULOUSE-BLAGNAC,2024070106,0,17.4,79
TOULOUSE-BLAGNAC,2024070107,0,17.2,80
TOULOUSE-BLAGNAC,2024070108,0,17.7,79
TOULOUSE-BLAGNAC,2024070109,0,18.3,75
TOULOUSE-BLAGNAC,2024070110,0,20,70
TOULOUSE-BLAGNAC,2024070111,0,22.4,52
TOULOUSE-BLAGNAC,2024070112,0,23.3,50
TOULOUSE-BLAGNAC,2024070113,0,23,55
TOULOUSE-BLAGNAC,2024070114,0,22.2,59
TOULOUSE-BLAGNAC,2024070115,0,22.3,59
TOULOUSE-BLAGNAC,2024070116,0,22.9,59
TOULOUSE-BLAGNAC,2024070117,0,22,66
TOULOUSE-BLAGNAC,2024070118,0,21.4,68
TOULOUSE-BLAGNAC,2024070119,0,21.7,66
TOULOUSE-BLAGNAC,2024070120,0,19.8,64
TOULOUSE-BLAGNAC,2024070121,0,18.1,69
TOULOUSE-BLAGNAC,2024070122,0,17.1,71
TOULOUSE-BLAGNAC,2024070123,0,17.1,68
TOULOUSE-BLAGNAC,2024070200,0,15.4,75
TOULOUSE-BLAGNAC,2024070201,0,15.1,78
TOULOUSE-BLAGNAC,2024070202,0,15,81
TOULOUSE-BLAGNAC,2024070203,0,14.9,83
TOULOUSE-BLAGNAC,2024070204,0,14.8,82
TOULOUSE-BLAGNAC,2024070205,0,15.4,79
TOULOUSE-BLAGNAC,2024070206,0,16,79
TOULOUSE-BLAGNAC,2024070207,0,17.3,73
TOULOUSE-BLAGNAC,2024070208,0,17.9,66
TOULOUSE-BLAGNAC,2024070209,0,17.7,69
TOULOUSE-BLAGNAC,2024070210,0,18.4,62
TOULOUSE-BLAGNAC,2024070211,0,20.7,59
TOULOUSE-BLAGNAC,2024070212,0,21.4,55
TOULOUSE-BLAGNAC,2024070213,0,20.5,59
TOULOUSE-BLAGNAC,2024070214,0,20.6,61
TOULOUSE-BLAGNAC,2024070215,0,19.8,65
TOULOUSE-BLAGNAC,2024070216,0,19.5,68
TOULOUSE-BLAGNAC,2024070217,0,20.7,66
TOULOUSE-BLAGNAC,2024070218,0,20,67
TOULOUSE-BLAGNAC,2024070219,0,19.9,69
TOULOUSE-BLAGNAC,2024070220,0,19,62
TOULOUSE-BLAGNAC,2024070221,0,18.1,67
TOULOUSE-BLAGNAC,2024070222,0,16.8,72
TOULOUSE-BLAGNAC,2024070223,0,16.3,74
TOULOUSE-BLAGNAC,2024070300,0,16,78
TOULOUSE-BLAGNAC,2024070301,0,15.6,80
TOULOUSE-BLAGNAC,2024070302,0,15.1,83
TOULOUSE-BLAGNAC,2024070303,0,15,84
TOULOUSE-BLAGNAC,2024070304,0,14.5,86
TOULOUSE-BLAGNAC,2024070305,0,14.6,86
TOULOUSE-BLAGNAC,2024070306,0,15.2,83
TOULOUSE-BLAGNAC,2024070307,0,16.2,79
TOULOUSE-BLAGNAC,2024070308,0,18.2,74
TOULOUSE-BLAGNAC,2024070309,0,20.4,63
TOULOUSE-BLAGNAC,2024070310,0,19.8,60
TOULOUSE-BLAGNAC,2024070311,0,21.8,53
TOULOUSE-BLAGNAC,2024070312,0,22.4,49
TOULOUSE-BLAGNAC,2024070313,0,23,47
TOULOUSE-BLAGNAC,2024070314,0,24.6,44
TOULOUSE-BLAGNAC,2024070315,0,24.3,45
TOULOUSE-BLAGNAC,2024070316,0,24.9,45
TOULOUSE-BLAGNAC,2024070317,0,23.6,47
TOULOUSE-BLAGNAC,2024070318,0,23.5,46
TOULOUSE-BLAGNAC,2024070319,0,21.9,51
TOULOUSE-BLAGNAC,2024070320,0,21.3,54
TOULOUSE-BLAGNAC,2024070321,0,20.7,56
TOULOUSE-BLAGNAC,2024070322,0,19.9,60
TOULOUSE-BLAGNAC,2024070323,0,19,63
TOULOUSE-BLAGNAC,2024070400,0,17.9,68
TOULOUSE-BLAGNAC,2024070401,0,17.4,70
TOULOUSE-BLAGNAC,2024070402,0,17.1,72
TOULOUSE-BLAGNAC,2024070403,0,16.8,74
TOULOUSE-BLAGNAC,2024070404,0,16.6,77
TOULOUSE-BLAGNAC,2024070405,0,16.8,78
TOULOUSE-BLAGNAC,2024070406,0,17.2,77
TOULOUSE-BLAGNAC,2024070407,0,17.9,75
TOULOUSE-BLAGNAC,2024070408,0,19.4,70
TOULOUSE-BLAGNAC,2024070409,0,20,69
TOULOUSE-BLAGNAC,2024070410,0,22,64
TOULOUSE-BLAGNAC,2024070411,0,22.6,61
TOULOUSE-BLAGNAC,2024070412,0,23.5,60
TOULOUSE-BLAGNAC,2024070413,0,24.9,58
TOULOUSE-BLAGNAC,2024070414,0,25.4,56
TOULOUSE-BLAGNAC,2024070415,0,25.1,55
TOULOUSE-BLAGNAC,2024070416,0,25.1,53
TOULOUSE-BLAGNAC,2024070417,0,26.6,48
TOULOUSE-BLAGNAC,2024070418,0,25.7,48
TOULOUSE-BLAGNAC,2024070419,0,24.1,57
TOULOUSE-BLAGNAC,2024070420,0,22.3,66
TOULOUSE-BLAGNAC,2024070421,0.2,20.8,73
TOULOUSE-BLAGNAC,2024070422,0,19.8,78
TOULOUSE-BLAGNAC,2024070423,0,18.8,81
TOULOUSE-BLAGNAC,2024070500,0,18.3,84
TOULOUSE-BLAGNAC,2024070501,0,17.6,85
TOULOUSE-BLAGNAC,2024070502,0,16.9,85
TOULOUSE-BLAGNAC,2024070503,0,16.2,86
TOULOUSE-BLAGNAC,2024070504,0,16,92
TOULOUSE-BLAGNAC,2024070505,0,17,89
TOULOUSE-BLAGNAC,2024070506,0,18.2,82
TOULOUSE-BLAGNAC,2024070507,0,19.6,76
TOULOUSE-BLAGNAC,2024070508,0,21.9,70
TOULOUSE-BLAGNAC,2024070509,0,23.2,62
TOULOUSE-BLAGNAC,2024070510,0,24.5,61
TOULOUSE-BLAGNAC,2024070511,0,26.7,56
TOULOUSE-BLAGNAC,2024070512,0,27.6,48
TOULOUSE-BLAGNAC,2024070513,0,29,48
TOULOUSE-BLAGNAC,2024070514,0,30.2,44
TOULOUSE-BLAGNAC,2024070515,0,31.5,41
TOULOUSE-BLAGNAC,2024070516,0,32,37
TOULOUSE-BLAGNAC,2024070517,0,31.8,41
TOULOUSE-BLAGNAC,2024070518,0,29.5,43
TOULOUSE-BLAGNAC,2024070519,0,26.9,52
TOULOUSE-BLAGNAC,2024070520,0,24.7,61
TOULOUSE-BLAGNAC,2024070521,0,23.5,66
TOULOUSE-BLAGNAC,2024070522,0,22.5,74
TOULOUSE-BLAGNAC,2024070523,0,22.4,77
TOULOUSE-BLAGNAC,2024070600,2.2,20.8,90
TOULOUSE-BLAGNAC,2024070601,2.6,20.1,92
TOULOUSE-BLAGNAC,2024070602,0,20.3,94
TOULOUSE-BLAGNAC,2024070603,0,19.5,92
TOULOUSE-BLAGNAC,2024070604,0.2,17.9,91
TOULOUSE-BLAGNAC,2024070605,0,17.8,91
TOULOUSE-BLAGNAC,2024070606,0.2,17.6,92
TOULOUSE-BLAGNAC,2024070607,0.6,17.4,91
TOULOUSE-BLAGNAC,2024070608,1,17.6,91
TOULOUSE-BLAGNAC,2024070609,0.2,17.9,90
TOULOUSE-BLAGNAC,2024070610,0,18.5,89
TOULOUSE-BLAGNAC,2024070611,0,19.1,83
TOULOUSE-BLAGNAC,2024070612,0,18.9,82
TOULOUSE-BLAGNAC,2024070613,0.4,19.5,83
TOULOUSE-BLAGNAC,2024070614,0,19.7,84
TOULOUSE-BLAGNAC,2024070615,0,19.5,83
TOULOUSE-BLAGNAC,2024070616,0,19.8,83
TOULOUSE-BLAGNAC,2024070617,0,20.3,75
TOULOUSE-BLAGNAC,2024070618,0,19.9,77
TOULOUSE-BLAGNAC,2024070619,0,18.1,90
TOULOUSE-BLAGNAC,2024070620,0.6,14.5,92
TOULOUSE-BLAGNAC,2024070621,0,14.9,87
TOULOUSE-BLAGNAC,2024070622,0,15.4,90
TOULOUSE-BLAGNAC,2024070623,0,15.5,88
TOULOUSE-BLAGNAC,2024070700,0,15,92
TOULOUSE-BLAGNAC,2024070701,0,15,93
TOULOUSE-BLAGNAC,2024070702,0,14.2,95
TOULOUSE-BLAGNAC,2024070703,0.2,14.1,86
TOULOUSE-BLAGNAC,2024070704,0,13.9,84
TOULOUSE-BLAGNAC,2024070705,0,13.4,88
TOULOUSE-BLAGNAC,2024070706,0,14.3,85
TOULOUSE-BLAGNAC,2024070707,0,15.8,76
TOULOUSE-BLAGNAC,2024070708,0,17,65
TOULOUSE-BLAGNAC,2024070709,0,18.4,53
TOULOUSE-BLAGNAC,2024070710,0,19,52
TOULOUSE-BLAGNAC,2024070711,0,20.1,53
TOULOUSE-BLAGNAC,2024070712,0,20.1,51
TOULOUSE-BLAGNAC,2024070713,0,21.8,50
TOULOUSE-BLAGNAC,2024070714,0,22.1,47
TOULOUSE-BLAGNAC,2024070715,0,22.9,45
TOULOUSE-BLAGNAC,2024070716,0,23.4,45
TOULOUSE-BLAGNAC,2024070717,0,23.1,46
TOULOUSE-BLAGNAC,2024070718,0,22.5,46
TOULOUSE-BLAGNAC,2024070719,0,21.6,49
TOULOUSE-BLAGNAC,2024070720,0,20.4,53
TOULOUSE-BLAGNAC,2024070721,0,19.6,55
TOULOUSE-BLAGNAC,2024070722,0,18.3,62
TOULOUSE-BLAGNAC,2024070723,0,17.7,64
TOULOUSE-BLAGNAC,2024070800,0,16.2,77
TOULOUSE-BLAGNAC,2024070801,0,15.3,83
TOULOUSE-BLAGNAC,2024070802,0,15.4,86
TOULOUSE-BLAGNAC,2024070803,0,14.6,88
TOULOUSE-BLAGNAC,2024070804,0,14.2,92
TOULOUSE-BLAGNAC,2024070805,0,14.3,92
TOULOUSE-BLAGNAC,2024070806,0,15.5,89
TOULOUSE-BLAGNAC,2024070807,0,18.6,73
TOULOUSE-BLAGNAC,2024070808,0,20.9,58
TOULOUSE-BLAGNAC,2024070809,0,23.3,52
TOULOUSE-BLAGNAC,2024070810,0,26.1,46
TOULOUSE-BLAGNAC,2024070811,0,28.1,41
TOULOUSE-BLAGNAC,2024070812,0,29.6,41
TOULOUSE-BLAGNAC,2024070813,0,30.5,40
TOULOUSE-BLAGNAC,2024070814,0,30.9,41
TOULOUSE-BLAGNAC,2024070815,0,31.5,40
TOULOUSE-BLAGNAC,2024070816,0,31.2,40
TOULOUSE-BLAGNAC,2024070817,0,30,43
TOULOUSE-BLAGNAC,2024070818,0,28.7,49
TOULOUSE-BLAGNAC,2024070819,0,26.9,56
TOULOUSE-BLAGNAC,2024070820,0,25.4,61
TOULOUSE-BLAGNAC,2024070821,0,23.8,61
TOULOUSE-BLAGNAC,2024070822,0,22.5,66
TOULOUSE-BLAGNAC,2024070823,0,21.9,73
TOULOUSE-BLAGNAC,2024070900,0,21.4,78
TOULOUSE-BLAGNAC,2024070901,0,21.1,86
TOULOUSE-BLAGNAC,2024070902,0,20.8,87
TOULOUSE-BLAGNAC,2024070903,0,20.8,87
TOULOUSE-BLAGNAC,2024070904,0,20.6,87
TOULOUSE-BLAGNAC,2024070905,0,20.8,86
TOULOUSE-BLAGNAC,2024070906,0,21.7,82
TOULOUSE-BLAGNAC,2024070907,0,23.5,75
TOULOUSE-BLAGNAC,2024070908,0,24.9,69
TOULOUSE-BLAGNAC,2024070909,0,26.1,65
TOULOUSE-BLAGNAC,2024070910,0,26.9,61
TOULOUSE-BLAGNAC,2024070911,0,28,58
TOULOUSE-BLAGNAC,2024070912,0,29.7,54
TOULOUSE-BLAGNAC,2024070913,0,30.8,49
TOULOUSE-BLAGNAC,2024070914,0,31.5,48
TOULOUSE-BLAGNAC,2024070915,0,32,45
TOULOUSE-BLAGNAC,2024070916,0,30.9,50
TOULOUSE-BLAGNAC,2024070917,0,29.9,53
TOULOUSE-BLAGNAC,2024070918,0,29.3,54
TOULOUSE-BLAGNAC,2024070919,0,26.6,61
TOULOUSE-BLAGNAC,2024070920,0,26.1,51
TOULOUSE-BLAGNAC,2024070921,0,25.6,46
TOULOUSE-BLAGNAC,2024070922,0,24.8,50
TOULOUSE-BLAGNAC,2024070923,0,19.9,78
TOULOUSE-BLAGNAC,2024071000,0,19,84
TOULOUSE-BLAGNAC,2024071001,0,18.6,84
TOULOUSE-BLAGNAC,2024071002,0,18.5,83
TOULOUSE-BLAGNAC,2024071003,0,18.8,82
TOULOUSE-BLAGNAC,2024071004,0,18.4,83
TOULOUSE-BLAGNAC,2024071005,0,18.4,85
TOULOUSE-BLAGNAC,2024071006,0,19,89
TOULOUSE-BLAGNAC,2024071007,0,20.3,82
TOULOUSE-BLAGNAC,2024071008,0,22.6,71
TOULOUSE-BLAGNAC,2024071009,0,24.4,65
TOULOUSE-BLAGNAC,2024071010,0,25.7,61
TOULOUSE-BLAGNAC,2024071011,0,26.7,61
TOULOUSE-BLAGNAC,2024071012,0,28.1,55
TOULOUSE-BLAGNAC,2024071013,0,28.9,51
TOULOUSE-BLAGNAC,2024071014,0,29.9,51
TOULOUSE-BLAGNAC,2024071015,0,30.4,49
TOULOUSE-BLAGNAC,2024071016,0,30.4,48
TOULOUSE-BLAGNAC,2024071017,0,30.4,45
TOULOUSE-BLAGNAC,2024071018,0,29.3,50
TOULOUSE-BLAGNAC,2024071019,0,27.9,53
TOULOUSE-BLAGNAC,2024071020,0,27,55
TOULOUSE-BLAGNAC,2024071021,0,26.5,58
TOULOUSE-BLAGNAC,2024071022,0,25.7,62
TOULOUSE-BLAGNAC,2024071023,0,24.9,65
TOULOUSE-BLAGNAC,2024071100,0,24.1,68
TOULOUSE-BLAGNAC,2024071101,0,22.8,74
TOULOUSE-BLAGNAC,2024071102,0,22.3,77
TOULOUSE-BLAGNAC,2024071103,0,20.9,83
TOULOUSE-BLAGNAC,2024071104,0,21.1,84
TOULOUSE-BLAGNAC,2024071105,0,21.2,84
TOULOUSE-BLAGNAC,2024071106,0,22.5,78
TOULOUSE-BLAGNAC,2024071107,0,25.1,70
TOULOUSE-BLAGNAC,2024071108,0,27.5,60
TOULOUSE-BLAGNAC,2024071109,0,29.4,53
TOULOUSE-BLAGNAC,2024071110,0,31.3,46
TOULOUSE-BLAGNAC,2024071111,0,32.8,42
TOULOUSE-BLAGNAC,2024071112,0,33.8,41
TOULOUSE-BLAGNAC,2024071113,0,34.7,40
TOULOUSE-BLAGNAC,2024071114,0,35.5,37
TOULOUSE-BLAGNAC,2024071115,0,34.9,42
TOULOUSE-BLAGNAC,2024071116,0,34.9,41
TOULOUSE-BLAGNAC,2024071117,0,33.1,42
TOULOUSE-BLAGNAC,2024071118,0,32.8,45
TOULOUSE-BLAGNAC,2024071119,0,29.8,54
TOULOUSE-BLAGNAC,2024071120,0,27.8,63
TOULOUSE-BLAGNAC,2024071121,0,25.7,70
TOULOUSE-BLAGNAC,2024071122,0,24.4,70
TOULOUSE-BLAGNAC,2024071123,0,23.5,73
TOULOUSE-BLAGNAC,2024071200,0.6,22.6,72
TOULOUSE-BLAGNAC,2024071201,0,21.8,73
TOULOUSE-BLAGNAC,2024071202,0,21.4,79
TOULOUSE-BLAGNAC,2024071203,0,20.8,85
TOULOUSE-BLAGNAC,2024071204,1,20.2,90
TOULOUSE-BLAGNAC,2024071205,0,20.1,88
TOULOUSE-BLAGNAC,2024071206,0,20.3,87
TOULOUSE-BLAGNAC,2024071207,0,20.6,85
TOULOUSE-BLAGNAC,2024071208,0,21.3,79
TOULOUSE-BLAGNAC,2024071209,0.2,21.2,83
TOULOUSE-BLAGNAC,2024071210,0,22.3,71
TOULOUSE-BLAGNAC,2024071211,0,21.7,69
TOULOUSE-BLAGNAC,2024071212,0,22.4,63
TOULOUSE-BLAGNAC,2024071213,0,23.1,58
TOULOUSE-BLAGNAC,2024071214,0,21.8,61
TOULOUSE-BLAGNAC,2024071215,0,22.5,57
TOULOUSE-BLAGNAC,2024071216,0,22.8,53
TOULOUSE-BLAGNAC,2024071217,0,22.6,55
TOULOUSE-BLAGNAC,2024071218,0,23,50
TOULOUSE-BLAGNAC,2024071219,0,22.2,52
TOULOUSE-BLAGNAC,2024071220,0,20.2,55
TOULOUSE-BLAGNAC,2024071221,0,19.6,56
TOULOUSE-BLAGNAC,2024071222,0,18.1,61
TOULOUSE-BLAGNAC,2024071223,0,16.3,67
TOULOUSE-BLAGNAC,2024071300,0,15.5,69
TOULOUSE-BLAGNAC,2024071301,0,14.9,71
TOULOUSE-BLAGNAC,2024071302,0,14,74
TOULOUSE-BLAGNAC,2024071303,0,13.5,77
TOULOUSE-BLAGNAC,2024071304,0,13.3,79
TOULOUSE-BLAGNAC,2024071305,0,12.9,82
TOULOUSE-BLAGNAC,2024071306,0,14.2,78
TOULOUSE-BLAGNAC,2024071307,0,15.8,72
TOULOUSE-BLAGNAC,2024071308,0,17.3,66
TOULOUSE-BLAGNAC,2024071309,0,18.5,59
TOULOUSE-BLAGNAC,2024071310,0,19.7,53
TOULOUSE-BLAGNAC,2024071311,0,21.1,46
TOULOUSE-BLAGNAC,2024071312,0,22.4,42
TOULOUSE-BLAGNAC,2024071313,0,22.8,40
TOULOUSE-BLAGNAC,2024071314,0,23.8,40
TOULOUSE-BLAGNAC,2024071315,0,24,42
TOULOUSE-BLAGNAC,2024071316,0,24,42
TOULOUSE-BLAGNAC,2024071317,0,23.5,43
TOULOUSE-BLAGNAC,2024071318,0,22.9,43
TOULOUSE-BLAGNAC,2024071319,0,22.1,45
TOULOUSE-BLAGNAC,2024071320,0,21.5,49
TOULOUSE-BLAGNAC,2024071321,0,20.6,52
TOULOUSE-BLAGNAC,2024071322,0,19.7,55
TOULOUSE-BLAGNAC,2024071323,0,18.6,61
TOULOUSE-BLAGNAC,2024071400,0,18.8,60
TOULOUSE-BLAGNAC,2024071401,0,17.1,68
TOULOUSE-BLAGNAC,2024071402,0,17.3,69
TOULOUSE-BLAGNAC,2024071403,0,16.8,72
TOULOUSE-BLAGNAC,2024071404,0,16.4,76
TOULOUSE-BLAGNAC,2024071405,0,16.3,80
TOULOUSE-BLAGNAC,2024071406,0,16.8,81
TOULOUSE-BLAGNAC,2024071407,0,18.6,73
TOULOUSE-BLAGNAC,2024071408,0,21.4,60
TOULOUSE-BLAGNAC,2024071409,0,24.1,51
TOULOUSE-BLAGNAC,2024071410,0,26.9,43
TOULOUSE-BLAGNAC,2024071411,0,28.8,42
TOULOUSE-BLAGNAC,2024071412,0,29.8,39
TOULOUSE-BLAGNAC,2024071413,0,30.6,37
TOULOUSE-BLAGNAC,2024071414,0,32,36
TOULOUSE-BLAGNAC,2024071415,0,32.4,35
TOULOUSE-BLAGNAC,2024071416,0,32.2,41
TOULOUSE-BLAGNAC,2024071417,0,31.3,42
TOULOUSE-BLAGNAC,2024071418,0,29.5,45
TOULOUSE-BLAGNAC,2024071419,0,28.5,49
TOULOUSE-BLAGNAC,2024071420,0,27.2,54
TOULOUSE-BLAGNAC,2024071421,0,26.1,58
TOULOUSE-BLAGNAC,2024071422,0,24.1,75
TOULOUSE-BLAGNAC,2024071423,0,23.6,76
TOULOUSE-BLAGNAC,2024071500,0,23.8,76
TOULOUSE-BLAGNAC,2024071501,0,22.7,83
TOULOUSE-BLAGNAC,2024071502,0,22.3,84
TOULOUSE-BLAGNAC,2024071503,0,21.6,86
TOULOUSE-BLAGNAC,2024071504,0,21.4,86
TOULOUSE-BLAGNAC,2024071505,0,21.7,84
TOULOUSE-BLAGNAC,2024071506,0,22.8,80
TOULOUSE-BLAGNAC,2024071507,0,24.3,75
TOULOUSE-BLAGNAC,2024071508,0,25.9,70
TOULOUSE-BLAGNAC,2024071509,0,27.4,65
TOULOUSE-BLAGNAC,2024071510,0,28.8,60
TOULOUSE-BLAGNAC,2024071511,0,29.5,57
TOULOUSE-BLAGNAC,2024071512,0,30,48
TOULOUSE-BLAGNAC,2024071513,0,27.7,50
TOULOUSE-BLAGNAC,2024071514,0,27.9,47
TOULOUSE-BLAGNAC,2024071515,0,27.7,51
TOULOUSE-BLAGNAC,2024071516,0,27.2,55
TOULOUSE-BLAGNAC,2024071517,0,26.8,57
TOULOUSE-BLAGNAC,2024071518,0,26.4,61
TOULOUSE-BLAGNAC,2024071519,0,25.3,65
TOULOUSE-BLAGNAC,2024071520,1.6,23.7,80
TOULOUSE-BLAGNAC,2024071521,0,22.9,73
TOULOUSE-BLAGNAC,2024071522,0,22.2,65
TOULOUSE-BLAGNAC,2024071523,0,21.1,69
TOULOUSE-BLAGNAC,2024071600,0,20.6,67
TOULOUSE-BLAGNAC,2024071601,0,20.1,67
TOULOUSE-BLAGNAC,2024071602,0,19.8,71
TOULOUSE-BLAGNAC,2024071603,0,19.5,73
TOULOUSE-BLAGNAC,2024071604,0,19.3,73
TOULOUSE-BLAGNAC,2024071605,0,19.2,76
TOULOUSE-BLAGNAC,2024071606,0,19.5,74
TOULOUSE-BLAGNAC,2024071607,0,20.5,65
TOULOUSE-BLAGNAC,2024071608,0,21.5,63
TOULOUSE-BLAGNAC,2024071609,0,23.3,53
TOULOUSE-BLAGNAC,2024071610,0,23.5,53
TOULOUSE-BLAGNAC,2024071611,0,23.9,51
TOULOUSE-BLAGNAC,2024071612,0,24.9,50
TOULOUSE-BLAGNAC,2024071613,0,26,47
TOULOUSE-BLAGNAC,2024071614,0,25.8,47
TOULOUSE-BLAGNAC,2024071615,0,25.2,49
TOULOUSE-BLAGNAC,2024071616,0,25.2,49
TOULOUSE-BLAGNAC,2024071617,0,24.8,50
TOULOUSE-BLAGNAC,2024071618,0,24.6,51
TOULOUSE-BLAGNAC,2024071619,0,24.4,52
TOULOUSE-BLAGNAC,2024071620,0,23.7,57
TOULOUSE-BLAGNAC,2024071621,0,22.8,60
TOULOUSE-BLAGNAC,2024071622,0,22.4,61
TOULOUSE-BLAGNAC,2024071623,0,21.6,65
TOULOUSE-BLAGNAC,2024071700,0,20.7,68
TOULOUSE-BLAGNAC,2024071701,0,19.1,75
TOULOUSE-BLAGNAC,2024071702,0,18.5,78
TOULOUSE-BLAGNAC,2024071703,0,17.9,79
TOULOUSE-BLAGNAC,2024071704,0,16.9,83
TOULOUSE-BLAGNAC,2024071705,0,17.9,78
TOULOUSE-BLAGNAC,2024071706,0,18.3,75
TOULOUSE-BLAGNAC,2024071707,0,19.5,71
TOULOUSE-BLAGNAC,2024071708,0,21.3,65
TOULOUSE-BLAGNAC,2024071709,0,22.9,60
TOULOUSE-BLAGNAC,2024071710,0,24.9,53
TOULOUSE-BLAGNAC,2024071711,0,25.8,48
TOULOUSE-BLAGNAC,2024071712,0,27.6,44
TOULOUSE-BLAGNAC,2024071713,0,27.8,42
TOULOUSE-BLAGNAC,2024071714,0,28.9,40
TOULOUSE-BLAGNAC,2024071715,0,29,40
TOULOUSE-BLAGNAC,2024071716,0,29.8,39
TOULOUSE-BLAGNAC,2024071717,0,29.3,39
TOULOUSE-BLAGNAC,2024071718,0,28.7,37
TOULOUSE-BLAGNAC,2024071719,0,27.9,41
TOULOUSE-BLAGNAC,2024071720,0,26.4,49
TOULOUSE-BLAGNAC,2024071721,0,25.2,52
TOULOUSE-BLAGNAC,2024071722,0,23.6,57
TOULOUSE-BLAGNAC,2024071723,0,23.3,59
TOULOUSE-BLAGNAC,2024071800,0,21.4,69
TOULOUSE-BLAGNAC,2024071801,0,20.4,75
TOULOUSE-BLAGNAC,2024071802,0,19.4,80
TOULOUSE-BLAGNAC,2024071803,0,18.7,84
TOULOUSE-BLAGNAC,2024071804,0,18,86
TOULOUSE-BLAGNAC,2024071805,0,17.7,87
TOULOUSE-BLAGNAC,2024071806,0,18.9,83
TOULOUSE-BLAGNAC,2024071807,0,22.7,67
TOULOUSE-BLAGNAC,2024071808,0,25.6,54
TOULOUSE-BLAGNAC,2024071809,0,28,50
TOULOUSE-BLAGNAC,2024071810,0,30,45
TOULOUSE-BLAGNAC,2024071811,0,31.5,43
TOULOUSE-BLAGNAC,2024071812,0,33.1,39
TOULOUSE-BLAGNAC,2024071813,0,34.3,36
TOULOUSE-BLAGNAC,2024071814,0,35,34
TOULOUSE-BLAGNAC,2024071815,0,35.7,30
TOULOUSE-BLAGNAC,2024071816,0,35.8,30
TOULOUSE-BLAGNAC,2024071817,0,35.5,30
TOULOUSE-BLAGNAC,2024071818,0,34.2,37
TOULOUSE-BLAGNAC,2024071819,0,32.1,38
TOULOUSE-BLAGNAC,2024071820,0,29.9,39
TOULOUSE-BLAGNAC,2024071821,0,28.3,43
TOULOUSE-BLAGNAC,2024071822,0,27.3,43
TOULOUSE-BLAGNAC,2024071823,0,25.6,49
TOULOUSE-BLAGNAC,2024071900,0,24.6,54
TOULOUSE-BLAGNAC,2024071901,0,24,57
TOULOUSE-BLAGNAC,2024071902,0,23.7,78
TOULOUSE-BLAGNAC,2024071903,0,21.7,83
TOULOUSE-BLAGNAC,2024071904,0,21.3,84
TOULOUSE-BLAGNAC,2024071905,0,21.1,86
TOULOUSE-BLAGNAC,2024071906,0,21.5,83
TOULOUSE-BLAGNAC,2024071907,0,22.1,81
TOULOUSE-BLAGNAC,2024071908,0,22.9,80
TOULOUSE-BLAGNAC,2024071909,0,25.4,66
TOULOUSE-BLAGNAC,2024071910,0,28.1,55
TOULOUSE-BLAGNAC,2024071911,0,29.1,50
TOULOUSE-BLAGNAC,2024071912,0,29.8,47
TOULOUSE-BLAGNAC,2024071913,0,31.3,44
TOULOUSE-BLAGNAC,2024071914,0,32.5,44
TOULOUSE-BLAGNAC,2024071915,0,32.3,46
TOULOUSE-BLAGNAC,2024071916,0,32.3,46
TOULOUSE-BLAGNAC,2024071917,0,32.6,46
TOULOUSE-BLAGNAC,2024071918,0,31.4,49
TOULOUSE-BLAGNAC,2024071919,0,30.2,51
TOULOUSE-BLAGNAC,2024071920,0,29.1,58
TOULOUSE-BLAGNAC,2024071921,0,28.3,61
TOULOUSE-BLAGNAC,2024071922,0,27.4,63
TOULOUSE-BLAGNAC,2024071923,0,26.3,67
TOULOUSE-BLAGNAC,2024072000,0,25.3,70
TOULOUSE-BLAGNAC,2024072001,0,23.4,80
TOULOUSE-BLAGNAC,2024072002,0,23.6,75
TOULOUSE-BLAGNAC,2024072003,0,23,82
TOULOUSE-BLAGNAC,2024072004,0,21.9,85
TOULOUSE-BLAGNAC,2024072005,0,22,88
TOULOUSE-BLAGNAC,2024072006,0,22,83
TOULOUSE-BLAGNAC,2024072007,0,23.2,77
TOULOUSE-BLAGNAC,2024072008,0,25.1,70
TOULOUSE-BLAGNAC,2024072009,0,26.5,66
TOULOUSE-BLAGNAC,2024072010,0,27.7,61
TOULOUSE-BLAGNAC,2024072011,0,29.2,57
TOULOUSE-BLAGNAC,2024072012,0,30.7,53
TOULOUSE-BLAGNAC,2024072013,0,32.4,48
TOULOUSE-BLAGNAC,2024072014,0,32.6,47
TOULOUSE-BLAGNAC,2024072015,0,32.8,48
TOULOUSE-BLAGNAC,2024072016,0,32.7,46
TOULOUSE-BLAGNAC,2024072017,0,32.2,48
TOULOUSE-BLAGNAC,2024072018,0,30.1,52
TOULOUSE-BLAGNAC,2024072019,0,28.5,56
TOULOUSE-BLAGNAC,2024072020,0,27,62
TOULOUSE-BLAGNAC,2024072021,0,26.3,60
TOULOUSE-BLAGNAC,2024072022,0,25.2,57
TOULOUSE-BLAGNAC,2024072023,0.2,21.8,77
TOULOUSE-BLAGNAC,2024072100,0,20.3,83
TOULOUSE-BLAGNAC,2024072101,2.8,18.6,89
TOULOUSE-BLAGNAC,2024072102,1.9,18,90
TOULOUSE-BLAGNAC,2024072103,0.4,18.2,89
TOULOUSE-BLAGNAC,2024072104,2,17.6,91
TOULOUSE-BLAGNAC,2024072105,0,18.1,89
TOULOUSE-BLAGNAC,2024072106,0,18,88
TOULOUSE-BLAGNAC,2024072107,0,18.9,85
TOULOUSE-BLAGNAC,2024072108,0,20,72
TOULOUSE-BLAGNAC,2024072109,0,21.3,64
TOULOUSE-BLAGNAC,2024072110,0,21.4,60
TOULOUSE-BLAGNAC,2024072111,0,21.5,62
TOULOUSE-BLAGNAC,2024072112,0,20.7,64
TOULOUSE-BLAGNAC,2024072113,1,17.7,89
TOULOUSE-BLAGNAC,2024072114,0,18.2,85
TOULOUSE-BLAGNAC,2024072115,0,18.7,82
TOULOUSE-BLAGNAC,2024072116,0,19.5,82
TOULOUSE-BLAGNAC,2024072117,0,19.7,77
TOULOUSE-BLAGNAC,2024072118,0,18.7,80
TOULOUSE-BLAGNAC,2024072119,0,17.3,90
TOULOUSE-BLAGNAC,2024072120,0,17.1,91
TOULOUSE-BLAGNAC,2024072121,0,17,88
TOULOUSE-BLAGNAC,2024072122,0,17.1,87
TOULOUSE-BLAGNAC,2024072123,0,17.1,87
TOULOUSE-BLAGNAC,2024072200,0,17.1,85
TOULOUSE-BLAGNAC,2024072201,0,17.1,86
TOULOUSE-BLAGNAC,2024072202,0,16.9,86
TOULOUSE-BLAGNAC,2024072203,0,16.8,87
TOULOUSE-BLAGNAC,2024072204,0,16.9,86
TOULOUSE-BLAGNAC,2024072205,0,16.8,86
TOULOUSE-BLAGNAC,2024072206,0,17,85
TOULOUSE-BLAGNAC,2024072207,0,17.7,81
TOULOUSE-BLAGNAC,2024072208,0,18.6,72
TOULOUSE-BLAGNAC,2024072209,0,19.9,65
TOULOUSE-BLAGNAC,2024072210,0,19.7,62
TOULOUSE-BLAGNAC,2024072211,0,20.5,60
TOULOUSE-BLAGNAC,2024072212,0,21.1,58
TOULOUSE-BLAGNAC,2024072213,0,22.2,54
TOULOUSE-BLAGNAC,2024072214,0,22.4,56
TOULOUSE-BLAGNAC,2024072215,0,22.9,54
TOULOUSE-BLAGNAC,2024072216,0,23.7,53
TOULOUSE-BLAGNAC,2024072217,0,23.9,52
TOULOUSE-BLAGNAC,2024072218,0,23.6,52
TOULOUSE-BLAGNAC,2024072219,0,22.6,55
TOULOUSE-BLAGNAC,2024072220,0,21.3,60
TOULOUSE-BLAGNAC,2024072221,0,20.4,64
TOULOUSE-BLAGNAC,2024072222,0,19.9,67
TOULOUSE-BLAGNAC,2024072223,0,18.6,73
TOULOUSE-BLAGNAC,2024072300,0,17.2,81
TOULOUSE-BLAGNAC,2024072301,0,16.4,86
TOULOUSE-BLAGNAC,2024072302,0,15.9,88
TOULOUSE-BLAGNAC,2024072303,0,15.5,90
TOULOUSE-BLAGNAC,2024072304,0,15.1,91
TOULOUSE-BLAGNAC,2024072305,0,15.1,91
TOULOUSE-BLAGNAC,2024072306,0,16.8,86
TOULOUSE-BLAGNAC,2024072307,0,19.7,75
TOULOUSE-BLAGNAC,2024072308,0,21.9,65
TOULOUSE-BLAGNAC,2024072309,0,23.9,56
TOULOUSE-BLAGNAC,2024072310,0,25.2,54
TOULOUSE-BLAGNAC,2024072311,0,26.3,52
TOULOUSE-BLAGNAC,2024072312,0,27.3,49
TOULOUSE-BLAGNAC,2024072313,0,28.1,44
TOULOUSE-BLAGNAC,2024072314,0,29.2,45
TOULOUSE-BLAGNAC,2024072315,0,29.7,45
TOULOUSE-BLAGNAC,2024072316,0,29.7,42
TOULOUSE-BLAGNAC,2024072317,0,29.8,45
TOULOUSE-BLAGNAC,2024072318,0,29.1,44
TOULOUSE-BLAGNAC,2024072319,0,27.7,52
TOULOUSE-BLAGNAC,2024072320,0,25.8,60
TOULOUSE-BLAGNAC,2024072321,0,24.9,65
TOULOUSE-BLAGNAC,2024072322,0,23.8,68
TOULOUSE-BLAGNAC,2024072323,0,23.3,70
TOULOUSE-BLAGNAC,2024072400,0,22.7,72
TOULOUSE-BLAGNAC,2024072401,0,21.5,76
TOULOUSE-BLAGNAC,2024072402,0,21.1,78
TOULOUSE-BLAGNAC,2024072403,0,20.9,80
TOULOUSE-BLAGNAC,2024072404,0,20.1,83
TOULOUSE-BLAGNAC,2024072405,0,19.9,83
TOULOUSE-BLAGNAC,2024072406,0,20.7,82
TOULOUSE-BLAGNAC,2024072407,0,22.3,78
TOULOUSE-BLAGNAC,2024072408,0,24.1,69
TOULOUSE-BLAGNAC,2024072409,0,25.4,66
TOULOUSE-BLAGNAC,2024072410,0,26.5,61
TOULOUSE-BLAGNAC,2024072411,0,28.1,55
TOULOUSE-BLAGNAC,2024072412,0,27.9,54
TOULOUSE-BLAGNAC,2024072413,0,29.2,49
TOULOUSE-BLAGNAC,2024072414,0,29.8,48
TOULOUSE-BLAGNAC,2024072415,0,30.1,46
TOULOUSE-BLAGNAC,2024072416,0,29.5,46
TOULOUSE-BLAGNAC,2024072417,0,29,47
TOULOUSE-BLAGNAC,2024072418,0,28.4,47
TOULOUSE-BLAGNAC,2024072419,0,26.8,54
TOULOUSE-BLAGNAC,2024072420,0,25.4,59
TOULOUSE-BLAGNAC,2024072421,0,24.1,65
TOULOUSE-BLAGNAC,2024072422,0,23.3,67
TOULOUSE-BLAGNAC,2024072423,0,22.6,68
TOULOUSE-BLAGNAC,2024072500,0,22.1,70
TOULOUSE-BLAGNAC,2024072501,0,21.3,73
TOULOUSE-BLAGNAC,2024072502,0,20.3,75
TOULOUSE-BLAGNAC,2024072503,0,20.3,79
TOULOUSE-BLAGNAC,2024072504,0,19.3,86
TOULOUSE-BLAGNAC,2024072505,0,18.8,89
TOULOUSE-BLAGNAC,2024072506,0,19.5,86
TOULOUSE-BLAGNAC,2024072507,0,20.7,80
TOULOUSE-BLAGNAC,2024072508,0,22.4,72
TOULOUSE-BLAGNAC,2024072509,0,24,68
TOULOUSE-BLAGNAC,2024072510,0,25.5,60
TOULOUSE-BLAGNAC,2024072511,0,25.9,57
TOULOUSE-BLAGNAC,2024072512,0,27.7,50
TOULOUSE-BLAGNAC,2024072513,0,28.2,48
TOULOUSE-BLAGNAC,2024072514,0,29.2,44
TOULOUSE-BLAGNAC,2024072515,0,29.8,46
TOULOUSE-BLAGNAC,2024072516,0,29.5,45
TOULOUSE-BLAGNAC,2024072517,0,29.1,46
TOULOUSE-BLAGNAC,2024072518,0,28.2,46
TOULOUSE-BLAGNAC,2024072519,0,26.9,52
TOULOUSE-BLAGNAC,2024072520,0,26,54
TOULOUSE-BLAGNAC,2024072521,0,24.1,61
TOULOUSE-BLAGNAC,2024072522,0,23,64
TOULOUSE-BLAGNAC,2024072523,0,22.2,66
TOULOUSE-BLAGNAC,2024072600,0,21.8,71
TOULOUSE-BLAGNAC,2024072601,0,20.9,77
TOULOUSE-BLAGNAC,2024072602,0,20.1,83
TOULOUSE-BLAGNAC,2024072603,0,19.3,85
TOULOUSE-BLAGNAC,2024072604,0,18.7,89
TOULOUSE-BLAGNAC,2024072605,0,18.4,90
TOULOUSE-BLAGNAC,2024072606,0,19.2,88
TOULOUSE-BLAGNAC,2024072607,0,20.6,81
TOULOUSE-BLAGNAC,2024072608,0,22.3,75
TOULOUSE-BLAGNAC,2024072609,0,24.7,65
TOULOUSE-BLAGNAC,2024072610,0,26.6,58
TOULOUSE-BLAGNAC,2024072611,0,27,54
TOULOUSE-BLAGNAC,2024072612,0,29.1,46
TOULOUSE-BLAGNAC,2024072613,0,30,44
TOULOUSE-BLAGNAC,2024072614,0,30.8,43
TOULOUSE-BLAGNAC,2024072615,0,30.8,44
TOULOUSE-BLAGNAC,2024072616,0,31.1,43
TOULOUSE-BLAGNAC,2024072617,0,30.7,43
TOULOUSE-BLAGNAC,2024072618,0,29.8,45
TOULOUSE-BLAGNAC,2024072619,0,28.5,49
TOULOUSE-BLAGNAC,2024072620,0,27.5,51
TOULOUSE-BLAGNAC,2024072621,0,26.6,56
TOULOUSE-BLAGNAC,2024072622,0,26,58
TOULOUSE-BLAGNAC,2024072623,0,24.4,64
TOULOUSE-BLAGNAC,2024072700,0,24.3,67
TOULOUSE-BLAGNAC,2024072701,0,22.9,71
TOULOUSE-BLAGNAC,2024072702,0,22.7,73
TOULOUSE-BLAGNAC,2024072703,0,21.2,83
TOULOUSE-BLAGNAC,2024072704,0,20.6,84
TOULOUSE-BLAGNAC,2024072705,0,20.2,85
TOULOUSE-BLAGNAC,2024072706,0,20.5,84
TOULOUSE-BLAGNAC,2024072707,0,21.7,78
TOULOUSE-BLAGNAC,2024072708,0,24.1,69
TOULOUSE-BLAGNAC,2024072709,0,25.7,63
TOULOUSE-BLAGNAC,2024072710,0,27.5,57
TOULOUSE-BLAGNAC,2024072711,0,28.9,54
TOULOUSE-BLAGNAC,2024072712,0,30.2,52
TOULOUSE-BLAGNAC,2024072713,0,31.4,49
TOULOUSE-BLAGNAC,2024072714,0,32.1,47
TOULOUSE-BLAGNAC,2024072715,0,32.4,47
TOULOUSE-BLAGNAC,2024072716,0,30.8,51
TOULOUSE-BLAGNAC,2024072717,0,30.3,54
TOULOUSE-BLAGNAC,2024072718,0,29.2,56
TOULOUSE-BLAGNAC,2024072719,0,28.7,58
TOULOUSE-BLAGNAC,2024072720,0,26.9,67
TOULOUSE-BLAGNAC,2024072721,0,26.3,69
TOULOUSE-BLAGNAC,2024072722,0,25.4,72
TOULOUSE-BLAGNAC,2024072723,0,24.7,76
TOULOUSE-BLAGNAC,2024072800,0,24.2,78
TOULOUSE-BLAGNAC,2024072801,0,23.4,81
TOULOUSE-BLAGNAC,2024072802,0,22.6,86
TOULOUSE-BLAGNAC,2024072803,0,22.1,87
TOULOUSE-BLAGNAC,2024072804,0,21.6,90
TOULOUSE-BLAGNAC,2024072805,0,21.8,87
TOULOUSE-BLAGNAC,2024072806,0,22.7,82
TOULOUSE-BLAGNAC,2024072807,0,23.9,79
TOULOUSE-BLAGNAC,2024072808,0,26.2,71
TOULOUSE-BLAGNAC,2024072809,0,28.1,64
TOULOUSE-BLAGNAC,2024072810,0,29.4,55
TOULOUSE-BLAGNAC,2024072811,0,30.6,50
TOULOUSE-BLAGNAC,2024072812,0,32.1,46
TOULOUSE-BLAGNAC,2024072813,0,33.4,44
TOULOUSE-BLAGNAC,2024072814,0,34.1,42
TOULOUSE-BLAGNAC,2024072815,0,34.4,42
TOULOUSE-BLAGNAC,2024072816,0,34.8,43
TOULOUSE-BLAGNAC,2024072817,0,34.1,46
TOULOUSE-BLAGNAC,2024072818,0,33.4,49
TOULOUSE-BLAGNAC,2024072819,0,31.5,40
TOULOUSE-BLAGNAC,2024072820,0,30.3,42
TOULOUSE-BLAGNAC,2024072821,0,28.2,46
TOULOUSE-BLAGNAC,2024072822,0,26.8,45
TOULOUSE-BLAGNAC,2024072823,0,25.9,50
TOULOUSE-BLAGNAC,2024072900,0,25.8,52
TOULOUSE-BLAGNAC,2024072901,0,24.6,57
TOULOUSE-BLAGNAC,2024072902,0,24.1,57
TOULOUSE-BLAGNAC,2024072903,0,23.2,59
TOULOUSE-BLAGNAC,2024072904,0,22.7,59
TOULOUSE-BLAGNAC,2024072905,0,23.1,60
TOULOUSE-BLAGNAC,2024072906,0,23.9,56
TOULOUSE-BLAGNAC,2024072907,0,25.9,48
TOULOUSE-BLAGNAC,2024072908,0,28.7,44
TOULOUSE-BLAGNAC,2024072909,0,30.7,41
TOULOUSE-BLAGNAC,2024072910,0,32.6,36
TOULOUSE-BLAGNAC,2024072911,0,34,34
TOULOUSE-BLAGNAC,2024072912,0,35.7,31
TOULOUSE-BLAGNAC,2024072913,0,36.7,29
TOULOUSE-BLAGNAC,2024072914,0,37.6,27
TOULOUSE-BLAGNAC,2024072915,0,38,27
TOULOUSE-BLAGNAC,2024072916,0,38,25
TOULOUSE-BLAGNAC,2024072917,0,37.4,26
TOULOUSE-BLAGNAC,2024072918,0,35.8,31
TOULOUSE-BLAGNAC,2024072919,0,33,34
TOULOUSE-BLAGNAC,2024072920,0,31,36
TOULOUSE-BLAGNAC,2024072921,0,29,42
TOULOUSE-BLAGNAC,2024072922,0,27.2,49
TOULOUSE-BLAGNAC,2024072923,0,26.7,51
TOULOUSE-BLAGNAC,2024073000,0,25.2,57
TOULOUSE-BLAGNAC,2024073001,0,24.2,57
TOULOUSE-BLAGNAC,2024073002,0,23.9,59
TOULOUSE-BLAGNAC,2024073003,0,22.6,67
TOULOUSE-BLAGNAC,2024073004,0,21.7,74
TOULOUSE-BLAGNAC,2024073005,0,21.4,81
TOULOUSE-BLAGNAC,2024073006,0,23.5,89
TOULOUSE-BLAGNAC,2024073007,0,24.6,76
TOULOUSE-BLAGNAC,2024073008,0,25.9,73
TOULOUSE-BLAGNAC,2024073009,0,29.3,55
TOULOUSE-BLAGNAC,2024073010,0,32.2,45
TOULOUSE-BLAGNAC,2024073011,0,34.8,31
TOULOUSE-BLAGNAC,2024073012,0,36,28
TOULOUSE-BLAGNAC,2024073013,0,37.5,25
TOULOUSE-BLAGNAC,2024073014,0,38.5,25
TOULOUSE-BLAGNAC,2024073015,0,37.5,27
TOULOUSE-BLAGNAC,2024073016,0,36.6,36
TOULOUSE-BLAGNAC,2024073017,0,34.4,40
TOULOUSE-BLAGNAC,2024073018,0,32.9,53
TOULOUSE-BLAGNAC,2024073019,0,27.5,76
TOULOUSE-BLAGNAC,2024073020,0.2,26.5,68
TOULOUSE-BLAGNAC,2024073021,0,25.1,71
TOULOUSE-BLAGNAC,2024073022,0,26.4,64
TOULOUSE-BLAGNAC,2024073023,0,25.2,64
TOULOUSE-BLAGNAC,2024073100,0,25.6,59
TOULOUSE-BLAGNAC,2024073101,0,25.3,60
TOULOUSE-BLAGNAC,2024073102,0,23.6,67
TOULOUSE-BLAGNAC,2024073103,0,23.4,68
TOULOUSE-BLAGNAC,2024073104,0,23.5,69
TOULOUSE-BLAGNAC,2024073105,0,22.4,69
TOULOUSE-BLAGNAC,2024073106,0,23.9,71
TOULOUSE-BLAGNAC,2024073107,0,25.3,61
TOULOUSE-BLAGNAC,2024073108,0,26.6,60
TOULOUSE-BLAGNAC,2024073109,0,28.8,51
TOULOUSE-BLAGNAC,2024073110,0,30,50
TOULOUSE-BLAGNAC,2024073111,0,31.7,45
TOULOUSE-BLAGNAC,2024073112,0,33.2,42
TOULOUSE-BLAGNAC,2024073113,0,34.4,42
TOULOUSE-BLAGNAC,2024073114,0,34.8,39
TOULOUSE-BLAGNAC,2024073115,0,35.6,38
TOULOUSE-BLAGNAC,2024073116,0,35,39
TOULOUSE-BLAGNAC,2024073117,0,34.1,39
TOULOUSE-BLAGNAC,2024073118,0,32.4,48
TOULOUSE-BLAGNAC,2024073119,0,30.3,56
TOULOUSE-BLAGNAC,2024073120,0,28.6,63
TOULOUSE-BLAGNAC,2024073121,0,27.5,68
TOULOUSE-BLAGNAC,2024073122,0,26.3,73
TOULOUSE-BLAGNAC,2024073123,0,25.2,77
TOULOUSE-BLAGNAC,2024080100,0,24.3,81
TOULOUSE-BLAGNAC,2024080101,0,23.5,84
TOULOUSE-BLAGNAC,2024080102,0,23,86
TOULOUSE-BLAGNAC,2024080103,0,22.9,83
TOULOUSE-BLAGNAC,2024080104,0,22.6,81
TOULOUSE-BLAGNAC,2024080105,0,22.1,82
TOULOUSE-BLAGNAC,2024080106,0,22.1,82
TOULOUSE-BLAGNAC,2024080107,0,22.3,80
TOULOUSE-BLAGNAC,2024080108,0,22.7,78
TOULOUSE-BLAGNAC,2024080109,0,23.5,74
TOULOUSE-BLAGNAC,2024080110,0,24.4,71
TOULOUSE-BLAGNAC,2024080111,0,24.8,71
TOULOUSE-BLAGNAC,2024080112,0,25.3,67
TOULOUSE-BLAGNAC,2024080113,0,25.8,65
TOULOUSE-BLAGNAC,2024080114,0,26.6,63
TOULOUSE-BLAGNAC,2024080115,0,27.6,58
TOULOUSE-BLAGNAC,2024080116,0,28.4,55
TOULOUSE-BLAGNAC,2024080117,0,28.5,54
TOULOUSE-BLAGNAC,2024080118,0,27.6,57
TOULOUSE-BLAGNAC,2024080119,0,26.5,61
TOULOUSE-BLAGNAC,2024080120,0,25.4,66
TOULOUSE-BLAGNAC,2024080121,0,24.2,71
TOULOUSE-BLAGNAC,2024080122,0,24,72
TOULOUSE-BLAGNAC,2024080123,0,23.2,75
TOULOUSE-BLAGNAC,2024080200,0,22.5,80
TOULOUSE-BLAGNAC,2024080201,0,22.7,83
TOULOUSE-BLAGNAC,2024080202,0,22.6,83
TOULOUSE-BLAGNAC,2024080203,0,22,86
TOULOUSE-BLAGNAC,2024080204,0,21.6,87
TOULOUSE-BLAGNAC,2024080205,0,21.1,90
TOULOUSE-BLAGNAC,2024080206,0,21.1,90
TOULOUSE-BLAGNAC,2024080207,0,22.6,78
TOULOUSE-BLAGNAC,2024080208,0,23.7,71
TOULOUSE-BLAGNAC,2024080209,0,24.9,65
TOULOUSE-BLAGNAC,2024080210,0,25.1,64
TOULOUSE-BLAGNAC,2024080211,0,27.4,53
TOULOUSE-BLAGNAC,2024080212,0,27.1,53
TOULOUSE-BLAGNAC,2024080213,0,25.8,50
TOULOUSE-BLAGNAC,2024080214,0,25.6,52
TOULOUSE-BLAGNAC,2024080215,0,26.8,52
TOULOUSE-BLAGNAC,2024080216,0,24,63
TOULOUSE-BLAGNAC,2024080217,0,23.6,67
TOULOUSE-BLAGNAC,2024080218,0,23.3,72
TOULOUSE-BLAGNAC,2024080219,0,22.1,78
TOULOUSE-BLAGNAC,2024080220,0,22.4,78
TOULOUSE-BLAGNAC,2024080221,0,22.7,73
TOULOUSE-BLAGNAC,2024080222,0,22.4,71
TOULOUSE-BLAGNAC,2024080223,0,21.7,73
TOULOUSE-BLAGNAC,2024080300,0,21,74
TOULOUSE-BLAGNAC,2024080301,0,20.6,76
TOULOUSE-BLAGNAC,2024080302,0,19.9,78
TOULOUSE-BLAGNAC,2024080303,0,19.5,80
TOULOUSE-BLAGNAC,2024080304,0,19,82
TOULOUSE-BLAGNAC,2024080305,0,18.6,81
TOULOUSE-BLAGNAC,2024080306,0,18.3,81
TOULOUSE-BLAGNAC,2024080307,0,19.5,72
TOULOUSE-BLAGNAC,2024080308,0,20.4,68
TOULOUSE-BLAGNAC,2024080309,0,21,65
TOULOUSE-BLAGNAC,2024080310,0,22.2,62
TOULOUSE-BLAGNAC,2024080311,0,23.6,57
TOULOUSE-BLAGNAC,2024080312,0,24,56
TOULOUSE-BLAGNAC,2024080313,0,25.8,51
TOULOUSE-BLAGNAC,2024080314,0,27,43
TOULOUSE-BLAGNAC,2024080315,0,27.7,42
TOULOUSE-BLAGNAC,2024080316,0,27.7,43
TOULOUSE-BLAGNAC,2024080317,0,27.1,44
TOULOUSE-BLAGNAC,2024080318,0,26.2,47
TOULOUSE-BLAGNAC,2024080319,0,24.8,52
TOULOUSE-BLAGNAC,2024080320,0,23.2,56
TOULOUSE-BLAGNAC,2024080321,0,22.2,60
TOULOUSE-BLAGNAC,2024080322,0,22.3,61
TOULOUSE-BLAGNAC,2024080323,0,22.5,60
TOULOUSE-BLAGNAC,2024080400,0,21.4,66
TOULOUSE-BLAGNAC,2024080401,0,20.1,72
TOULOUSE-BLAGNAC,2024080402,0,19.2,76
TOULOUSE-BLAGNAC,2024080403,0,18.9,76
TOULOUSE-BLAGNAC,2024080404,0,17.7,79
TOULOUSE-BLAGNAC,2024080405,0,17.5,80
TOULOUSE-BLAGNAC,2024080406,0,18.4,78
TOULOUSE-BLAGNAC,2024080407,0,20.2,70
TOULOUSE-BLAGNAC,2024080408,0,22,63
TOULOUSE-BLAGNAC,2024080409,0,24.3,54
TOULOUSE-BLAGNAC,2024080410,0,25.4,51
TOULOUSE-BLAGNAC,2024080411,0,26.9,48
TOULOUSE-BLAGNAC,2024080412,0,27.8,44
TOULOUSE-BLAGNAC,2024080413,0,28.4,41
TOULOUSE-BLAGNAC,2024080414,0,29.1,39
TOULOUSE-BLAGNAC,2024080415,0,29.6,40
TOULOUSE-BLAGNAC,2024080416,0,29.3,41
TOULOUSE-BLAGNAC,2024080417,0,28.7,45
TOULOUSE-BLAGNAC,2024080418,0,28.1,47
TOULOUSE-BLAGNAC,2024080419,0,26.3,52
TOULOUSE-BLAGNAC,2024080420,0,25,55
TOULOUSE-BLAGNAC,2024080421,0,23.9,59
TOULOUSE-BLAGNAC,2024080422,0,22.8,64
TOULOUSE-BLAGNAC,2024080423,0,21.9,68
TOULOUSE-BLAGNAC,2024080500,0,20.9,71
TOULOUSE-BLAGNAC,2024080501,0,20,75
TOULOUSE-BLAGNAC,2024080502,0,19.5,76
TOULOUSE-BLAGNAC,2024080503,0,18.8,79
TOULOUSE-BLAGNAC,2024080504,0,17.5,84
TOULOUSE-BLAGNAC,2024080505,0,16.6,88
TOULOUSE-BLAGNAC,2024080506,0,17.9,85
TOULOUSE-BLAGNAC,2024080507,0,21.2,72
TOULOUSE-BLAGNAC,2024080508,0,23.3,64
TOULOUSE-BLAGNAC,2024080509,0,25.3,54
TOULOUSE-BLAGNAC,2024080510,0,26.7,49
TOULOUSE-BLAGNAC,2024080511,0,28.5,45
TOULOUSE-BLAGNAC,2024080512,0,29.8,37
TOULOUSE-BLAGNAC,2024080513,0,30.9,36
TOULOUSE-BLAGNAC,2024080514,0,32.2,32
TOULOUSE-BLAGNAC,2024080515,0,32.5,29
TOULOUSE-BLAGNAC,2024080516,0,32.8,28
TOULOUSE-BLAGNAC,2024080517,0,32.7,28
TOULOUSE-BLAGNAC,2024080518,0,31.9,31
TOULOUSE-BLAGNAC,2024080519,0,29.7,37
TOULOUSE-BLAGNAC,2024080520,0,28.7,40
TOULOUSE-BLAGNAC,2024080521,0,26.4,48
TOULOUSE-BLAGNAC,2024080522,0,25.8,52
TOULOUSE-BLAGNAC,2024080523,0,24.3,57
TOULOUSE-BLAGNAC,2024080600,0,23.6,59
TOULOUSE-BLAGNAC,2024080601,0,22.6,64
TOULOUSE-BLAGNAC,2024080602,0,22.4,76
TOULOUSE-BLAGNAC,2024080603,0,21.6,79
TOULOUSE-BLAGNAC,2024080604,0,21,81
TOULOUSE-BLAGNAC,2024080605,0,20.4,83
TOULOUSE-BLAGNAC,2024080606,0,21.2,80
TOULOUSE-BLAGNAC,2024080607,0,21.5,78
TOULOUSE-BLAGNAC,2024080608,0,23.6,70
TOULOUSE-BLAGNAC,2024080609,0,25.1,64
TOULOUSE-BLAGNAC,2024080610,0,27.1,57
TOULOUSE-BLAGNAC,2024080611,0,28.5,55
TOULOUSE-BLAGNAC,2024080612,0,30.4,47
TOULOUSE-BLAGNAC,2024080613,0,30.9,42
TOULOUSE-BLAGNAC,2024080614,0,32.1,43
TOULOUSE-BLAGNAC,2024080615,0,32.3,42
TOULOUSE-BLAGNAC,2024080616,0,32,41
TOULOUSE-BLAGNAC,2024080617,0,31.6,43
TOULOUSE-BLAGNAC,2024080618,0,30.3,46
TOULOUSE-BLAGNAC,2024080619,0,29.4,50
TOULOUSE-BLAGNAC,2024080620,0,28.1,55
TOULOUSE-BLAGNAC,2024080621,0,26.9,60
TOULOUSE-BLAGNAC,2024080622,0,25.3,67
TOULOUSE-BLAGNAC,2024080623,0,24.6,70
TOULOUSE-BLAGNAC,2024080700,0,24.4,69
TOULOUSE-BLAGNAC,2024080701,0,23.9,71
TOULOUSE-BLAGNAC,2024080702,0,23.3,71
TOULOUSE-BLAGNAC,2024080703,0,23,71
TOULOUSE-BLAGNAC,2024080704,,21.6,82
TOULOUSE-BLAGNAC,2024080705,,20.4,90
TOULOUSE-BLAGNAC,2024080706,,20.1,92
TOULOUSE-BLAGNAC,2024080707,,19.7,94
TOULOUSE-BLAGNAC,2024080708,,19.9,90
TOULOUSE-BLAGNAC,2024080709,,22.3,82
TOULOUSE-BLAGNAC,2024080710,,24.3,68
TOULOUSE-BLAGNAC,2024080711,,26.3,60
TOULOUSE-BLAGNAC,2024080712,,27.7,57
TOULOUSE-BLAGNAC,2024080713,,28.4,52
TOULOUSE-BLAGNAC,2024080714,,27.4,54
TOULOUSE-BLAGNAC,2024080715,,27.4,54
TOULOUSE-BLAGNAC,2024080716,,28.8,50
TOULOUSE-BLAGNAC,2024080717,,27.8,54
TOULOUSE-BLAGNAC,2024080718,,27.1,58
TOULOUSE-BLAGNAC,2024080719,,26.4,61
TOULOUSE-BLAGNAC,2024080720,,25.3,66
TOULOUSE-BLAGNAC,2024080721,,24.2,70
TOULOUSE-BLAGNAC,2024080722,,23.4,74
TOULOUSE-BLAGNAC,2024080723,,22.5,78
TOULOUSE-BLAGNAC,2024080800,,22.1,80
TOULOUSE-BLAGNAC,2024080801,,21.6,80
TOULOUSE-BLAGNAC,2024080802,,21,81
TOULOUSE-BLAGNAC,2024080803,,20.8,79
TOULOUSE-BLAGNAC,2024080804,,20.5,80
TOULOUSE-BLAGNAC,2024080805,,19.8,85
TOULOUSE-BLAGNAC,2024080806,,20.4,82
TOULOUSE-BLAGNAC,2024080807,0,22,70
TOULOUSE-BLAGNAC,2024080808,0,24.4,59
TOULOUSE-BLAGNAC,2024080809,0,27.2,45
TOULOUSE-BLAGNAC,2024080810,0,27.9,45
TOULOUSE-BLAGNAC,2024080811,0,28.8,40
TOULOUSE-BLAGNAC,2024080812,0,29.7,37
TOULOUSE-BLAGNAC,2024080813,0,30.4,38
TOULOUSE-BLAGNAC,2024080814,0,31,37
TOULOUSE-BLAGNAC,2024080815,0,31.5,37
TOULOUSE-BLAGNAC,2024080816,0,31.3,37
TOULOUSE-BLAGNAC,2024080817,0,31.2,37
TOULOUSE-BLAGNAC,2024080818,0,30.5,39
TOULOUSE-BLAGNAC,2024080819,0,28.9,44
TOULOUSE-BLAGNAC,2024080820,0,27.7,48
TOULOUSE-BLAGNAC,2024080821,0,25.6,55
TOULOUSE-BLAGNAC,2024080822,0,25.4,54
TOULOUSE-BLAGNAC,2024080823,0,24.5,56
TOULOUSE-BLAGNAC,2024080900,0,23.4,59
TOULOUSE-BLAGNAC,2024080901,0,22.9,60
TOULOUSE-BLAGNAC,2024080902,0,22.1,63
TOULOUSE-BLAGNAC,2024080903,0,20.9,71
TOULOUSE-BLAGNAC,2024080904,0,20.3,72
TOULOUSE-BLAGNAC,2024080905,0,19.9,72
TOULOUSE-BLAGNAC,2024080906,0,21,73
TOULOUSE-BLAGNAC,2024080907,0,21.9,70
TOULOUSE-BLAGNAC,2024080908,0,23.5,64
TOULOUSE-BLAGNAC,2024080909,0,25.7,48
TOULOUSE-BLAGNAC,2024080910,0,27.8,45
TOULOUSE-BLAGNAC,2024080911,0,29.3,42
TOULOUSE-BLAGNAC,2024080912,0,30.6,40
TOULOUSE-BLAGNAC,2024080913,0,31.4,36
TOULOUSE-BLAGNAC,2024080914,0,31.5,38
TOULOUSE-BLAGNAC,2024080915,0,31.7,38
TOULOUSE-BLAGNAC,2024080916,0,31.4,40
TOULOUSE-BLAGNAC,2024080917,0,31.3,41
TOULOUSE-BLAGNAC,2024080918,0,30.6,42
TOULOUSE-BLAGNAC,2024080919,0,29.1,47
TOULOUSE-BLAGNAC,2024080920,0,27.6,53
TOULOUSE-BLAGNAC,2024080921,0,26.9,56
TOULOUSE-BLAGNAC,2024080922,0,25.9,58
TOULOUSE-BLAGNAC,2024080923,0,24.7,62
TOULOUSE-BLAGNAC,2024081000,0,23.3,65
TOULOUSE-BLAGNAC,2024081001,0,22.5,67
TOULOUSE-BLAGNAC,2024081002,0,22.1,63
TOULOUSE-BLAGNAC,2024081003,0,19.9,81
TOULOUSE-BLAGNAC,2024081004,0,19.2,86
TOULOUSE-BLAGNAC,2024081005,0,19.1,86
TOULOUSE-BLAGNAC,2024081006,0,20.2,84
TOULOUSE-BLAGNAC,2024081007,0,23,66
TOULOUSE-BLAGNAC,2024081008,0,25.6,51
TOULOUSE-BLAGNAC,2024081009,0,28.1,42
TOULOUSE-BLAGNAC,2024081010,0,29.9,38
TOULOUSE-BLAGNAC,2024081011,0,31.2,35
TOULOUSE-BLAGNAC,2024081012,0,32.7,32
TOULOUSE-BLAGNAC,2024081013,0,33.9,29
TOULOUSE-BLAGNAC,2024081014,0,34.8,27
TOULOUSE-BLAGNAC,2024081015,0,35.4,23
TOULOUSE-BLAGNAC,2024081016,0,35.7,26
TOULOUSE-BLAGNAC,2024081017,0,34.9,25
TOULOUSE-BLAGNAC,2024081018,0,33.5,29
TOULOUSE-BLAGNAC,2024081019,0,31.9,33
TOULOUSE-BLAGNAC,2024081020,0,28.8,41
TOULOUSE-BLAGNAC,2024081021,0,26.3,51
TOULOUSE-BLAGNAC,2024081022,0,29.4,40
TOULOUSE-BLAGNAC,2024081023,0,27.7,46
TOULOUSE-BLAGNAC,2024081100,0,26.6,48
TOULOUSE-BLAGNAC,2024081101,0,26.1,50
TOULOUSE-BLAGNAC,2024081102,0,24.8,55
TOULOUSE-BLAGNAC,2024081103,0,24.4,56
TOULOUSE-BLAGNAC,2024081104,0,23,62
TOULOUSE-BLAGNAC,2024081105,0,23.1,66
TOULOUSE-BLAGNAC,2024081106,0,24.3,66
TOULOUSE-BLAGNAC,2024081107,0,26.1,58
TOULOUSE-BLAGNAC,2024081108,0,28.5,49
TOULOUSE-BLAGNAC,2024081109,0,30.7,42
TOULOUSE-BLAGNAC,2024081110,0,32.8,37
TOULOUSE-BLAGNAC,2024081111,0,34.2,32
TOULOUSE-BLAGNAC,2024081112,0,35.1,29
TOULOUSE-BLAGNAC,2024081113,0,36.4,27
TOULOUSE-BLAGNAC,2024081114,0,36.3,25
TOULOUSE-BLAGNAC,2024081115,0,36.5,24
TOULOUSE-BLAGNAC,2024081116,0,35.2,28
TOULOUSE-BLAGNAC,2024081117,0,34,29
TOULOUSE-BLAGNAC,2024081118,0,32.4,32
TOULOUSE-BLAGNAC,2024081119,0,30.7,35
TOULOUSE-BLAGNAC,2024081120,0,29,38
TOULOUSE-BLAGNAC,2024081121,0,27.7,44
TOULOUSE-BLAGNAC,2024081122,0,26.5,49
TOULOUSE-BLAGNAC,2024081123,0,25.5,61
TOULOUSE-BLAGNAC,2024081200,0,24.7,71
TOULOUSE-BLAGNAC,2024081201,0,24.2,74
TOULOUSE-BLAGNAC,2024081202,0,24.2,78
TOULOUSE-BLAGNAC,2024081203,0,23.8,80
TOULOUSE-BLAGNAC,2024081204,0,23.4,82
TOULOUSE-BLAGNAC,2024081205,0,23.2,85
TOULOUSE-BLAGNAC,2024081206,0,23.4,81
TOULOUSE-BLAGNAC,2024081207,0,23.8,77
TOULOUSE-BLAGNAC,2024081208,0,23.7,81
TOULOUSE-BLAGNAC,2024081209,0,23.9,79
TOULOUSE-BLAGNAC,2024081210,0,24.7,74
TOULOUSE-BLAGNAC,2024081211,0,25.2,70
TOULOUSE-BLAGNAC,2024081212,0,26.9,62
TOULOUSE-BLAGNAC,2024081213,0,28.9,56
TOULOUSE-BLAGNAC,2024081214,0,30.1,52
TOULOUSE-BLAGNAC,2024081215,0,30.7,49
TOULOUSE-BLAGNAC,2024081216,0,30.9,49
TOULOUSE-BLAGNAC,2024081217,0,30.6,50
TOULOUSE-BLAGNAC,2024081218,0,29.2,54
TOULOUSE-BLAGNAC,2024081219,0,27.7,59
TOULOUSE-BLAGNAC,2024081220,0,26.4,65
TOULOUSE-BLAGNAC,2024081221,0,24.7,73
TOULOUSE-BLAGNAC,2024081222,0,24,76
TOULOUSE-BLAGNAC,2024081223,0,23.8,77
TOULOUSE-BLAGNAC,2024081300,0,23.8,77
TOULOUSE-BLAGNAC,2024081301,0,23.5,76
TOULOUSE-BLAGNAC,2024081302,0,22.8,79
TOULOUSE-BLAGNAC,2024081303,0,22.3,82
TOULOUSE-BLAGNAC,2024081304,0,21.9,83
TOULOUSE-BLAGNAC,2024081305,0,21.9,83
TOULOUSE-BLAGNAC,2024081306,0,22.4,81
TOULOUSE-BLAGNAC,2024081307,0,22.6,81
TOULOUSE-BLAGNAC,2024081308,0,24.7,70
TOULOUSE-BLAGNAC,2024081309,0,24.4,71
TOULOUSE-BLAGNAC,2024081310,0,24.9,71
TOULOUSE-BLAGNAC,2024081311,0,26.1,68
TOULOUSE-BLAGNAC,2024081312,0,26.4,65
TOULOUSE-BLAGNAC,2024081313,0,27.3,59
TOULOUSE-BLAGNAC,2024081314,0,28.8,53
TOULOUSE-BLAGNAC,2024081315,0,28.4,54
TOULOUSE-BLAGNAC,2024081316,0,28.2,55
TOULOUSE-BLAGNAC,2024081317,0,27.5,57
TOULOUSE-BLAGNAC,2024081318,0,27.1,58
TOULOUSE-BLAGNAC,2024081319,0,25.5,64
TOULOUSE-BLAGNAC,2024081320,0,24.8,67
TOULOUSE-BLAGNAC,2024081321,0,23.6,70
TOULOUSE-BLAGNAC,2024081322,0,23.4,72
TOULOUSE-BLAGNAC,2024081323,0,22.7,74
TOULOUSE-BLAGNAC,2024081400,0,22.3,77
TOULOUSE-BLAGNAC,2024081401,0,21.8,80
TOULOUSE-BLAGNAC,2024081402,0,21.5,81
TOULOUSE-BLAGNAC,2024081403,0,20.7,88
TOULOUSE-BLAGNAC,2024081404,0.2,20,91
TOULOUSE-BLAGNAC,2024081405,0.2,20.2,91
TOULOUSE-BLAGNAC,2024081406,0.2,20.2,93
TOULOUSE-BLAGNAC,2024081407,2.2,20,95
TOULOUSE-BLAGNAC,2024081408,2,19.2,95
TOULOUSE-BLAGNAC,2024081409,10,19,97
TOULOUSE-BLAGNAC,2024081410,21.9,18.7,97
TOULOUSE-BLAGNAC,2024081411,6.4,19.1,97
TOULOUSE-BLAGNAC,2024081412,3.6,19.3,96
TOULOUSE-BLAGNAC,2024081413,2.5,19.2,95
TOULOUSE-BLAGNAC,2024081414,0.8,19.6,95
TOULOUSE-BLAGNAC,2024081415,0,20.6,87
TOULOUSE-BLAGNAC,2024081416,0,21.4,83
TOULOUSE-BLAGNAC,2024081417,0,21.4,83
TOULOUSE-BLAGNAC,2024081418,0.8,19.8,92
TOULOUSE-BLAGNAC,2024081419,0,18.5,94
TOULOUSE-BLAGNAC,2024081420,0,18,92
TOULOUSE-BLAGNAC,2024081421,0,18.3,91
TOULOUSE-BLAGNAC,2024081422,0,18.3,91
TOULOUSE-BLAGNAC,2024081423,0,18.4,92
TOULOUSE-BLAGNAC,2024081500,0,18.3,92
TOULOUSE-BLAGNAC,2024081501,0,18.1,90
TOULOUSE-BLAGNAC,2024081502,0,17.9,90
TOULOUSE-BLAGNAC,2024081503,0,17.7,90
TOULOUSE-BLAGNAC,2024081504,0,17.5,92
TOULOUSE-BLAGNAC,2024081505,0,17.3,91
TOULOUSE-BLAGNAC,2024081506,0,17.6,88
TOULOUSE-BLAGNAC,2024081507,0,18,85
TOULOUSE-BLAGNAC,2024081508,0,18.6,80
TOULOUSE-BLAGNAC,2024081509,0,19.1,76
TOULOUSE-BLAGNAC,2024081510,0,20.7,70
TOULOUSE-BLAGNAC,2024081511,0,20.9,66
TOULOUSE-BLAGNAC,2024081512,0,22.2,64
TOULOUSE-BLAGNAC,2024081513,0,22.5,62
TOULOUSE-BLAGNAC,2024081514,0,23.8,61
TOULOUSE-BLAGNAC,2024081515,0,24.3,60
TOULOUSE-BLAGNAC,2024081516,0,24.4,60
TOULOUSE-BLAGNAC,2024081517,0,24,62
TOULOUSE-BLAGNAC,2024081518,0,23.7,64
TOULOUSE-BLAGNAC,2024081519,0,23.4,65
TOULOUSE-BLAGNAC,2024081520,0,23,67
TOULOUSE-BLAGNAC,2024081521,0,22.9,68
TOULOUSE-BLAGNAC,2024081522,0,22.2,73
TOULOUSE-BLAGNAC,2024081523,0,22,72
TOULOUSE-BLAGNAC,2024081600,0,21.5,75
TOULOUSE-BLAGNAC,2024081601,0,21.2,76
TOULOUSE-BLAGNAC,2024081602,0,20.8,77
TOULOUSE-BLAGNAC,2024081603,0,20.6,78
TOULOUSE-BLAGNAC,2024081604,0,20,80
TOULOUSE-BLAGNAC,2024081605,0,19,84
TOULOUSE-BLAGNAC,2024081606,0,19.1,84
TOULOUSE-BLAGNAC,2024081607,0,19.8,78
TOULOUSE-BLAGNAC,2024081608,0,21.8,68
TOULOUSE-BLAGNAC,2024081609,0,22.5,67
TOULOUSE-BLAGNAC,2024081610,0,24.6,61
TOULOUSE-BLAGNAC,2024081611,0,26,60
TOULOUSE-BLAGNAC,2024081612,0,27.1,56
TOULOUSE-BLAGNAC,2024081613,0,27.7,54
TOULOUSE-BLAGNAC,2024081614,0,28.8,51
TOULOUSE-BLAGNAC,2024081615,0,28.9,49
TOULOUSE-BLAGNAC,2024081616,0,29.7,45
TOULOUSE-BLAGNAC,2024081617,0,29.2,45
TOULOUSE-BLAGNAC,2024081618,0,28.3,47
TOULOUSE-BLAGNAC,2024081619,0,26.3,56
TOULOUSE-BLAGNAC,2024081620,0,24.9,62
TOULOUSE-BLAGNAC,2024081621,0,24,66
TOULOUSE-BLAGNAC,2024081622,0,23.1,68
TOULOUSE-BLAGNAC,2024081623,0,22.5,70
TOULOUSE-BLAGNAC,2024081700,0,21.5,75
TOULOUSE-BLAGNAC,2024081701,0,20.7,79
TOULOUSE-BLAGNAC,2024081702,0,20.5,79
TOULOUSE-BLAGNAC,2024081703,0,19.6,82
TOULOUSE-BLAGNAC,2024081704,0,19.2,84
TOULOUSE-BLAGNAC,2024081705,0,18.8,84
TOULOUSE-BLAGNAC,2024081706,0,19.5,82
TOULOUSE-BLAGNAC,2024081707,0,21.7,73
TOULOUSE-BLAGNAC,2024081708,0,22.7,65
TOULOUSE-BLAGNAC,2024081709,0,23.5,62
TOULOUSE-BLAGNAC,2024081710,0,24.6,60
TOULOUSE-BLAGNAC,2024081711,0,25.5,57
TOULOUSE-BLAGNAC,2024081712,0,26.4,53
TOULOUSE-BLAGNAC,2024081713,0,26.9,54
TOULOUSE-BLAGNAC,2024081714,0,26.8,56
TOULOUSE-BLAGNAC,2024081715,0,26.8,54
TOULOUSE-BLAGNAC,2024081716,0,27.6,53
TOULOUSE-BLAGNAC,2024081717,0,26.8,54
TOULOUSE-BLAGNAC,2024081718,0,26.2,57
TOULOUSE-BLAGNAC,2024081719,0,25.1,61
TOULOUSE-BLAGNAC,2024081720,0,23.4,73
TOULOUSE-BLAGNAC,2024081721,0,22.4,77
TOULOUSE-BLAGNAC,2024081722,0,21.5,81
TOULOUSE-BLAGNAC,2024081723,0,20.9,86
TOULOUSE-BLAGNAC,2024081800,0,20.2,87
TOULOUSE-BLAGNAC,2024081801,0,19.7,89
TOULOUSE-BLAGNAC,2024081802,0,19.4,90
TOULOUSE-BLAGNAC,2024081803,0,19.3,90
TOULOUSE-BLAGNAC,2024081804,0,19.8,89
TOULOUSE-BLAGNAC,2024081805,0,19.7,90
TOULOUSE-BLAGNAC,2024081806,0,19.8,85
TOULOUSE-BLAGNAC,2024081807,0,20,78
TOULOUSE-BLAGNAC,2024081808,0,20.1,71
TOULOUSE-BLAGNAC,2024081809,0,21.5,63
TOULOUSE-BLAGNAC,2024081810,0,22.2,58
TOULOUSE-BLAGNAC,2024081811,0,22.5,59
TOULOUSE-BLAGNAC,2024081812,0,24,54
TOULOUSE-BLAGNAC,2024081813,0,24.3,51
TOULOUSE-BLAGNAC,2024081814,0,25.1,46
TOULOUSE-BLAGNAC,2024081815,0,25.4,46
TOULOUSE-BLAGNAC,2024081816,0,24.7,46
TOULOUSE-BLAGNAC,2024081817,0,24.4,46
TOULOUSE-BLAGNAC,2024081818,0,23.2,50
TOULOUSE-BLAGNAC,2024081819,0,21.6,51
TOULOUSE-BLAGNAC,2024081820,0,20.1,56
TOULOUSE-BLAGNAC,2024081821,0,19.1,59
TOULOUSE-BLAGNAC,2024081822,0,18.7,61
TOULOUSE-BLAGNAC,2024081823,0,17.3,66
TOULOUSE-BLAGNAC,2024081900,0,16.6,69
TOULOUSE-BLAGNAC,2024081901,0,17.2,66
TOULOUSE-BLAGNAC,2024081902,0,16.8,68
TOULOUSE-BLAGNAC,2024081903,0,16,77
TOULOUSE-BLAGNAC,2024081904,0,15.4,83
TOULOUSE-BLAGNAC,2024081905,0,15,85
TOULOUSE-BLAGNAC,2024081906,0,14.8,87
TOULOUSE-BLAGNAC,2024081907,0,16.6,77
TOULOUSE-BLAGNAC,2024081908,0,18.4,66
TOULOUSE-BLAGNAC,2024081909,0,20.1,57
TOULOUSE-BLAGNAC,2024081910,0,21.3,52
TOULOUSE-BLAGNAC,2024081911,0,22.6,47
TOULOUSE-BLAGNAC,2024081912,0,23.4,45
TOULOUSE-BLAGNAC,2024081913,0,24.5,43
TOULOUSE-BLAGNAC,2024081914,0,25.4,42
TOULOUSE-BLAGNAC,2024081915,0,25.9,41
TOULOUSE-BLAGNAC,2024081916,0,25.8,41
TOULOUSE-BLAGNAC,2024081917,0,25.5,42
TOULOUSE-BLAGNAC,2024081918,0,24.4,45
TOULOUSE-BLAGNAC,2024081919,0,22.5,51
TOULOUSE-BLAGNAC,2024081920,0,21.8,54
TOULOUSE-BLAGNAC,2024081921,0,20.6,58
TOULOUSE-BLAGNAC,2024081922,0,19.5,62
TOULOUSE-BLAGNAC,2024081923,0,17.9,71
TOULOUSE-BLAGNAC,2024082000,0,15.8,82
TOULOUSE-BLAGNAC,2024082001,0,14.9,86
TOULOUSE-BLAGNAC,2024082002,0,14.7,87
TOULOUSE-BLAGNAC,2024082003,0,14.4,88
TOULOUSE-BLAGNAC,2024082004,0,14.1,89
TOULOUSE-BLAGNAC,2024082005,0,13.8,91
TOULOUSE-BLAGNAC,2024082006,0,14.4,91
TOULOUSE-BLAGNAC,2024082007,0,16.2,85
TOULOUSE-BLAGNAC,2024082008,0,18.8,76
TOULOUSE-BLAGNAC,2024082009,0,21.5,63
TOULOUSE-BLAGNAC,2024082010,0,24.1,53
TOULOUSE-BLAGNAC,2024082011,0,25.2,47
TOULOUSE-BLAGNAC,2024082012,0,26.1,45
TOULOUSE-BLAGNAC,2024082013,0,27,41
TOULOUSE-BLAGNAC,2024082014,0,27.6,38
TOULOUSE-BLAGNAC,2024082015,0,27.6,41
TOULOUSE-BLAGNAC,2024082016,0,28.1,40
TOULOUSE-BLAGNAC,2024082017,0,27.2,41
TOULOUSE-BLAGNAC,2024082018,0,25.9,44
TOULOUSE-BLAGNAC,2024082019,0,24.3,53
TOULOUSE-BLAGNAC,2024082020,0,23,60
TOULOUSE-BLAGNAC,2024082021,0,22,66
TOULOUSE-BLAGNAC,2024082022,0,21.1,71
TOULOUSE-BLAGNAC,2024082023,0,20.8,73
TOULOUSE-BLAGNAC,2024082100,0,20.1,75
TOULOUSE-BLAGNAC,2024082101,0,20,77
TOULOUSE-BLAGNAC,2024082102,0,18.9,90
TOULOUSE-BLAGNAC,2024082103,0.2,18.6,95
TOULOUSE-BLAGNAC,2024082104,0,18.7,93
TOULOUSE-BLAGNAC,2024082105,0,18,77
TOULOUSE-BLAGNAC,2024082106,0,17.7,79
TOULOUSE-BLAGNAC,2024082107,0,17.9,76
TOULOUSE-BLAGNAC,2024082108,0,19.3,68
TOULOUSE-BLAGNAC,2024082109,0,21.3,56
TOULOUSE-BLAGNAC,2024082110,0,22.5,54
TOULOUSE-BLAGNAC,2024082111,0,23,53
TOULOUSE-BLAGNAC,2024082112,0,23.6,49
TOULOUSE-BLAGNAC,2024082113,0,24.5,42
TOULOUSE-BLAGNAC,2024082114,0,25.7,39
TOULOUSE-BLAGNAC,2024082115,0,26,36
TOULOUSE-BLAGNAC,2024082116,0,26.3,36
TOULOUSE-BLAGNAC,2024082117,0,26.2,36
TOULOUSE-BLAGNAC,2024082118,0,25.2,37
TOULOUSE-BLAGNAC,2024082119,0,22.9,43
TOULOUSE-BLAGNAC,2024082120,0,22,44
TOULOUSE-BLAGNAC,2024082121,0,21.2,47
TOULOUSE-BLAGNAC,2024082122,0,17.9,72
TOULOUSE-BLAGNAC,2024082123,0,16.6,82
TOULOUSE-BLAGNAC,2024082200,0,16.3,86
TOULOUSE-BLAGNAC,2024082201,0,15.7,90
TOULOUSE-BLAGNAC,2024082202,0,15,92
TOULOUSE-BLAGNAC,2024082203,0,14.7,94
TOULOUSE-BLAGNAC,2024082204,0,14.2,94
TOULOUSE-BLAGNAC,2024082205,0,14,96
TOULOUSE-BLAGNAC,2024082206,0.2,14.6,96
TOULOUSE-BLAGNAC,2024082207,0,16.5,89
TOULOUSE-BLAGNAC,2024082208,0,19.6,76
TOULOUSE-BLAGNAC,2024082209,0,22.5,58
TOULOUSE-BLAGNAC,2024082210,0,25,46
TOULOUSE-BLAGNAC,2024082211,0,26.5,42
TOULOUSE-BLAGNAC,2024082212,0,27.9,38
TOULOUSE-BLAGNAC,2024082213,0,29.1,33
TOULOUSE-BLAGNAC,2024082214,0,30.4,32
TOULOUSE-BLAGNAC,2024082215,0,30.5,31
TOULOUSE-BLAGNAC,2024082216,0,30.1,32
TOULOUSE-BLAGNAC,2024082217,0,30.3,34
TOULOUSE-BLAGNAC,2024082218,0,29,35
TOULOUSE-BLAGNAC,2024082219,0,27.6,36
TOULOUSE-BLAGNAC,2024082220,0,26.2,42
TOULOUSE-BLAGNAC,2024082221,0,25,45
TOULOUSE-BLAGNAC,2024082222,0,22.9,61
TOULOUSE-BLAGNAC,2024082223,0,21.8,71
TOULOUSE-BLAGNAC,2024082300,0,20.7,76
TOULOUSE-BLAGNAC,2024082301,0,19.7,80
TOULOUSE-BLAGNAC,2024082302,0,18.8,84
TOULOUSE-BLAGNAC,2024082303,0,18.2,86
TOULOUSE-BLAGNAC,2024082304,0,17.6,89
TOULOUSE-BLAGNAC,2024082305,0,17.1,90
TOULOUSE-BLAGNAC,2024082306,0,17.9,86
TOULOUSE-BLAGNAC,2024082307,0,19,81
TOULOUSE-BLAGNAC,2024082308,0,19.3,80
TOULOUSE-BLAGNAC,2024082309,0,20.3,76
TOULOUSE-BLAGNAC,2024082310,0,21.4,71
TOULOUSE-BLAGNAC,2024082311,0,23,67
TOULOUSE-BLAGNAC,2024082312,0,23.6,62
TOULOUSE-BLAGNAC,2024082313,0,25.2,58
TOULOUSE-BLAGNAC,2024082314,0,26.4,55
TOULOUSE-BLAGNAC,2024082315,0,27.8,49
TOULOUSE-BLAGNAC,2024082316,0,28.2,46
TOULOUSE-BLAGNAC,2024082317,0,27.7,49
TOULOUSE-BLAGNAC,2024082318,0,27.3,49
TOULOUSE-BLAGNAC,2024082319,0,24.8,60
TOULOUSE-BLAGNAC,2024082320,0,24,64
TOULOUSE-BLAGNAC,2024082321,0,23.2,68
TOULOUSE-BLAGNAC,2024082322,0,23.5,64
TOULOUSE-BLAGNAC,2024082323,0,21.5,74
TOULOUSE-BLAGNAC,2024082400,0,20.2,82
TOULOUSE-BLAGNAC,2024082401,0,20.4,81
TOULOUSE-BLAGNAC,2024082402,0,19.9,84
TOULOUSE-BLAGNAC,2024082403,0,20.3,78
TOULOUSE-BLAGNAC,2024082404,0,20,74
TOULOUSE-BLAGNAC,2024082405,0,20.8,75
TOULOUSE-BLAGNAC,2024082406,0,22.1,84
TOULOUSE-BLAGNAC,2024082407,0,23.9,78
TOULOUSE-BLAGNAC,2024082408,0,25.8,71
TOULOUSE-BLAGNAC,2024082409,0,28.1,63
TOULOUSE-BLAGNAC,2024082410,0,29.5,57
TOULOUSE-BLAGNAC,2024082411,0,31.4,52
TOULOUSE-BLAGNAC,2024082412,0,32.9,48
TOULOUSE-BLAGNAC,2024082413,0,33.8,48
TOULOUSE-BLAGNAC,2024082414,0,33.7,45
TOULOUSE-BLAGNAC,2024082415,0,32.9,45
TOULOUSE-BLAGNAC,2024082416,0,30.8,50
TOULOUSE-BLAGNAC,2024082417,0,28.9,56
TOULOUSE-BLAGNAC,2024082418,0,27.1,59
TOULOUSE-BLAGNAC,2024082419,0,26,61
TOULOUSE-BLAGNAC,2024082420,0,24.5,61
TOULOUSE-BLAGNAC,2024082421,0,22.7,65
TOULOUSE-BLAGNAC,2024082422,0,21.8,66
TOULOUSE-BLAGNAC,2024082423,0,21.4,61
TOULOUSE-BLAGNAC,2024082500,0,20.8,65
TOULOUSE-BLAGNAC,2024082501,0,20.2,66
TOULOUSE-BLAGNAC,2024082502,0,20,65
TOULOUSE-BLAGNAC,2024082503,0,19.2,69
TOULOUSE-BLAGNAC,2024082504,0,19,71
TOULOUSE-BLAGNAC,2024082505,0,18.6,73
TOULOUSE-BLAGNAC,2024082506,0,18.6,74
TOULOUSE-BLAGNAC,2024082507,0,19.1,72
TOULOUSE-BLAGNAC,2024082508,0,20.2,68
TOULOUSE-BLAGNAC,2024082509,0,21.4,61
TOULOUSE-BLAGNAC,2024082510,0,22.5,55
TOULOUSE-BLAGNAC,2024082511,0,23.6,47
TOULOUSE-BLAGNAC,2024082512,0,23.5,49
TOULOUSE-BLAGNAC,2024082513,0,24.3,47
TOULOUSE-BLAGNAC,2024082514,0,24,48
TOULOUSE-BLAGNAC,2024082515,0,23.8,50
TOULOUSE-BLAGNAC,2024082516,0,23.7,51
TOULOUSE-BLAGNAC,2024082517,0,23.2,52
TOULOUSE-BLAGNAC,2024082518,0,22.8,54
TOULOUSE-BLAGNAC,2024082519,0,22.2,56
TOULOUSE-BLAGNAC,2024082520,0,21.6,59
TOULOUSE-BLAGNAC,2024082521,0,21.4,61
TOULOUSE-BLAGNAC,2024082522,0,20.8,63
TOULOUSE-BLAGNAC,2024082523,0,20.2,67
TOULOUSE-BLAGNAC,2024082600,0,19.6,71
TOULOUSE-BLAGNAC,2024082601,0,19.4,70
TOULOUSE-BLAGNAC,2024082602,0,19,69
TOULOUSE-BLAGNAC,2024082603,0,17.3,72
TOULOUSE-BLAGNAC,2024082604,0,16.4,79
TOULOUSE-BLAGNAC,2024082605,0,15.7,79
TOULOUSE-BLAGNAC,2024082606,0,15.5,76
TOULOUSE-BLAGNAC,2024082607,0,17.1,64
TOULOUSE-BLAGNAC,2024082608,0,19.4,62
TOULOUSE-BLAGNAC,2024082609,0,21.9,50
TOULOUSE-BLAGNAC,2024082610,0,23.5,38
TOULOUSE-BLAGNAC,2024082611,0,24.1,33
TOULOUSE-BLAGNAC,2024082612,0,25.2,31
TOULOUSE-BLAGNAC,2024082613,0,25.7,27
TOULOUSE-BLAGNAC,2024082614,0,26.8,25
TOULOUSE-BLAGNAC,2024082615,0,27.2,26
TOULOUSE-BLAGNAC,2024082616,0,27.1,25
TOULOUSE-BLAGNAC,2024082617,0,27,25
TOULOUSE-BLAGNAC,2024082618,0,25.6,29
TOULOUSE-BLAGNAC,2024082619,0,23.6,35
TOULOUSE-BLAGNAC,2024082620,0,22.4,38
TOULOUSE-BLAGNAC,2024082621,0,21.6,40
TOULOUSE-BLAGNAC,2024082622,0,20.6,43
TOULOUSE-BLAGNAC,2024082623,0,18,52
TOULOUSE-BLAGNAC,2024082700,0,15.3,70
TOULOUSE-BLAGNAC,2024082701,0,14.5,75
TOULOUSE-BLAGNAC,2024082702,0,13.7,80
TOULOUSE-BLAGNAC,2024082703,0,13.2,85
TOULOUSE-BLAGNAC,2024082704,0,12.7,87
TOULOUSE-BLAGNAC,2024082705,0,12.4,91
TOULOUSE-BLAGNAC,2024082706,0,13.4,90
TOULOUSE-BLAGNAC,2024082707,0,15.5,81
TOULOUSE-BLAGNAC,2024082708,0,19.2,67
TOULOUSE-BLAGNAC,2024082709,0,22.3,53
TOULOUSE-BLAGNAC,2024082710,0,24.7,43
TOULOUSE-BLAGNAC,2024082711,0,27,36
TOULOUSE-BLAGNAC,2024082712,0,28.9,29
TOULOUSE-BLAGNAC,2024082713,0,30.3,24
TOULOUSE-BLAGNAC,2024082714,0,31.6,19
TOULOUSE-BLAGNAC,2024082715,0,32.2,17
TOULOUSE-BLAGNAC,2024082716,0,32.2,18
TOULOUSE-BLAGNAC,2024082717,0,31.7,18
TOULOUSE-BLAGNAC,2024082718,0,30.6,22
TOULOUSE-BLAGNAC,2024082719,0,26.9,39
TOULOUSE-BLAGNAC,2024082720,0,24.9,50
TOULOUSE-BLAGNAC,2024082721,0,24.6,59
TOULOUSE-BLAGNAC,2024082722,0,23.8,65
TOULOUSE-BLAGNAC,2024082723,0,22.9,70
TOULOUSE-BLAGNAC,2024082800,0,22.7,70
TOULOUSE-BLAGNAC,2024082801,0,22.5,74
TOULOUSE-BLAGNAC,2024082802,0,21.9,80
TOULOUSE-BLAGNAC,2024082803,0,20.1,77
TOULOUSE-BLAGNAC,2024082804,0,19.8,76
TOULOUSE-BLAGNAC,2024082805,0,18.5,81
TOULOUSE-BLAGNAC,2024082806,0,19.1,79
TOULOUSE-BLAGNAC,2024082807,0,19.3,83
TOULOUSE-BLAGNAC,2024082808,0,22.1,74
TOULOUSE-BLAGNAC,2024082809,0,24.4,67
TOULOUSE-BLAGNAC,2024082810,0,27.2,56
TOULOUSE-BLAGNAC,2024082811,0,29,52
TOULOUSE-BLAGNAC,2024082812,0,31.1,46
TOULOUSE-BLAGNAC,2024082813,0,32.1,46
TOULOUSE-BLAGNAC,2024082814,0,33,41
TOULOUSE-BLAGNAC,2024082815,0,33.1,40
TOULOUSE-BLAGNAC,2024082816,0,32.7,37
TOULOUSE-BLAGNAC,2024082817,0,31.7,35
TOULOUSE-BLAGNAC,2024082818,0,30.4,38
TOULOUSE-BLAGNAC,2024082819,0,28.8,41
TOULOUSE-BLAGNAC,2024082820,0,27.6,46
TOULOUSE-BLAGNAC,2024082821,0,26.1,55
TOULOUSE-BLAGNAC,2024082822,0,24.5,64
TOULOUSE-BLAGNAC,2024082823,0,23.2,71
TOULOUSE-BLAGNAC,2024082900,0,23,80
TOULOUSE-BLAGNAC,2024082901,0,22.4,83
TOULOUSE-BLAGNAC,2024082902,0,22,86
TOULOUSE-BLAGNAC,2024082903,0,21.8,87
TOULOUSE-BLAGNAC,2024082904,0,21.4,87
TOULOUSE-BLAGNAC,2024082905,0,20.5,84
TOULOUSE-BLAGNAC,2024082906,0,20.6,84
TOULOUSE-BLAGNAC,2024082907,0,22,79
TOULOUSE-BLAGNAC,2024082908,0,23.6,72
TOULOUSE-BLAGNAC,2024082909,0,25.3,65
TOULOUSE-BLAGNAC,2024082910,0,26.7,58
TOULOUSE-BLAGNAC,2024082911,0,27.7,56
TOULOUSE-BLAGNAC,2024082912,0,26.1,63
TOULOUSE-BLAGNAC,2024082913,0,25.5,66
TOULOUSE-BLAGNAC,2024082914,0,26.3,62
TOULOUSE-BLAGNAC,2024082915,0,27.7,56
TOULOUSE-BLAGNAC,2024082916,0,28.3,54
TOULOUSE-BLAGNAC,2024082917,0,28.1,55
TOULOUSE-BLAGNAC,2024082918,0,26.3,61
TOULOUSE-BLAGNAC,2024082919,0,25.3,66
TOULOUSE-BLAGNAC,2024082920,0,24.7,68
TOULOUSE-BLAGNAC,2024082921,0,24,71
TOULOUSE-BLAGNAC,2024082922,0,23.8,71
TOULOUSE-BLAGNAC,2024082923,0,23.4,73
TOULOUSE-BLAGNAC,2024083000,0.2,22.2,84
TOULOUSE-BLAGNAC,2024083001,1.6,20.8,94
TOULOUSE-BLAGNAC,2024083002,0,20.8,94
TOULOUSE-BLAGNAC,2024083003,1.6,20.7,95
TOULOUSE-BLAGNAC,2024083004,0,20.7,95
TOULOUSE-BLAGNAC,2024083005,0,20.1,95
TOULOUSE-BLAGNAC,2024083006,0,20.4,96
TOULOUSE-BLAGNAC,2024083007,0,20.5,96
TOULOUSE-BLAGNAC,2024083008,0,22,91
TOULOUSE-BLAGNAC,2024083009,0,23.9,81
TOULOUSE-BLAGNAC,2024083010,0.2,25.7,71
TOULOUSE-BLAGNAC,2024083011,0,27.4,62
TOULOUSE-BLAGNAC,2024083012,0,29.2,54
TOULOUSE-BLAGNAC,2024083013,0,30.4,50
TOULOUSE-BLAGNAC,2024083014,0,31.2,46
TOULOUSE-BLAGNAC,2024083015,0,31.9,42
TOULOUSE-BLAGNAC,2024083016,0,31.7,42
TOULOUSE-BLAGNAC,2024083017,0,30.7,44
TOULOUSE-BLAGNAC,2024083018,0,29.8,45
TOULOUSE-BLAGNAC,2024083019,0,28.4,57
TOULOUSE-BLAGNAC,2024083020,0,26.2,47
TOULOUSE-BLAGNAC,2024083021,0,25.7,47
TOULOUSE-BLAGNAC,2024083022,0,24.3,51
TOULOUSE-BLAGNAC,2024083023,0,23.9,51
TOULOUSE-BLAGNAC,2024083100,0,24.2,53
TOULOUSE-BLAGNAC,2024083101,0,22.8,69
TOULOUSE-BLAGNAC,2024083102,0,22.3,72
TOULOUSE-BLAGNAC,2024083103,0,22.1,83
TOULOUSE-BLAGNAC,2024083104,0,22.3,84
TOULOUSE-BLAGNAC,2024083105,0,21.9,85
TOULOUSE-BLAGNAC,2024083106,0,22.2,84
TOULOUSE-BLAGNAC,2024083107,0,22.8,82
TOULOUSE-BLAGNAC,2024083108,0,25.1,72
TOULOUSE-BLAGNAC,2024083109,0,25.1,72
TOULOUSE-BLAGNAC,2024083110,0,27.2,65
TOULOUSE-BLAGNAC,2024083111,0,28.2,60
TOULOUSE-BLAGNAC,2024083112,0,29.3,55
TOULOUSE-BLAGNAC,2024083113,0,30.2,52
TOULOUSE-BLAGNAC,2024083114,0,30.3,51
TOULOUSE-BLAGNAC,2024083115,0,29.8,51
TOULOUSE-BLAGNAC,2024083116,0,28.6,55
TOULOUSE-BLAGNAC,2024083117,0,28.6,58
TOULOUSE-BLAGNAC,2024083118,0,27.9,50
TOULOUSE-BLAGNAC,2024083119,0,26.3,55
TOULOUSE-BLAGNAC,2024083120,0,25.2,56
TOULOUSE-BLAGNAC,2024083121,0,24.2,59
TOULOUSE-BLAGNAC,2024083122,0,23.8,61
TOULOUSE-BLAGNAC,2024083123,0,23.6,67
TOULOUSE-BLAGNAC,2024090100,0.2,20.9,82
TOULOUSE-BLAGNAC,2024090101,0,20.2,84
TOULOUSE-BLAGNAC,2024090102,0.2,19.6,90
TOULOUSE-BLAGNAC,2024090103,0.2,19.2,91
TOULOUSE-BLAGNAC,2024090104,0,19.3,92
TOULOUSE-BLAGNAC,2024090105,0,19.6,88
TOULOUSE-BLAGNAC,2024090106,0,19.9,93
TOULOUSE-BLAGNAC,2024090107,0,19.9,90
TOULOUSE-BLAGNAC,2024090108,0,20.1,90
TOULOUSE-BLAGNAC,2024090109,0.2,20.3,89
TOULOUSE-BLAGNAC,2024090110,0,21.2,85
TOULOUSE-BLAGNAC,2024090111,0,21.9,83
TOULOUSE-BLAGNAC,2024090112,0,22.4,80
TOULOUSE-BLAGNAC,2024090113,0,23,74
TOULOUSE-BLAGNAC,2024090114,0,23.5,71
TOULOUSE-BLAGNAC,2024090115,0,24.7,66
TOULOUSE-BLAGNAC,2024090116,0,24.6,64
TOULOUSE-BLAGNAC,2024090117,0,25,64
TOULOUSE-BLAGNAC,2024090118,0,24.2,64
TOULOUSE-BLAGNAC,2024090119,0,22.4,71
TOULOUSE-BLAGNAC,2024090120,0,22.1,73
TOULOUSE-BLAGNAC,2024090121,0,21.4,75
TOULOUSE-BLAGNAC,2024090122,0,20.6,79
TOULOUSE-BLAGNAC,2024090123,0,20,83
TOULOUSE-BLAGNAC,2024090200,0,18.8,87
TOULOUSE-BLAGNAC,2024090201,0,18.1,89
TOULOUSE-BLAGNAC,2024090202,0,17.8,94
TOULOUSE-BLAGNAC,2024090203,0,17.4,95
TOULOUSE-BLAGNAC,2024090204,0,16.9,96
TOULOUSE-BLAGNAC,2024090205,0,16.7,96
TOULOUSE-BLAGNAC,2024090206,0,16.8,97
TOULOUSE-BLAGNAC,2024090207,0,18.3,93
TOULOUSE-BLAGNAC,2024090208,0,21.5,76
TOULOUSE-BLAGNAC,2024090209,0,23.7,68
TOULOUSE-BLAGNAC,2024090210,0,24.9,60
TOULOUSE-BLAGNAC,2024090211,0,26.8,54
TOULOUSE-BLAGNAC,2024090212,0,28.2,48
TOULOUSE-BLAGNAC,2024090213,0,28.4,45
TOULOUSE-BLAGNAC,2024090214,0,29.1,42
TOULOUSE-BLAGNAC,2024090215,0,29.5,40
TOULOUSE-BLAGNAC,2024090216,0,29.5,43
TOULOUSE-BLAGNAC,2024090217,0,28.9,46
TOULOUSE-BLAGNAC,2024090218,0,27.5,49
TOULOUSE-BLAGNAC,2024090219,0,26,54
TOULOUSE-BLAGNAC,2024090220,0,23.7,63
TOULOUSE-BLAGNAC,2024090221,0,24,61
TOULOUSE-BLAGNAC,2024090222,0,24.2,62
TOULOUSE-BLAGNAC,2024090223,0,23.4,68
TOULOUSE-BLAGNAC,2024090300,0,22.7,72
TOULOUSE-BLAGNAC,2024090301,1.4,21.2,86
TOULOUSE-BLAGNAC,2024090302,0.8,20.5,91
TOULOUSE-BLAGNAC,2024090303,0.6,20.2,93
TOULOUSE-BLAGNAC,2024090304,0,19.6,94
TOULOUSE-BLAGNAC,2024090305,0.8,19.2,94
TOULOUSE-BLAGNAC,2024090306,0.4,19.1,95
TOULOUSE-BLAGNAC,2024090307,0,19.2,93
TOULOUSE-BLAGNAC,2024090308,0,19.7,91
TOULOUSE-BLAGNAC,2024090309,0,20.5,88
TOULOUSE-BLAGNAC,2024090310,0,21.4,81
TOULOUSE-BLAGNAC,2024090311,0,21.3,80
TOULOUSE-BLAGNAC,2024090312,0,22,78
TOULOUSE-BLAGNAC,2024090313,0,22.3,78
TOULOUSE-BLAGNAC,2024090314,0,22.8,74
TOULOUSE-BLAGNAC,2024090315,0,22.6,73
TOULOUSE-BLAGNAC,2024090316,0,23.1,72
TOULOUSE-BLAGNAC,2024090317,0,22.2,75
TOULOUSE-BLAGNAC,2024090318,0,21.1,79
TOULOUSE-BLAGNAC,2024090319,0,20.7,82
TOULOUSE-BLAGNAC,2024090320,0,20.1,85
TOULOUSE-BLAGNAC,2024090321,0,20.1,86
TOULOUSE-BLAGNAC,2024090322,0,19.3,87
TOULOUSE-BLAGNAC,2024090323,0,19.2,88
TOULOUSE-BLAGNAC,2024090400,0,19,87
TOULOUSE-BLAGNAC,2024090401,0,18.8,87
TOULOUSE-BLAGNAC,2024090402,0,18.7,88
TOULOUSE-BLAGNAC,2024090403,0,18.3,94
TOULOUSE-BLAGNAC,2024090404,0.2,18,93
TOULOUSE-BLAGNAC,2024090405,0,18.1,91
TOULOUSE-BLAGNAC,2024090406,0.2,17.9,94
TOULOUSE-BLAGNAC,2024090407,0.2,17.9,94
TOULOUSE-BLAGNAC,2024090408,6.9,17.4,96
TOULOUSE-BLAGNAC,2024090409,4.4,17,96
TOULOUSE-BLAGNAC,2024090410,1.8,16.5,96
TOULOUSE-BLAGNAC,2024090411,1.8,16.1,95
TOULOUSE-BLAGNAC,2024090412,1.2,16,93
TOULOUSE-BLAGNAC,2024090413,0.5,15.8,93
TOULOUSE-BLAGNAC,2024090414,0.4,16.6,91
TOULOUSE-BLAGNAC,2024090415,0,17.1,89
TOULOUSE-BLAGNAC,2024090416,0,17.5,89
TOULOUSE-BLAGNAC,2024090417,0,17.6,87
TOULOUSE-BLAGNAC,2024090418,0,17.6,87
TOULOUSE-BLAGNAC,2024090419,0,17,87
TOULOUSE-BLAGNAC,2024090420,0,16.8,87
TOULOUSE-BLAGNAC,2024090421,0,16.9,82
TOULOUSE-BLAGNAC,2024090422,0,16.7,85
TOULOUSE-BLAGNAC,2024090423,0,16.2,84
TOULOUSE-BLAGNAC,2024090500,0,15.2,87
TOULOUSE-BLAGNAC,2024090501,0,14.7,89
TOULOUSE-BLAGNAC,2024090502,0,14.5,89
TOULOUSE-BLAGNAC,2024090503,0,14.3,93
TOULOUSE-BLAGNAC,2024090504,0,14.5,95
TOULOUSE-BLAGNAC,2024090505,0,15,93
TOULOUSE-BLAGNAC,2024090506,0,15.4,90
TOULOUSE-BLAGNAC,2024090507,0,16.1,87
TOULOUSE-BLAGNAC,2024090508,0,17.1,80
TOULOUSE-BLAGNAC,2024090509,0,17.8,75
TOULOUSE-BLAGNAC,2024090510,0,20,66
TOULOUSE-BLAGNAC,2024090511,0,20.3,53
TOULOUSE-BLAGNAC,2024090512,0,18.9,66
TOULOUSE-BLAGNAC,2024090513,0,20.3,54
TOULOUSE-BLAGNAC,2024090514,0,21.4,51
TOULOUSE-BLAGNAC,2024090515,0,21,50
TOULOUSE-BLAGNAC,2024090516,0,19.5,64
TOULOUSE-BLAGNAC,2024090517,0,19.6,62
TOULOUSE-BLAGNAC,2024090518,0,18.4,64
TOULOUSE-BLAGNAC,2024090519,0,17.9,67
TOULOUSE-BLAGNAC,2024090520,0,17.7,67
TOULOUSE-BLAGNAC,2024090521,0,17.5,70
TOULOUSE-BLAGNAC,2024090522,0,17.1,72
TOULOUSE-BLAGNAC,2024090523,0,16.6,79
TOULOUSE-BLAGNAC,2024090600,0,16.3,81
TOULOUSE-BLAGNAC,2024090601,0,16.1,78
TOULOUSE-BLAGNAC,2024090602,0,15.6,81
TOULOUSE-BLAGNAC,2024090603,0,15.4,84
TOULOUSE-BLAGNAC,2024090604,0,15.2,85
TOULOUSE-BLAGNAC,2024090605,0,15.4,84
TOULOUSE-BLAGNAC,2024090606,0,19.3,77
TOULOUSE-BLAGNAC,2024090607,0,20,76
TOULOUSE-BLAGNAC,2024090608,0,20.2,75
TOULOUSE-BLAGNAC,2024090609,0,19,76
TOULOUSE-BLAGNAC,2024090610,0,17.7,78
TOULOUSE-BLAGNAC,2024090611,0,17.8,77
TOULOUSE-BLAGNAC,2024090612,0,18.1,75
TOULOUSE-BLAGNAC,2024090613,0,18.3,74
TOULOUSE-BLAGNAC,2024090614,0,19.2,70
TOULOUSE-BLAGNAC,2024090615,0,19,74
TOULOUSE-BLAGNAC,2024090616,0,18,83
TOULOUSE-BLAGNAC,2024090617,0.6,17.7,87
TOULOUSE-BLAGNAC,2024090618,1,17.5,90
TOULOUSE-BLAGNAC,2024090619,1.8,17.3,92
TOULOUSE-BLAGNAC,2024090620,3.1,17,95
TOULOUSE-BLAGNAC,2024090621,0.4,17.2,96
TOULOUSE-BLAGNAC,2024090622,0.2,17,95
TOULOUSE-BLAGNAC,2024090623,0.2,16.8,96
TOULOUSE-BLAGNAC,2024090700,0,17,96
TOULOUSE-BLAGNAC,2024090701,0,17.1,97
TOULOUSE-BLAGNAC,2024090702,0,17.2,97
TOULOUSE-BLAGNAC,2024090703,0,17.3,96
TOULOUSE-BLAGNAC,2024090704,0,17.7,96
TOULOUSE-BLAGNAC,2024090705,0,17.9,95
TOULOUSE-BLAGNAC,2024090706,0,18,95
TOULOUSE-BLAGNAC,2024090707,0,18.5,95
TOULOUSE-BLAGNAC,2024090708,0,18.5,95
TOULOUSE-BLAGNAC,2024090709,0,19,94
TOULOUSE-BLAGNAC,2024090710,0,19.7,93
TOULOUSE-BLAGNAC,2024090711,0,21.6,88
TOULOUSE-BLAGNAC,2024090712,0,20.5,86
TOULOUSE-BLAGNAC,2024090713,0,22,77
TOULOUSE-BLAGNAC,2024090714,0,23.2,59
TOULOUSE-BLAGNAC,2024090715,0,23.5,54
TOULOUSE-BLAGNAC,2024090716,0,23.5,56
TOULOUSE-BLAGNAC,2024090717,0,22.7,58
TOULOUSE-BLAGNAC,2024090718,0,22.1,57
TOULOUSE-BLAGNAC,2024090719,0,21.4,59
TOULOUSE-BLAGNAC,2024090720,0,20.7,65
TOULOUSE-BLAGNAC,2024090721,0,19.2,71
TOULOUSE-BLAGNAC,2024090722,0,18.3,74
TOULOUSE-BLAGNAC,2024090723,0,18.2,71
TOULOUSE-BLAGNAC,2024090800,0,16.8,79
TOULOUSE-BLAGNAC,2024090801,0,16,82
TOULOUSE-BLAGNAC,2024090802,0,15.3,85
TOULOUSE-BLAGNAC,2024090803,0,15.5,83
TOULOUSE-BLAGNAC,2024090804,0,14.2,88
TOULOUSE-BLAGNAC,2024090805,0,14.1,91
TOULOUSE-BLAGNAC,2024090806,0,14.8,89
TOULOUSE-BLAGNAC,2024090807,0,17.1,87
TOULOUSE-BLAGNAC,2024090808,0,19.1,78
TOULOUSE-BLAGNAC,2024090809,0,19.1,78
TOULOUSE-BLAGNAC,2024090810,0,19.3,75
TOULOUSE-BLAGNAC,2024090811,0,18.4,74
TOULOUSE-BLAGNAC,2024090812,0,18.9,69
TOULOUSE-BLAGNAC,2024090813,0,18,76
TOULOUSE-BLAGNAC,2024090814,1.4,16.3,89
TOULOUSE-BLAGNAC,2024090815,0,16.6,87
TOULOUSE-BLAGNAC,2024090816,0,16.7,85
TOULOUSE-BLAGNAC,2024090817,0,16.7,84
TOULOUSE-BLAGNAC,2024090818,0,16.9,86
TOULOUSE-BLAGNAC,2024090819,0,16.5,88
TOULOUSE-BLAGNAC,2024090820,0,16.7,87
TOULOUSE-BLAGNAC,2024090821,0,16.1,90
TOULOUSE-BLAGNAC,2024090822,0,16.1,89
TOULOUSE-BLAGNAC,2024090823,0,16,87
TOULOUSE-BLAGNAC,2024090900,0,15.4,90
TOULOUSE-BLAGNAC,2024090901,0,15.5,88
TOULOUSE-BLAGNAC,2024090902,0,15.6,87
TOULOUSE-BLAGNAC,2024090903,0,15.5,86
TOULOUSE-BLAGNAC,2024090904,0,14.9,89
TOULOUSE-BLAGNAC,2024090905,0,15.9,86
TOULOUSE-BLAGNAC,2024090906,0,16,85
TOULOUSE-BLAGNAC,2024090907,0,16.6,84
TOULOUSE-BLAGNAC,2024090908,1.6,16.3,93
TOULOUSE-BLAGNAC,2024090909,0.6,16.8,94
TOULOUSE-BLAGNAC,2024090910,1.2,17.4,95
TOULOUSE-BLAGNAC,2024090911,0,18.7,88
TOULOUSE-BLAGNAC,2024090912,0,20,81
TOULOUSE-BLAGNAC,2024090913,0,21.2,72
TOULOUSE-BLAGNAC,2024090914,0,22.3,69
TOULOUSE-BLAGNAC,2024090915,0,22.1,66
TOULOUSE-BLAGNAC,2024090916,0,22.2,65
TOULOUSE-BLAGNAC,2024090917,0,22.3,64
TOULOUSE-BLAGNAC,2024090918,0,19.8,79
TOULOUSE-BLAGNAC,2024090919,0,19,79
TOULOUSE-BLAGNAC,2024090920,0,18.3,83
TOULOUSE-BLAGNAC,2024090921,0,17.5,85
TOULOUSE-BLAGNAC,2024090922,0,17.1,86
TOULOUSE-BLAGNAC,2024090923,0,16.7,87
TOULOUSE-BLAGNAC,2024091000,0,16.8,89
TOULOUSE-BLAGNAC,2024091001,0,16.1,91
TOULOUSE-BLAGNAC,2024091002,0,15.4,91
TOULOUSE-BLAGNAC,2024091003,0,15.7,87
TOULOUSE-BLAGNAC,2024091004,0,15.5,88
TOULOUSE-BLAGNAC,2024091005,0,14.7,90
TOULOUSE-BLAGNAC,2024091006,0,14.6,92
TOULOUSE-BLAGNAC,2024091007,0,15.5,90
TOULOUSE-BLAGNAC,2024091008,0,16.6,75
TOULOUSE-BLAGNAC,2024091009,0,17.7,72
TOULOUSE-BLAGNAC,2024091010,0,18.6,66
TOULOUSE-BLAGNAC,2024091011,0,20,60
TOULOUSE-BLAGNAC,2024091012,0,20.9,57
TOULOUSE-BLAGNAC,2024091013,0,21.8,52
TOULOUSE-BLAGNAC,2024091014,0,22,52
TOULOUSE-BLAGNAC,2024091015,0,22.3,48
TOULOUSE-BLAGNAC,2024091016,0,22,48
TOULOUSE-BLAGNAC,2024091017,0,21.2,52
TOULOUSE-BLAGNAC,2024091018,0,19.3,59
TOULOUSE-BLAGNAC,2024091019,0,19,61
TOULOUSE-BLAGNAC,2024091020,0,17.9,67
TOULOUSE-BLAGNAC,2024091021,0,17.2,71
TOULOUSE-BLAGNAC,2024091022,0,16.6,74
TOULOUSE-BLAGNAC,2024091023,0,16,75
TOULOUSE-BLAGNAC,2024091100,0,15.2,76
TOULOUSE-BLAGNAC,2024091101,0,15,77
TOULOUSE-BLAGNAC,2024091102,0,14.9,77
TOULOUSE-BLAGNAC,2024091103,0,15,77
TOULOUSE-BLAGNAC,2024091104,0,15.1,76
TOULOUSE-BLAGNAC,2024091105,0,15.1,79
TOULOUSE-BLAGNAC,2024091106,0,15.4,78
TOULOUSE-BLAGNAC,2024091107,0,16.3,74
TOULOUSE-BLAGNAC,2024091108,0,17.8,69
TOULOUSE-BLAGNAC,2024091109,0,18.7,65
TOULOUSE-BLAGNAC,2024091110,0,19.2,65
TOULOUSE-BLAGNAC,2024091111,0,20.1,63
TOULOUSE-BLAGNAC,2024091112,0,20.2,62
TOULOUSE-BLAGNAC,2024091113,0,21.3,60
TOULOUSE-BLAGNAC,2024091114,0,21.6,60
TOULOUSE-BLAGNAC,2024091115,0,20.7,65
TOULOUSE-BLAGNAC,2024091116,0,19.8,71
TOULOUSE-BLAGNAC,2024091117,0,18.7,79
TOULOUSE-BLAGNAC,2024091118,0.6,17.2,94
TOULOUSE-BLAGNAC,2024091119,1.4,16.8,95
TOULOUSE-BLAGNAC,2024091120,0.6,16.4,95
TOULOUSE-BLAGNAC,2024091121,1,14.1,95
TOULOUSE-BLAGNAC,2024091122,2.2,12.6,95
TOULOUSE-BLAGNAC,2024091123,0.9,12.7,91
TOULOUSE-BLAGNAC,2024091200,0.2,12.5,92
TOULOUSE-BLAGNAC,2024091201,0,12.7,91
TOULOUSE-BLAGNAC,2024091202,0,13,94
TOULOUSE-BLAGNAC,2024091203,0,13.1,94
TOULOUSE-BLAGNAC,2024091204,0,13,94
TOULOUSE-BLAGNAC,2024091205,0,12.8,93
TOULOUSE-BLAGNAC,2024091206,0,12.4,93
TOULOUSE-BLAGNAC,2024091207,0,12.6,94
TOULOUSE-BLAGNAC,2024091208,0,13.4,92
TOULOUSE-BLAGNAC,2024091209,0,14,85
TOULOUSE-BLAGNAC,2024091210,0,15.4,78
TOULOUSE-BLAGNAC,2024091211,0,17.3,67
TOULOUSE-BLAGNAC,2024091212,0,18,57
TOULOUSE-BLAGNAC,2024091213,0,18.6,49
TOULOUSE-BLAGNAC,2024091214,0,19.5,42
TOULOUSE-BLAGNAC,2024091215,0,18.6,44
TOULOUSE-BLAGNAC,2024091216,0,18.1,43
TOULOUSE-BLAGNAC,2024091217,0,17.7,47
TOULOUSE-BLAGNAC,2024091218,0,16.2,49
TOULOUSE-BLAGNAC,2024091219,0,14.2,59
TOULOUSE-BLAGNAC,2024091220,0,13.3,60
TOULOUSE-BLAGNAC,2024091221,0,12.7,62
TOULOUSE-BLAGNAC,2024091222,0,12.6,65
TOULOUSE-BLAGNAC,2024091223,0,11.7,73
TOULOUSE-BLAGNAC,2024091300,0,11.2,76
TOULOUSE-BLAGNAC,2024091301,0,11,78
TOULOUSE-BLAGNAC,2024091302,0,10.7,81
TOULOUSE-BLAGNAC,2024091303,0,10.7,81
TOULOUSE-BLAGNAC,2024091304,0,11.4,80
TOULOUSE-BLAGNAC,2024091305,0,11,83
TOULOUSE-BLAGNAC,2024091306,0,10.9,86
TOULOUSE-BLAGNAC,2024091307,0,11.8,84
TOULOUSE-BLAGNAC,2024091308,0,13.7,74
TOULOUSE-BLAGNAC,2024091309,0,15.1,66
TOULOUSE-BLAGNAC,2024091310,0,15.6,60
TOULOUSE-BLAGNAC,2024091311,0,16.5,48
TOULOUSE-BLAGNAC,2024091312,0,17.6,46
TOULOUSE-BLAGNAC,2024091313,0,18,45
TOULOUSE-BLAGNAC,2024091314,0,17.2,44
TOULOUSE-BLAGNAC,2024091315,0,18.4,38
TOULOUSE-BLAGNAC,2024091316,0,17.4,40
TOULOUSE-BLAGNAC,2024091317,0,17.8,40
TOULOUSE-BLAGNAC,2024091318,0,16.5,45
TOULOUSE-BLAGNAC,2024091319,0,14,56
TOULOUSE-BLAGNAC,2024091320,0,13.1,61
TOULOUSE-BLAGNAC,2024091321,0,12,65
TOULOUSE-BLAGNAC,2024091322,0,11.4,68
TOULOUSE-BLAGNAC,2024091323,0,12.1,62
TOULOUSE-BLAGNAC,2024091400,0,10,72
TOULOUSE-BLAGNAC,2024091401,0,9.4,75
TOULOUSE-BLAGNAC,2024091402,0,8.3,79
TOULOUSE-BLAGNAC,2024091403,0,6.8,86
TOULOUSE-BLAGNAC,2024091404,0,6.2,91
TOULOUSE-BLAGNAC,2024091405,0,5.7,92
TOULOUSE-BLAGNAC,2024091406,0,5.7,94
TOULOUSE-BLAGNAC,2024091407,0,8.6,88
TOULOUSE-BLAGNAC,2024091408,0,11.4,74
TOULOUSE-BLAGNAC,2024091409,0,14.4,63
TOULOUSE-BLAGNAC,2024091410,0,17.5,49
TOULOUSE-BLAGNAC,2024091411,0,18,48
TOULOUSE-BLAGNAC,2024091412,0,19,41
TOULOUSE-BLAGNAC,2024091413,0,19.8,37
TOULOUSE-BLAGNAC,2024091414,0,20.2,36
TOULOUSE-BLAGNAC,2024091415,0,20.5,36
TOULOUSE-BLAGNAC,2024091416,0,20.3,39
TOULOUSE-BLAGNAC,2024091417,0,20.5,38
TOULOUSE-BLAGNAC,2024091418,0,18.5,47
TOULOUSE-BLAGNAC,2024091419,0,16.6,54
TOULOUSE-BLAGNAC,2024091420,0,14.4,63
TOULOUSE-BLAGNAC,2024091421,0,14.5,64
TOULOUSE-BLAGNAC,2024091422,0,13.1,69
TOULOUSE-BLAGNAC,2024091423,0,11.9,74
TOULOUSE-BLAGNAC,2024091500,0,11.6,73
TOULOUSE-BLAGNAC,2024091501,0,10.8,74
TOULOUSE-BLAGNAC,2024091502,0,9.9,77
TOULOUSE-BLAGNAC,2024091503,0,8.7,81
TOULOUSE-BLAGNAC,2024091504,0,8.6,84
TOULOUSE-BLAGNAC,2024091505,0,6.3,91
TOULOUSE-BLAGNAC,2024091506,0,6.5,94
TOULOUSE-BLAGNAC,2024091507,0,9.5,85
TOULOUSE-BLAGNAC,2024091508,0,11.5,74
TOULOUSE-BLAGNAC,2024091509,0,14.5,62
TOULOUSE-BLAGNAC,2024091510,0,16.5,57
TOULOUSE-BLAGNAC,2024091511,0,17.5,50
TOULOUSE-BLAGNAC,2024091512,0,18.6,45
TOULOUSE-BLAGNAC,2024091513,0,19.3,46
TOULOUSE-BLAGNAC,2024091514,0,20.2,43
TOULOUSE-BLAGNAC,2024091515,0,20.7,42
TOULOUSE-BLAGNAC,2024091516,0,20.6,41
TOULOUSE-BLAGNAC,2024091517,0,20,42
TOULOUSE-BLAGNAC,2024091518,0,17.8,49
TOULOUSE-BLAGNAC,2024091519,0,16.9,52
TOULOUSE-BLAGNAC,2024091520,0,16.2,55
TOULOUSE-BLAGNAC,2024091521,0,15.4,58
TOULOUSE-BLAGNAC,2024091522,0,15,60
TOULOUSE-BLAGNAC,2024091523,0,14.1,64
TOULOUSE-BLAGNAC,2024091600,0,13.2,68
TOULOUSE-BLAGNAC,2024091601,0,12.4,77
TOULOUSE-BLAGNAC,2024091602,0,11.8,82
TOULOUSE-BLAGNAC,2024091603,0,11.3,84
TOULOUSE-BLAGNAC,2024091604,0,10.7,87
TOULOUSE-BLAGNAC,2024091605,0,10,90
TOULOUSE-BLAGNAC,2024091606,0,10.2,89
TOULOUSE-BLAGNAC,2024091607,0,11.4,84
TOULOUSE-BLAGNAC,2024091608,0,12.9,76
TOULOUSE-BLAGNAC,2024091609,0,15.5,64
TOULOUSE-BLAGNAC,2024091610,0,18,51
TOULOUSE-BLAGNAC,2024091611,0,19,50
TOULOUSE-BLAGNAC,2024091612,0,19.5,48
TOULOUSE-BLAGNAC,2024091613,0,20.6,44
TOULOUSE-BLAGNAC,2024091614,0,21.5,44
TOULOUSE-BLAGNAC,2024091615,0,21,48
TOULOUSE-BLAGNAC,2024091616,0,21.6,49
TOULOUSE-BLAGNAC,2024091617,0,20.9,53
TOULOUSE-BLAGNAC,2024091618,0,19.5,57
TOULOUSE-BLAGNAC,2024091619,0,17.9,63
TOULOUSE-BLAGNAC,2024091620,0,17.2,67
TOULOUSE-BLAGNAC,2024091621,0,16.4,69
TOULOUSE-BLAGNAC,2024091622,0,15.8,71
TOULOUSE-BLAGNAC,2024091623,0,14.7,76
TOULOUSE-BLAGNAC,2024091700,0,14.2,78
TOULOUSE-BLAGNAC,2024091701,0,13.4,81
TOULOUSE-BLAGNAC,2024091702,0,13.5,80
TOULOUSE-BLAGNAC,2024091703,0,12.8,81
TOULOUSE-BLAGNAC,2024091704,0,11.2,87
TOULOUSE-BLAGNAC,2024091705,0,11.1,86
TOULOUSE-BLAGNAC,2024091706,0,10.2,91
TOULOUSE-BLAGNAC,2024091707,0,12.5,85
TOULOUSE-BLAGNAC,2024091708,0,14.5,77
TOULOUSE-BLAGNAC,2024091709,0,16.2,70
TOULOUSE-BLAGNAC,2024091710,0,16.2,71
TOULOUSE-BLAGNAC,2024091711,0,16.6,69
TOULOUSE-BLAGNAC,2024091712,0,17.7,66
TOULOUSE-BLAGNAC,2024091713,0,18.2,65
TOULOUSE-BLAGNAC,2024091714,0,18.8,63
TOULOUSE-BLAGNAC,2024091715,0,19,60
TOULOUSE-BLAGNAC,2024091716,0,18.9,61
TOULOUSE-BLAGNAC,2024091717,0,18.7,63
TOULOUSE-BLAGNAC,2024091718,0,18.2,66
TOULOUSE-BLAGNAC,2024091719,0,17.9,67
TOULOUSE-BLAGNAC,2024091720,0,17.2,71
TOULOUSE-BLAGNAC,2024091721,0,17.1,71
TOULOUSE-BLAGNAC,2024091722,0,16.2,78
TOULOUSE-BLAGNAC,2024091723,0,15.1,84
TOULOUSE-BLAGNAC,2024091800,0,14.9,86
TOULOUSE-BLAGNAC,2024091801,0,14.7,87
TOULOUSE-BLAGNAC,2024091802,0,13.2,89
TOULOUSE-BLAGNAC,2024091803,0,12,92
TOULOUSE-BLAGNAC,2024091804,0,11.3,93
TOULOUSE-BLAGNAC,2024091805,0,11.1,93
TOULOUSE-BLAGNAC,2024091806,0,10.9,94
TOULOUSE-BLAGNAC,2024091807,0,11.8,93
TOULOUSE-BLAGNAC,2024091808,0,15,84
TOULOUSE-BLAGNAC,2024091809,0,16.3,81
TOULOUSE-BLAGNAC,2024091810,0,19.4,68
TOULOUSE-BLAGNAC,2024091811,0,20.5,64
TOULOUSE-BLAGNAC,2024091812,0,22.5,55
TOULOUSE-BLAGNAC,2024091813,0,22.9,52
TOULOUSE-BLAGNAC,2024091814,0,23.8,45
TOULOUSE-BLAGNAC,2024091815,0,24.1,42
TOULOUSE-BLAGNAC,2024091816,0,23.8,42
TOULOUSE-BLAGNAC,2024091817,0,23.2,44
TOULOUSE-BLAGNAC,2024091818,0,20.9,53
TOULOUSE-BLAGNAC,2024091819,0,20.4,54
TOULOUSE-BLAGNAC,2024091820,0,18.3,64
TOULOUSE-BLAGNAC,2024091821,0,16.9,72
TOULOUSE-BLAGNAC,2024091822,0,16.2,77
TOULOUSE-BLAGNAC,2024091823,0,15.5,81
TOULOUSE-BLAGNAC,2024091900,0,14.8,83
TOULOUSE-BLAGNAC,2024091901,0,14.3,86
TOULOUSE-BLAGNAC,2024091902,0,14.2,86
TOULOUSE-BLAGNAC,2024091903,0,13.4,88
TOULOUSE-BLAGNAC,2024091904,0,12.9,92
TOULOUSE-BLAGNAC,2024091905,0,12.4,91
TOULOUSE-BLAGNAC,2024091906,0,12.1,92
TOULOUSE-BLAGNAC,2024091907,0,14.8,92
TOULOUSE-BLAGNAC,2024091908,0,17.4,79
TOULOUSE-BLAGNAC,2024091909,0,19.6,69
TOULOUSE-BLAGNAC,2024091910,0,21.4,63
TOULOUSE-BLAGNAC,2024091911,0,23.1,56
TOULOUSE-BLAGNAC,2024091912,0,24.3,50
TOULOUSE-BLAGNAC,2024091913,0,25,47
TOULOUSE-BLAGNAC,2024091914,0,25.7,43
TOULOUSE-BLAGNAC,2024091915,0,25.7,45
TOULOUSE-BLAGNAC,2024091916,0,25.2,44
TOULOUSE-BLAGNAC,2024091917,0,24.1,47
TOULOUSE-BLAGNAC,2024091918,0,22.3,58
TOULOUSE-BLAGNAC,2024091919,0,20.8,64
TOULOUSE-BLAGNAC,2024091920,0,19.8,68
TOULOUSE-BLAGNAC,2024091921,0,19.2,72
TOULOUSE-BLAGNAC,2024091922,0,17.9,75
TOULOUSE-BLAGNAC,2024091923,0,17,81
TOULOUSE-BLAGNAC,2024092000,0,17.2,84
TOULOUSE-BLAGNAC,2024092001,0,17.3,81
TOULOUSE-BLAGNAC,2024092002,0,15.7,83
TOULOUSE-BLAGNAC,2024092003,0,15.5,85
TOULOUSE-BLAGNAC,2024092004,0,17.2,86
TOULOUSE-BLAGNAC,2024092005,0,17.9,82
TOULOUSE-BLAGNAC,2024092006,0.4,17.3,86
TOULOUSE-BLAGNAC,2024092007,1,17.1,84
TOULOUSE-BLAGNAC,2024092008,0.2,17.8,80
TOULOUSE-BLAGNAC,2024092009,0,20,70
TOULOUSE-BLAGNAC,2024092010,0,20.8,63
TOULOUSE-BLAGNAC,2024092011,0,20,70
TOULOUSE-BLAGNAC,2024092012,0,21.2,66
TOULOUSE-BLAGNAC,2024092013,0,21.1,65
TOULOUSE-BLAGNAC,2024092014,0,21,63
TOULOUSE-BLAGNAC,2024092015,0,20.8,63
TOULOUSE-BLAGNAC,2024092016,0,21.2,59
TOULOUSE-BLAGNAC,2024092017,0,20.6,58
TOULOUSE-BLAGNAC,2024092018,0,19.9,59
TOULOUSE-BLAGNAC,2024092019,0,19.2,62
TOULOUSE-BLAGNAC,2024092020,0,18.5,68
TOULOUSE-BLAGNAC,2024092021,0,18.3,72
TOULOUSE-BLAGNAC,2024092022,0,18,75
TOULOUSE-BLAGNAC,2024092023,0,17.9,77
TOULOUSE-BLAGNAC,2024092100,0,17.8,79
TOULOUSE-BLAGNAC,2024092101,0,17.5,81
TOULOUSE-BLAGNAC,2024092102,0,17.8,78
TOULOUSE-BLAGNAC,2024092103,0,17.6,79
TOULOUSE-BLAGNAC,2024092104,0,17.7,79
TOULOUSE-BLAGNAC,2024092105,0,18,78
TOULOUSE-BLAGNAC,2024092106,0,18.4,79
TOULOUSE-BLAGNAC,2024092107,0,19,76
TOULOUSE-BLAGNAC,2024092108,0,20.1,70
TOULOUSE-BLAGNAC,2024092109,0,21.7,65
TOULOUSE-BLAGNAC,2024092110,0,22.7,61
TOULOUSE-BLAGNAC,2024092111,0,23.4,59
TOULOUSE-BLAGNAC,2024092112,0,22.8,59
TOULOUSE-BLAGNAC,2024092113,0,22.6,58
TOULOUSE-BLAGNAC,2024092114,0.2,20.6,73
TOULOUSE-BLAGNAC,2024092115,0.4,19.6,77
TOULOUSE-BLAGNAC,2024092116,1.4,18.3,88
TOULOUSE-BLAGNAC,2024092117,0.2,18.8,80
TOULOUSE-BLAGNAC,2024092118,0,18.6,76
TOULOUSE-BLAGNAC,2024092119,0,18.7,80
TOULOUSE-BLAGNAC,2024092120,0,18.9,80
TOULOUSE-BLAGNAC,2024092121,0,18.8,79
TOULOUSE-BLAGNAC,2024092122,0,18.6,78
TOULOUSE-BLAGNAC,2024092123,0,18.8,82
TOULOUSE-BLAGNAC,2024092200,0,18.8,82
TOULOUSE-BLAGNAC,2024092201,0,18.7,86
TOULOUSE-BLAGNAC,2024092202,0,18.8,86
TOULOUSE-BLAGNAC,2024092203,0.2,18.5,90
TOULOUSE-BLAGNAC,2024092204,0.4,18.3,91
TOULOUSE-BLAGNAC,2024092205,0,18.3,92
TOULOUSE-BLAGNAC,2024092206,0,18.4,91
TOULOUSE-BLAGNAC,2024092207,0,17.9,91
TOULOUSE-BLAGNAC,2024092208,0.2,18,91
TOULOUSE-BLAGNAC,2024092209,0,18.1,90
TOULOUSE-BLAGNAC,2024092210,0,20,80
TOULOUSE-BLAGNAC,2024092211,0.4,18.4,87
TOULOUSE-BLAGNAC,2024092212,0,19.5,79
TOULOUSE-BLAGNAC,2024092213,0,20.6,75
TOULOUSE-BLAGNAC,2024092214,0,21.5,70
TOULOUSE-BLAGNAC,2024092215,0,21.3,70
TOULOUSE-BLAGNAC,2024092216,0,20.8,68
TOULOUSE-BLAGNAC,2024092217,0.2,18.4,83
TOULOUSE-BLAGNAC,2024092218,0,18,84
TOULOUSE-BLAGNAC,2024092219,0,17.8,85
TOULOUSE-BLAGNAC,2024092220,0,17.1,88
TOULOUSE-BLAGNAC,2024092221,0,17.2,90
TOULOUSE-BLAGNAC,2024092222,0,15.9,90
TOULOUSE-BLAGNAC,2024092223,0,15.7,91
TOULOUSE-BLAGNAC,2024092300,0,15.6,90
TOULOUSE-BLAGNAC,2024092301,0,15.5,90
TOULOUSE-BLAGNAC,2024092302,0,15.1,91
TOULOUSE-BLAGNAC,2024092303,0,14.8,94
TOULOUSE-BLAGNAC,2024092304,0,15.1,93
TOULOUSE-BLAGNAC,2024092305,0,15.1,93
TOULOUSE-BLAGNAC,2024092306,0.2,14.5,94
TOULOUSE-BLAGNAC,2024092307,0,15.3,95
TOULOUSE-BLAGNAC,2024092308,0,16,91
TOULOUSE-BLAGNAC,2024092309,0,18.2,76
TOULOUSE-BLAGNAC,2024092310,0,18.3,70
TOULOUSE-BLAGNAC,2024092311,0,19.7,63
TOULOUSE-BLAGNAC,2024092312,0,20.9,56
TOULOUSE-BLAGNAC,2024092313,0,21.8,52
TOULOUSE-BLAGNAC,2024092314,0,22.6,48
TOULOUSE-BLAGNAC,2024092315,0,21.3,48
TOULOUSE-BLAGNAC,2024092316,0,20,58
TOULOUSE-BLAGNAC,2024092317,0,19.5,60
TOULOUSE-BLAGNAC,2024092318,0,17.4,72
TOULOUSE-BLAGNAC,2024092319,0,16.8,73
TOULOUSE-BLAGNAC,2024092320,0,15.7,77
TOULOUSE-BLAGNAC,2024092321,0,15.7,76
TOULOUSE-BLAGNAC,2024092322,0,14.7,83
TOULOUSE-BLAGNAC,2024092323,0,14.4,82
TOULOUSE-BLAGNAC,2024092400,0,13.8,84
TOULOUSE-BLAGNAC,2024092401,0,13.1,89
TOULOUSE-BLAGNAC,2024092402,0,13.3,89
TOULOUSE-BLAGNAC,2024092403,0,13.3,90
TOULOUSE-BLAGNAC,2024092404,0,12.9,91
TOULOUSE-BLAGNAC,2024092405,0,13.5,91
TOULOUSE-BLAGNAC,2024092406,0.2,13.6,92
TOULOUSE-BLAGNAC,2024092407,0,13.6,93
TOULOUSE-BLAGNAC,2024092408,0,16,85
TOULOUSE-BLAGNAC,2024092409,0,18.2,70
TOULOUSE-BLAGNAC,2024092410,0,19.9,62
TOULOUSE-BLAGNAC,2024092411,0,21.5,53
TOULOUSE-BLAGNAC,2024092412,0,22.6,50
TOULOUSE-BLAGNAC,2024092413,0,22.6,49
TOULOUSE-BLAGNAC,2024092414,0,22.4,46
TOULOUSE-BLAGNAC,2024092415,0,22.9,42
TOULOUSE-BLAGNAC,2024092416,0,23.3,39
TOULOUSE-BLAGNAC,2024092417,0,22.1,45
TOULOUSE-BLAGNAC,2024092418,0,19.3,54
TOULOUSE-BLAGNAC,2024092419,0,18.3,60
TOULOUSE-BLAGNAC,2024092420,0,18.1,61
TOULOUSE-BLAGNAC,2024092421,0,16.6,69
TOULOUSE-BLAGNAC,2024092422,0,16.2,75
TOULOUSE-BLAGNAC,2024092423,0,15.7,78
TOULOUSE-BLAGNAC,2024092500,0,14.4,84
TOULOUSE-BLAGNAC,2024092501,0,13.7,90
TOULOUSE-BLAGNAC,2024092502,0,13.8,90
TOULOUSE-BLAGNAC,2024092503,0,13.5,88
TOULOUSE-BLAGNAC,2024092504,0,13,92
TOULOUSE-BLAGNAC,2024092505,0,12.3,92
TOULOUSE-BLAGNAC,2024092506,0,11.9,93
TOULOUSE-BLAGNAC,2024092507,0,14.2,92
TOULOUSE-BLAGNAC,2024092508,0,16.6,78
TOULOUSE-BLAGNAC,2024092509,0,18.4,70
TOULOUSE-BLAGNAC,2024092510,0,20.9,60
TOULOUSE-BLAGNAC,2024092511,0,22,62
TOULOUSE-BLAGNAC,2024092512,0,23.7,56
TOULOUSE-BLAGNAC,2024092513,0,24.2,55
TOULOUSE-BLAGNAC,2024092514,0,24.3,54
TOULOUSE-BLAGNAC,2024092515,0,23.4,57
TOULOUSE-BLAGNAC,2024092516,0,22.8,62
TOULOUSE-BLAGNAC,2024092517,0,21.6,69
TOULOUSE-BLAGNAC,2024092518,0,20.6,74
TOULOUSE-BLAGNAC,2024092519,0,20,79
TOULOUSE-BLAGNAC,2024092520,0,19.6,82
TOULOUSE-BLAGNAC,2024092521,0,19.6,83
TOULOUSE-BLAGNAC,2024092522,0,20,81
TOULOUSE-BLAGNAC,2024092523,0,20.4,79
TOULOUSE-BLAGNAC,2024092600,0,20.7,77
TOULOUSE-BLAGNAC,2024092601,0,20.4,79
TOULOUSE-BLAGNAC,2024092602,0,20.2,79
TOULOUSE-BLAGNAC,2024092603,0,19.9,82
TOULOUSE-BLAGNAC,2024092604,0,19.2,85
TOULOUSE-BLAGNAC,2024092605,0,18.9,87
TOULOUSE-BLAGNAC,2024092606,0,19.4,86
TOULOUSE-BLAGNAC,2024092607,0,18.6,89
TOULOUSE-BLAGNAC,2024092608,0,17.7,91
TOULOUSE-BLAGNAC,2024092609,0.4,17.4,89
TOULOUSE-BLAGNAC,2024092610,1,16.9,93
TOULOUSE-BLAGNAC,2024092611,0.2,17.5,88
TOULOUSE-BLAGNAC,2024092612,0,17.5,86
TOULOUSE-BLAGNAC,2024092613,0.8,17.3,87
TOULOUSE-BLAGNAC,2024092614,0.6,17.2,93
TOULOUSE-BLAGNAC,2024092615,0,17.2,92
TOULOUSE-BLAGNAC,2024092616,0,17.4,90
TOULOUSE-BLAGNAC,2024092617,0.4,17.2,93
TOULOUSE-BLAGNAC,2024092618,0,17,93
TOULOUSE-BLAGNAC,2024092619,0.4,17,93
TOULOUSE-BLAGNAC,2024092620,0.4,16.6,94
TOULOUSE-BLAGNAC,2024092621,0.4,16.6,93
TOULOUSE-BLAGNAC,2024092622,0.2,16.3,93
TOULOUSE-BLAGNAC,2024092623,0,16.2,93
TOULOUSE-BLAGNAC,2024092700,0,16.2,94
TOULOUSE-BLAGNAC,2024092701,0,16.2,90
TOULOUSE-BLAGNAC,2024092702,0,13.9,89
TOULOUSE-BLAGNAC,2024092703,0,14.3,88
TOULOUSE-BLAGNAC,2024092704,0,14.3,89
TOULOUSE-BLAGNAC,2024092705,0,14.4,90
TOULOUSE-BLAGNAC,2024092706,0,14.2,93
TOULOUSE-BLAGNAC,2024092707,0,14.6,92
TOULOUSE-BLAGNAC,2024092708,0,15.3,84
TOULOUSE-BLAGNAC,2024092709,0.4,15.3,85
TOULOUSE-BLAGNAC,2024092710,0,16.1,79
TOULOUSE-BLAGNAC,2024092711,0,16,66
TOULOUSE-BLAGNAC,2024092712,0,16.7,63
TOULOUSE-BLAGNAC,2024092713,0,15.5,70
TOULOUSE-BLAGNAC,2024092714,0,15.5,69
TOULOUSE-BLAGNAC,2024092715,0,15.9,67
TOULOUSE-BLAGNAC,2024092716,0,16,65
TOULOUSE-BLAGNAC,2024092717,0,15.5,66
TOULOUSE-BLAGNAC,2024092718,0,14.6,71
TOULOUSE-BLAGNAC,2024092719,0,13.6,69
TOULOUSE-BLAGNAC,2024092720,0,12.6,74
TOULOUSE-BLAGNAC,2024092721,0,12.1,82
TOULOUSE-BLAGNAC,2024092722,0,12.1,85
TOULOUSE-BLAGNAC,2024092723,0,12.1,84
TOULOUSE-BLAGNAC,2024092800,0,11.8,86
TOULOUSE-BLAGNAC,2024092801,0,11.7,87
TOULOUSE-BLAGNAC,2024092802,0,11.8,89
TOULOUSE-BLAGNAC,2024092803,0,11.7,90
TOULOUSE-BLAGNAC,2024092804,0,11.7,89
TOULOUSE-BLAGNAC,2024092805,0,11.7,90
TOULOUSE-BLAGNAC,2024092806,0,11.4,93
TOULOUSE-BLAGNAC,2024092807,0,11.9,92
TOULOUSE-BLAGNAC,2024092808,0,13.4,81
TOULOUSE-BLAGNAC,2024092809,0,14.4,72
TOULOUSE-BLAGNAC,2024092810,0,15.7,64
TOULOUSE-BLAGNAC,2024092811,0,16.6,53
TOULOUSE-BLAGNAC,2024092812,0,16.8,51
TOULOUSE-BLAGNAC,2024092813,0,18.2,48
TOULOUSE-BLAGNAC,2024092814,0,19.1,44
TOULOUSE-BLAGNAC,2024092815,0,18.4,38
TOULOUSE-BLAGNAC,2024092816,0,18.3,41
TOULOUSE-BLAGNAC,2024092817,0,17.2,45
TOULOUSE-BLAGNAC,2024092818,0,15.5,52
TOULOUSE-BLAGNAC,2024092819,0,13.7,60
TOULOUSE-BLAGNAC,2024092820,0,12.7,65
TOULOUSE-BLAGNAC,2024092821,0,11.2,70
TOULOUSE-BLAGNAC,2024092822,0,9.9,81
TOULOUSE-BLAGNAC,2024092823,0,8.9,88
TOULOUSE-BLAGNAC,2024092900,0,8.1,87
TOULOUSE-BLAGNAC,2024092901,0,7.8,88
TOULOUSE-BLAGNAC,2024092902,0,7.1,90
TOULOUSE-BLAGNAC,2024092903,0,6.7,93
TOULOUSE-BLAGNAC,2024092904,0,6.4,94
TOULOUSE-BLAGNAC,2024092905,0,5.9,93
TOULOUSE-BLAGNAC,2024092906,0,5.4,95
TOULOUSE-BLAGNAC,2024092907,0,7.1,94
TOULOUSE-BLAGNAC,2024092908,0,10.4,81
TOULOUSE-BLAGNAC,2024092909,0,13.1,64
TOULOUSE-BLAGNAC,2024092910,0,16,52
TOULOUSE-BLAGNAC,2024092911,0,18.3,45
TOULOUSE-BLAGNAC,2024092912,0,19.6,41
TOULOUSE-BLAGNAC,2024092913,0,21.4,36
TOULOUSE-BLAGNAC,2024092914,0,22,34
TOULOUSE-BLAGNAC,2024092915,0,22.9,32
TOULOUSE-BLAGNAC,2024092916,0,22.4,32
TOULOUSE-BLAGNAC,2024092917,0,21.6,33
TOULOUSE-BLAGNAC,2024092918,0,19,41
TOULOUSE-BLAGNAC,2024092919,0,18.4,42
TOULOUSE-BLAGNAC,2024092920,0,16.4,52
TOULOUSE-BLAGNAC,2024092921,0,15.5,61
TOULOUSE-BLAGNAC,2024092922,0,14.7,69
TOULOUSE-BLAGNAC,2024092923,0,13.7,73
TOULOUSE-BLAGNAC,2024093000,0,13.3,82
TOULOUSE-BLAGNAC,2024093001,0,13.3,76
TOULOUSE-BLAGNAC,2024093002,0,12.7,81
TOULOUSE-BLAGNAC,2024093003,0,13.1,83
TOULOUSE-BLAGNAC,2024093004,0,13.2,83
TOULOUSE-BLAGNAC,2024093005,0,13,87
TOULOUSE-BLAGNAC,2024093006,0,13.2,86
TOULOUSE-BLAGNAC,2024093007,0,13.9,85
TOULOUSE-BLAGNAC,2024093008,0,15.2,79
TOULOUSE-BLAGNAC,2024093009,0,18.8,66
TOULOUSE-BLAGNAC,2024093010,0,21.6,60
TOULOUSE-BLAGNAC,2024093011,0,22.2,60
TOULOUSE-BLAGNAC,2024093012,0,23,57
TOULOUSE-BLAGNAC,2024093013,0,24.7,54
TOULOUSE-BLAGNAC,2024093014,0,24.6,55
TOULOUSE-BLAGNAC,2024093015,0,24,58
TOULOUSE-BLAGNAC,2024093016,0,24.8,52
TOULOUSE-BLAGNAC,2024093017,0,23,57
TOULOUSE-BLAGNAC,2024093018,0,22,61
TOULOUSE-BLAGNAC,2024093019,0,21.2,65
TOULOUSE-BLAGNAC,2024093020,0,19.1,73
TOULOUSE-BLAGNAC,2024093021,0,18.4,76
TOULOUSE-BLAGNAC,2024093022,0,17.2,81
TOULOUSE-BLAGNAC,2024093023,0,15.8,85
TOULOUSE-BLAGNAC,2024100100,0,15.2,86
TOULOUSE-BLAGNAC,2024100101,0,15.9,88
TOULOUSE-BLAGNAC,2024100102,0,14.1,92
TOULOUSE-BLAGNAC,2024100103,0,13.9,93
TOULOUSE-BLAGNAC,2024100104,0,13.8,94
TOULOUSE-BLAGNAC,2024100105,0,12.7,95
TOULOUSE-BLAGNAC,2024100106,0,12.4,96
TOULOUSE-BLAGNAC,2024100107,0,13.9,95
TOULOUSE-BLAGNAC,2024100108,0,16.8,85
TOULOUSE-BLAGNAC,2024100109,0,19.7,70
TOULOUSE-BLAGNAC,2024100110,0,22.5,62
TOULOUSE-BLAGNAC,2024100111,0,23.5,61
TOULOUSE-BLAGNAC,2024100112,0,23.6,60
TOULOUSE-BLAGNAC,2024100113,0,24,60
TOULOUSE-BLAGNAC,2024100114,0,24.7,57
TOULOUSE-BLAGNAC,2024100115,0,25.5,49
TOULOUSE-BLAGNAC,2024100116,0,24.6,53
TOULOUSE-BLAGNAC,2024100117,0,24.3,50
TOULOUSE-BLAGNAC,2024100118,0,22.5,63
TOULOUSE-BLAGNAC,2024100119,0,20.4,79
TOULOUSE-BLAGNAC,2024100120,0.6,18.9,91
TOULOUSE-BLAGNAC,2024100121,0,19,89
TOULOUSE-BLAGNAC,2024100122,0,19.2,88
TOULOUSE-BLAGNAC,2024100123,0,17.7,86
TOULOUSE-BLAGNAC,2024100200,0.2,16.9,82
TOULOUSE-BLAGNAC,2024100201,0,16.1,84
TOULOUSE-BLAGNAC,2024100202,0,15.6,85
TOULOUSE-BLAGNAC,2024100203,0,15.1,90
TOULOUSE-BLAGNAC,2024100204,0,14.6,92
TOULOUSE-BLAGNAC,2024100205,0,14.5,88
TOULOUSE-BLAGNAC,2024100206,0,14.5,89
TOULOUSE-BLAGNAC,2024100207,0.4,13.3,95
TOULOUSE-BLAGNAC,2024100208,0.4,13.2,94
TOULOUSE-BLAGNAC,2024100209,0.2,14,90
TOULOUSE-BLAGNAC,2024100210,0,14.7,84
TOULOUSE-BLAGNAC,2024100211,0,15.4,79
TOULOUSE-BLAGNAC,2024100212,0,16,74
TOULOUSE-BLAGNAC,2024100213,0,16.2,68
TOULOUSE-BLAGNAC,2024100214,0,15.7,69
TOULOUSE-BLAGNAC,2024100215,0.2,15.7,70
TOULOUSE-BLAGNAC,2024100216,0.2,15.2,76
TOULOUSE-BLAGNAC,2024100217,0,14.8,76
TOULOUSE-BLAGNAC,2024100218,1.2,14.2,82
TOULOUSE-BLAGNAC,2024100219,1.8,13.4,92
TOULOUSE-BLAGNAC,2024100220,0.6,13,92
TOULOUSE-BLAGNAC,2024100221,0.2,13,92
TOULOUSE-BLAGNAC,2024100222,0,12.4,92
TOULOUSE-BLAGNAC,2024100223,0,12.1,92
TOULOUSE-BLAGNAC,2024100300,0,11.5,93
TOULOUSE-BLAGNAC,2024100301,0,11.5,93
TOULOUSE-BLAGNAC,2024100302,0,11.6,94
TOULOUSE-BLAGNAC,2024100303,0,11.8,94
TOULOUSE-BLAGNAC,2024100304,0,12.1,94
TOULOUSE-BLAGNAC,2024100305,0,12.3,93
TOULOUSE-BLAGNAC,2024100306,0,12.5,92
TOULOUSE-BLAGNAC,2024100307,0,12.7,90
TOULOUSE-BLAGNAC,2024100308,0,13.3,87
TOULOUSE-BLAGNAC,2024100309,0,13.8,86
TOULOUSE-BLAGNAC,2024100310,0,16.1,76
TOULOUSE-BLAGNAC,2024100311,0,16.8,69
TOULOUSE-BLAGNAC,2024100312,0,17.7,65
TOULOUSE-BLAGNAC,2024100313,0,18.5,61
TOULOUSE-BLAGNAC,2024100314,0,17.5,66
TOULOUSE-BLAGNAC,2024100315,0,17.3,66
TOULOUSE-BLAGNAC,2024100316,0,16.4,61
TOULOUSE-BLAGNAC,2024100317,0,14.8,64
TOULOUSE-BLAGNAC,2024100318,0,13.9,73
TOULOUSE-BLAGNAC,2024100319,0,13.6,77
TOULOUSE-BLAGNAC,2024100320,0,12.4,81
TOULOUSE-BLAGNAC,2024100321,0,12.3,81
TOULOUSE-BLAGNAC,2024100322,0,12.2,83
TOULOUSE-BLAGNAC,2024100323,0,11.9,84
TOULOUSE-BLAGNAC,2024100400,0,11.4,86
TOULOUSE-BLAGNAC,2024100401,0,10.4,89
TOULOUSE-BLAGNAC,2024100402,0,9.8,92
TOULOUSE-BLAGNAC,2024100403,0,9.4,94
TOULOUSE-BLAGNAC,2024100404,0,9.5,97
TOULOUSE-BLAGNAC,2024100405,0,9.3,97
TOULOUSE-BLAGNAC,2024100406,0,9.3,98
TOULOUSE-BLAGNAC,2024100407,0,9.1,98
TOULOUSE-BLAGNAC,2024100408,0,9.1,97
TOULOUSE-BLAGNAC,2024100409,0,10.1,87
TOULOUSE-BLAGNAC,2024100410,0,12.4,76
TOULOUSE-BLAGNAC,2024100411,0,14.7,67
TOULOUSE-BLAGNAC,2024100412,0,16,58
TOULOUSE-BLAGNAC,2024100413,0,16.5,48
TOULOUSE-BLAGNAC,2024100414,0,16.1,50
TOULOUSE-BLAGNAC,2024100415,0,16.7,47
TOULOUSE-BLAGNAC,2024100416,0,17.1,48
TOULOUSE-BLAGNAC,2024100417,0,15.5,53
TOULOUSE-BLAGNAC,2024100418,0,13.3,62
TOULOUSE-BLAGNAC,2024100419,0,12.5,67
TOULOUSE-BLAGNAC,2024100420,0,11.6,71
TOULOUSE-BLAGNAC,2024100421,0,9.6,81
TOULOUSE-BLAGNAC,2024100422,0,8.5,86
TOULOUSE-BLAGNAC,2024100423,0,7.6,91
TOULOUSE-BLAGNAC,2024100500,0,7.7,92
TOULOUSE-BLAGNAC,2024100501,0,7.2,91
TOULOUSE-BLAGNAC,2024100502,0,7.2,93
TOULOUSE-BLAGNAC,2024100503,0,6.5,94
TOULOUSE-BLAGNAC,2024100504,0,5.8,94
TOULOUSE-BLAGNAC,2024100505,0,5.4,96
TOULOUSE-BLAGNAC,2024100506,0,5.6,97
TOULOUSE-BLAGNAC,2024100507,0,6.4,96
TOULOUSE-BLAGNAC,2024100508,0,9,93
TOULOUSE-BLAGNAC,2024100509,0,12.4,74
TOULOUSE-BLAGNAC,2024100510,0,15.4,52
TOULOUSE-BLAGNAC,2024100511,0,17.5,49
TOULOUSE-BLAGNAC,2024100512,0,18.6,43
TOULOUSE-BLAGNAC,2024100513,0,20.1,41
TOULOUSE-BLAGNAC,2024100514,0,20.8,38
TOULOUSE-BLAGNAC,2024100515,0,21.4,33
TOULOUSE-BLAGNAC,2024100516,0,20.8,35
TOULOUSE-BLAGNAC,2024100517,0,19.5,39
TOULOUSE-BLAGNAC,2024100518,0,17.5,48
TOULOUSE-BLAGNAC,2024100519,0,17.6,41
TOULOUSE-BLAGNAC,2024100520,0,16.5,44
TOULOUSE-BLAGNAC,2024100521,0,15.9,55
TOULOUSE-BLAGNAC,2024100522,0,15.7,61
TOULOUSE-BLAGNAC,2024100523,0,15.2,69
TOULOUSE-BLAGNAC,2024100600,0.4,13.7,85
TOULOUSE-BLAGNAC,2024100601,0.8,13.2,94
TOULOUSE-BLAGNAC,2024100602,0.4,13.5,95
TOULOUSE-BLAGNAC,2024100603,0,13.8,93
TOULOUSE-BLAGNAC,2024100604,0,14.1,91
TOULOUSE-BLAGNAC,2024100605,0,14.2,91
TOULOUSE-BLAGNAC,2024100606,0,14.4,91
TOULOUSE-BLAGNAC,2024100607,0,15,91
TOULOUSE-BLAGNAC,2024100608,0,15.7,88
TOULOUSE-BLAGNAC,2024100609,0,18.3,78
TOULOUSE-BLAGNAC,2024100610,0,18.9,74
TOULOUSE-BLAGNAC,2024100611,0,20.6,70
TOULOUSE-BLAGNAC,2024100612,0,20.4,69
TOULOUSE-BLAGNAC,2024100613,0,20.2,68
TOULOUSE-BLAGNAC,2024100614,0,19.7,69
TOULOUSE-BLAGNAC,2024100615,0,20.1,68
TOULOUSE-BLAGNAC,2024100616,0,18.3,74
TOULOUSE-BLAGNAC,2024100617,0,17.2,78
TOULOUSE-BLAGNAC,2024100618,0,15.6,86
TOULOUSE-BLAGNAC,2024100619,0,15.7,86
TOULOUSE-BLAGNAC,2024100620,0,15.8,86
TOULOUSE-BLAGNAC,2024100621,0.2,15.5,90
TOULOUSE-BLAGNAC,2024100622,0,15.4,92
TOULOUSE-BLAGNAC,2024100623,0,15.6,91
TOULOUSE-BLAGNAC,2024100700,0,15.3,92
TOULOUSE-BLAGNAC,2024100701,0,15.4,91
TOULOUSE-BLAGNAC,2024100702,0,15.7,91
TOULOUSE-BLAGNAC,2024100703,0,15.9,91
TOULOUSE-BLAGNAC,2024100704,0,16.2,90
TOULOUSE-BLAGNAC,2024100705,0.2,15.9,92
TOULOUSE-BLAGNAC,2024100706,0,16.1,92
TOULOUSE-BLAGNAC,2024100707,0,16.7,90
TOULOUSE-BLAGNAC,2024100708,0,17.3,89
TOULOUSE-BLAGNAC,2024100709,0,17.7,87
TOULOUSE-BLAGNAC,2024100710,0,18.1,86
TOULOUSE-BLAGNAC,2024100711,0,19.1,80
TOULOUSE-BLAGNAC,2024100712,0,19.9,78
TOULOUSE-BLAGNAC,2024100713,0,20.7,74
TOULOUSE-BLAGNAC,2024100714,0,21.6,70
TOULOUSE-BLAGNAC,2024100715,0,20.9,73
TOULOUSE-BLAGNAC,2024100716,0,20.7,76
TOULOUSE-BLAGNAC,2024100717,0,20.4,76
TOULOUSE-BLAGNAC,2024100718,0.6,19.7,83
TOULOUSE-BLAGNAC,2024100719,1.8,18.4,93
TOULOUSE-BLAGNAC,2024100720,1.8,18,95
TOULOUSE-BLAGNAC,2024100721,0,17.6,92
TOULOUSE-BLAGNAC,2024100722,0,17.6,94
TOULOUSE-BLAGNAC,2024100723,0.2,17.3,94
TOULOUSE-BLAGNAC,2024100800,0,17,94
TOULOUSE-BLAGNAC,2024100801,0,16.6,96
TOULOUSE-BLAGNAC,2024100802,0,16.3,97
TOULOUSE-BLAGNAC,2024100803,0,15.8,98
TOULOUSE-BLAGNAC,2024100804,0,15.9,98
TOULOUSE-BLAGNAC,2024100805,0,16,98
TOULOUSE-BLAGNAC,2024100806,0,15.6,98
TOULOUSE-BLAGNAC,2024100807,0,15.5,98
TOULOUSE-BLAGNAC,2024100808,0,16.7,97
TOULOUSE-BLAGNAC,2024100809,0,19,71
TOULOUSE-BLAGNAC,2024100810,0,20.6,62
TOULOUSE-BLAGNAC,2024100811,0,21.5,54
TOULOUSE-BLAGNAC,2024100812,0,22.2,51
TOULOUSE-BLAGNAC,2024100813,0,22.8,48
TOULOUSE-BLAGNAC,2024100814,0,22.9,48
TOULOUSE-BLAGNAC,2024100815,0,22.1,49
TOULOUSE-BLAGNAC,2024100816,0,21.8,50
TOULOUSE-BLAGNAC,2024100817,0,20.4,55
TOULOUSE-BLAGNAC,2024100818,0,18.8,63
TOULOUSE-BLAGNAC,2024100819,0,16.2,76
TOULOUSE-BLAGNAC,2024100820,0,15.6,78
TOULOUSE-BLAGNAC,2024100821,0,14.7,82
TOULOUSE-BLAGNAC,2024100822,0,14.3,85
TOULOUSE-BLAGNAC,2024100823,0,15.8,78
TOULOUSE-BLAGNAC,2024100900,0.2,16.4,77
TOULOUSE-BLAGNAC,2024100901,0,16.7,74
TOULOUSE-BLAGNAC,2024100902,0,17.5,72
TOULOUSE-BLAGNAC,2024100903,0,17.6,73
TOULOUSE-BLAGNAC,2024100904,0,17.1,77
TOULOUSE-BLAGNAC,2024100905,0,17.5,73
TOULOUSE-BLAGNAC,2024100906,0,17.2,77
TOULOUSE-BLAGNAC,2024100907,0,17.8,77
TOULOUSE-BLAGNAC,2024100908,0,19.4,70
TOULOUSE-BLAGNAC,2024100909,0,19.5,68
TOULOUSE-BLAGNAC,2024100910,0,21.7,62
TOULOUSE-BLAGNAC,2024100911,0,23.3,56
TOULOUSE-BLAGNAC,2024100912,0,23.3,57
TOULOUSE-BLAGNAC,2024100913,0.2,21.7,69
TOULOUSE-BLAGNAC,2024100914,1,20.1,80
TOULOUSE-BLAGNAC,2024100915,0,22,70
TOULOUSE-BLAGNAC,2024100916,0,22.2,66
TOULOUSE-BLAGNAC,2024100917,0,21.6,69
TOULOUSE-BLAGNAC,2024100918,0,18.9,78
TOULOUSE-BLAGNAC,2024100919,1,16.9,89
TOULOUSE-BLAGNAC,2024100920,0.2,16.2,86
TOULOUSE-BLAGNAC,2024100921,0,15.7,87
TOULOUSE-BLAGNAC,2024100922,0,15.4,84
TOULOUSE-BLAGNAC,2024100923,0,14.8,85
TOULOUSE-BLAGNAC,2024101000,0,14.5,89
TOULOUSE-BLAGNAC,2024101001,0,14.6,88
TOULOUSE-BLAGNAC,2024101002,0,14.2,89
TOULOUSE-BLAGNAC,2024101003,0,13.6,90
TOULOUSE-BLAGNAC,2024101004,0,13.9,87
TOULOUSE-BLAGNAC,2024101005,0,14.2,87
TOULOUSE-BLAGNAC,2024101006,0,14.1,88
TOULOUSE-BLAGNAC,2024101007,0,14.4,87
TOULOUSE-BLAGNAC,2024101008,0,14.7,85
TOULOUSE-BLAGNAC,2024101009,0.2,15.4,85
TOULOUSE-BLAGNAC,2024101010,0,16.8,78
TOULOUSE-BLAGNAC,2024101011,0,18,69
TOULOUSE-BLAGNAC,2024101012,0,17.2,75
TOULOUSE-BLAGNAC,2024101013,0,18.6,63
TOULOUSE-BLAGNAC,2024101014,0,18.9,61
TOULOUSE-BLAGNAC,2024101015,0,17.3,73
TOULOUSE-BLAGNAC,2024101016,0.2,15.4,76
TOULOUSE-BLAGNAC,2024101017,0,15.5,78
TOULOUSE-BLAGNAC,2024101018,0,15.3,81
TOULOUSE-BLAGNAC,2024101019,0,15.5,79
TOULOUSE-BLAGNAC,2024101020,0,15.2,79
TOULOUSE-BLAGNAC,2024101021,0,14.6,81
TOULOUSE-BLAGNAC,2024101022,0,13.6,84
TOULOUSE-BLAGNAC,2024101023,0,12.7,88
TOULOUSE-BLAGNAC,2024101100,0,12.4,90
TOULOUSE-BLAGNAC,2024101101,0,10.8,92
TOULOUSE-BLAGNAC,2024101102,0,10.6,94
TOULOUSE-BLAGNAC,2024101103,0,9.7,95
TOULOUSE-BLAGNAC,2024101104,0,9,95
TOULOUSE-BLAGNAC,2024101105,0,8.6,96
TOULOUSE-BLAGNAC,2024101106,0,8.7,97
TOULOUSE-BLAGNAC,2024101107,0,10.3,97
TOULOUSE-BLAGNAC,2024101108,0,11.7,95
TOULOUSE-BLAGNAC,2024101109,0,14.8,81
TOULOUSE-BLAGNAC,2024101110,0,17.2,68
TOULOUSE-BLAGNAC,2024101111,0,17.5,66
TOULOUSE-BLAGNAC,2024101112,0,18.4,63
TOULOUSE-BLAGNAC,2024101113,0,18.8,60
TOULOUSE-BLAGNAC,2024101114,0,19.5,51
TOULOUSE-BLAGNAC,2024101115,0,19.6,52
TOULOUSE-BLAGNAC,2024101116,0,19.4,50
TOULOUSE-BLAGNAC,2024101117,0,18.2,56
TOULOUSE-BLAGNAC,2024101118,0,16.9,61
TOULOUSE-BLAGNAC,2024101119,0,15.8,66
TOULOUSE-BLAGNAC,2024101120,0,15.2,68
TOULOUSE-BLAGNAC,2024101121,0,14.4,71
TOULOUSE-BLAGNAC,2024101122,0,14.4,73
TOULOUSE-BLAGNAC,2024101123,0,14.3,76
TOULOUSE-BLAGNAC,2024101200,0,14.9,83
TOULOUSE-BLAGNAC,2024101201,0,15.6,84
TOULOUSE-BLAGNAC,2024101202,0,15.9,84
TOULOUSE-BLAGNAC,2024101203,0,16,84
TOULOUSE-BLAGNAC,2024101204,0,16.3,83
TOULOUSE-BLAGNAC,2024101205,0,16.3,83
TOULOUSE-BLAGNAC,2024101206,0,16.4,81
TOULOUSE-BLAGNAC,2024101207,0,16.4,82
TOULOUSE-BLAGNAC,2024101208,0,17,80
TOULOUSE-BLAGNAC,2024101209,0,18,79
TOULOUSE-BLAGNAC,2024101210,0,18.6,77
TOULOUSE-BLAGNAC,2024101211,0,19.7,75
TOULOUSE-BLAGNAC,2024101212,0,20.6,72
TOULOUSE-BLAGNAC,2024101213,0,21.9,66
TOULOUSE-BLAGNAC,2024101214,0,22.7,63
TOULOUSE-BLAGNAC,2024101215,0,21.7,67
TOULOUSE-BLAGNAC,2024101216,0,22.1,63
TOULOUSE-BLAGNAC,2024101217,0,20.6,68
TOULOUSE-BLAGNAC,2024101218,0,19.1,74
TOULOUSE-BLAGNAC,2024101219,0,18.1,78
TOULOUSE-BLAGNAC,2024101220,0,17.4,83
TOULOUSE-BLAGNAC,2024101221,0,17.4,85
TOULOUSE-BLAGNAC,2024101222,0,17,85
TOULOUSE-BLAGNAC,2024101223,0,15.6,90
TOULOUSE-BLAGNAC,2024101300,0,14.7,93
TOULOUSE-BLAGNAC,2024101301,0,14.8,95
TOULOUSE-BLAGNAC,2024101302,0,14.3,95
TOULOUSE-BLAGNAC,2024101303,0,14.7,96
TOULOUSE-BLAGNAC,2024101304,0,13.4,96
TOULOUSE-BLAGNAC,2024101305,0,12.5,97
TOULOUSE-BLAGNAC,2024101306,0,12.9,98
TOULOUSE-BLAGNAC,2024101307,0,14.1,98
TOULOUSE-BLAGNAC,2024101308,0,16.4,98
TOULOUSE-BLAGNAC,2024101309,0,18.8,85
TOULOUSE-BLAGNAC,2024101310,0,21.7,74
TOULOUSE-BLAGNAC,2024101311,0,23,67
TOULOUSE-BLAGNAC,2024101312,0,23.6,64
TOULOUSE-BLAGNAC,2024101313,0,24.4,61
TOULOUSE-BLAGNAC,2024101314,0,24.8,59
TOULOUSE-BLAGNAC,2024101315,0,24.9,58
TOULOUSE-BLAGNAC,2024101316,0,24.5,61
TOULOUSE-BLAGNAC,2024101317,0,22.2,64
TOULOUSE-BLAGNAC,2024101318,0,20.5,74
TOULOUSE-BLAGNAC,2024101319,0,19.3,79
TOULOUSE-BLAGNAC,2024101320,0,18.7,81
TOULOUSE-BLAGNAC,2024101321,0,18.6,82
TOULOUSE-BLAGNAC,2024101322,0,17.9,85
TOULOUSE-BLAGNAC,2024101323,0,18,85
TOULOUSE-BLAGNAC,2024101400,0,17.5,87
TOULOUSE-BLAGNAC,2024101401,0,17.5,87
TOULOUSE-BLAGNAC,2024101402,0,17.4,88
TOULOUSE-BLAGNAC,2024101403,0,17.4,88
TOULOUSE-BLAGNAC,2024101404,0,17.5,87
TOULOUSE-BLAGNAC,2024101405,0,17.1,88
TOULOUSE-BLAGNAC,2024101406,0,16.9,90
TOULOUSE-BLAGNAC,2024101407,0,17.3,89
TOULOUSE-BLAGNAC,2024101408,0,18,86
TOULOUSE-BLAGNAC,2024101409,0,18.2,87
TOULOUSE-BLAGNAC,2024101410,0,19.6,83
TOULOUSE-BLAGNAC,2024101411,0,20.3,78
TOULOUSE-BLAGNAC,2024101412,0,20.5,78
TOULOUSE-BLAGNAC,2024101413,0,20.2,79
TOULOUSE-BLAGNAC,2024101414,0,20,79
TOULOUSE-BLAGNAC,2024101415,0,20.6,76
TOULOUSE-BLAGNAC,2024101416,0,19.9,79
TOULOUSE-BLAGNAC,2024101417,0,18.8,85
TOULOUSE-BLAGNAC,2024101418,0,18.4,86
TOULOUSE-BLAGNAC,2024101419,0,18,88
TOULOUSE-BLAGNAC,2024101420,0,18.2,85
TOULOUSE-BLAGNAC,2024101421,0,18.4,86
TOULOUSE-BLAGNAC,2024101422,0,18.9,84
TOULOUSE-BLAGNAC,2024101423,0,19.2,82
TOULOUSE-BLAGNAC,2024101500,0,19.3,81
TOULOUSE-BLAGNAC,2024101501,0,19.4,82
TOULOUSE-BLAGNAC,2024101502,0,19,83
TOULOUSE-BLAGNAC,2024101503,0,18.9,81
TOULOUSE-BLAGNAC,2024101504,0,18.5,82
TOULOUSE-BLAGNAC,2024101505,0,18.1,84
TOULOUSE-BLAGNAC,2024101506,0,18,81
TOULOUSE-BLAGNAC,2024101507,0,18.4,82
TOULOUSE-BLAGNAC,2024101508,0,19.7,77
TOULOUSE-BLAGNAC,2024101509,0,20.5,73
TOULOUSE-BLAGNAC,2024101510,0,21.7,71
TOULOUSE-BLAGNAC,2024101511,0,20.8,74
TOULOUSE-BLAGNAC,2024101512,0,22.9,66
TOULOUSE-BLAGNAC,2024101513,0,22.2,70
TOULOUSE-BLAGNAC,2024101514,0,22.1,68
TOULOUSE-BLAGNAC,2024101515,0,20.7,73
TOULOUSE-BLAGNAC,2024101516,0,20.3,77
TOULOUSE-BLAGNAC,2024101517,0,20.1,78
TOULOUSE-BLAGNAC,2024101518,0,20,80
TOULOUSE-BLAGNAC,2024101519,0,19.9,83
TOULOUSE-BLAGNAC,2024101520,0,19.5,85
TOULOUSE-BLAGNAC,2024101521,0,19.7,84
TOULOUSE-BLAGNAC,2024101522,0,19.8,84
TOULOUSE-BLAGNAC,2024101523,0,19.9,83
TOULOUSE-BLAGNAC,2024101600,0,20,83
TOULOUSE-BLAGNAC,2024101601,0,19.7,83
TOULOUSE-BLAGNAC,2024101602,0,19.4,84
TOULOUSE-BLAGNAC,2024101603,0,19.2,84
TOULOUSE-BLAGNAC,2024101604,0,19.5,82
TOULOUSE-BLAGNAC,2024101605,0,19.2,81
TOULOUSE-BLAGNAC,2024101606,0,18.7,82
TOULOUSE-BLAGNAC,2024101607,0,19.5,78
TOULOUSE-BLAGNAC,2024101608,0,21.3,69
TOULOUSE-BLAGNAC,2024101609,0,23.7,61
TOULOUSE-BLAGNAC,2024101610,0,23,61
TOULOUSE-BLAGNAC,2024101611,0,23.4,60
TOULOUSE-BLAGNAC,2024101612,0,24.4,57
TOULOUSE-BLAGNAC,2024101613,0,25,56
TOULOUSE-BLAGNAC,2024101614,0,23.9,64
TOULOUSE-BLAGNAC,2024101615,0,23.5,67
TOULOUSE-BLAGNAC,2024101616,0.2,22.9,70
TOULOUSE-BLAGNAC,2024101617,0,22.5,75
TOULOUSE-BLAGNAC,2024101618,0,21.3,84
TOULOUSE-BLAGNAC,2024101619,0,20.7,84
TOULOUSE-BLAGNAC,2024101620,0,20,83
TOULOUSE-BLAGNAC,2024101621,0,19.5,85
TOULOUSE-BLAGNAC,2024101622,0,18.8,88
TOULOUSE-BLAGNAC,2024101623,0,18.9,89
TOULOUSE-BLAGNAC,2024101700,0,18.6,90
TOULOUSE-BLAGNAC,2024101701,0,17.8,90
TOULOUSE-BLAGNAC,2024101702,0,18,94
TOULOUSE-BLAGNAC,2024101703,0.4,17.9,95
TOULOUSE-BLAGNAC,2024101704,0,18,97
TOULOUSE-BLAGNAC,2024101705,0.2,17.8,96
TOULOUSE-BLAGNAC,2024101706,0.2,17.4,96
TOULOUSE-BLAGNAC,2024101707,0,17.7,97
TOULOUSE-BLAGNAC,2024101708,0,18.1,96
TOULOUSE-BLAGNAC,2024101709,0,18.1,94
TOULOUSE-BLAGNAC,2024101710,0,18.5,93
TOULOUSE-BLAGNAC,2024101711,0,17.7,93
TOULOUSE-BLAGNAC,2024101712,0.2,16.5,91
TOULOUSE-BLAGNAC,2024101713,3.8,15.2,93
TOULOUSE-BLAGNAC,2024101714,3.7,15.7,93
TOULOUSE-BLAGNAC,2024101715,3,15.5,95
TOULOUSE-BLAGNAC,2024101716,2.8,14.2,94
TOULOUSE-BLAGNAC,2024101717,5.9,13,95
TOULOUSE-BLAGNAC,2024101718,3.8,12.6,95
TOULOUSE-BLAGNAC,2024101719,1.8,12.7,94
TOULOUSE-BLAGNAC,2024101720,3.1,11.8,93
TOULOUSE-BLAGNAC,2024101721,2.2,11.5,94
TOULOUSE-BLAGNAC,2024101722,3.8,11.6,95
TOULOUSE-BLAGNAC,2024101723,2.8,11.9,95
TOULOUSE-BLAGNAC,2024101800,0.9,12.2,95
TOULOUSE-BLAGNAC,2024101801,2.4,12,95
TOULOUSE-BLAGNAC,2024101802,1.4,12.1,95
TOULOUSE-BLAGNAC,2024101803,2,12.4,94
TOULOUSE-BLAGNAC,2024101804,2.2,12,92
TOULOUSE-BLAGNAC,2024101805,1.2,11.9,90
TOULOUSE-BLAGNAC,2024101806,2.2,12,92
TOULOUSE-BLAGNAC,2024101807,0.7,12.5,93
TOULOUSE-BLAGNAC,2024101808,1.2,12.6,94
TOULOUSE-BLAGNAC,2024101809,2.8,12.9,93
TOULOUSE-BLAGNAC,2024101810,2.4,13.1,90
TOULOUSE-BLAGNAC,2024101811,0,13.6,89
TOULOUSE-BLAGNAC,2024101812,0.2,13.9,88
TOULOUSE-BLAGNAC,2024101813,3,13.7,93
TOULOUSE-BLAGNAC,2024101814,2.5,14,94
TOULOUSE-BLAGNAC,2024101815,0.4,14.5,90
TOULOUSE-BLAGNAC,2024101816,0,14.2,91
TOULOUSE-BLAGNAC,2024101817,0.4,13.7,93
TOULOUSE-BLAGNAC,2024101818,0,13.6,90
TOULOUSE-BLAGNAC,2024101819,0,13.5,89
TOULOUSE-BLAGNAC,2024101820,0,13.5,92
TOULOUSE-BLAGNAC,2024101821,0,13.6,91
TOULOUSE-BLAGNAC,2024101822,0.6,13.5,91
TOULOUSE-BLAGNAC,2024101823,0,12.8,92
TOULOUSE-BLAGNAC,2024101900,0,12.3,93
TOULOUSE-BLAGNAC,2024101901,0,11.6,94
TOULOUSE-BLAGNAC,2024101902,0.4,10.5,95
TOULOUSE-BLAGNAC,2024101903,0,10.6,97
TOULOUSE-BLAGNAC,2024101904,0,9.4,97
TOULOUSE-BLAGNAC,2024101905,0,9.7,98
TOULOUSE-BLAGNAC,2024101906,0,9.4,98
TOULOUSE-BLAGNAC,2024101907,0,10.4,98
TOULOUSE-BLAGNAC,2024101908,0,11.3,98
TOULOUSE-BLAGNAC,2024101909,0,12.2,94
TOULOUSE-BLAGNAC,2024101910,0,12.9,88
TOULOUSE-BLAGNAC,2024101911,0,14.8,80
TOULOUSE-BLAGNAC,2024101912,0,17.2,67
TOULOUSE-BLAGNAC,2024101913,0,18.2,61
TOULOUSE-BLAGNAC,2024101914,0,19.6,58
TOULOUSE-BLAGNAC,2024101915,0,19.6,60
TOULOUSE-BLAGNAC,2024101916,0,19,60
TOULOUSE-BLAGNAC,2024101917,0,17.7,66
TOULOUSE-BLAGNAC,2024101918,0,16.3,78
TOULOUSE-BLAGNAC,2024101919,0,15.5,82
TOULOUSE-BLAGNAC,2024101920,0,15.3,83
TOULOUSE-BLAGNAC,2024101921,0,14.4,87
TOULOUSE-BLAGNAC,2024101922,0,13.9,91
TOULOUSE-BLAGNAC,2024101923,0,13.9,91
TOULOUSE-BLAGNAC,2024102000,0,13.3,92
TOULOUSE-BLAGNAC,2024102001,0,12.5,94
TOULOUSE-BLAGNAC,2024102002,0,12.3,95
TOULOUSE-BLAGNAC,2024102003,0,10.7,95
TOULOUSE-BLAGNAC,2024102004,0,11.7,97
TOULOUSE-BLAGNAC,2024102005,0,12.2,97
TOULOUSE-BLAGNAC,2024102006,0,11.8,96
TOULOUSE-BLAGNAC,2024102007,0,12.3,97
TOULOUSE-BLAGNAC,2024102008,0,14.2,91
TOULOUSE-BLAGNAC,2024102009,0,16.8,78
TOULOUSE-BLAGNAC,2024102010,0,19.1,67
TOULOUSE-BLAGNAC,2024102011,0,20.8,60
TOULOUSE-BLAGNAC,2024102012,0,22.6,55
TOULOUSE-BLAGNAC,2024102013,0,23.3,50
TOULOUSE-BLAGNAC,2024102014,0,23.6,53
TOULOUSE-BLAGNAC,2024102015,0,22.7,56
TOULOUSE-BLAGNAC,2024102016,0,22.5,58
TOULOUSE-BLAGNAC,2024102017,0,20.8,63
TOULOUSE-BLAGNAC,2024102018,0,18.8,71
TOULOUSE-BLAGNAC,2024102019,0,17.5,78
TOULOUSE-BLAGNAC,2024102020,0,16.2,86
TOULOUSE-BLAGNAC,2024102021,0,16.9,85
TOULOUSE-BLAGNAC,2024102022,0,16.4,79
TOULOUSE-BLAGNAC,2024102023,0,16.4,75
TOULOUSE-BLAGNAC,2024102100,0,15.4,78
TOULOUSE-BLAGNAC,2024102101,0,14.1,80
TOULOUSE-BLAGNAC,2024102102,0,14.6,78
TOULOUSE-BLAGNAC,2024102103,0,14.1,78
TOULOUSE-BLAGNAC,2024102104,0,13.7,80
TOULOUSE-BLAGNAC,2024102105,0,13.1,83
TOULOUSE-BLAGNAC,2024102106,0,13.1,87
TOULOUSE-BLAGNAC,2024102107,0,15.5,82
TOULOUSE-BLAGNAC,2024102108,0,18.7,72
TOULOUSE-BLAGNAC,2024102109,0,20.8,65
TOULOUSE-BLAGNAC,2024102110,0,22.3,59
TOULOUSE-BLAGNAC,2024102111,0,23.2,58
TOULOUSE-BLAGNAC,2024102112,0,23.6,60
TOULOUSE-BLAGNAC,2024102113,0,23.4,61
TOULOUSE-BLAGNAC,2024102114,0,23.3,61
TOULOUSE-BLAGNAC,2024102115,0,22.6,63
TOULOUSE-BLAGNAC,2024102116,0,22.4,64
TOULOUSE-BLAGNAC,2024102117,0,20.8,69
TOULOUSE-BLAGNAC,2024102118,0,19.3,76
TOULOUSE-BLAGNAC,2024102119,0,18.1,82
TOULOUSE-BLAGNAC,2024102120,0,18.2,84
TOULOUSE-BLAGNAC,2024102121,0.2,18,86
TOULOUSE-BLAGNAC,2024102122,0,18.1,85
TOULOUSE-BLAGNAC,2024102123,0.2,16.6,94
TOULOUSE-BLAGNAC,2024102200,0.4,16.4,95
TOULOUSE-BLAGNAC,2024102201,0.4,16.4,94
TOULOUSE-BLAGNAC,2024102202,0.2,16.3,95
TOULOUSE-BLAGNAC,2024102203,0,16.1,94
TOULOUSE-BLAGNAC,2024102204,0.4,15.9,96
TOULOUSE-BLAGNAC,2024102205,1,15.7,96
TOULOUSE-BLAGNAC,2024102206,0,15.4,96
TOULOUSE-BLAGNAC,2024102207,0,15.4,95
TOULOUSE-BLAGNAC,2024102208,0,15.6,94
TOULOUSE-BLAGNAC,2024102209,0.8,15.9,95
TOULOUSE-BLAGNAC,2024102210,0.8,16.3,94
TOULOUSE-BLAGNAC,2024102211,0.2,16.8,87
TOULOUSE-BLAGNAC,2024102212,0,17.5,82
TOULOUSE-BLAGNAC,2024102213,0,17.8,79
TOULOUSE-BLAGNAC,2024102214,0,18,78
TOULOUSE-BLAGNAC,2024102215,0,17.9,77
TOULOUSE-BLAGNAC,2024102216,0,17.6,77
TOULOUSE-BLAGNAC,2024102217,0,16.9,82
TOULOUSE-BLAGNAC,2024102218,0,16.1,86
TOULOUSE-BLAGNAC,2024102219,0,15.4,88
TOULOUSE-BLAGNAC,2024102220,0,15,90
TOULOUSE-BLAGNAC,2024102221,0,14.5,92
TOULOUSE-BLAGNAC,2024102222,0,14.1,93
TOULOUSE-BLAGNAC,2024102223,0,13.9,93
TOULOUSE-BLAGNAC,2024102300,0,13.4,94
TOULOUSE-BLAGNAC,2024102301,0,13.3,94
TOULOUSE-BLAGNAC,2024102302,0,13,94
TOULOUSE-BLAGNAC,2024102303,0,12.2,95
TOULOUSE-BLAGNAC,2024102304,0,11.7,95
TOULOUSE-BLAGNAC,2024102305,0,11.1,95
TOULOUSE-BLAGNAC,2024102306,0,11.1,96
TOULOUSE-BLAGNAC,2024102307,0,11,96
TOULOUSE-BLAGNAC,2024102308,0,12.3,95
TOULOUSE-BLAGNAC,2024102309,0,13.6,90
TOULOUSE-BLAGNAC,2024102310,0,15.5,83
TOULOUSE-BLAGNAC,2024102311,0,16.2,79
TOULOUSE-BLAGNAC,2024102312,0,18.3,71
TOULOUSE-BLAGNAC,2024102313,0,17.8,74
TOULOUSE-BLAGNAC,2024102314,0,18.1,74
TOULOUSE-BLAGNAC,2024102315,0,19.1,71
TOULOUSE-BLAGNAC,2024102316,0,18.1,75
TOULOUSE-BLAGNAC,2024102317,0,16.6,82
TOULOUSE-BLAGNAC,2024102318,0,15.6,87
TOULOUSE-BLAGNAC,2024102319,0,15,89
TOULOUSE-BLAGNAC,2024102320,0,14.1,90
TOULOUSE-BLAGNAC,2024102321,0,13.7,92
TOULOUSE-BLAGNAC,2024102322,0,13,94
TOULOUSE-BLAGNAC,2024102323,0,12.5,96
TOULOUSE-BLAGNAC,2024102400,0,11.7,96
TOULOUSE-BLAGNAC,2024102401,0,12.2,97
TOULOUSE-BLAGNAC,2024102402,0,12,97
TOULOUSE-BLAGNAC,2024102403,0,13.7,98
TOULOUSE-BLAGNAC,2024102404,0,14.7,96
TOULOUSE-BLAGNAC,2024102405,0,15.1,93
TOULOUSE-BLAGNAC,2024102406,0,15.6,90
TOULOUSE-BLAGNAC,2024102407,0,15.4,88
TOULOUSE-BLAGNAC,2024102408,0,15.9,89
TOULOUSE-BLAGNAC,2024102409,0,17.5,84
TOULOUSE-BLAGNAC,2024102410,0,19,78
TOULOUSE-BLAGNAC,2024102411,0,20.1,74
TOULOUSE-BLAGNAC,2024102412,0,21.3,67
TOULOUSE-BLAGNAC,2024102413,0,21.9,65
TOULOUSE-BLAGNAC,2024102414,0,21.9,63
TOULOUSE-BLAGNAC,2024102415,0,21.6,65
TOULOUSE-BLAGNAC,2024102416,0,20.5,63
TOULOUSE-BLAGNAC,2024102417,0,19.1,71
TOULOUSE-BLAGNAC,2024102418,0,17.9,79
TOULOUSE-BLAGNAC,2024102419,0,17.2,84
TOULOUSE-BLAGNAC,2024102420,0,16.9,86
TOULOUSE-BLAGNAC,2024102421,0,16.7,87
TOULOUSE-BLAGNAC,2024102422,0,16.6,87
TOULOUSE-BLAGNAC,2024102423,0,16.5,88
TOULOUSE-BLAGNAC,2024102500,0,16.2,89
TOULOUSE-BLAGNAC,2024102501,0,16,90
TOULOUSE-BLAGNAC,2024102502,0.2,15.9,91
TOULOUSE-BLAGNAC,2024102503,0,15.9,91
TOULOUSE-BLAGNAC,2024102504,0,15.9,92
TOULOUSE-BLAGNAC,2024102505,0,16.1,91
TOULOUSE-BLAGNAC,2024102506,0,16.1,91
TOULOUSE-BLAGNAC,2024102507,0,16.6,88
TOULOUSE-BLAGNAC,2024102508,0,17.7,85
TOULOUSE-BLAGNAC,2024102509,0,17.3,86
TOULOUSE-BLAGNAC,2024102510,0,17.6,81
TOULOUSE-BLAGNAC,2024102511,0,18.5,77
TOULOUSE-BLAGNAC,2024102512,0,18.9,73
TOULOUSE-BLAGNAC,2024102513,0,18.5,71
TOULOUSE-BLAGNAC,2024102514,0,18.3,74
TOULOUSE-BLAGNAC,2024102515,0,18.3,75
TOULOUSE-BLAGNAC,2024102516,0,17.4,77
TOULOUSE-BLAGNAC,2024102517,0,16.7,82
TOULOUSE-BLAGNAC,2024102518,0,15.6,89
TOULOUSE-BLAGNAC,2024102519,0,15.2,91
TOULOUSE-BLAGNAC,2024102520,0,13.9,91
TOULOUSE-BLAGNAC,2024102521,0.4,13.7,93
TOULOUSE-BLAGNAC,2024102522,1,13.4,94
TOULOUSE-BLAGNAC,2024102523,0.4,13,95
TOULOUSE-BLAGNAC,2024102600,0,12.5,95
TOULOUSE-BLAGNAC,2024102601,0,12.6,95
TOULOUSE-BLAGNAC,2024102602,0,12.5,95
TOULOUSE-BLAGNAC,2024102603,0,12.4,94
TOULOUSE-BLAGNAC,2024102604,0,12.5,94
TOULOUSE-BLAGNAC,2024102605,0,12.2,95
TOULOUSE-BLAGNAC,2024102606,0,12.2,96
TOULOUSE-BLAGNAC,2024102607,0,12.2,97
TOULOUSE-BLAGNAC,2024102608,0.2,12.3,96
TOULOUSE-BLAGNAC,2024102609,0,12.8,95
TOULOUSE-BLAGNAC,2024102610,0,12.7,94
TOULOUSE-BLAGNAC,2024102611,0,12.9,95
TOULOUSE-BLAGNAC,2024102612,0,13,95
TOULOUSE-BLAGNAC,2024102613,0.2,13.4,95
TOULOUSE-BLAGNAC,2024102614,0,13.4,92
TOULOUSE-BLAGNAC,2024102615,0,13.5,92
TOULOUSE-BLAGNAC,2024102616,0,13.6,90
TOULOUSE-BLAGNAC,2024102617,0.2,13,94
TOULOUSE-BLAGNAC,2024102618,0,12.8,95
TOULOUSE-BLAGNAC,2024102619,0,12.7,96
TOULOUSE-BLAGNAC,2024102620,0.4,12.4,97
TOULOUSE-BLAGNAC,2024102621,0,12.5,96
TOULOUSE-BLAGNAC,2024102622,0.2,12.3,95
TOULOUSE-BLAGNAC,2024102623,0.2,12.3,95
TOULOUSE-BLAGNAC,2024102700,0,12.3,95
TOULOUSE-BLAGNAC,2024102701,0,12.1,94
TOULOUSE-BLAGNAC,2024102702,0,12.1,95
TOULOUSE-BLAGNAC,2024102703,0.2,12,95
TOULOUSE-BLAGNAC,2024102704,0,11.9,95
TOULOUSE-BLAGNAC,2024102705,0,11.8,95
TOULOUSE-BLAGNAC,2024102706,0,11.7,96
TOULOUSE-BLAGNAC,2024102707,0,11.7,95
TOULOUSE-BLAGNAC,2024102708,0,11.9,95
TOULOUSE-BLAGNAC,2024102709,0,12.2,94
TOULOUSE-BLAGNAC,2024102710,0,12.9,89
TOULOUSE-BLAGNAC,2024102711,0,13.4,86
TOULOUSE-BLAGNAC,2024102712,0,15.2,79
TOULOUSE-BLAGNAC,2024102713,0,15.4,76
TOULOUSE-BLAGNAC,2024102714,0,15.9,75
TOULOUSE-BLAGNAC,2024102715,0,15.6,76
TOULOUSE-BLAGNAC,2024102716,0,15.7,74
TOULOUSE-BLAGNAC,2024102717,0,14.8,77
TOULOUSE-BLAGNAC,2024102718,0,14.4,84
TOULOUSE-BLAGNAC,2024102719,0,13.2,90
TOULOUSE-BLAGNAC,2024102720,0,12.3,91
TOULOUSE-BLAGNAC,2024102721,0,12.5,94
TOULOUSE-BLAGNAC,2024102722,0,12.6,91
TOULOUSE-BLAGNAC,2024102723,0,12.5,91
TOULOUSE-BLAGNAC,2024102800,0,12.4,92
TOULOUSE-BLAGNAC,2024102801,0,12,95
TOULOUSE-BLAGNAC,2024102802,0,12.4,94
TOULOUSE-BLAGNAC,2024102803,0,12.4,94
TOULOUSE-BLAGNAC,2024102804,0,12.5,95
TOULOUSE-BLAGNAC,2024102805,0,12.7,94
TOULOUSE-BLAGNAC,2024102806,0,12.6,95
TOULOUSE-BLAGNAC,2024102807,0,12.6,95
TOULOUSE-BLAGNAC,2024102808,0,13,93
TOULOUSE-BLAGNAC,2024102809,0,13.9,90
TOULOUSE-BLAGNAC,2024102810,0,15.2,85
TOULOUSE-BLAGNAC,2024102811,0,15.7,84
TOULOUSE-BLAGNAC,2024102812,0,16.6,83
TOULOUSE-BLAGNAC,2024102813,0,16.3,85
TOULOUSE-BLAGNAC,2024102814,0,16.5,86
TOULOUSE-BLAGNAC,2024102815,0,17.4,84
TOULOUSE-BLAGNAC,2024102816,0,16.6,86
TOULOUSE-BLAGNAC,2024102817,0,16,89
TOULOUSE-BLAGNAC,2024102818,0.6,15.4,95
TOULOUSE-BLAGNAC,2024102819,0,15.1,95
TOULOUSE-BLAGNAC,2024102820,0.2,14.9,96
TOULOUSE-BLAGNAC,2024102821,0.8,14.9,96
TOULOUSE-BLAGNAC,2024102822,0,14.7,96
TOULOUSE-BLAGNAC,2024102823,0,14.7,97
TOULOUSE-BLAGNAC,2024102900,0,14.5,97
TOULOUSE-BLAGNAC,2024102901,0,14.4,97
TOULOUSE-BLAGNAC,2024102902,0,14.3,98
TOULOUSE-BLAGNAC,2024102903,0,14.4,98
TOULOUSE-BLAGNAC,2024102904,0,14.4,98
TOULOUSE-BLAGNAC,2024102905,0,14.5,98
TOULOUSE-BLAGNAC,2024102906,0.2,14.5,98
TOULOUSE-BLAGNAC,2024102907,0.2,14.5,98
TOULOUSE-BLAGNAC,2024102908,0,14.9,99
TOULOUSE-BLAGNAC,2024102909,0,15.1,99
TOULOUSE-BLAGNAC,2024102910,0,15.4,98
TOULOUSE-BLAGNAC,2024102911,0,15.9,98
TOULOUSE-BLAGNAC,2024102912,0,16.3,96
TOULOUSE-BLAGNAC,2024102913,0,16.7,94
TOULOUSE-BLAGNAC,2024102914,0,17,92
TOULOUSE-BLAGNAC,2024102915,0,17.5,90
TOULOUSE-BLAGNAC,2024102916,0,17.4,89
TOULOUSE-BLAGNAC,2024102917,0,17.3,91
TOULOUSE-BLAGNAC,2024102918,0,16.6,94
TOULOUSE-BLAGNAC,2024102919,0,16.5,95
TOULOUSE-BLAGNAC,2024102920,0,16.5,93
TOULOUSE-BLAGNAC,2024102921,0,15.3,95
TOULOUSE-BLAGNAC,2024102922,0,15.6,94
TOULOUSE-BLAGNAC,2024102923,0,14.3,96
TOULOUSE-BLAGNAC,2024103000,0,14.3,96
TOULOUSE-BLAGNAC,2024103001,0,12,97
TOULOUSE-BLAGNAC,2024103002,0,12.2,98
TOULOUSE-BLAGNAC,2024103003,0,12.1,98
TOULOUSE-BLAGNAC,2024103004,0,11.5,99
TOULOUSE-BLAGNAC,2024103005,0,12,99
TOULOUSE-BLAGNAC,2024103006,0,11.4,98
TOULOUSE-BLAGNAC,2024103007,0.2,12.2,98
TOULOUSE-BLAGNAC,2024103008,0,13.8,99
TOULOUSE-BLAGNAC,2024103009,0,15.6,94
TOULOUSE-BLAGNAC,2024103010,0,18.6,79
TOULOUSE-BLAGNAC,2024103011,0,19.7,75
TOULOUSE-BLAGNAC,2024103012,0,19.8,73
TOULOUSE-BLAGNAC,2024103013,0,21.2,64
TOULOUSE-BLAGNAC,2024103014,0,21.4,65
TOULOUSE-BLAGNAC,2024103015,0,20.4,67
TOULOUSE-BLAGNAC,2024103016,0,19.6,70
TOULOUSE-BLAGNAC,2024103017,0,18.8,75
TOULOUSE-BLAGNAC,2024103018,0,17.9,79
TOULOUSE-BLAGNAC,2024103019,0,17.6,84
TOULOUSE-BLAGNAC,2024103020,0,17.7,82
TOULOUSE-BLAGNAC,2024103021,0,17.1,81
TOULOUSE-BLAGNAC,2024103022,0,16.7,84
TOULOUSE-BLAGNAC,2024103023,0,16,86
TOULOUSE-BLAGNAC,2024103100,0,16.8,85
TOULOUSE-BLAGNAC,2024103101,0,15.8,87
TOULOUSE-BLAGNAC,2024103102,0,14.8,90
TOULOUSE-BLAGNAC,2024103103,0,13.2,91
TOULOUSE-BLAGNAC,2024103104,0,13.8,93
TOULOUSE-BLAGNAC,2024103105,0,12.2,93
TOULOUSE-BLAGNAC,2024103106,0,14.5,93
TOULOUSE-BLAGNAC,2024103107,0,16.2,90
TOULOUSE-BLAGNAC,2024103108,0,17.7,85
TOULOUSE-BLAGNAC,2024103109,0,18.4,79
TOULOUSE-BLAGNAC,2024103110,0,19,78
TOULOUSE-BLAGNAC,2024103111,0,21,72
TOULOUSE-BLAGNAC,2024103112,0,21.5,70
TOULOUSE-BLAGNAC,2024103113,0,20.8,71
TOULOUSE-BLAGNAC,2024103114,0,20.4,72
TOULOUSE-BLAGNAC,2024103115,0,20.6,69
TOULOUSE-BLAGNAC,2024103116,0,20.3,70
TOULOUSE-BLAGNAC,2024103117,0,19.5,72
TOULOUSE-BLAGNAC,2024103118,0,18.9,72
TOULOUSE-BLAGNAC,2024103119,0,18,74
TOULOUSE-BLAGNAC,2024103120,0,16.5,80
TOULOUSE-BLAGNAC,2024103121,0,15.3,83
TOULOUSE-BLAGNAC,2024103122,0,15,83
TOULOUSE-BLAGNAC,2024103123,0,14.4,84
TOULOUSE-BLAGNAC,2024110100,0,14.9,80
TOULOUSE-BLAGNAC,2024110101,0,14.8,80
TOULOUSE-BLAGNAC,2024110102,0,13.3,84
TOULOUSE-BLAGNAC,2024110103,0,12.1,92
TOULOUSE-BLAGNAC,2024110104,0,11.1,91
TOULOUSE-BLAGNAC,2024110105,0,11.6,91
TOULOUSE-BLAGNAC,2024110106,0,13,88
TOULOUSE-BLAGNAC,2024110107,0,12.7,87
TOULOUSE-BLAGNAC,2024110108,0,15.1,82
TOULOUSE-BLAGNAC,2024110109,0,17,72
TOULOUSE-BLAGNAC,2024110110,0,19,66
TOULOUSE-BLAGNAC,2024110111,0,20.5,58
TOULOUSE-BLAGNAC,2024110112,0,21.5,54
TOULOUSE-BLAGNAC,2024110113,0,21.9,51
TOULOUSE-BLAGNAC,2024110114,0,21.9,54
TOULOUSE-BLAGNAC,2024110115,0,21.3,56
TOULOUSE-BLAGNAC,2024110116,0,20.1,61
TOULOUSE-BLAGNAC,2024110117,0,18.7,60
TOULOUSE-BLAGNAC,2024110118,0,17.8,62
TOULOUSE-BLAGNAC,2024110119,0,17.1,65
TOULOUSE-BLAGNAC,2024110120,0,15.6,73
TOULOUSE-BLAGNAC,2024110121,0,14.1,79
TOULOUSE-BLAGNAC,2024110122,0,13.9,81
TOULOUSE-BLAGNAC,2024110123,0,12.8,85
TOULOUSE-BLAGNAC,2024110200,0,11.8,81
TOULOUSE-BLAGNAC,2024110201,0,10.4,88
TOULOUSE-BLAGNAC,2024110202,0,10.2,92
TOULOUSE-BLAGNAC,2024110203,0,10,92
TOULOUSE-BLAGNAC,2024110204,0,9.4,91
TOULOUSE-BLAGNAC,2024110205,0,9,93
TOULOUSE-BLAGNAC,2024110206,0,9.5,94
TOULOUSE-BLAGNAC,2024110207,0,8.4,94
TOULOUSE-BLAGNAC,2024110208,0,10.7,91
TOULOUSE-BLAGNAC,2024110209,0,14.4,73
TOULOUSE-BLAGNAC,2024110210,0,16.6,67
TOULOUSE-BLAGNAC,2024110211,0,18.5,62
TOULOUSE-BLAGNAC,2024110212,0,20.5,56
TOULOUSE-BLAGNAC,2024110213,0,19.6,55
TOULOUSE-BLAGNAC,2024110214,0,19.2,61
TOULOUSE-BLAGNAC,2024110215,0,18.4,64
TOULOUSE-BLAGNAC,2024110216,0,18.6,62
TOULOUSE-BLAGNAC,2024110217,0,16.5,71
TOULOUSE-BLAGNAC,2024110218,0,16.2,71
TOULOUSE-BLAGNAC,2024110219,0,17,63
TOULOUSE-BLAGNAC,2024110220,0,15.9,71
TOULOUSE-BLAGNAC,2024110221,0,13.5,79
TOULOUSE-BLAGNAC,2024110222,0,13.1,81
TOULOUSE-BLAGNAC,2024110223,0,12.1,86
TOULOUSE-BLAGNAC,2024110300,0,11.5,85
TOULOUSE-BLAGNAC,2024110301,0,12.3,91
TOULOUSE-BLAGNAC,2024110302,0,15.5,90
TOULOUSE-BLAGNAC,2024110303,0,15.2,89
TOULOUSE-BLAGNAC,2024110304,0,14.5,90
TOULOUSE-BLAGNAC,2024110305,0,14.3,90
TOULOUSE-BLAGNAC,2024110306,0,13.7,84
TOULOUSE-BLAGNAC,2024110307,0,13.8,82
TOULOUSE-BLAGNAC,2024110308,0,15.6,77
TOULOUSE-BLAGNAC,2024110309,0,17.6,75
TOULOUSE-BLAGNAC,2024110310,0,18.9,72
TOULOUSE-BLAGNAC,2024110311,0,19.1,72
TOULOUSE-BLAGNAC,2024110312,0,19.7,72
TOULOUSE-BLAGNAC,2024110313,0,19.7,71
TOULOUSE-BLAGNAC,2024110314,0,20.4,71
TOULOUSE-BLAGNAC,2024110315,0,19.1,74
TOULOUSE-BLAGNAC,2024110316,0,18.1,77
TOULOUSE-BLAGNAC,2024110317,0,16.7,82
TOULOUSE-BLAGNAC,2024110318,0,15.9,86
TOULOUSE-BLAGNAC,2024110319,0,15.6,87
TOULOUSE-BLAGNAC,2024110320,0,15.9,84
TOULOUSE-BLAGNAC,2024110321,0,15.5,84
TOULOUSE-BLAGNAC,2024110322,0,14.5,86
TOULOUSE-BLAGNAC,2024110323,0,14.8,89
TOULOUSE-BLAGNAC,2024110400,0,14.3,88
TOULOUSE-BLAGNAC,2024110401,0,13.1,91
TOULOUSE-BLAGNAC,2024110402,0,14,91
TOULOUSE-BLAGNAC,2024110403,0,14.4,92
TOULOUSE-BLAGNAC,2024110404,0,15.3,90
TOULOUSE-BLAGNAC,2024110405,0,14.4,88
TOULOUSE-BLAGNAC,2024110406,0,16.1,89
TOULOUSE-BLAGNAC,2024110407,0,16.3,88
TOULOUSE-BLAGNAC,2024110408,0,16.7,87
TOULOUSE-BLAGNAC,2024110409,0,17.1,85
TOULOUSE-BLAGNAC,2024110410,0,18.7,78
TOULOUSE-BLAGNAC,2024110411,0,19.7,74
TOULOUSE-BLAGNAC,2024110412,0,19.2,74
TOULOUSE-BLAGNAC,2024110413,0,20.6,71
TOULOUSE-BLAGNAC,2024110414,0,20.3,71
TOULOUSE-BLAGNAC,2024110415,0,19.2,75
TOULOUSE-BLAGNAC,2024110416,0,18.6,78
TOULOUSE-BLAGNAC,2024110417,0,18,80
TOULOUSE-BLAGNAC,2024110418,0,17,84
TOULOUSE-BLAGNAC,2024110419,0,16.7,86
TOULOUSE-BLAGNAC,2024110420,0,16.3,87
TOULOUSE-BLAGNAC,2024110421,0,16.2,90
TOULOUSE-BLAGNAC,2024110422,0,16.1,91
TOULOUSE-BLAGNAC,2024110423,0,16,91
TOULOUSE-BLAGNAC,2024110500,0,16.4,90
TOULOUSE-BLAGNAC,2024110501,0.2,16.4,90
TOULOUSE-BLAGNAC,2024110502,0,16,91
TOULOUSE-BLAGNAC,2024110503,0,16.2,90
TOULOUSE-BLAGNAC,2024110504,0,16.4,92
TOULOUSE-BLAGNAC,2024110505,0,17,90
TOULOUSE-BLAGNAC,2024110506,0,17.1,89
TOULOUSE-BLAGNAC,2024110507,0,16.9,88
TOULOUSE-BLAGNAC,2024110508,0,17.3,88
TOULOUSE-BLAGNAC,2024110509,0,17.7,86
TOULOUSE-BLAGNAC,2024110510,0,19,82
TOULOUSE-BLAGNAC,2024110511,0,18.9,79
TOULOUSE-BLAGNAC,2024110512,0,19.9,78
TOULOUSE-BLAGNAC,2024110513,0,20.2,76
TOULOUSE-BLAGNAC,2024110514,0,21.1,72
TOULOUSE-BLAGNAC,2024110515,0,20.2,76
TOULOUSE-BLAGNAC,2024110516,0,19,80
TOULOUSE-BLAGNAC,2024110517,0,17.4,84
TOULOUSE-BLAGNAC,2024110518,0,16.8,88
TOULOUSE-BLAGNAC,2024110519,0,16.4,89
TOULOUSE-BLAGNAC,2024110520,0,16,91
TOULOUSE-BLAGNAC,2024110521,0,15.1,92
TOULOUSE-BLAGNAC,2024110522,0,15.2,95
TOULOUSE-BLAGNAC,2024110523,0,14.9,93
TOULOUSE-BLAGNAC,2024110600,0,14.5,93
TOULOUSE-BLAGNAC,2024110601,0,14.5,95
TOULOUSE-BLAGNAC,2024110602,0,14.8,95
TOULOUSE-BLAGNAC,2024110603,0.2,13.7,93
TOULOUSE-BLAGNAC,2024110604,0,14.4,96
TOULOUSE-BLAGNAC,2024110605,0,14.5,97
TOULOUSE-BLAGNAC,2024110606,0,14.4,97
TOULOUSE-BLAGNAC,2024110607,0,14.4,97
TOULOUSE-BLAGNAC,2024110608,0,14.4,98
TOULOUSE-BLAGNAC,2024110609,0,15,97
TOULOUSE-BLAGNAC,2024110610,0,16.4,91
TOULOUSE-BLAGNAC,2024110611,0,17.1,85
TOULOUSE-BLAGNAC,2024110612,0,17.4,83
TOULOUSE-BLAGNAC,2024110613,0,16.8,88
TOULOUSE-BLAGNAC,2024110614,0,16.9,88
TOULOUSE-BLAGNAC,2024110615,0,17,87
TOULOUSE-BLAGNAC,2024110616,0,17.4,84
TOULOUSE-BLAGNAC,2024110617,0,16.8,87
TOULOUSE-BLAGNAC,2024110618,0,15.6,91
TOULOUSE-BLAGNAC,2024110619,0,14.7,92
TOULOUSE-BLAGNAC,2024110620,0,14.2,95
TOULOUSE-BLAGNAC,2024110621,0,13.6,94
TOULOUSE-BLAGNAC,2024110622,0,14.1,94
TOULOUSE-BLAGNAC,2024110623,0,13.4,95
TOULOUSE-BLAGNAC,2024110700,0,11.8,95
TOULOUSE-BLAGNAC,2024110701,0,12.6,96
TOULOUSE-BLAGNAC,2024110702,0,12.7,95
TOULOUSE-BLAGNAC,2024110703,0,12.3,94
TOULOUSE-BLAGNAC,2024110704,0,11.8,94
TOULOUSE-BLAGNAC,2024110705,0,11.5,94
TOULOUSE-BLAGNAC,2024110706,0,11.4,95
TOULOUSE-BLAGNAC,2024110707,0.2,11.3,95
TOULOUSE-BLAGNAC,2024110708,0,12,95
TOULOUSE-BLAGNAC,2024110709,0,13.9,88
TOULOUSE-BLAGNAC,2024110710,0,17,78
TOULOUSE-BLAGNAC,2024110711,0,18.9,66
TOULOUSE-BLAGNAC,2024110712,0,18.7,66
TOULOUSE-BLAGNAC,2024110713,0,20.1,61
TOULOUSE-BLAGNAC,2024110714,0,19.7,61
TOULOUSE-BLAGNAC,2024110715,0,19,62
TOULOUSE-BLAGNAC,2024110716,0,18.3,63
TOULOUSE-BLAGNAC,2024110717,0,17.1,70
TOULOUSE-BLAGNAC,2024110718,0,16.3,75
TOULOUSE-BLAGNAC,2024110719,0,15.8,77
TOULOUSE-BLAGNAC,2024110720,0,15.1,82
TOULOUSE-BLAGNAC,2024110721,0,14.8,84
TOULOUSE-BLAGNAC,2024110722,0,14.8,89
TOULOUSE-BLAGNAC,2024110723,0,14.9,88
TOULOUSE-BLAGNAC,2024110800,0,15.1,86
TOULOUSE-BLAGNAC,2024110801,0,15.2,88
TOULOUSE-BLAGNAC,2024110802,0,15.1,87
TOULOUSE-BLAGNAC,2024110803,0,14.5,85
TOULOUSE-BLAGNAC,2024110804,0,14,88
TOULOUSE-BLAGNAC,2024110805,0,14.1,88
TOULOUSE-BLAGNAC,2024110806,0,13.3,89
TOULOUSE-BLAGNAC,2024110807,0,13.4,88
TOULOUSE-BLAGNAC,2024110808,0,14.9,80
TOULOUSE-BLAGNAC,2024110809,0,16.3,75
TOULOUSE-BLAGNAC,2024110810,0,17.3,70
TOULOUSE-BLAGNAC,2024110811,0,18.4,67
TOULOUSE-BLAGNAC,2024110812,0,19.2,64
TOULOUSE-BLAGNAC,2024110813,0,19.8,62
TOULOUSE-BLAGNAC,2024110814,0,19.1,64
TOULOUSE-BLAGNAC,2024110815,0,18.3,67
TOULOUSE-BLAGNAC,2024110816,0,17.7,70
TOULOUSE-BLAGNAC,2024110817,0,16.5,77
TOULOUSE-BLAGNAC,2024110818,0,16.2,80
TOULOUSE-BLAGNAC,2024110819,0,15.9,83
TOULOUSE-BLAGNAC,2024110820,0,15.7,86
TOULOUSE-BLAGNAC,2024110821,0,16,86
TOULOUSE-BLAGNAC,2024110822,0,16.1,85
TOULOUSE-BLAGNAC,2024110823,0,15.7,87
TOULOUSE-BLAGNAC,2024110900,0,15.5,89
TOULOUSE-BLAGNAC,2024110901,0,15.2,88
TOULOUSE-BLAGNAC,2024110902,0,15,86
TOULOUSE-BLAGNAC,2024110903,0,14.7,86
TOULOUSE-BLAGNAC,2024110904,0,13.7,89
TOULOUSE-BLAGNAC,2024110905,0,13.5,91
TOULOUSE-BLAGNAC,2024110906,0,13.5,92
TOULOUSE-BLAGNAC,2024110907,0,13.5,91
TOULOUSE-BLAGNAC,2024110908,0,14,91
TOULOUSE-BLAGNAC,2024110909,0,14.8,88
TOULOUSE-BLAGNAC,2024110910,0,15.5,85
TOULOUSE-BLAGNAC,2024110911,0,16,84
TOULOUSE-BLAGNAC,2024110912,0,16.2,85
TOULOUSE-BLAGNAC,2024110913,0,16.7,83
TOULOUSE-BLAGNAC,2024110914,0,16.1,88
TOULOUSE-BLAGNAC,2024110915,0,16,83
TOULOUSE-BLAGNAC,2024110916,0,15.7,82
TOULOUSE-BLAGNAC,2024110917,0,15.3,84
TOULOUSE-BLAGNAC,2024110918,0,15,85
TOULOUSE-BLAGNAC,2024110919,0,14.6,89
TOULOUSE-BLAGNAC,2024110920,0.6,14.1,93
TOULOUSE-BLAGNAC,2024110921,0.2,14.1,93
TOULOUSE-BLAGNAC,2024110922,0,14,92
TOULOUSE-BLAGNAC,2024110923,0,13.8,94
TOULOUSE-BLAGNAC,2024111000,0,13.9,94
TOULOUSE-BLAGNAC,2024111001,0,13.9,94
TOULOUSE-BLAGNAC,2024111002,0,13.8,94
TOULOUSE-BLAGNAC,2024111003,0.4,13.6,96
TOULOUSE-BLAGNAC,2024111004,0,13.5,96
TOULOUSE-BLAGNAC,2024111005,0,13.5,95
TOULOUSE-BLAGNAC,2024111006,0,13.5,95
TOULOUSE-BLAGNAC,2024111007,0,13.5,95
TOULOUSE-BLAGNAC,2024111008,0,13.5,94
TOULOUSE-BLAGNAC,2024111009,0,13.8,92
TOULOUSE-BLAGNAC,2024111010,0,14.3,88
TOULOUSE-BLAGNAC,2024111011,0,15.4,86
TOULOUSE-BLAGNAC,2024111012,0,15.9,83
TOULOUSE-BLAGNAC,2024111013,0,16.6,80
TOULOUSE-BLAGNAC,2024111014,0,16.5,80
TOULOUSE-BLAGNAC,2024111015,0,16,79
TOULOUSE-BLAGNAC,2024111016,0,15.5,81
TOULOUSE-BLAGNAC,2024111017,0,15.2,84
TOULOUSE-BLAGNAC,2024111018,0,15,86
TOULOUSE-BLAGNAC,2024111019,0,14.5,89
TOULOUSE-BLAGNAC,2024111020,0,14.4,91
TOULOUSE-BLAGNAC,2024111021,0,14,93
TOULOUSE-BLAGNAC,2024111022,0,13.8,93
TOULOUSE-BLAGNAC,2024111023,0,12.8,94
TOULOUSE-BLAGNAC,2024111100,0,12.5,93
TOULOUSE-BLAGNAC,2024111101,0,12.4,93
TOULOUSE-BLAGNAC,2024111102,0,12.2,91
TOULOUSE-BLAGNAC,2024111103,0,11.9,91
TOULOUSE-BLAGNAC,2024111104,0,11.6,93
TOULOUSE-BLAGNAC,2024111105,0,11.6,94
TOULOUSE-BLAGNAC,2024111106,0,11.3,95
TOULOUSE-BLAGNAC,2024111107,0,11,96
TOULOUSE-BLAGNAC,2024111108,0,11,95
TOULOUSE-BLAGNAC,2024111109,0,10.9,96
TOULOUSE-BLAGNAC,2024111110,0,11.5,94
TOULOUSE-BLAGNAC,2024111111,0,11.7,93
TOULOUSE-BLAGNAC,2024111112,0,12.7,84
TOULOUSE-BLAGNAC,2024111113,0,13.6,81
TOULOUSE-BLAGNAC,2024111114,0,14.8,74
TOULOUSE-BLAGNAC,2024111115,0,15.5,66
TOULOUSE-BLAGNAC,2024111116,0,14.6,69
TOULOUSE-BLAGNAC,2024111117,0,14.3,74
TOULOUSE-BLAGNAC,2024111118,0,14.2,75
TOULOUSE-BLAGNAC,2024111119,0,13.9,79
TOULOUSE-BLAGNAC,2024111120,0,13.4,81
TOULOUSE-BLAGNAC,2024111121,0,13,84
TOULOUSE-BLAGNAC,2024111122,0,12.1,83
TOULOUSE-BLAGNAC,2024111123,0,11.5,82
TOULOUSE-BLAGNAC,2024111200,0,11.3,80
TOULOUSE-BLAGNAC,2024111201,0,10.8,82
TOULOUSE-BLAGNAC,2024111202,0,11,82
TOULOUSE-BLAGNAC,2024111203,0,10.7,84
TOULOUSE-BLAGNAC,2024111204,0,10.2,84
TOULOUSE-BLAGNAC,2024111205,0,8.6,88
TOULOUSE-BLAGNAC,2024111206,0,8.1,86
TOULOUSE-BLAGNAC,2024111207,0,8.1,85
TOULOUSE-BLAGNAC,2024111208,0,8.2,85
TOULOUSE-BLAGNAC,2024111209,0,9.4,77
TOULOUSE-BLAGNAC,2024111210,0,10.6,68
TOULOUSE-BLAGNAC,2024111211,0,11.4,65
TOULOUSE-BLAGNAC,2024111212,0,11.3,65
TOULOUSE-BLAGNAC,2024111213,0,11.6,63
TOULOUSE-BLAGNAC,2024111214,0,10.9,69
TOULOUSE-BLAGNAC,2024111215,0,10.5,65
TOULOUSE-BLAGNAC,2024111216,0,9.1,81
TOULOUSE-BLAGNAC,2024111217,0,8.8,82
TOULOUSE-BLAGNAC,2024111218,0,8.5,83
TOULOUSE-BLAGNAC,2024111219,0,7.1,88
TOULOUSE-BLAGNAC,2024111220,0,6.8,88
TOULOUSE-BLAGNAC,2024111221,0,6.2,91
TOULOUSE-BLAGNAC,2024111222,0,5.3,93
TOULOUSE-BLAGNAC,2024111223,0,6,96
TOULOUSE-BLAGNAC,2024111300,0,5.7,94
TOULOUSE-BLAGNAC,2024111301,0,6.1,94
TOULOUSE-BLAGNAC,2024111302,0,6.1,96
TOULOUSE-BLAGNAC,2024111303,0,6.4,97
TOULOUSE-BLAGNAC,2024111304,0,6.5,96
TOULOUSE-BLAGNAC,2024111305,0,6.6,95
TOULOUSE-BLAGNAC,2024111306,0,6.6,94
TOULOUSE-BLAGNAC,2024111307,0,6.8,95
TOULOUSE-BLAGNAC,2024111308,0,7.1,94
TOULOUSE-BLAGNAC,2024111309,0,7.7,92
TOULOUSE-BLAGNAC,2024111310,0,8.7,87
TOULOUSE-BLAGNAC,2024111311,0,9.4,81
TOULOUSE-BLAGNAC,2024111312,0,10.1,78
TOULOUSE-BLAGNAC,2024111313,0,10.9,74
TOULOUSE-BLAGNAC,2024111314,0,13,63
TOULOUSE-BLAGNAC,2024111315,0,12.7,63
TOULOUSE-BLAGNAC,2024111316,0,12,66
TOULOUSE-BLAGNAC,2024111317,0,10.8,71
TOULOUSE-BLAGNAC,2024111318,0,9.3,81
TOULOUSE-BLAGNAC,2024111319,0,8.2,85
TOULOUSE-BLAGNAC,2024111320,0,7.7,85
TOULOUSE-BLAGNAC,2024111321,0,6.4,91
TOULOUSE-BLAGNAC,2024111322,0,6.5,94
TOULOUSE-BLAGNAC,2024111323,0,5.6,94
TOULOUSE-BLAGNAC,2024111400,0,5.4,96
TOULOUSE-BLAGNAC,2024111401,0,5.2,95
TOULOUSE-BLAGNAC,2024111402,0,4.4,96
TOULOUSE-BLAGNAC,2024111403,0,3.3,95
TOULOUSE-BLAGNAC,2024111404,0,3.3,96
TOULOUSE-BLAGNAC,2024111405,0,5.6,98
TOULOUSE-BLAGNAC,2024111406,0,6,99
TOULOUSE-BLAGNAC,2024111407,0,5.9,98
TOULOUSE-BLAGNAC,2024111408,0,5.4,98
TOULOUSE-BLAGNAC,2024111409,0,5.3,98
TOULOUSE-BLAGNAC,2024111410,0,6.3,98
TOULOUSE-BLAGNAC,2024111411,0,6.2,96
TOULOUSE-BLAGNAC,2024111412,0,6.7,92
TOULOUSE-BLAGNAC,2024111413,0,9.2,82
TOULOUSE-BLAGNAC,2024111414,0,10.3,74
TOULOUSE-BLAGNAC,2024111415,0,11,70
TOULOUSE-BLAGNAC,2024111416,0,10.3,71
TOULOUSE-BLAGNAC,2024111417,0,9.2,78
TOULOUSE-BLAGNAC,2024111418,0,7.9,86
TOULOUSE-BLAGNAC,2024111419,0,5.9,88
TOULOUSE-BLAGNAC,2024111420,0,4.9,93
TOULOUSE-BLAGNAC,2024111421,0,4.4,94
TOULOUSE-BLAGNAC,2024111422,0,4,95
TOULOUSE-BLAGNAC,2024111423,0,4.1,97
TOULOUSE-BLAGNAC,2024111500,0,2.4,96
TOULOUSE-BLAGNAC,2024111501,0,2.6,98
TOULOUSE-BLAGNAC,2024111502,0,2.8,98
TOULOUSE-BLAGNAC,2024111503,0,3,99
TOULOUSE-BLAGNAC,2024111504,0,3.3,99
TOULOUSE-BLAGNAC,2024111505,0,3.9,99
TOULOUSE-BLAGNAC,2024111506,0,3.4,99
TOULOUSE-BLAGNAC,2024111507,0,3.5,99
TOULOUSE-BLAGNAC,2024111508,0,3.5,99
TOULOUSE-BLAGNAC,2024111509,0,4.4,99
TOULOUSE-BLAGNAC,2024111510,0,5.7,99
TOULOUSE-BLAGNAC,2024111511,0,8.5,90
TOULOUSE-BLAGNAC,2024111512,0,11.6,72
TOULOUSE-BLAGNAC,2024111513,0,14.1,63
TOULOUSE-BLAGNAC,2024111514,0,14.6,58
TOULOUSE-BLAGNAC,2024111515,0,14.7,51
TOULOUSE-BLAGNAC,2024111516,0,12.6,58
TOULOUSE-BLAGNAC,2024111517,0,10.3,65
TOULOUSE-BLAGNAC,2024111518,0,9,71
TOULOUSE-BLAGNAC,2024111519,0,8.9,75
TOULOUSE-BLAGNAC,2024111520,0,8.3,77
TOULOUSE-BLAGNAC,2024111521,0,7,80
TOULOUSE-BLAGNAC,2024111522,0,7.1,82
TOULOUSE-BLAGNAC,2024111523,0,6.7,85
TOULOUSE-BLAGNAC,2024111600,0,6.7,86
TOULOUSE-BLAGNAC,2024111601,0,6.9,87
TOULOUSE-BLAGNAC,2024111602,0,6.8,88
TOULOUSE-BLAGNAC,2024111603,0,4.4,90
TOULOUSE-BLAGNAC,2024111604,0,3.8,93
TOULOUSE-BLAGNAC,2024111605,0,3.6,92
TOULOUSE-BLAGNAC,2024111606,0,3.6,92
TOULOUSE-BLAGNAC,2024111607,0,3.9,94
TOULOUSE-BLAGNAC,2024111608,0,6.3,96
TOULOUSE-BLAGNAC,2024111609,0,9.8,83
TOULOUSE-BLAGNAC,2024111610,0,13.3,70
TOULOUSE-BLAGNAC,2024111611,0,15.1,65
TOULOUSE-BLAGNAC,2024111612,0,15.7,62
TOULOUSE-BLAGNAC,2024111613,0,16.4,61
TOULOUSE-BLAGNAC,2024111614,0,16.8,58
TOULOUSE-BLAGNAC,2024111615,0,16.2,61
TOULOUSE-BLAGNAC,2024111616,0,14.5,67
TOULOUSE-BLAGNAC,2024111617,0,12.3,75
TOULOUSE-BLAGNAC,2024111618,0,11.2,79
TOULOUSE-BLAGNAC,2024111619,0,10.4,83
TOULOUSE-BLAGNAC,2024111620,0,9.7,87
TOULOUSE-BLAGNAC,2024111621,0,9.2,89
TOULOUSE-BLAGNAC,2024111622,0,8.2,92
TOULOUSE-BLAGNAC,2024111623,0,7.8,94
TOULOUSE-BLAGNAC,2024111700,0,7.2,93
TOULOUSE-BLAGNAC,2024111701,0,7.6,96
TOULOUSE-BLAGNAC,2024111702,0,6.6,95
TOULOUSE-BLAGNAC,2024111703,0,6.6,96
TOULOUSE-BLAGNAC,2024111704,0,5.6,96
TOULOUSE-BLAGNAC,2024111705,0,5.1,97
TOULOUSE-BLAGNAC,2024111706,0,5.4,97
TOULOUSE-BLAGNAC,2024111707,0,5,97
TOULOUSE-BLAGNAC,2024111708,0,6.3,97
TOULOUSE-BLAGNAC,2024111709,0,9,92
TOULOUSE-BLAGNAC,2024111710,0,11.4,88
TOULOUSE-BLAGNAC,2024111711,0,11.3,92
TOULOUSE-BLAGNAC,2024111712,0,11.4,94
TOULOUSE-BLAGNAC,2024111713,0,11.3,92
TOULOUSE-BLAGNAC,2024111714,0,11.4,88
TOULOUSE-BLAGNAC,2024111715,0,10.9,89
TOULOUSE-BLAGNAC,2024111716,0,11,89
TOULOUSE-BLAGNAC,2024111717,0,9.9,86
TOULOUSE-BLAGNAC,2024111718,0,9.6,85
TOULOUSE-BLAGNAC,2024111719,0,9,84
TOULOUSE-BLAGNAC,2024111720,0,8.4,83
TOULOUSE-BLAGNAC,2024111721,0,7.6,85
TOULOUSE-BLAGNAC,2024111722,0,6.9,87
TOULOUSE-BLAGNAC,2024111723,0,7.4,87
TOULOUSE-BLAGNAC,2024111800,0,7.5,86
TOULOUSE-BLAGNAC,2024111801,0,7.4,86
TOULOUSE-BLAGNAC,2024111802,0,7.1,86
TOULOUSE-BLAGNAC,2024111803,0,6.8,88
TOULOUSE-BLAGNAC,2024111804,0,6.6,92
TOULOUSE-BLAGNAC,2024111805,0,7.1,89
TOULOUSE-BLAGNAC,2024111806,0,7.4,88
TOULOUSE-BLAGNAC,2024111807,0,7.5,88
TOULOUSE-BLAGNAC,2024111808,0,8.2,85
TOULOUSE-BLAGNAC,2024111809,0,9.6,79
TOULOUSE-BLAGNAC,2024111810,0,10.8,71
TOULOUSE-BLAGNAC,2024111811,0,11.9,68
TOULOUSE-BLAGNAC,2024111812,0,12.5,68
TOULOUSE-BLAGNAC,2024111813,0,13.4,63
TOULOUSE-BLAGNAC,2024111814,0,14.2,63
TOULOUSE-BLAGNAC,2024111815,0,12.9,67
TOULOUSE-BLAGNAC,2024111816,0,12.7,67
TOULOUSE-BLAGNAC,2024111817,0,11.7,73
TOULOUSE-BLAGNAC,2024111818,0,11.5,73
TOULOUSE-BLAGNAC,2024111819,0,10.8,77
TOULOUSE-BLAGNAC,2024111820,0,9.4,84
TOULOUSE-BLAGNAC,2024111821,0,7.5,87
TOULOUSE-BLAGNAC,2024111822,0,6.8,91
TOULOUSE-BLAGNAC,2024111823,0,5.9,93
TOULOUSE-BLAGNAC,2024111900,0,4.9,95
TOULOUSE-BLAGNAC,2024111901,0,4.6,96
TOULOUSE-BLAGNAC,2024111902,0,4.9,97
TOULOUSE-BLAGNAC,2024111903,0,4.5,97
TOULOUSE-BLAGNAC,2024111904,0,4.5,97
TOULOUSE-BLAGNAC,2024111905,0,4.1,97
TOULOUSE-BLAGNAC,2024111906,0,4.3,97
TOULOUSE-BLAGNAC,2024111907,0,5.2,97
TOULOUSE-BLAGNAC,2024111908,0,6.1,96
TOULOUSE-BLAGNAC,2024111909,0,7.8,95
TOULOUSE-BLAGNAC,2024111910,0,11.2,87
TOULOUSE-BLAGNAC,2024111911,0,15.2,68
TOULOUSE-BLAGNAC,2024111912,0,15.6,66
TOULOUSE-BLAGNAC,2024111913,0,16.7,65
TOULOUSE-BLAGNAC,2024111914,0,16.3,65
TOULOUSE-BLAGNAC,2024111915,0,15.9,64
TOULOUSE-BLAGNAC,2024111916,0,14.8,70
TOULOUSE-BLAGNAC,2024111917,0,14.2,74
TOULOUSE-BLAGNAC,2024111918,0,14.2,75
TOULOUSE-BLAGNAC,2024111919,0,12.9,80
TOULOUSE-BLAGNAC,2024111920,0,12.8,81
TOULOUSE-BLAGNAC,2024111921,0,13.1,80
TOULOUSE-BLAGNAC,2024111922,0,13.3,80
TOULOUSE-BLAGNAC,2024111923,0,14.2,74
TOULOUSE-BLAGNAC,2024112000,0,14.6,72
TOULOUSE-BLAGNAC,2024112001,0,14.4,74
TOULOUSE-BLAGNAC,2024112002,0,13.8,80
TOULOUSE-BLAGNAC,2024112003,0,13.6,81
TOULOUSE-BLAGNAC,2024112004,0.8,12.8,90
TOULOUSE-BLAGNAC,2024112005,1.4,12.1,90
TOULOUSE-BLAGNAC,2024112006,1.2,9.5,94
TOULOUSE-BLAGNAC,2024112007,1.2,8.6,94
TOULOUSE-BLAGNAC,2024112008,0,8.6,94
TOULOUSE-BLAGNAC,2024112009,0,8.8,95
TOULOUSE-BLAGNAC,2024112010,0.4,9.4,96
TOULOUSE-BLAGNAC,2024112011,0.4,10,93
TOULOUSE-BLAGNAC,2024112012,0,10,92
TOULOUSE-BLAGNAC,2024112013,0.2,10.3,93
TOULOUSE-BLAGNAC,2024112014,0,10.4,91
TOULOUSE-BLAGNAC,2024112015,0,9.8,91
TOULOUSE-BLAGNAC,2024112016,0.2,9.7,93
TOULOUSE-BLAGNAC,2024112017,1,9.2,95
TOULOUSE-BLAGNAC,2024112018,0.6,9,94
TOULOUSE-BLAGNAC,2024112019,0.6,8.9,93
TOULOUSE-BLAGNAC,2024112020,0.2,9.4,91
TOULOUSE-BLAGNAC,2024112021,0,9.6,92
TOULOUSE-BLAGNAC,2024112022,0,9.5,90
TOULOUSE-BLAGNAC,2024112023,0,9.4,91
TOULOUSE-BLAGNAC,2024112100,0,9.2,91
TOULOUSE-BLAGNAC,2024112101,0,9.2,91
TOULOUSE-BLAGNAC,2024112102,0.2,8.9,94
TOULOUSE-BLAGNAC,2024112103,0.4,8.8,94
TOULOUSE-BLAGNAC,2024112104,0,8.7,96
TOULOUSE-BLAGNAC,2024112105,0,8.6,96
TOULOUSE-BLAGNAC,2024112106,0.2,8,96
TOULOUSE-BLAGNAC,2024112107,0,7.9,96
TOULOUSE-BLAGNAC,2024112108,0,9.1,96
TOULOUSE-BLAGNAC,2024112109,0,10.5,91
TOULOUSE-BLAGNAC,2024112110,0.2,13.2,85
TOULOUSE-BLAGNAC,2024112111,0,15.7,66
TOULOUSE-BLAGNAC,2024112112,0,17.1,58
TOULOUSE-BLAGNAC,2024112113,0,16.2,59
TOULOUSE-BLAGNAC,2024112114,0,17.3,52
TOULOUSE-BLAGNAC,2024112115,0,16.6,58
TOULOUSE-BLAGNAC,2024112116,0,16.3,59
TOULOUSE-BLAGNAC,2024112117,0,15.9,62
TOULOUSE-BLAGNAC,2024112118,0,15.2,70
TOULOUSE-BLAGNAC,2024112119,0.2,12.6,92
TOULOUSE-BLAGNAC,2024112120,1.2,11.8,90
TOULOUSE-BLAGNAC,2024112121,1,10.4,83
TOULOUSE-BLAGNAC,2024112122,0,10.4,82
TOULOUSE-BLAGNAC,2024112123,0,10.3,84
TOULOUSE-BLAGNAC,2024112200,0,10.1,84
TOULOUSE-BLAGNAC,2024112201,0.2,9.5,88
TOULOUSE-BLAGNAC,2024112202,0.4,9,91
TOULOUSE-BLAGNAC,2024112203,2,7.9,92
TOULOUSE-BLAGNAC,2024112204,1,5.9,91
TOULOUSE-BLAGNAC,2024112205,0,5.5,91
TOULOUSE-BLAGNAC,2024112206,0.4,5.6,93
TOULOUSE-BLAGNAC,2024112207,0,6.1,91
TOULOUSE-BLAGNAC,2024112208,0,6.2,91
TOULOUSE-BLAGNAC,2024112209,0,5.3,90
TOULOUSE-BLAGNAC,2024112210,0,5.5,89
TOULOUSE-BLAGNAC,2024112211,0,6.1,80
TOULOUSE-BLAGNAC,2024112212,0,7.6,75
TOULOUSE-BLAGNAC,2024112213,0,7.8,72
TOULOUSE-BLAGNAC,2024112214,0,8.4,61
TOULOUSE-BLAGNAC,2024112215,0,8.4,63
TOULOUSE-BLAGNAC,2024112216,0,7.7,68
TOULOUSE-BLAGNAC,2024112217,0,5.9,77
TOULOUSE-BLAGNAC,2024112218,0,5.2,78
TOULOUSE-BLAGNAC,2024112219,0,4.5,84
TOULOUSE-BLAGNAC,2024112220,0,3.6,87
TOULOUSE-BLAGNAC,2024112221,0,2.9,91
TOULOUSE-BLAGNAC,2024112222,0,3.1,87
TOULOUSE-BLAGNAC,2024112223,0,2.8,93
TOULOUSE-BLAGNAC,2024112300,0,1.7,94
TOULOUSE-BLAGNAC,2024112301,0,1.4,95
TOULOUSE-BLAGNAC,2024112302,0,2.5,93
TOULOUSE-BLAGNAC,2024112303,0,2,93
TOULOUSE-BLAGNAC,2024112304,0,1.8,94
TOULOUSE-BLAGNAC,2024112305,0,2.1,90
TOULOUSE-BLAGNAC,2024112306,0,2.5,85
TOULOUSE-BLAGNAC,2024112307,0,2.9,79
TOULOUSE-BLAGNAC,2024112308,0,5.5,78
TOULOUSE-BLAGNAC,2024112309,0,7.9,71
TOULOUSE-BLAGNAC,2024112310,0,9.7,68
TOULOUSE-BLAGNAC,2024112311,0,11.5,64
TOULOUSE-BLAGNAC,2024112312,0,12,61
TOULOUSE-BLAGNAC,2024112313,0,12.3,63
TOULOUSE-BLAGNAC,2024112314,0,11.9,64
TOULOUSE-BLAGNAC,2024112315,0,10.9,70
TOULOUSE-BLAGNAC,2024112316,0,10.1,71
TOULOUSE-BLAGNAC,2024112317,0,9.5,74
TOULOUSE-BLAGNAC,2024112318,0,9.5,76
TOULOUSE-BLAGNAC,2024112319,0,9.4,79
TOULOUSE-BLAGNAC,2024112320,0,9.2,83
TOULOUSE-BLAGNAC,2024112321,0,9.2,85
TOULOUSE-BLAGNAC,2024112322,0,9.7,85
TOULOUSE-BLAGNAC,2024112323,0,9.8,85
TOULOUSE-BLAGNAC,2024112400,0,10,87
TOULOUSE-BLAGNAC,2024112401,0,10.4,87
TOULOUSE-BLAGNAC,2024112402,0,10.9,87
TOULOUSE-BLAGNAC,2024112403,0,10.8,87
TOULOUSE-BLAGNAC,2024112404,0,11.1,87
TOULOUSE-BLAGNAC,2024112405,0,11.8,86
TOULOUSE-BLAGNAC,2024112406,0,11.5,88
TOULOUSE-BLAGNAC,2024112407,0,11.8,89
TOULOUSE-BLAGNAC,2024112408,0,12.4,85
TOULOUSE-BLAGNAC,2024112409,0,14.2,77
TOULOUSE-BLAGNAC,2024112410,0,15,75
TOULOUSE-BLAGNAC,2024112411,0,17.1,70
TOULOUSE-BLAGNAC,2024112412,0,17.7,69
TOULOUSE-BLAGNAC,2024112413,0,18.4,70
TOULOUSE-BLAGNAC,2024112414,0,19.1,65
TOULOUSE-BLAGNAC,2024112415,0,18.3,68
TOULOUSE-BLAGNAC,2024112416,0,17.5,69
TOULOUSE-BLAGNAC,2024112417,0,16.6,74
TOULOUSE-BLAGNAC,2024112418,0,15.9,77
TOULOUSE-BLAGNAC,2024112419,0,15.6,80
TOULOUSE-BLAGNAC,2024112420,0,15.5,81
TOULOUSE-BLAGNAC,2024112421,0,15.6,78
TOULOUSE-BLAGNAC,2024112422,0,16.3,76
TOULOUSE-BLAGNAC,2024112423,0,16.2,76
TOULOUSE-BLAGNAC,2024112500,0,16,77
TOULOUSE-BLAGNAC,2024112501,0,16.3,74
TOULOUSE-BLAGNAC,2024112502,0,16.2,74
TOULOUSE-BLAGNAC,2024112503,0,16.1,76
TOULOUSE-BLAGNAC,2024112504,0,16.3,74
TOULOUSE-BLAGNAC,2024112505,0,16.4,73
TOULOUSE-BLAGNAC,2024112506,0,16.6,71
TOULOUSE-BLAGNAC,2024112507,0,16.7,70
TOULOUSE-BLAGNAC,2024112508,0,16.9,68
TOULOUSE-BLAGNAC,2024112509,0,17.2,67
TOULOUSE-BLAGNAC,2024112510,0,17.6,63
TOULOUSE-BLAGNAC,2024112511,0,20,56
TOULOUSE-BLAGNAC,2024112512,0,19.8,57
TOULOUSE-BLAGNAC,2024112513,0,20.8,56
TOULOUSE-BLAGNAC,2024112514,0,18.1,68
TOULOUSE-BLAGNAC,2024112515,0,15.8,82
TOULOUSE-BLAGNAC,2024112516,0.4,13.8,91
TOULOUSE-BLAGNAC,2024112517,1.4,13.1,95
TOULOUSE-BLAGNAC,2024112518,1.4,11.9,93
TOULOUSE-BLAGNAC,2024112519,0.4,11.3,92
TOULOUSE-BLAGNAC,2024112520,0.2,11.3,91
TOULOUSE-BLAGNAC,2024112521,0,11.3,92
TOULOUSE-BLAGNAC,2024112522,0,10.8,92
TOULOUSE-BLAGNAC,2024112523,0,10.4,92
TOULOUSE-BLAGNAC,2024112600,0,10,94
TOULOUSE-BLAGNAC,2024112601,0,9.4,94
TOULOUSE-BLAGNAC,2024112602,0,9.5,96
TOULOUSE-BLAGNAC,2024112603,0,8.7,96
TOULOUSE-BLAGNAC,2024112604,0,7.8,97
TOULOUSE-BLAGNAC,2024112605,0,6.7,98
TOULOUSE-BLAGNAC,2024112606,0,6.9,98
TOULOUSE-BLAGNAC,2024112607,0,6.1,99
TOULOUSE-BLAGNAC,2024112608,0,7,99
TOULOUSE-BLAGNAC,2024112609,0,8,99
TOULOUSE-BLAGNAC,2024112610,0,9.2,99
TOULOUSE-BLAGNAC,2024112611,0,11.5,90
TOULOUSE-BLAGNAC,2024112612,0,12.5,81
TOULOUSE-BLAGNAC,2024112613,0,13.7,74
TOULOUSE-BLAGNAC,2024112614,0,13.7,73
TOULOUSE-BLAGNAC,2024112615,0,13.6,71
TOULOUSE-BLAGNAC,2024112616,0,12.6,78
TOULOUSE-BLAGNAC,2024112617,0,12.1,84
TOULOUSE-BLAGNAC,2024112618,0,11.5,87
TOULOUSE-BLAGNAC,2024112619,0,11,90
TOULOUSE-BLAGNAC,2024112620,0,10.2,91
TOULOUSE-BLAGNAC,2024112621,0,9.9,93
TOULOUSE-BLAGNAC,2024112622,0,8.9,93
TOULOUSE-BLAGNAC,2024112623,0,8.5,95
TOULOUSE-BLAGNAC,2024112700,0,6.8,95
TOULOUSE-BLAGNAC,2024112701,0,6.9,97
TOULOUSE-BLAGNAC,2024112702,0,5.8,98
TOULOUSE-BLAGNAC,2024112703,0,5.2,98
TOULOUSE-BLAGNAC,2024112704,0,5.2,98
TOULOUSE-BLAGNAC,2024112705,0,5.4,99
TOULOUSE-BLAGNAC,2024112706,0,4.7,99
TOULOUSE-BLAGNAC,2024112707,0,4.9,99
TOULOUSE-BLAGNAC,2024112708,0,4.7,99
TOULOUSE-BLAGNAC,2024112709,0,5.2,99
TOULOUSE-BLAGNAC,2024112710,0,6.5,100
TOULOUSE-BLAGNAC,2024112711,0,8.1,99
TOULOUSE-BLAGNAC,2024112712,0,10.2,92
TOULOUSE-BLAGNAC,2024112713,0,11.4,82
TOULOUSE-BLAGNAC,2024112714,0,13.4,73
TOULOUSE-BLAGNAC,2024112715,0,13.6,75
TOULOUSE-BLAGNAC,2024112716,0,12.6,79
TOULOUSE-BLAGNAC,2024112717,0,10.4,88
TOULOUSE-BLAGNAC,2024112718,0,9.5,91
TOULOUSE-BLAGNAC,2024112719,0,8,93
TOULOUSE-BLAGNAC,2024112720,0,7.9,94
TOULOUSE-BLAGNAC,2024112721,0,6.7,96
TOULOUSE-BLAGNAC,2024112722,0,6.1,96
TOULOUSE-BLAGNAC,2024112723,0,5.1,96
TOULOUSE-BLAGNAC,2024112800,0,4.7,97
TOULOUSE-BLAGNAC,2024112801,0,4.4,98
TOULOUSE-BLAGNAC,2024112802,0,3.1,98
TOULOUSE-BLAGNAC,2024112803,0,4.2,98
TOULOUSE-BLAGNAC,2024112804,0,3.8,98
TOULOUSE-BLAGNAC,2024112805,0,2.8,98
TOULOUSE-BLAGNAC,2024112806,0,3,99
TOULOUSE-BLAGNAC,2024112807,0,2.5,99
TOULOUSE-BLAGNAC,2024112808,0,3.9,99
TOULOUSE-BLAGNAC,2024112809,0,5.3,98
TOULOUSE-BLAGNAC,2024112810,0,8.3,88
TOULOUSE-BLAGNAC,2024112811,0,11.2,77
TOULOUSE-BLAGNAC,2024112812,0,12.4,70
TOULOUSE-BLAGNAC,2024112813,0,14.5,61
TOULOUSE-BLAGNAC,2024112814,0,15.8,55
TOULOUSE-BLAGNAC,2024112815,0,15.9,57
TOULOUSE-BLAGNAC,2024112816,0,14.8,62
TOULOUSE-BLAGNAC,2024112817,0,11.7,76
TOULOUSE-BLAGNAC,2024112818,0,11,82
TOULOUSE-BLAGNAC,2024112819,0,9.9,85
TOULOUSE-BLAGNAC,2024112820,0,8.7,89
TOULOUSE-BLAGNAC,2024112821,0,7.4,92
TOULOUSE-BLAGNAC,2024112822,0,6.5,93
TOULOUSE-BLAGNAC,2024112823,0,6.4,95
TOULOUSE-BLAGNAC,2024112900,0,5.9,95
TOULOUSE-BLAGNAC,2024112901,0,5.5,96
TOULOUSE-BLAGNAC,2024112902,0,5.1,95
TOULOUSE-BLAGNAC,2024112903,0,5,95
TOULOUSE-BLAGNAC,2024112904,0,4.4,95
TOULOUSE-BLAGNAC,2024112905,0,4.4,96
TOULOUSE-BLAGNAC,2024112906,0,3.8,95
TOULOUSE-BLAGNAC,2024112907,0,3.5,96
TOULOUSE-BLAGNAC,2024112908,0,5.2,95
TOULOUSE-BLAGNAC,2024112909,0,8.2,85
TOULOUSE-BLAGNAC,2024112910,0,10.9,77
TOULOUSE-BLAGNAC,2024112911,0,13.6,66
TOULOUSE-BLAGNAC,2024112912,0,15.3,58
TOULOUSE-BLAGNAC,2024112913,0,17,51
TOULOUSE-BLAGNAC,2024112914,0,18.4,47
TOULOUSE-BLAGNAC,2024112915,0,18.3,52
TOULOUSE-BLAGNAC,2024112916,0,15.8,64
TOULOUSE-BLAGNAC,2024112917,0,13.1,66
TOULOUSE-BLAGNAC,2024112918,0,11.3,76
TOULOUSE-BLAGNAC,2024112919,0,9.9,84
TOULOUSE-BLAGNAC,2024112920,0,9.5,90
TOULOUSE-BLAGNAC,2024112921,0,9.2,92
TOULOUSE-BLAGNAC,2024112922,0,8.6,94
TOULOUSE-BLAGNAC,2024112923,0,7.8,95
TOULOUSE-BLAGNAC,2024113000,0,7.5,96
TOULOUSE-BLAGNAC,2024113001,0,6.7,97
TOULOUSE-BLAGNAC,2024113002,0,6.8,98
TOULOUSE-BLAGNAC,2024113003,0,6.3,97
TOULOUSE-BLAGNAC,2024113004,0,5.4,97
TOULOUSE-BLAGNAC,2024113005,0,5,97
TOULOUSE-BLAGNAC,2024113006,0,5,97
TOULOUSE-BLAGNAC,2024113007,0,4.8,98
TOULOUSE-BLAGNAC,2024113008,0,5,98
TOULOUSE-BLAGNAC,2024113009,0,7.6,95
TOULOUSE-BLAGNAC,2024113010,0,10.3,82
TOULOUSE-BLAGNAC,2024113011,0,12.5,75
TOULOUSE-BLAGNAC,2024113012,0,14.4,71
TOULOUSE-BLAGNAC,2024113013,0,16,64
TOULOUSE-BLAGNAC,2024113014,0,16.7,63
TOULOUSE-BLAGNAC,2024113015,0,16.3,65
TOULOUSE-BLAGNAC,2024113016,0,15.2,69
TOULOUSE-BLAGNAC,2024113017,0,12.2,80
TOULOUSE-BLAGNAC,2024113018,0,11.1,84
TOULOUSE-BLAGNAC,2024113019,0,9,87
TOULOUSE-BLAGNAC,2024113020,0,9.7,88
TOULOUSE-BLAGNAC,2024113021,0,8.4,91
TOULOUSE-BLAGNAC,2024113022,0,9.4,94
TOULOUSE-BLAGNAC,2024113023,0,8.4,94
TOULOUSE-BLAGNAC,2024120100,0,8.1,94
TOULOUSE-BLAGNAC,2024120101,0,8.2,96
TOULOUSE-BLAGNAC,2024120102,0,7.5,96
TOULOUSE-BLAGNAC,2024120103,0,6.8,96
TOULOUSE-BLAGNAC,2024120104,0,7.1,97
TOULOUSE-BLAGNAC,2024120105,0,7,98
TOULOUSE-BLAGNAC,2024120106,0,6.5,98
TOULOUSE-BLAGNAC,2024120107,0,6.2,98
TOULOUSE-BLAGNAC,2024120108,0,6.5,98
TOULOUSE-BLAGNAC,2024120109,0,8.9,97
TOULOUSE-BLAGNAC,2024120110,0,12.2,85
TOULOUSE-BLAGNAC,2024120111,0,14.6,73
TOULOUSE-BLAGNAC,2024120112,0,15.8,70
TOULOUSE-BLAGNAC,2024120113,0,16.4,66
TOULOUSE-BLAGNAC,2024120114,0,17,63
TOULOUSE-BLAGNAC,2024120115,0,17.1,65
TOULOUSE-BLAGNAC,2024120116,0,15.2,71
TOULOUSE-BLAGNAC,2024120117,0,12.2,81
TOULOUSE-BLAGNAC,2024120118,0,12.1,87
TOULOUSE-BLAGNAC,2024120119,0,10.2,86
TOULOUSE-BLAGNAC,2024120120,0,9.6,92
TOULOUSE-BLAGNAC,2024120121,0,8.4,93
TOULOUSE-BLAGNAC,2024120122,0,9.1,95
TOULOUSE-BLAGNAC,2024120123,0,7.3,95
TOULOUSE-BLAGNAC,2024120200,0,8.2,97
TOULOUSE-BLAGNAC,2024120201,0,6.8,97
TOULOUSE-BLAGNAC,2024120202,0,7.8,98
TOULOUSE-BLAGNAC,2024120203,0,7.7,97
TOULOUSE-BLAGNAC,2024120204,0,7.8,97
TOULOUSE-BLAGNAC,2024120205,0,7.9,97
TOULOUSE-BLAGNAC,2024120206,0,7.9,97
TOULOUSE-BLAGNAC,2024120207,0,8.2,97
TOULOUSE-BLAGNAC,2024120208,0,7.6,96
TOULOUSE-BLAGNAC,2024120209,0,9,96
TOULOUSE-BLAGNAC,2024120210,0,10.7,95
TOULOUSE-BLAGNAC,2024120211,0.4,11.7,92
TOULOUSE-BLAGNAC,2024120212,1.4,11.7,96
TOULOUSE-BLAGNAC,2024120213,0.2,12,95
TOULOUSE-BLAGNAC,2024120214,0,12.6,94
TOULOUSE-BLAGNAC,2024120215,0,13,91
TOULOUSE-BLAGNAC,2024120216,0,12.7,90
TOULOUSE-BLAGNAC,2024120217,0,12.2,92
TOULOUSE-BLAGNAC,2024120218,0.2,12.3,93
TOULOUSE-BLAGNAC,2024120219,0.6,12.3,94
TOULOUSE-BLAGNAC,2024120220,0,11.9,93
TOULOUSE-BLAGNAC,2024120221,0,11.8,95
TOULOUSE-BLAGNAC,2024120222,0,11.2,93
TOULOUSE-BLAGNAC,2024120223,0,9.8,95
TOULOUSE-BLAGNAC,2024120300,0,9.7,95
TOULOUSE-BLAGNAC,2024120301,0,9.1,96
TOULOUSE-BLAGNAC,2024120302,0,8.9,97
TOULOUSE-BLAGNAC,2024120303,0,9.3,95
TOULOUSE-BLAGNAC,2024120304,0,7.9,92
TOULOUSE-BLAGNAC,2024120305,0,7.5,94
TOULOUSE-BLAGNAC,2024120306,0,7.6,94
TOULOUSE-BLAGNAC,2024120307,0,7.2,94
TOULOUSE-BLAGNAC,2024120308,0,8.3,95
TOULOUSE-BLAGNAC,2024120309,0,8.7,93
TOULOUSE-BLAGNAC,2024120310,0.4,9.3,95
TOULOUSE-BLAGNAC,2024120311,0,10.3,91
TOULOUSE-BLAGNAC,2024120312,0,10.4,86
TOULOUSE-BLAGNAC,2024120313,0,10.8,82
TOULOUSE-BLAGNAC,2024120314,0,10.8,80
TOULOUSE-BLAGNAC,2024120315,0,10.7,83
TOULOUSE-BLAGNAC,2024120316,0,10.3,82
TOULOUSE-BLAGNAC,2024120317,0,9.7,86
TOULOUSE-BLAGNAC,2024120318,0,9.5,84
TOULOUSE-BLAGNAC,2024120319,0,8.8,90
TOULOUSE-BLAGNAC,2024120320,0,8.7,92
TOULOUSE-BLAGNAC,2024120321,0,8.5,93
TOULOUSE-BLAGNAC,2024120322,0,8.2,92
TOULOUSE-BLAGNAC,2024120323,0,7.1,92
TOULOUSE-BLAGNAC,2024120400,0,7.1,85
TOULOUSE-BLAGNAC,2024120401,0,5.9,90
TOULOUSE-BLAGNAC,2024120402,0,5.6,91
TOULOUSE-BLAGNAC,2024120403,0,5.1,90
TOULOUSE-BLAGNAC,2024120404,0,5,90
TOULOUSE-BLAGNAC,2024120405,0,4.6,86
TOULOUSE-BLAGNAC,2024120406,0,4.4,85
TOULOUSE-BLAGNAC,2024120407,0,3.5,89
TOULOUSE-BLAGNAC,2024120408,0,3.7,90
TOULOUSE-BLAGNAC,2024120409,0,6,80
TOULOUSE-BLAGNAC,2024120410,0,7.4,69
TOULOUSE-BLAGNAC,2024120411,0,8.3,64
TOULOUSE-BLAGNAC,2024120412,0,9.2,61
TOULOUSE-BLAGNAC,2024120413,0,10,55
TOULOUSE-BLAGNAC,2024120414,0,9.8,57
TOULOUSE-BLAGNAC,2024120415,0,9.5,57
TOULOUSE-BLAGNAC,2024120416,0,7.9,66
TOULOUSE-BLAGNAC,2024120417,0,6.2,73
TOULOUSE-BLAGNAC,2024120418,0,4.9,79
TOULOUSE-BLAGNAC,2024120419,0,4.1,84
TOULOUSE-BLAGNAC,2024120420,0,4.2,83
TOULOUSE-BLAGNAC,2024120421,0,3.7,83
TOULOUSE-BLAGNAC,2024120422,0,4.7,81
TOULOUSE-BLAGNAC,2024120423,0,2.7,85
TOULOUSE-BLAGNAC,2024120500,0,1.6,90
TOULOUSE-BLAGNAC,2024120501,0,1.6,93
TOULOUSE-BLAGNAC,2024120502,0,2.7,90
TOULOUSE-BLAGNAC,2024120503,0,2.1,92
TOULOUSE-BLAGNAC,2024120504,0,2.4,91
TOULOUSE-BLAGNAC,2024120505,0,1.9,93
TOULOUSE-BLAGNAC,2024120506,0,1.6,94
TOULOUSE-BLAGNAC,2024120507,0,1.8,95
TOULOUSE-BLAGNAC,2024120508,0,2.6,93
TOULOUSE-BLAGNAC,2024120509,0,3.6,90
TOULOUSE-BLAGNAC,2024120510,0,4.6,84
TOULOUSE-BLAGNAC,2024120511,0,6.5,77
TOULOUSE-BLAGNAC,2024120512,0,8.9,67
TOULOUSE-BLAGNAC,2024120513,0,10,65
TOULOUSE-BLAGNAC,2024120514,0,10.8,60
TOULOUSE-BLAGNAC,2024120515,0,10.8,60
TOULOUSE-BLAGNAC,2024120516,0,10.2,61
TOULOUSE-BLAGNAC,2024120517,0,9.4,65
TOULOUSE-BLAGNAC,2024120518,0,8.3,75
TOULOUSE-BLAGNAC,2024120519,0,8.3,76
TOULOUSE-BLAGNAC,2024120520,0,8.3,78
TOULOUSE-BLAGNAC,2024120521,0,8.3,79
TOULOUSE-BLAGNAC,2024120522,0,8.9,80
TOULOUSE-BLAGNAC,2024120523,0,9,85
TOULOUSE-BLAGNAC,2024120600,0.8,9,93
TOULOUSE-BLAGNAC,2024120601,0.2,11.4,97
TOULOUSE-BLAGNAC,2024120602,0.4,12.7,95
TOULOUSE-BLAGNAC,2024120603,0,13.1,92
TOULOUSE-BLAGNAC,2024120604,0,13.6,91
TOULOUSE-BLAGNAC,2024120605,0,13.9,91
TOULOUSE-BLAGNAC,2024120606,0,14.4,90
TOULOUSE-BLAGNAC,2024120607,0.4,14.2,95
TOULOUSE-BLAGNAC,2024120608,0,14.2,90
TOULOUSE-BLAGNAC,2024120609,0,14.3,87
TOULOUSE-BLAGNAC,2024120610,0,14.6,85
TOULOUSE-BLAGNAC,2024120611,0,14.1,83
TOULOUSE-BLAGNAC,2024120612,0,14.7,76
TOULOUSE-BLAGNAC,2024120613,0,14.5,73
TOULOUSE-BLAGNAC,2024120614,0,15.4,66
TOULOUSE-BLAGNAC,2024120615,0,14.9,66
TOULOUSE-BLAGNAC,2024120616,0,13.1,73
TOULOUSE-BLAGNAC,2024120617,0,11.6,79
TOULOUSE-BLAGNAC,2024120618,0,11.9,81
TOULOUSE-BLAGNAC,2024120619,0,11.4,83
TOULOUSE-BLAGNAC,2024120620,0,11.9,88
TOULOUSE-BLAGNAC,2024120621,0,12.2,89
TOULOUSE-BLAGNAC,2024120622,0.2,11.5,95
TOULOUSE-BLAGNAC,2024120623,0.2,11.5,97
TOULOUSE-BLAGNAC,2024120700,0.4,13.4,98
TOULOUSE-BLAGNAC,2024120701,0,13.7,93
TOULOUSE-BLAGNAC,2024120702,0,13.7,92
TOULOUSE-BLAGNAC,2024120703,0,13.3,94
TOULOUSE-BLAGNAC,2024120704,0,13,90
TOULOUSE-BLAGNAC,2024120705,0,12.9,89
TOULOUSE-BLAGNAC,2024120706,0,12.1,92
TOULOUSE-BLAGNAC,2024120707,0,11.3,93
TOULOUSE-BLAGNAC,2024120708,0,11.3,91
TOULOUSE-BLAGNAC,2024120709,0.2,12.7,88
TOULOUSE-BLAGNAC,2024120710,1.8,12.5,92
TOULOUSE-BLAGNAC,2024120711,0,12.7,80
TOULOUSE-BLAGNAC,2024120712,1.2,11.2,85
TOULOUSE-BLAGNAC,2024120713,0.6,10.7,75
TOULOUSE-BLAGNAC,2024120714,0,10.7,78
TOULOUSE-BLAGNAC,2024120715,0,9.5,73
TOULOUSE-BLAGNAC,2024120716,1.6,6.3,91
TOULOUSE-BLAGNAC,2024120717,0.4,7.2,84
TOULOUSE-BLAGNAC,2024120718,0,6.9,82
TOULOUSE-BLAGNAC,2024120719,0,6.7,80
TOULOUSE-BLAGNAC,2024120720,0,5.8,82
TOULOUSE-BLAGNAC,2024120721,0,5.8,83
TOULOUSE-BLAGNAC,2024120722,0,6.1,83
TOULOUSE-BLAGNAC,2024120723,0.4,5.9,85
TOULOUSE-BLAGNAC,2024120800,0.2,6.1,85
TOULOUSE-BLAGNAC,2024120801,0,6.1,83
TOULOUSE-BLAGNAC,2024120802,0,6,83
TOULOUSE-BLAGNAC,2024120803,0,5.6,85
TOULOUSE-BLAGNAC,2024120804,0,5.5,83
TOULOUSE-BLAGNAC,2024120805,0,5.4,81
TOULOUSE-BLAGNAC,2024120806,0,5.3,82
TOULOUSE-BLAGNAC,2024120807,0,5.8,80
TOULOUSE-BLAGNAC,2024120808,0,6.1,81
TOULOUSE-BLAGNAC,2024120809,0,6.7,79
TOULOUSE-BLAGNAC,2024120810,0,7,81
TOULOUSE-BLAGNAC,2024120811,0,6.9,84
TOULOUSE-BLAGNAC,2024120812,0,6.5,92
TOULOUSE-BLAGNAC,2024120813,0.2,7.3,90
TOULOUSE-BLAGNAC,2024120814,0,7.2,91
TOULOUSE-BLAGNAC,2024120815,0,7.2,91
TOULOUSE-BLAGNAC,2024120816,0.6,7.1,92
TOULOUSE-BLAGNAC,2024120817,0.4,6.7,89
TOULOUSE-BLAGNAC,2024120818,0,6.8,91
TOULOUSE-BLAGNAC,2024120819,0.8,6.5,91
TOULOUSE-BLAGNAC,2024120820,0.2,6.5,91
TOULOUSE-BLAGNAC,2024120821,0,6.4,90
TOULOUSE-BLAGNAC,2024120822,0,6.3,88
TOULOUSE-BLAGNAC,2024120823,0,6.4,87
TOULOUSE-BLAGNAC,2024120900,0,6.2,85
TOULOUSE-BLAGNAC,2024120901,0,6,87
TOULOUSE-BLAGNAC,2024120902,0,6,88
TOULOUSE-BLAGNAC,2024120903,0,6,89
TOULOUSE-BLAGNAC,2024120904,0,5.7,93
TOULOUSE-BLAGNAC,2024120905,0,5.7,94
TOULOUSE-BLAGNAC,2024120906,0,5.8,93
TOULOUSE-BLAGNAC,2024120907,0,5.8,95
TOULOUSE-BLAGNAC,2024120908,0,5.9,96
TOULOUSE-BLAGNAC,2024120909,0,6.2,95
TOULOUSE-BLAGNAC,2024120910,0.6,6.6,95
TOULOUSE-BLAGNAC,2024120911,1.4,6.2,90
TOULOUSE-BLAGNAC,2024120912,1.4,6.4,93
TOULOUSE-BLAGNAC,2024120913,0.2,6.8,91
TOULOUSE-BLAGNAC,2024120914,0,7.3,88
TOULOUSE-BLAGNAC,2024120915,0,7.2,85
TOULOUSE-BLAGNAC,2024120916,0,6.9,83
TOULOUSE-BLAGNAC,2024120917,0,6.6,82
TOULOUSE-BLAGNAC,2024120918,0,6.5,82
TOULOUSE-BLAGNAC,2024120919,0,6.2,84
TOULOUSE-BLAGNAC,2024120920,0,6.1,83
TOULOUSE-BLAGNAC,2024120921,0,5.9,85
TOULOUSE-BLAGNAC,2024120922,0,5.8,85
TOULOUSE-BLAGNAC,2024120923,0,5.3,90
TOULOUSE-BLAGNAC,2024121000,0,5,93
TOULOUSE-BLAGNAC,2024121001,0,4.9,92
TOULOUSE-BLAGNAC,2024121002,0,4.9,91
TOULOUSE-BLAGNAC,2024121003,0,4.9,91
TOULOUSE-BLAGNAC,2024121004,0,4.8,90
TOULOUSE-BLAGNAC,2024121005,0,4.7,91
TOULOUSE-BLAGNAC,2024121006,0,4.7,90
TOULOUSE-BLAGNAC,2024121007,0,4.6,89
TOULOUSE-BLAGNAC,2024121008,0,4.5,90
TOULOUSE-BLAGNAC,2024121009,0,4.5,90
TOULOUSE-BLAGNAC,2024121010,0,4.7,89
TOULOUSE-BLAGNAC,2024121011,0,5.1,86
TOULOUSE-BLAGNAC,2024121012,0,5.2,84
TOULOUSE-BLAGNAC,2024121013,0,5.4,83
TOULOUSE-BLAGNAC,2024121014,0,5.4,84
TOULOUSE-BLAGNAC,2024121015,0,5.3,83
TOULOUSE-BLAGNAC,2024121016,0,5.3,85
TOULOUSE-BLAGNAC,2024121017,0,4.8,86
TOULOUSE-BLAGNAC,2024121018,0,4.8,86
TOULOUSE-BLAGNAC,2024121019,0,4.8,88
TOULOUSE-BLAGNAC,2024121020,0,4.6,89
TOULOUSE-BLAGNAC,2024121021,0,4.4,91
TOULOUSE-BLAGNAC,2024121022,0,4.4,91
TOULOUSE-BLAGNAC,2024121023,0,4.2,91
TOULOUSE-BLAGNAC,2024121100,0,4.2,92
TOULOUSE-BLAGNAC,2024121101,0,4,92
TOULOUSE-BLAGNAC,2024121102,0,3.9,93
TOULOUSE-BLAGNAC,2024121103,0,4,93
TOULOUSE-BLAGNAC,2024121104,0,4.4,93
TOULOUSE-BLAGNAC,2024121105,0,4,93
TOULOUSE-BLAGNAC,2024121106,0,3.8,94
TOULOUSE-BLAGNAC,2024121107,0,4.1,94
TOULOUSE-BLAGNAC,2024121108,0,4.1,93
TOULOUSE-BLAGNAC,2024121109,0,4.1,92
TOULOUSE-BLAGNAC,2024121110,0,4.5,87
TOULOUSE-BLAGNAC,2024121111,0,5,86
TOULOUSE-BLAGNAC,2024121112,0,5.8,84
TOULOUSE-BLAGNAC,2024121113,0,6.6,79
TOULOUSE-BLAGNAC,2024121114,0,6.8,78
TOULOUSE-BLAGNAC,2024121115,0,6.8,78
TOULOUSE-BLAGNAC,2024121116,0,6.8,79
TOULOUSE-BLAGNAC,2024121117,0,6.6,81
TOULOUSE-BLAGNAC,2024121118,0,6.3,86
TOULOUSE-BLAGNAC,2024121119,0,6.1,86
TOULOUSE-BLAGNAC,2024121120,0,6,86
TOULOUSE-BLAGNAC,2024121121,0,6.2,84
TOULOUSE-BLAGNAC,2024121122,0,6.5,82
TOULOUSE-BLAGNAC,2024121123,0,6.3,83
TOULOUSE-BLAGNAC,2024121200,0,5.4,88
TOULOUSE-BLAGNAC,2024121201,0,4.8,91
TOULOUSE-BLAGNAC,2024121202,0,4.2,91
TOULOUSE-BLAGNAC,2024121203,0,3.6,93
TOULOUSE-BLAGNAC,2024121204,0,3.5,95
TOULOUSE-BLAGNAC,2024121205,0,3.5,94
TOULOUSE-BLAGNAC,2024121206,0,2.8,93
TOULOUSE-BLAGNAC,2024121207,0,2.1,94
TOULOUSE-BLAGNAC,2024121208,0,2.6,94
TOULOUSE-BLAGNAC,2024121209,0,4.6,90
TOULOUSE-BLAGNAC,2024121210,0,6.6,80
TOULOUSE-BLAGNAC,2024121211,0,8.3,75
TOULOUSE-BLAGNAC,2024121212,0,9.1,72
TOULOUSE-BLAGNAC,2024121213,0,10.4,70
TOULOUSE-BLAGNAC,2024121214,0,10,73
TOULOUSE-BLAGNAC,2024121215,0,10.1,74
TOULOUSE-BLAGNAC,2024121216,0,10,77
TOULOUSE-BLAGNAC,2024121217,0,9.4,81
TOULOUSE-BLAGNAC,2024121218,0,8.4,84
TOULOUSE-BLAGNAC,2024121219,0,7.8,88
TOULOUSE-BLAGNAC,2024121220,0,7.5,90
TOULOUSE-BLAGNAC,2024121221,0,7.3,90
TOULOUSE-BLAGNAC,2024121222,0,8.1,88
TOULOUSE-BLAGNAC,2024121223,0,8.7,80
TOULOUSE-BLAGNAC,2024121300,0,6.9,85
TOULOUSE-BLAGNAC,2024121301,0,6,88
TOULOUSE-BLAGNAC,2024121302,0,5.5,86
TOULOUSE-BLAGNAC,2024121303,0,6.6,81
TOULOUSE-BLAGNAC,2024121304,0,6.7,80
TOULOUSE-BLAGNAC,2024121305,0,6.6,82
TOULOUSE-BLAGNAC,2024121306,0,7,79
TOULOUSE-BLAGNAC,2024121307,0,7.4,79
TOULOUSE-BLAGNAC,2024121308,0,7.5,79
TOULOUSE-BLAGNAC,2024121309,0,7.6,83
TOULOUSE-BLAGNAC,2024121310,0,8.6,83
TOULOUSE-BLAGNAC,2024121311,0,9.2,81
TOULOUSE-BLAGNAC,2024121312,0,10.2,80
TOULOUSE-BLAGNAC,2024121313,0,10.7,79
TOULOUSE-BLAGNAC,2024121314,0,10.3,78
TOULOUSE-BLAGNAC,2024121315,0,9.8,81
TOULOUSE-BLAGNAC,2024121316,0,8.1,84
TOULOUSE-BLAGNAC,2024121317,0,7.1,88
TOULOUSE-BLAGNAC,2024121318,0,7.1,87
TOULOUSE-BLAGNAC,2024121319,0,6.1,89
TOULOUSE-BLAGNAC,2024121320,0,5.4,92
TOULOUSE-BLAGNAC,2024121321,0,5.6,94
TOULOUSE-BLAGNAC,2024121322,0,5.4,94
TOULOUSE-BLAGNAC,2024121323,0,5.4,95
TOULOUSE-BLAGNAC,2024121400,0,5,95
TOULOUSE-BLAGNAC,2024121401,0,4.1,95
TOULOUSE-BLAGNAC,2024121402,0,3.9,97
TOULOUSE-BLAGNAC,2024121403,0,4.6,97
TOULOUSE-BLAGNAC,2024121404,0,3.9,96
TOULOUSE-BLAGNAC,2024121405,0,3,95
TOULOUSE-BLAGNAC,2024121406,0,2.5,96
TOULOUSE-BLAGNAC,2024121407,0,3.7,96
TOULOUSE-BLAGNAC,2024121408,0,4.1,95
TOULOUSE-BLAGNAC,2024121409,0,5.7,90
TOULOUSE-BLAGNAC,2024121410,0,7.9,79
TOULOUSE-BLAGNAC,2024121411,0,8.2,84
TOULOUSE-BLAGNAC,2024121412,0.2,8.6,87
TOULOUSE-BLAGNAC,2024121413,0,8.8,86
TOULOUSE-BLAGNAC,2024121414,0,9.2,81
TOULOUSE-BLAGNAC,2024121415,0,8.5,82
TOULOUSE-BLAGNAC,2024121416,0,8.4,86
TOULOUSE-BLAGNAC,2024121417,0,8.1,85
TOULOUSE-BLAGNAC,2024121418,0,7.7,85
TOULOUSE-BLAGNAC,2024121419,0,7.4,88
TOULOUSE-BLAGNAC,2024121420,0,6.9,91
TOULOUSE-BLAGNAC,2024121421,0,6.3,85
TOULOUSE-BLAGNAC,2024121422,0,5.9,84
TOULOUSE-BLAGNAC,2024121423,0,5.7,85
TOULOUSE-BLAGNAC,2024121500,0,5.4,87
TOULOUSE-BLAGNAC,2024121501,0.2,5.4,90
TOULOUSE-BLAGNAC,2024121502,0.4,5.4,92
TOULOUSE-BLAGNAC,2024121503,0,5.6,95
TOULOUSE-BLAGNAC,2024121504,0,5.3,95
TOULOUSE-BLAGNAC,2024121505,0,6.4,97
TOULOUSE-BLAGNAC,2024121506,0,7.1,96
TOULOUSE-BLAGNAC,2024121507,0,6.7,95
TOULOUSE-BLAGNAC,2024121508,0,6.8,96
TOULOUSE-BLAGNAC,2024121509,0.2,7.2,95
TOULOUSE-BLAGNAC,2024121510,0.4,6.9,95
TOULOUSE-BLAGNAC,2024121511,0,7.7,91
TOULOUSE-BLAGNAC,2024121512,0,8.1,86
TOULOUSE-BLAGNAC,2024121513,0,9.2,85
TOULOUSE-BLAGNAC,2024121514,0,9.1,71
TOULOUSE-BLAGNAC,2024121515,0,8.9,72
TOULOUSE-BLAGNAC,2024121516,0,7.8,74
TOULOUSE-BLAGNAC,2024121517,0,6.2,83
TOULOUSE-BLAGNAC,2024121518,0,5.5,88
TOULOUSE-BLAGNAC,2024121519,0,5.4,86
TOULOUSE-BLAGNAC,2024121520,0,3.8,91
TOULOUSE-BLAGNAC,2024121521,0,2.8,91
TOULOUSE-BLAGNAC,2024121522,0,2.1,94
TOULOUSE-BLAGNAC,2024121523,0,1.9,96
TOULOUSE-BLAGNAC,2024121600,0,1.5,96
TOULOUSE-BLAGNAC,2024121601,0,0.4,96
TOULOUSE-BLAGNAC,2024121602,0,0.2,96
TOULOUSE-BLAGNAC,2024121603,0,0.4,97
TOULOUSE-BLAGNAC,2024121604,0,-0.3,97
TOULOUSE-BLAGNAC,2024121605,0,0.3,98
TOULOUSE-BLAGNAC,2024121606,0,-0.7,97
TOULOUSE-BLAGNAC,2024121607,0,-0.7,97
TOULOUSE-BLAGNAC,2024121608,0,0.3,98
TOULOUSE-BLAGNAC,2024121609,0,2.1,97
TOULOUSE-BLAGNAC,2024121610,0,4.4,90
TOULOUSE-BLAGNAC,2024121611,0,6.1,82
TOULOUSE-BLAGNAC,2024121612,0,7.7,78
TOULOUSE-BLAGNAC,2024121613,0,8.3,76
TOULOUSE-BLAGNAC,2024121614,0,8.2,78
TOULOUSE-BLAGNAC,2024121615,0,9.1,74
TOULOUSE-BLAGNAC,2024121616,0,6.1,88
TOULOUSE-BLAGNAC,2024121617,0,3.9,96
TOULOUSE-BLAGNAC,2024121618,0,3.1,96
TOULOUSE-BLAGNAC,2024121619,0,2.6,96
TOULOUSE-BLAGNAC,2024121620,0,2.3,96
TOULOUSE-BLAGNAC,2024121621,0,7.2,86
TOULOUSE-BLAGNAC,2024121622,0,7.5,86
TOULOUSE-BLAGNAC,2024121623,0,6.6,88
TOULOUSE-BLAGNAC,2024121700,0,4.2,90
TOULOUSE-BLAGNAC,2024121701,0,3.8,95
TOULOUSE-BLAGNAC,2024121702,0,5,89
TOULOUSE-BLAGNAC,2024121703,0,4.3,90
TOULOUSE-BLAGNAC,2024121704,0,4.7,90
TOULOUSE-BLAGNAC,2024121705,0,2.7,93
TOULOUSE-BLAGNAC,2024121706,0,3.2,96
TOULOUSE-BLAGNAC,2024121707,0,1.6,97
TOULOUSE-BLAGNAC,2024121708,0,2.9,97
TOULOUSE-BLAGNAC,2024121709,0,5.6,92
TOULOUSE-BLAGNAC,2024121710,0,9,81
TOULOUSE-BLAGNAC,2024121711,0,11.5,72
TOULOUSE-BLAGNAC,2024121712,0,11.8,72
TOULOUSE-BLAGNAC,2024121713,0,13.1,70
TOULOUSE-BLAGNAC,2024121714,0,13.3,68
TOULOUSE-BLAGNAC,2024121715,0,12.4,71
TOULOUSE-BLAGNAC,2024121716,0,10.1,80
TOULOUSE-BLAGNAC,2024121717,0,9.7,82
TOULOUSE-BLAGNAC,2024121718,0,9.3,85
TOULOUSE-BLAGNAC,2024121719,0,9.1,85
TOULOUSE-BLAGNAC,2024121720,0,8.9,84
TOULOUSE-BLAGNAC,2024121721,0,8.8,83
TOULOUSE-BLAGNAC,2024121722,0,8.6,83
TOULOUSE-BLAGNAC,2024121723,0,8,86
TOULOUSE-BLAGNAC,2024121800,0,7.6,88
TOULOUSE-BLAGNAC,2024121801,0,7.8,88
TOULOUSE-BLAGNAC,2024121802,0,6.4,89
TOULOUSE-BLAGNAC,2024121803,0,5,94
TOULOUSE-BLAGNAC,2024121804,0,4.8,95
TOULOUSE-BLAGNAC,2024121805,0,4,96
TOULOUSE-BLAGNAC,2024121806,0,4,96
TOULOUSE-BLAGNAC,2024121807,0,4.3,97
TOULOUSE-BLAGNAC,2024121808,0,4.9,96
TOULOUSE-BLAGNAC,2024121809,0,6.8,90
TOULOUSE-BLAGNAC,2024121810,0,9.8,81
TOULOUSE-BLAGNAC,2024121811,0,12.7,71
TOULOUSE-BLAGNAC,2024121812,0,14.4,64
TOULOUSE-BLAGNAC,2024121813,0,16,60
TOULOUSE-BLAGNAC,2024121814,0,16.2,58
TOULOUSE-BLAGNAC,2024121815,0,15,65
TOULOUSE-BLAGNAC,2024121816,0,14.1,66
TOULOUSE-BLAGNAC,2024121817,0,12.3,72
TOULOUSE-BLAGNAC,2024121818,0,10.9,81
TOULOUSE-BLAGNAC,2024121819,0,10,85
TOULOUSE-BLAGNAC,2024121820,0,9.8,84
TOULOUSE-BLAGNAC,2024121821,0,9.3,86
TOULOUSE-BLAGNAC,2024121822,0,9.9,84
TOULOUSE-BLAGNAC,2024121823,0,8.7,86
TOULOUSE-BLAGNAC,2024121900,0,8.4,87
TOULOUSE-BLAGNAC,2024121901,0,7.7,90
TOULOUSE-BLAGNAC,2024121902,0,8.2,91
TOULOUSE-BLAGNAC,2024121903,0,9.6,89
TOULOUSE-BLAGNAC,2024121904,0,10,86
TOULOUSE-BLAGNAC,2024121905,0,9.6,90
TOULOUSE-BLAGNAC,2024121906,0,8.8,92
TOULOUSE-BLAGNAC,2024121907,0,8.6,94
TOULOUSE-BLAGNAC,2024121908,0,8.5,95
TOULOUSE-BLAGNAC,2024121909,0,10,90
TOULOUSE-BLAGNAC,2024121910,0,12,80
TOULOUSE-BLAGNAC,2024121911,0,11.6,83
TOULOUSE-BLAGNAC,2024121912,0.8,12.1,89
TOULOUSE-BLAGNAC,2024121913,0,10.4,85
TOULOUSE-BLAGNAC,2024121914,0.2,10.1,82
TOULOUSE-BLAGNAC,2024121915,0,10.7,76
TOULOUSE-BLAGNAC,2024121916,0.8,7.9,86
TOULOUSE-BLAGNAC,2024121917,0,8,83
TOULOUSE-BLAGNAC,2024121918,0,7.3,83
TOULOUSE-BLAGNAC,2024121919,0,6.9,87
TOULOUSE-BLAGNAC,2024121920,0.2,7.2,84
TOULOUSE-BLAGNAC,2024121921,0,7.5,82
TOULOUSE-BLAGNAC,2024121922,0.6,6.6,87
TOULOUSE-BLAGNAC,2024121923,1.4,6,83
TOULOUSE-BLAGNAC,2024122000,0,5.8,85
TOULOUSE-BLAGNAC,2024122001,0,5.3,86
TOULOUSE-BLAGNAC,2024122002,0,4.8,88
TOULOUSE-BLAGNAC,2024122003,0,4.5,88
TOULOUSE-BLAGNAC,2024122004,0,4.1,88
TOULOUSE-BLAGNAC,2024122005,0,4.1,88
TOULOUSE-BLAGNAC,2024122006,0,4,88
TOULOUSE-BLAGNAC,2024122007,0,3.7,89
TOULOUSE-BLAGNAC,2024122008,0,3.9,90
TOULOUSE-BLAGNAC,2024122009,0,5.2,87
TOULOUSE-BLAGNAC,2024122010,0,6.7,78
TOULOUSE-BLAGNAC,2024122011,0,7.8,70
TOULOUSE-BLAGNAC,2024122012,0,8.6,65
TOULOUSE-BLAGNAC,2024122013,0,8.9,60
TOULOUSE-BLAGNAC,2024122014,0,9.1,57
TOULOUSE-BLAGNAC,2024122015,0,9.3,58
TOULOUSE-BLAGNAC,2024122016,0,7.7,65
TOULOUSE-BLAGNAC,2024122017,0,6.6,72
TOULOUSE-BLAGNAC,2024122018,0,7.1,70
TOULOUSE-BLAGNAC,2024122019,0,7,72
TOULOUSE-BLAGNAC,2024122020,0,6.7,81
TOULOUSE-BLAGNAC,2024122021,0,7.2,75
TOULOUSE-BLAGNAC,2024122022,0,7.4,72
TOULOUSE-BLAGNAC,2024122023,0,6.1,74
TOULOUSE-BLAGNAC,2024122100,0,6.8,71
TOULOUSE-BLAGNAC,2024122101,0,7.1,72
TOULOUSE-BLAGNAC,2024122102,0,6.4,74
TOULOUSE-BLAGNAC,2024122103,0,6.9,73
TOULOUSE-BLAGNAC,2024122104,0,7.2,75
TOULOUSE-BLAGNAC,2024122105,0,7.5,83
TOULOUSE-BLAGNAC,2024122106,0,7,90
TOULOUSE-BLAGNAC,2024122107,0.2,7.2,89
TOULOUSE-BLAGNAC,2024122108,0,8,85
TOULOUSE-BLAGNAC,2024122109,0.8,8.1,93
TOULOUSE-BLAGNAC,2024122110,0,9.2,92
TOULOUSE-BLAGNAC,2024122111,0,9.8,91
TOULOUSE-BLAGNAC,2024122112,0.6,9.7,93
TOULOUSE-BLAGNAC,2024122113,0,10.2,92
TOULOUSE-BLAGNAC,2024122114,0.2,10.2,93
TOULOUSE-BLAGNAC,2024122115,0,10.1,95
TOULOUSE-BLAGNAC,2024122116,0.2,10.1,96
TOULOUSE-BLAGNAC,2024122117,0.4,10,96
TOULOUSE-BLAGNAC,2024122118,0.4,9.9,97
TOULOUSE-BLAGNAC,2024122119,0,10.2,95
TOULOUSE-BLAGNAC,2024122120,0,10.6,92
TOULOUSE-BLAGNAC,2024122121,0.2,10.6,93
TOULOUSE-BLAGNAC,2024122122,0,10.8,92
TOULOUSE-BLAGNAC,2024122123,0,10.8,93
TOULOUSE-BLAGNAC,2024122200,0,10.8,92
TOULOUSE-BLAGNAC,2024122201,0,10.5,91
TOULOUSE-BLAGNAC,2024122202,0,11,88
TOULOUSE-BLAGNAC,2024122203,0,10.8,92
TOULOUSE-BLAGNAC,2024122204,0,10.8,95
TOULOUSE-BLAGNAC,2024122205,0,11.4,92
TOULOUSE-BLAGNAC,2024122206,0,11.6,92
TOULOUSE-BLAGNAC,2024122207,0,11.5,92
TOULOUSE-BLAGNAC,2024122208,0,12.1,87
TOULOUSE-BLAGNAC,2024122209,0.4,11.9,91
TOULOUSE-BLAGNAC,2024122210,0,12.1,91
TOULOUSE-BLAGNAC,2024122211,0.6,12.5,92
TOULOUSE-BLAGNAC,2024122212,0,13.1,87
TOULOUSE-BLAGNAC,2024122213,4.5,10.9,93
TOULOUSE-BLAGNAC,2024122214,0,12,82
TOULOUSE-BLAGNAC,2024122215,0,11.7,75
TOULOUSE-BLAGNAC,2024122216,0,11,70
TOULOUSE-BLAGNAC,2024122217,0,10.6,73
TOULOUSE-BLAGNAC,2024122218,0,9.5,80
TOULOUSE-BLAGNAC,2024122219,0,9.1,76
TOULOUSE-BLAGNAC,2024122220,0,8.5,76
TOULOUSE-BLAGNAC,2024122221,0,8.4,80
TOULOUSE-BLAGNAC,2024122222,0,8.1,78
TOULOUSE-BLAGNAC,2024122223,0,7.1,75
TOULOUSE-BLAGNAC,2024122300,0,6.4,77
TOULOUSE-BLAGNAC,2024122301,0,6.4,81
TOULOUSE-BLAGNAC,2024122302,0,6.6,82
TOULOUSE-BLAGNAC,2024122303,0.2,6.1,83
TOULOUSE-BLAGNAC,2024122304,0,6.1,85
TOULOUSE-BLAGNAC,2024122305,0,6.2,82
TOULOUSE-BLAGNAC,2024122306,0,5.7,82
TOULOUSE-BLAGNAC,2024122307,0,5,83
TOULOUSE-BLAGNAC,2024122308,0,5.5,81
TOULOUSE-BLAGNAC,2024122309,0,6.2,79
TOULOUSE-BLAGNAC,2024122310,0,6.7,76
TOULOUSE-BLAGNAC,2024122311,0,6.6,78
TOULOUSE-BLAGNAC,2024122312,0,7.3,72
TOULOUSE-BLAGNAC,2024122313,0,7.7,67
TOULOUSE-BLAGNAC,2024122314,0,8.3,63
TOULOUSE-BLAGNAC,2024122315,0,8,68
TOULOUSE-BLAGNAC,2024122316,0,6.8,72
TOULOUSE-BLAGNAC,2024122317,0,5.8,76
TOULOUSE-BLAGNAC,2024122318,0,5.7,75
TOULOUSE-BLAGNAC,2024122319,0,5.7,74
TOULOUSE-BLAGNAC,2024122320,0,5.9,79
TOULOUSE-BLAGNAC,2024122321,0,5.8,82
TOULOUSE-BLAGNAC,2024122322,0,6.2,80
TOULOUSE-BLAGNAC,2024122323,0,6,81
TOULOUSE-BLAGNAC,2024122400,0,5.9,80
TOULOUSE-BLAGNAC,2024122401,0,5.9,79
TOULOUSE-BLAGNAC,2024122402,0,6.1,78
TOULOUSE-BLAGNAC,2024122403,0,6.6,77
TOULOUSE-BLAGNAC,2024122404,0,6.2,90
TOULOUSE-BLAGNAC,2024122405,0,5.9,95
TOULOUSE-BLAGNAC,2024122406,0.2,6,96
TOULOUSE-BLAGNAC,2024122407,0.2,6.5,97
TOULOUSE-BLAGNAC,2024122408,0,7.2,97
TOULOUSE-BLAGNAC,2024122409,0,8.2,97
TOULOUSE-BLAGNAC,2024122410,0.4,9.2,97
TOULOUSE-BLAGNAC,2024122411,0.6,8.9,98
TOULOUSE-BLAGNAC,2024122412,0.2,10.4,98
TOULOUSE-BLAGNAC,2024122413,0,9.8,94
TOULOUSE-BLAGNAC,2024122414,0,9.3,97
TOULOUSE-BLAGNAC,2024122415,0,8.9,97
TOULOUSE-BLAGNAC,2024122416,0.2,8.9,97
TOULOUSE-BLAGNAC,2024122417,0,8.8,98
TOULOUSE-BLAGNAC,2024122418,0,8.5,97
TOULOUSE-BLAGNAC,2024122419,0,8.2,97
TOULOUSE-BLAGNAC,2024122420,0,8.1,97
TOULOUSE-BLAGNAC,2024122421,0,8,98
TOULOUSE-BLAGNAC,2024122422,0,7.8,98
TOULOUSE-BLAGNAC,2024122423,0,7.5,97
TOULOUSE-BLAGNAC,2024122500,0,7,97
TOULOUSE-BLAGNAC,2024122501,0,6.7,97
TOULOUSE-BLAGNAC,2024122502,0,6.6,96
TOULOUSE-BLAGNAC,2024122503,0,6.6,96
TOULOUSE-BLAGNAC,2024122504,0,6.4,96
TOULOUSE-BLAGNAC,2024122505,0,6.2,96
TOULOUSE-BLAGNAC,2024122506,0,6.3,96
TOULOUSE-BLAGNAC,2024122507,0,6.4,96
TOULOUSE-BLAGNAC,2024122508,0,6.6,97
TOULOUSE-BLAGNAC,2024122509,0,7,97
TOULOUSE-BLAGNAC,2024122510,0,7.4,96
TOULOUSE-BLAGNAC,2024122511,0,7.5,91
TOULOUSE-BLAGNAC,2024122512,0,7.7,92
TOULOUSE-BLAGNAC,2024122513,0,7.8,91
TOULOUSE-BLAGNAC,2024122514,0,7.8,92
TOULOUSE-BLAGNAC,2024122515,0,7.8,92
TOULOUSE-BLAGNAC,2024122516,0,7.8,92
TOULOUSE-BLAGNAC,2024122517,0,7.6,93
TOULOUSE-BLAGNAC,2024122518,0,7.4,93
TOULOUSE-BLAGNAC,2024122519,0,7.3,94
TOULOUSE-BLAGNAC,2024122520,0,7,95
TOULOUSE-BLAGNAC,2024122521,0,6.9,96
TOULOUSE-BLAGNAC,2024122522,0,6.7,96
TOULOUSE-BLAGNAC,2024122523,0,6.6,97
TOULOUSE-BLAGNAC,2024122600,0,6.5,97
TOULOUSE-BLAGNAC,2024122601,0,6.5,97
TOULOUSE-BLAGNAC,2024122602,0,6.1,97
TOULOUSE-BLAGNAC,2024122603,0,6.1,97
TOULOUSE-BLAGNAC,2024122604,0,6.1,96
TOULOUSE-BLAGNAC,2024122605,0,6.1,95
TOULOUSE-BLAGNAC,2024122606,0,6.2,95
TOULOUSE-BLAGNAC,2024122607,0,6.5,94
TOULOUSE-BLAGNAC,2024122608,0,6.5,94
TOULOUSE-BLAGNAC,2024122609,0,6.6,93
TOULOUSE-BLAGNAC,2024122610,0,6.5,94
TOULOUSE-BLAGNAC,2024122611,0,7.1,93
TOULOUSE-BLAGNAC,2024122612,0,8.5,82
TOULOUSE-BLAGNAC,2024122613,0,10.5,71
TOULOUSE-BLAGNAC,2024122614,0,11.3,63
TOULOUSE-BLAGNAC,2024122615,0,11.4,59
TOULOUSE-BLAGNAC,2024122616,0,9.9,74
TOULOUSE-BLAGNAC,2024122617,0,7.2,84
TOULOUSE-BLAGNAC,2024122618,0,5.8,92
TOULOUSE-BLAGNAC,2024122619,0,5,94
TOULOUSE-BLAGNAC,2024122620,0,5.6,97
TOULOUSE-BLAGNAC,2024122621,0,5.4,97
TOULOUSE-BLAGNAC,2024122622,0,5.2,97
TOULOUSE-BLAGNAC,2024122623,0,4.8,97
TOULOUSE-BLAGNAC,2024122700,0,4.7,97
TOULOUSE-BLAGNAC,2024122701,0,4,98
TOULOUSE-BLAGNAC,2024122702,0,3.7,98
TOULOUSE-BLAGNAC,2024122703,0,2.8,98
TOULOUSE-BLAGNAC,2024122704,0,1.8,98
TOULOUSE-BLAGNAC,2024122705,0,1.4,98
TOULOUSE-BLAGNAC,2024122706,0,1.3,98
TOULOUSE-BLAGNAC,2024122707,0,0.2,98
TOULOUSE-BLAGNAC,2024122708,0,0.2,98
TOULOUSE-BLAGNAC,2024122709,0,3,99
TOULOUSE-BLAGNAC,2024122710,0,6.4,80
TOULOUSE-BLAGNAC,2024122711,0,8.3,64
TOULOUSE-BLAGNAC,2024122712,0,9.9,60
TOULOUSE-BLAGNAC,2024122713,0,10.1,64
TOULOUSE-BLAGNAC,2024122714,0,10.5,63
TOULOUSE-BLAGNAC,2024122715,0,10.6,64
TOULOUSE-BLAGNAC,2024122716,0,9.6,67
TOULOUSE-BLAGNAC,2024122717,0,7.2,80
TOULOUSE-BLAGNAC,2024122718,0,5,87
TOULOUSE-BLAGNAC,2024122719,0,4.9,88
TOULOUSE-BLAGNAC,2024122720,0,4.4,89
TOULOUSE-BLAGNAC,2024122721,0,2.6,91
TOULOUSE-BLAGNAC,2024122722,0,2.8,94
TOULOUSE-BLAGNAC,2024122723,0,1.5,94
TOULOUSE-BLAGNAC,2024122800,0,0.8,95
TOULOUSE-BLAGNAC,2024122801,0,0.8,95
TOULOUSE-BLAGNAC,2024122802,0,0.1,96
TOULOUSE-BLAGNAC,2024122803,0,-0.3,97
TOULOUSE-BLAGNAC,2024122804,0,-1.1,97
TOULOUSE-BLAGNAC,2024122805,0,-0.8,98
TOULOUSE-BLAGNAC,2024122806,0,-1,97
TOULOUSE-BLAGNAC,2024122807,0,-0.6,98
TOULOUSE-BLAGNAC,2024122808,0,-0.1,98
TOULOUSE-BLAGNAC,2024122809,0,1.7,97
TOULOUSE-BLAGNAC,2024122810,0,4.9,85
TOULOUSE-BLAGNAC,2024122811,0,7.9,70
TOULOUSE-BLAGNAC,2024122812,0,9.9,61
TOULOUSE-BLAGNAC,2024122813,0,10.9,56
TOULOUSE-BLAGNAC,2024122814,0,12.1,54
TOULOUSE-BLAGNAC,2024122815,0,12.8,50
TOULOUSE-BLAGNAC,2024122816,0,10.9,60
TOULOUSE-BLAGNAC,2024122817,0,7.6,74
TOULOUSE-BLAGNAC,2024122818,0,6.1,82
TOULOUSE-BLAGNAC,2024122819,0,4.8,84
TOULOUSE-BLAGNAC,2024122820,0,3.3,89
TOULOUSE-BLAGNAC,2024122821,0,2.4,92
TOULOUSE-BLAGNAC,2024122822,0,2.3,95
TOULOUSE-BLAGNAC,2024122823,0,1.4,96
TOULOUSE-BLAGNAC,2024122900,0,1,96
TOULOUSE-BLAGNAC,2024122901,0,0.2,96
TOULOUSE-BLAGNAC,2024122902,0,0.2,97
TOULOUSE-BLAGNAC,2024122903,0,-0.3,97
TOULOUSE-BLAGNAC,2024122904,0,-0.7,97
TOULOUSE-BLAGNAC,2024122905,0,-0.8,98
TOULOUSE-BLAGNAC,2024122906,0,-0.4,98
TOULOUSE-BLAGNAC,2024122907,0,0.2,98
TOULOUSE-BLAGNAC,2024122908,0,0.5,99
TOULOUSE-BLAGNAC,2024122909,0,1.8,99
TOULOUSE-BLAGNAC,2024122910,0,3.1,99
TOULOUSE-BLAGNAC,2024122911,0,3.7,97
TOULOUSE-BLAGNAC,2024122912,0,3.9,97
TOULOUSE-BLAGNAC,2024122913,0,4.8,97
TOULOUSE-BLAGNAC,2024122914,0,6.4,90
TOULOUSE-BLAGNAC,2024122915,0,6.5,88
TOULOUSE-BLAGNAC,2024122916,0,4.6,95
TOULOUSE-BLAGNAC,2024122917,0,4.1,98
TOULOUSE-BLAGNAC,2024122918,0,3.7,98
TOULOUSE-BLAGNAC,2024122919,0,4.3,99
TOULOUSE-BLAGNAC,2024122920,0,3.8,99
TOULOUSE-BLAGNAC,2024122921,0,3.3,99
TOULOUSE-BLAGNAC,2024122922,0,3.2,99
TOULOUSE-BLAGNAC,2024122923,0,2.9,99
TOULOUSE-BLAGNAC,2024123000,0,2.5,99
TOULOUSE-BLAGNAC,2024123001,0,2.3,99
TOULOUSE-BLAGNAC,2024123002,0,2,99
TOULOUSE-BLAGNAC,2024123003,0,1.9,99
TOULOUSE-BLAGNAC,2024123004,0,2,99
TOULOUSE-BLAGNAC,2024123005,0,2.1,99
TOULOUSE-BLAGNAC,2024123006,0,2.1,99
TOULOUSE-BLAGNAC,2024123007,0,2.1,99
TOULOUSE-BLAGNAC,2024123008,0,2.1,99
TOULOUSE-BLAGNAC,2024123009,0,2.3,99
TOULOUSE-BLAGNAC,2024123010,0,2.5,99
TOULOUSE-BLAGNAC,2024123011,0,2.6,99
TOULOUSE-BLAGNAC,2024123012,0,2.6,99
TOULOUSE-BLAGNAC,2024123013,0,2.6,99
TOULOUSE-BLAGNAC,2024123014,0,2.5,99
TOULOUSE-BLAGNAC,2024123015,0,2.6,99
TOULOUSE-BLAGNAC,2024123016,0,2.5,99
TOULOUSE-BLAGNAC,2024123017,0,2.4,99
TOULOUSE-BLAGNAC,2024123018,0,2.1,99
TOULOUSE-BLAGNAC,2024123019,0,2.1,99
TOULOUSE-BLAGNAC,2024123020,0,2.3,99
TOULOUSE-BLAGNAC,2024123021,0,2.3,99
TOULOUSE-BLAGNAC,2024123022,0,2.1,99
TOULOUSE-BLAGNAC,2024123023,0,1.8,99
TOULOUSE-BLAGNAC,2024123100,0,1.6,99
TOULOUSE-BLAGNAC,2024123101,0,1.4,99
TOULOUSE-BLAGNAC,2024123102,0,1.4,99
TOULOUSE-BLAGNAC,2024123103,0,1.3,99
TOULOUSE-BLAGNAC,2024123104,0,1,99
TOULOUSE-BLAGNAC,2024123105,0,1,99
TOULOUSE-BLAGNAC,2024123106,0,0.9,99
TOULOUSE-BLAGNAC,2024123107,0,0.9,99
TOULOUSE-BLAGNAC,2024123108,0,1.3,99
TOULOUSE-BLAGNAC,2024123109,0,1.7,99
TOULOUSE-BLAGNAC,2024123110,0,2.4,99
TOULOUSE-BLAGNAC,2024123111,0,3.2,100
TOULOUSE-BLAGNAC,2024123112,0,4.2,100
TOULOUSE-BLAGNAC,2024123113,0,4.8,99
TOULOUSE-BLAGNAC,2024123114,0,5,98
TOULOUSE-BLAGNAC,2024123115,0,5.3,97
TOULOUSE-BLAGNAC,2024123116,0,5,96
TOULOUSE-BLAGNAC,2024123117,0,4.8,97
TOULOUSE-BLAGNAC,2024123118,0,4.7,97
TOULOUSE-BLAGNAC,2024123119,0,3.9,98
TOULOUSE-BLAGNAC,2024123120,0,3.2,98
TOULOUSE-BLAGNAC,2024123121,0,2.5,99
TOULOUSE-BLAGNAC,2024123122,0,2.4,99
TOULOUSE-BLAGNAC,2024123123,0,2,99
TOULOUSE-BLAGNAC,2025010100,0,2.2,99
TOULOUSE-BLAGNAC,2025010101,0,2.3,99
TOULOUSE-BLAGNAC,2025010102,0,1.8,99
TOULOUSE-BLAGNAC,2025010103,0,0.9,99
TOULOUSE-BLAGNAC,2025010104,0,0.9,99
TOULOUSE-BLAGNAC,2025010105,0,0.4,99
TOULOUSE-BLAGNAC,2025010106,0,-0.6,99
TOULOUSE-BLAGNAC,2025010107,0,-1.1,99
TOULOUSE-BLAGNAC,2025010108,0,-1.4,99
TOULOUSE-BLAGNAC,2025010109,0,0.8,100
TOULOUSE-BLAGNAC,2025010110,0,2.6,99
TOULOUSE-BLAGNAC,2025010111,0,5,97
TOULOUSE-BLAGNAC,2025010112,0,10.4,78
TOULOUSE-BLAGNAC,2025010113,0,11.7,71
TOULOUSE-BLAGNAC,2025010114,0,11.8,69
TOULOUSE-BLAGNAC,2025010115,0,11.3,71
TOULOUSE-BLAGNAC,2025010116,0,10,75
TOULOUSE-BLAGNAC,2025010117,0,8.6,80
TOULOUSE-BLAGNAC,2025010118,0,7.1,85
TOULOUSE-BLAGNAC,2025010119,0,5.7,89
TOULOUSE-BLAGNAC,2025010120,0,7.2,88
TOULOUSE-BLAGNAC,2025010121,0,6.4,89
TOULOUSE-BLAGNAC,2025010122,0,5.3,93
TOULOUSE-BLAGNAC,2025010123,0,4.2,96
TOULOUSE-BLAGNAC,2025010200,0,4,97
TOULOUSE-BLAGNAC,2025010201,0,4.2,98
TOULOUSE-BLAGNAC,2025010202,0,4.9,98
TOULOUSE-BLAGNAC,2025010203,0,6.1,98
TOULOUSE-BLAGNAC,2025010204,0,5.9,98
TOULOUSE-BLAGNAC,2025010205,0,5.9,98
TOULOUSE-BLAGNAC,2025010206,0,5.4,98
TOULOUSE-BLAGNAC,2025010207,0,4.5,98
TOULOUSE-BLAGNAC,2025010208,0,4.1,98
TOULOUSE-BLAGNAC,2025010209,0,2.9,99
TOULOUSE-BLAGNAC,2025010210,0,3.5,95
TOULOUSE-BLAGNAC,2025010211,0,5.4,87
TOULOUSE-BLAGNAC,2025010212,0,7.6,76
TOULOUSE-BLAGNAC,2025010213,0,8.7,67
TOULOUSE-BLAGNAC,2025010214,0,8.7,76
TOULOUSE-BLAGNAC,2025010215,0,8.7,69
TOULOUSE-BLAGNAC,2025010216,0,8.7,73
TOULOUSE-BLAGNAC,2025010217,0,8.4,75
TOULOUSE-BLAGNAC,2025010218,0,8.6,78
TOULOUSE-BLAGNAC,2025010219,0,8.5,80
TOULOUSE-BLAGNAC,2025010220,0,9.6,76
TOULOUSE-BLAGNAC,2025010221,0,10.9,67
TOULOUSE-BLAGNAC,2025010222,0,9.1,75
TOULOUSE-BLAGNAC,2025010223,0,11.4,66
TOULOUSE-BLAGNAC,2025010300,0,11.6,65
TOULOUSE-BLAGNAC,2025010301,0,11.4,66
TOULOUSE-BLAGNAC,2025010302,0,10.2,74
TOULOUSE-BLAGNAC,2025010303,0,9.6,83
TOULOUSE-BLAGNAC,2025010304,0,8.6,95
TOULOUSE-BLAGNAC,2025010305,0.6,7.9,96
TOULOUSE-BLAGNAC,2025010306,0.2,7.6,96
TOULOUSE-BLAGNAC,2025010307,0,7.4,96
TOULOUSE-BLAGNAC,2025010308,0,7.4,95
TOULOUSE-BLAGNAC,2025010309,0,7.3,95
TOULOUSE-BLAGNAC,2025010310,0,7.3,94
TOULOUSE-BLAGNAC,2025010311,0,7.7,90
TOULOUSE-BLAGNAC,2025010312,0,8.4,85
TOULOUSE-BLAGNAC,2025010313,0,9.4,81
TOULOUSE-BLAGNAC,2025010314,0,9.3,81
TOULOUSE-BLAGNAC,2025010315,0,8.9,86
TOULOUSE-BLAGNAC,2025010316,0.2,8.1,88
TOULOUSE-BLAGNAC,2025010317,1,7.9,91
TOULOUSE-BLAGNAC,2025010318,1.2,7.8,95
TOULOUSE-BLAGNAC,2025010319,0.4,7.6,95
TOULOUSE-BLAGNAC,2025010320,0,7.7,96
TOULOUSE-BLAGNAC,2025010321,0,7.7,96
TOULOUSE-BLAGNAC,2025010322,0,7.7,97
TOULOUSE-BLAGNAC,2025010323,0.2,7.7,97
TOULOUSE-BLAGNAC,2025010400,0.4,7.7,98
TOULOUSE-BLAGNAC,2025010401,0,7.7,98
TOULOUSE-BLAGNAC,2025010402,0.2,7.9,98
TOULOUSE-BLAGNAC,2025010403,0,8.2,98
TOULOUSE-BLAGNAC,2025010404,0,8.5,99
TOULOUSE-BLAGNAC,2025010405,0.2,8.6,99
TOULOUSE-BLAGNAC,2025010406,0.4,9,99
TOULOUSE-BLAGNAC,2025010407,0.6,9.4,99
TOULOUSE-BLAGNAC,2025010408,0.6,10.3,99
TOULOUSE-BLAGNAC,2025010409,0,11.4,99
TOULOUSE-BLAGNAC,2025010410,0.2,12.7,99
TOULOUSE-BLAGNAC,2025010411,0,13.2,95
TOULOUSE-BLAGNAC,2025010412,0.2,13.6,93
TOULOUSE-BLAGNAC,2025010413,0,13.9,91
TOULOUSE-BLAGNAC,2025010414,0,14.7,89
TOULOUSE-BLAGNAC,2025010415,0,12.4,91
TOULOUSE-BLAGNAC,2025010416,0,11.8,92
TOULOUSE-BLAGNAC,2025010417,0,10.5,95
TOULOUSE-BLAGNAC,2025010418,0,9.3,97
TOULOUSE-BLAGNAC,2025010419,0,8.8,97
TOULOUSE-BLAGNAC,2025010420,0,8.4,97
TOULOUSE-BLAGNAC,2025010421,0,8.3,97
TOULOUSE-BLAGNAC,2025010422,0,8.1,98
TOULOUSE-BLAGNAC,2025010423,0,8.3,95
TOULOUSE-BLAGNAC,2025010500,0,8.9,93
TOULOUSE-BLAGNAC,2025010501,0,8.9,93
TOULOUSE-BLAGNAC,2025010502,0,9.2,91
TOULOUSE-BLAGNAC,2025010503,0,9.3,90
TOULOUSE-BLAGNAC,2025010504,0,9,90
TOULOUSE-BLAGNAC,2025010505,0,8.6,92
TOULOUSE-BLAGNAC,2025010506,0,8.8,93
TOULOUSE-BLAGNAC,2025010507,0,8.8,93
TOULOUSE-BLAGNAC,2025010508,0,9.1,94
TOULOUSE-BLAGNAC,2025010509,0,9.2,95
TOULOUSE-BLAGNAC,2025010510,0,9.6,94
TOULOUSE-BLAGNAC,2025010511,0,10.4,91
TOULOUSE-BLAGNAC,2025010512,0,10.6,90
TOULOUSE-BLAGNAC,2025010513,0,10.9,88
TOULOUSE-BLAGNAC,2025010514,0,11.3,85
TOULOUSE-BLAGNAC,2025010515,0,11.5,85
TOULOUSE-BLAGNAC,2025010516,0,11.5,85
TOULOUSE-BLAGNAC,2025010517,0,11.1,87
TOULOUSE-BLAGNAC,2025010518,0,10.9,86
TOULOUSE-BLAGNAC,2025010519,0,10.6,87
TOULOUSE-BLAGNAC,2025010520,0,10.5,88
TOULOUSE-BLAGNAC,2025010521,0,10.9,86
TOULOUSE-BLAGNAC,2025010522,0,11,86
TOULOUSE-BLAGNAC,2025010523,0,10.5,87
TOULOUSE-BLAGNAC,2025010600,0,11,84
TOULOUSE-BLAGNAC,2025010601,0,10.9,85
TOULOUSE-BLAGNAC,2025010602,0,10.7,87
TOULOUSE-BLAGNAC,2025010603,0,10.6,87
TOULOUSE-BLAGNAC,2025010604,0,9.9,89
TOULOUSE-BLAGNAC,2025010605,0,9.1,91
TOULOUSE-BLAGNAC,2025010606,0,7.8,91
TOULOUSE-BLAGNAC,2025010607,0,6.6,94
TOULOUSE-BLAGNAC,2025010608,0,6.7,96
TOULOUSE-BLAGNAC,2025010609,0,10,89
TOULOUSE-BLAGNAC,2025010610,0,11.9,79
TOULOUSE-BLAGNAC,2025010611,0,12.4,75
TOULOUSE-BLAGNAC,2025010612,0,12.3,73
TOULOUSE-BLAGNAC,2025010613,0,11.4,74
TOULOUSE-BLAGNAC,2025010614,0.2,9.7,88
TOULOUSE-BLAGNAC,2025010615,0.2,9.1,85
TOULOUSE-BLAGNAC,2025010616,0.2,8.6,89
TOULOUSE-BLAGNAC,2025010617,0.2,8.2,87
TOULOUSE-BLAGNAC,2025010618,0,8,84
TOULOUSE-BLAGNAC,2025010619,0,7.7,86
TOULOUSE-BLAGNAC,2025010620,0,7.5,86
TOULOUSE-BLAGNAC,2025010621,0,7.4,85
TOULOUSE-BLAGNAC,2025010622,0,6.8,86
TOULOUSE-BLAGNAC,2025010623,0,6.2,87
TOULOUSE-BLAGNAC,2025010700,0,6.4,85
TOULOUSE-BLAGNAC,2025010701,0,5.3,90
TOULOUSE-BLAGNAC,2025010702,0,5.6,87
TOULOUSE-BLAGNAC,2025010703,0,6.3,82
TOULOUSE-BLAGNAC,2025010704,0,6.4,83
TOULOUSE-BLAGNAC,2025010705,0,7.3,80
TOULOUSE-BLAGNAC,2025010706,0,7.1,80
TOULOUSE-BLAGNAC,2025010707,0,7.7,78
TOULOUSE-BLAGNAC,2025010708,0,7.8,80
TOULOUSE-BLAGNAC,2025010709,0,9.6,74
TOULOUSE-BLAGNAC,2025010710,0,10.4,69
TOULOUSE-BLAGNAC,2025010711,0,11.5,60
TOULOUSE-BLAGNAC,2025010712,0,12.6,54
TOULOUSE-BLAGNAC,2025010713,0,13.7,51
TOULOUSE-BLAGNAC,2025010714,0,14.1,48
TOULOUSE-BLAGNAC,2025010715,0,13.9,48
TOULOUSE-BLAGNAC,2025010716,0,12.2,55
TOULOUSE-BLAGNAC,2025010717,0,11,64
TOULOUSE-BLAGNAC,2025010718,0,11.3,60
TOULOUSE-BLAGNAC,2025010719,0,10.2,76
TOULOUSE-BLAGNAC,2025010720,0.4,10,78
TOULOUSE-BLAGNAC,2025010721,0.2,9.4,83
TOULOUSE-BLAGNAC,2025010722,0,9,86
TOULOUSE-BLAGNAC,2025010723,0,8.3,89
TOULOUSE-BLAGNAC,2025010800,0,7.8,90
TOULOUSE-BLAGNAC,2025010801,0,8.3,89
TOULOUSE-BLAGNAC,2025010802,0,8,91
TOULOUSE-BLAGNAC,2025010803,0,7.6,91
TOULOUSE-BLAGNAC,2025010804,0,6.7,92
TOULOUSE-BLAGNAC,2025010805,0,7.1,91
TOULOUSE-BLAGNAC,2025010806,0,6.4,94
TOULOUSE-BLAGNAC,2025010807,0,6.9,94
TOULOUSE-BLAGNAC,2025010808,0,7.8,93
TOULOUSE-BLAGNAC,2025010809,0,9.1,87
TOULOUSE-BLAGNAC,2025010810,0,11,83
TOULOUSE-BLAGNAC,2025010811,0,11.7,83
TOULOUSE-BLAGNAC,2025010812,0,13.2,75
TOULOUSE-BLAGNAC,2025010813,0,14.3,70
TOULOUSE-BLAGNAC,2025010814,0,13.9,67
TOULOUSE-BLAGNAC,2025010815,0,13.3,69
TOULOUSE-BLAGNAC,2025010816,0,12.3,77
TOULOUSE-BLAGNAC,2025010817,0,11.8,78
TOULOUSE-BLAGNAC,2025010818,0,10.9,81
TOULOUSE-BLAGNAC,2025010819,0,10.6,83
TOULOUSE-BLAGNAC,2025010820,0,9.4,86
TOULOUSE-BLAGNAC,2025010821,0,9.3,86
TOULOUSE-BLAGNAC,2025010822,0,7.6,93
TOULOUSE-BLAGNAC,2025010823,0,8.2,95
TOULOUSE-BLAGNAC,2025010900,0,7.5,93
TOULOUSE-BLAGNAC,2025010901,0,8,95
TOULOUSE-BLAGNAC,2025010902,0,7.6,95
TOULOUSE-BLAGNAC,2025010903,0,6.5,96
TOULOUSE-BLAGNAC,2025010904,0,7.1,97
TOULOUSE-BLAGNAC,2025010905,0,5.9,96
TOULOUSE-BLAGNAC,2025010906,0,5.8,93
TOULOUSE-BLAGNAC,2025010907,0,4.5,94
TOULOUSE-BLAGNAC,2025010908,0,5.3,94
TOULOUSE-BLAGNAC,2025010909,0,7.3,88
TOULOUSE-BLAGNAC,2025010910,0,10.9,78
TOULOUSE-BLAGNAC,2025010911,0,14.2,63
TOULOUSE-BLAGNAC,2025010912,0,13.8,70
TOULOUSE-BLAGNAC,2025010913,0,12.7,85
TOULOUSE-BLAGNAC,2025010914,0,13.2,82
TOULOUSE-BLAGNAC,2025010915,1,12.1,90
TOULOUSE-BLAGNAC,2025010916,0.6,11.5,91
TOULOUSE-BLAGNAC,2025010917,0,10.9,83
TOULOUSE-BLAGNAC,2025010918,0,9.9,82
TOULOUSE-BLAGNAC,2025010919,0,9.9,80
TOULOUSE-BLAGNAC,2025010920,0,9.9,81
TOULOUSE-BLAGNAC,2025010921,0,9.8,81
TOULOUSE-BLAGNAC,2025010922,0,9.5,85
TOULOUSE-BLAGNAC,2025010923,0,9.4,84
TOULOUSE-BLAGNAC,2025011000,0,9.2,90
TOULOUSE-BLAGNAC,2025011001,0,9,92
TOULOUSE-BLAGNAC,2025011002,0,8.3,93
TOULOUSE-BLAGNAC,2025011003,0,8.6,95
TOULOUSE-BLAGNAC,2025011004,0,8.8,94
TOULOUSE-BLAGNAC,2025011005,0,8.8,94
TOULOUSE-BLAGNAC,2025011006,0,8.8,94
TOULOUSE-BLAGNAC,2025011007,0,8.8,93
TOULOUSE-BLAGNAC,2025011008,0,9.5,93
TOULOUSE-BLAGNAC,2025011009,0,11.3,87
TOULOUSE-BLAGNAC,2025011010,0,14.3,73
TOULOUSE-BLAGNAC,2025011011,0,17,63
TOULOUSE-BLAGNAC,2025011012,0,17.5,60
TOULOUSE-BLAGNAC,2025011013,0,18.3,57
TOULOUSE-BLAGNAC,2025011014,0,17.5,57
TOULOUSE-BLAGNAC,2025011015,0,17.4,56
TOULOUSE-BLAGNAC,2025011016,0.2,13.8,87
TOULOUSE-BLAGNAC,2025011017,0.2,14.4,81
TOULOUSE-BLAGNAC,2025011018,1.2,13.4,88
TOULOUSE-BLAGNAC,2025011019,1.2,13,91
TOULOUSE-BLAGNAC,2025011020,0.2,12.9,92
TOULOUSE-BLAGNAC,2025011021,0.2,13,92
TOULOUSE-BLAGNAC,2025011022,0.2,13,92
TOULOUSE-BLAGNAC,2025011023,0,13,91
TOULOUSE-BLAGNAC,2025011100,0,12.7,92
TOULOUSE-BLAGNAC,2025011101,0,13.1,92
TOULOUSE-BLAGNAC,2025011102,0,12.9,92
TOULOUSE-BLAGNAC,2025011103,2.6,12.6,95
TOULOUSE-BLAGNAC,2025011104,4.3,12.3,97
TOULOUSE-BLAGNAC,2025011105,0.4,11.9,97
TOULOUSE-BLAGNAC,2025011106,0,11.6,93
TOULOUSE-BLAGNAC,2025011107,0,11.5,94
TOULOUSE-BLAGNAC,2025011108,0,11.8,94
TOULOUSE-BLAGNAC,2025011109,0,11.8,86
TOULOUSE-BLAGNAC,2025011110,0,11.6,85
TOULOUSE-BLAGNAC,2025011111,0,10.7,83
TOULOUSE-BLAGNAC,2025011112,0,10.1,80
TOULOUSE-BLAGNAC,2025011113,0,10.1,80
TOULOUSE-BLAGNAC,2025011114,0,9.5,83
TOULOUSE-BLAGNAC,2025011115,0,9.1,84
TOULOUSE-BLAGNAC,2025011116,0,8.2,85
TOULOUSE-BLAGNAC,2025011117,0,6.6,85
TOULOUSE-BLAGNAC,2025011118,0,5.9,82
TOULOUSE-BLAGNAC,2025011119,0,5.4,80
TOULOUSE-BLAGNAC,2025011120,0,4.7,80
TOULOUSE-BLAGNAC,2025011121,0,3.8,85
TOULOUSE-BLAGNAC,2025011122,0,3.5,86
TOULOUSE-BLAGNAC,2025011123,0,2.9,88
TOULOUSE-BLAGNAC,2025011200,0,2.3,90
TOULOUSE-BLAGNAC,2025011201,0,1.5,92
TOULOUSE-BLAGNAC,2025011202,0,0.5,95
TOULOUSE-BLAGNAC,2025011203,0,0.3,92
TOULOUSE-BLAGNAC,2025011204,0,-0.3,93
TOULOUSE-BLAGNAC,2025011205,0,-0.6,89
TOULOUSE-BLAGNAC,2025011206,0,-0.7,87
TOULOUSE-BLAGNAC,2025011207,0,-0.9,89
TOULOUSE-BLAGNAC,2025011208,0,-0.8,88
TOULOUSE-BLAGNAC,2025011209,0,0,86
TOULOUSE-BLAGNAC,2025011210,0,1.2,78
TOULOUSE-BLAGNAC,2025011211,0,1.9,73
TOULOUSE-BLAGNAC,2025011212,0,2.5,66
TOULOUSE-BLAGNAC,2025011213,0,3,61
TOULOUSE-BLAGNAC,2025011214,0,4,60
TOULOUSE-BLAGNAC,2025011215,0,3.9,62
TOULOUSE-BLAGNAC,2025011216,0,2.6,64
TOULOUSE-BLAGNAC,2025011217,0,1.6,71
TOULOUSE-BLAGNAC,2025011218,0,1.3,73
TOULOUSE-BLAGNAC,2025011219,0,1.1,75
TOULOUSE-BLAGNAC,2025011220,0,1.2,75
TOULOUSE-BLAGNAC,2025011221,0,1,76
TOULOUSE-BLAGNAC,2025011222,0,0.5,79
TOULOUSE-BLAGNAC,2025011223,0,-0.1,82
TOULOUSE-BLAGNAC,2025011300,0,-0.3,84
TOULOUSE-BLAGNAC,2025011301,0,-0.3,85
TOULOUSE-BLAGNAC,2025011302,0,-0.7,87
TOULOUSE-BLAGNAC,2025011303,0,-1.3,89
TOULOUSE-BLAGNAC,2025011304,0,-2.1,90
TOULOUSE-BLAGNAC,2025011305,0,-2.7,90
TOULOUSE-BLAGNAC,2025011306,0,-2.4,90
TOULOUSE-BLAGNAC,2025011307,0,-2.4,91
TOULOUSE-BLAGNAC,2025011308,0,-2.2,90
TOULOUSE-BLAGNAC,2025011309,0,-1.1,86
TOULOUSE-BLAGNAC,2025011310,0,-0.1,81
TOULOUSE-BLAGNAC,2025011311,0,1.5,73
TOULOUSE-BLAGNAC,2025011312,0,2.4,70
TOULOUSE-BLAGNAC,2025011313,0,3.3,63
TOULOUSE-BLAGNAC,2025011314,0,3.5,64
TOULOUSE-BLAGNAC,2025011315,0,3.5,63
TOULOUSE-BLAGNAC,2025011316,0,2.1,70
TOULOUSE-BLAGNAC,2025011317,0,0.7,76
TOULOUSE-BLAGNAC,2025011318,0,0.4,77
TOULOUSE-BLAGNAC,2025011319,0,-0.3,80
TOULOUSE-BLAGNAC,2025011320,0,-1,82
TOULOUSE-BLAGNAC,2025011321,0,-2.1,88
TOULOUSE-BLAGNAC,2025011322,0,-2.4,91
TOULOUSE-BLAGNAC,2025011323,0,-3.1,91
TOULOUSE-BLAGNAC,2025011400,0,-3.8,91
TOULOUSE-BLAGNAC,2025011401,0,-3.6,94
TOULOUSE-BLAGNAC,2025011402,0,-4.1,93
TOULOUSE-BLAGNAC,2025011403,0,-3.9,95
TOULOUSE-BLAGNAC,2025011404,0,-4.4,94
TOULOUSE-BLAGNAC,2025011405,0,-4.7,94
TOULOUSE-BLAGNAC,2025011406,0,-4.9,94
TOULOUSE-BLAGNAC,2025011407,0,-4.7,94
TOULOUSE-BLAGNAC,2025011408,0,-3.7,95
TOULOUSE-BLAGNAC,2025011409,0,-2.1,94
TOULOUSE-BLAGNAC,2025011410,0,0.2,85
TOULOUSE-BLAGNAC,2025011411,0,2.7,77
TOULOUSE-BLAGNAC,2025011412,0,4.3,69
TOULOUSE-BLAGNAC,2025011413,0,5.7,55
TOULOUSE-BLAGNAC,2025011414,0,5.4,58
TOULOUSE-BLAGNAC,2025011415,0,5.4,62
TOULOUSE-BLAGNAC,2025011416,0,4.5,67
TOULOUSE-BLAGNAC,2025011417,0,2.5,75
TOULOUSE-BLAGNAC,2025011418,0,0.9,83
TOULOUSE-BLAGNAC,2025011419,0,0.5,86
TOULOUSE-BLAGNAC,2025011420,0,0,84
TOULOUSE-BLAGNAC,2025011421,0,0,85
TOULOUSE-BLAGNAC,2025011422,0,-1.8,91
TOULOUSE-BLAGNAC,2025011423,0,-2.1,93
TOULOUSE-BLAGNAC,2025011500,0,-2.1,93
TOULOUSE-BLAGNAC,2025011501,0,-3.5,93
TOULOUSE-BLAGNAC,2025011502,0,-3.6,94
TOULOUSE-BLAGNAC,2025011503,0,-4.2,94
TOULOUSE-BLAGNAC,2025011504,0,-4.4,94
TOULOUSE-BLAGNAC,2025011505,0,-4.3,95
TOULOUSE-BLAGNAC,2025011506,0,-4.2,95
TOULOUSE-BLAGNAC,2025011507,0,-4.3,95
TOULOUSE-BLAGNAC,2025011508,0,-3.4,95
TOULOUSE-BLAGNAC,2025011509,0,-2,95
TOULOUSE-BLAGNAC,2025011510,0,-0.7,95
TOULOUSE-BLAGNAC,2025011511,0,1.4,91
TOULOUSE-BLAGNAC,2025011512,0,2.1,86
TOULOUSE-BLAGNAC,2025011513,0,3.3,85
TOULOUSE-BLAGNAC,2025011514,0,4.2,79
TOULOUSE-BLAGNAC,2025011515,0,3.8,81
TOULOUSE-BLAGNAC,2025011516,0,3.7,81
TOULOUSE-BLAGNAC,2025011517,0,2.1,87
TOULOUSE-BLAGNAC,2025011518,0,1.3,89
TOULOUSE-BLAGNAC,2025011519,0,0.2,94
TOULOUSE-BLAGNAC,2025011520,0,0.2,94
TOULOUSE-BLAGNAC,2025011521,0,-0.6,92
TOULOUSE-BLAGNAC,2025011522,0,-0.3,94
TOULOUSE-BLAGNAC,2025011523,0,-1.2,94
TOULOUSE-BLAGNAC,2025011600,0,-1.3,92
TOULOUSE-BLAGNAC,2025011601,0,-1,96
TOULOUSE-BLAGNAC,2025011602,0,-0.8,95
TOULOUSE-BLAGNAC,2025011603,0,-2.7,92
TOULOUSE-BLAGNAC,2025011604,0,-2.1,95
TOULOUSE-BLAGNAC,2025011605,0,-1.1,95
TOULOUSE-BLAGNAC,2025011606,0,-0.9,95
TOULOUSE-BLAGNAC,2025011607,0,-1.1,95
TOULOUSE-BLAGNAC,2025011608,0,-0.6,95
TOULOUSE-BLAGNAC,2025011609,0,-0.1,96
TOULOUSE-BLAGNAC,2025011610,0,0.3,96
TOULOUSE-BLAGNAC,2025011611,0,0.5,96
TOULOUSE-BLAGNAC,2025011612,0,1.9,96
TOULOUSE-BLAGNAC,2025011613,0,,95
TOULOUSE-BLAGNAC,2025011614,0,4.3,92
TOULOUSE-BLAGNAC,2025011615,0,5.6,84
TOULOUSE-BLAGNAC,2025011616,0,5.7,83
TOULOUSE-BLAGNAC,2025011617,0,3.1,92
TOULOUSE-BLAGNAC,2025011618,0,1,96
TOULOUSE-BLAGNAC,2025011619,0,0.9,98
TOULOUSE-BLAGNAC,2025011620,0,0.6,97
TOULOUSE-BLAGNAC,2025011621,0,0.4,98
TOULOUSE-BLAGNAC,2025011622,0,-1.5,97
TOULOUSE-BLAGNAC,2025011623,0,-1.7,98
TOULOUSE-BLAGNAC,2025011700,0,-1.4,98
TOULOUSE-BLAGNAC,2025011701,0,-0.9,99
TOULOUSE-BLAGNAC,2025011702,0,-1.2,98
TOULOUSE-BLAGNAC,2025011703,0,-1.4,98
TOULOUSE-BLAGNAC,2025011704,0,-1.6,99
TOULOUSE-BLAGNAC,2025011705,0,-2,98
TOULOUSE-BLAGNAC,2025011706,0,-2.1,99
TOULOUSE-BLAGNAC,2025011707,0,-2.2,99
TOULOUSE-BLAGNAC,2025011708,0,-1.8,99
TOULOUSE-BLAGNAC,2025011709,0,-1.6,99
TOULOUSE-BLAGNAC,2025011710,0,-0.8,99
TOULOUSE-BLAGNAC,2025011711,0,0.1,99
TOULOUSE-BLAGNAC,2025011712,0,1.2,99
TOULOUSE-BLAGNAC,2025011713,0,2.8,99
TOULOUSE-BLAGNAC,2025011714,0,5.2,87
TOULOUSE-BLAGNAC,2025011715,0,7.5,73
TOULOUSE-BLAGNAC,2025011716,0,8.5,68
TOULOUSE-BLAGNAC,2025011717,0,5.1,79
TOULOUSE-BLAGNAC,2025011718,0,3.7,83
TOULOUSE-BLAGNAC,2025011719,0,2,87
TOULOUSE-BLAGNAC,2025011720,0,0.8,91
TOULOUSE-BLAGNAC,2025011721,0,,94
TOULOUSE-BLAGNAC,2025011722,0,0.1,96
TOULOUSE-BLAGNAC,2025011723,0,-0.4,96
TOULOUSE-BLAGNAC,2025011800,0,-0.8,96
TOULOUSE-BLAGNAC,2025011801,0,-0.9,97
TOULOUSE-BLAGNAC,2025011802,0,-1.6,97
TOULOUSE-BLAGNAC,2025011803,0,-2.2,97
TOULOUSE-BLAGNAC,2025011804,0,-2.1,97
TOULOUSE-BLAGNAC,2025011805,0,-1.9,97
TOULOUSE-BLAGNAC,2025011806,0,-2.2,97
TOULOUSE-BLAGNAC,2025011807,0,-3.3,96
TOULOUSE-BLAGNAC,2025011808,0,-2,97
TOULOUSE-BLAGNAC,2025011809,0,0.2,97
TOULOUSE-BLAGNAC,2025011810,0,2.3,87
TOULOUSE-BLAGNAC,2025011811,0,5.2,74
TOULOUSE-BLAGNAC,2025011812,0,7.8,61
TOULOUSE-BLAGNAC,2025011813,0,8.7,56
TOULOUSE-BLAGNAC,2025011814,0,9.6,54
TOULOUSE-BLAGNAC,2025011815,0,10.1,54
TOULOUSE-BLAGNAC,2025011816,0,9.2,58
TOULOUSE-BLAGNAC,2025011817,0,6.8,69
TOULOUSE-BLAGNAC,2025011818,0,5.1,77
TOULOUSE-BLAGNAC,2025011819,0,2.3,91
TOULOUSE-BLAGNAC,2025011820,0,1.3,90
TOULOUSE-BLAGNAC,2025011821,0,0,92
TOULOUSE-BLAGNAC,2025011822,0,1.2,95
TOULOUSE-BLAGNAC,2025011823,0,1.1,94
TOULOUSE-BLAGNAC,2025011900,0,1.6,93
TOULOUSE-BLAGNAC,2025011901,0,1.6,92
TOULOUSE-BLAGNAC,2025011902,0,0.9,89
TOULOUSE-BLAGNAC,2025011903,0,1.5,88
TOULOUSE-BLAGNAC,2025011904,0,1.3,89
TOULOUSE-BLAGNAC,2025011905,0,1.3,88
TOULOUSE-BLAGNAC,2025011906,0,1.2,89
TOULOUSE-BLAGNAC,2025011907,0,1.3,89
TOULOUSE-BLAGNAC,2025011908,0,1.6,90
TOULOUSE-BLAGNAC,2025011909,0,2.6,86
TOULOUSE-BLAGNAC,2025011910,0,3.4,84
TOULOUSE-BLAGNAC,2025011911,0,4.4,77
TOULOUSE-BLAGNAC,2025011912,0,5.8,72
TOULOUSE-BLAGNAC,2025011913,0,7.7,67
TOULOUSE-BLAGNAC,2025011914,0,8,65
TOULOUSE-BLAGNAC,2025011915,0,8.2,66
TOULOUSE-BLAGNAC,2025011916,0,7.7,71
TOULOUSE-BLAGNAC,2025011917,0,7,74
TOULOUSE-BLAGNAC,2025011918,0,6.5,77
TOULOUSE-BLAGNAC,2025011919,0,5.4,81
TOULOUSE-BLAGNAC,2025011920,0,4.5,83
TOULOUSE-BLAGNAC,2025011921,0,3.2,85
TOULOUSE-BLAGNAC,2025011922,0,2.8,88
TOULOUSE-BLAGNAC,2025011923,0,1.9,89
TOULOUSE-BLAGNAC,2025012000,0,0.5,92
TOULOUSE-BLAGNAC,2025012001,0,0,94
TOULOUSE-BLAGNAC,2025012002,0,-0.4,94
TOULOUSE-BLAGNAC,2025012003,0,0.6,95
TOULOUSE-BLAGNAC,2025012004,0,1.4,95
TOULOUSE-BLAGNAC,2025012005,0,1.2,93
TOULOUSE-BLAGNAC,2025012006,0,2.7,94
TOULOUSE-BLAGNAC,2025012007,0,6.4,90
TOULOUSE-BLAGNAC,2025012008,0,6.9,92
TOULOUSE-BLAGNAC,2025012009,0,4.3,88
TOULOUSE-BLAGNAC,2025012010,0,5.2,87
TOULOUSE-BLAGNAC,2025012011,0,7.2,84
TOULOUSE-BLAGNAC,2025012012,0,10.5,79
TOULOUSE-BLAGNAC,2025012013,0,10.9,75
TOULOUSE-BLAGNAC,2025012014,0,12.3,72
TOULOUSE-BLAGNAC,2025012015,0,11.4,73
TOULOUSE-BLAGNAC,2025012016,0,11.1,74
TOULOUSE-BLAGNAC,2025012017,0,8.9,78
TOULOUSE-BLAGNAC,2025012018,0,6.9,86
TOULOUSE-BLAGNAC,2025012019,0,6.4,91
TOULOUSE-BLAGNAC,2025012020,0,6.3,95
TOULOUSE-BLAGNAC,2025012021,0,5.2,95
TOULOUSE-BLAGNAC,2025012022,0,5.2,97
TOULOUSE-BLAGNAC,2025012023,0,2.6,96
TOULOUSE-BLAGNAC,2025012100,0,5.6,98
TOULOUSE-BLAGNAC,2025012101,0,6,98
TOULOUSE-BLAGNAC,2025012102,0,6.5,99
TOULOUSE-BLAGNAC,2025012103,0,6.1,99
TOULOUSE-BLAGNAC,2025012104,0,6.4,99
TOULOUSE-BLAGNAC,2025012105,0,6.6,99
TOULOUSE-BLAGNAC,2025012106,0,6.8,99
TOULOUSE-BLAGNAC,2025012107,0,6.8,98
TOULOUSE-BLAGNAC,2025012108,0,7,97
TOULOUSE-BLAGNAC,2025012109,0,8.8,90
TOULOUSE-BLAGNAC,2025012110,0,10,85
TOULOUSE-BLAGNAC,2025012111,0,12.2,75
TOULOUSE-BLAGNAC,2025012112,0,12,72
TOULOUSE-BLAGNAC,2025012113,0,12.3,69
TOULOUSE-BLAGNAC,2025012114,0,12.3,68
TOULOUSE-BLAGNAC,2025012115,0,12.1,71
TOULOUSE-BLAGNAC,2025012116,0,11.5,75
TOULOUSE-BLAGNAC,2025012117,0,10.8,74
TOULOUSE-BLAGNAC,2025012118,0,10.6,80
TOULOUSE-BLAGNAC,2025012119,0,10.9,84
TOULOUSE-BLAGNAC,2025012120,0,11.3,86
TOULOUSE-BLAGNAC,2025012121,0,11,88
TOULOUSE-BLAGNAC,2025012122,0,10.8,91
TOULOUSE-BLAGNAC,2025012123,0.4,10.6,93
TOULOUSE-BLAGNAC,2025012200,0,10.5,93
TOULOUSE-BLAGNAC,2025012201,0,10.6,94
TOULOUSE-BLAGNAC,2025012202,0,10.9,93
TOULOUSE-BLAGNAC,2025012203,0,9.7,92
TOULOUSE-BLAGNAC,2025012204,0,9.2,94
TOULOUSE-BLAGNAC,2025012205,0,9.5,94
TOULOUSE-BLAGNAC,2025012206,0,9.4,93
TOULOUSE-BLAGNAC,2025012207,0,9.4,95
TOULOUSE-BLAGNAC,2025012208,0,10.2,95
TOULOUSE-BLAGNAC,2025012209,0,10.9,93
TOULOUSE-BLAGNAC,2025012210,0,11.4,90
TOULOUSE-BLAGNAC,2025012211,0,12.2,86
TOULOUSE-BLAGNAC,2025012212,0,12.5,84
TOULOUSE-BLAGNAC,2025012213,0,13.5,77
TOULOUSE-BLAGNAC,2025012214,0,13.5,78
TOULOUSE-BLAGNAC,2025012215,0,12.9,81
TOULOUSE-BLAGNAC,2025012216,0,12.5,82
TOULOUSE-BLAGNAC,2025012217,0,11.7,84
TOULOUSE-BLAGNAC,2025012218,0,11.5,86
TOULOUSE-BLAGNAC,2025012219,0,11.7,85
TOULOUSE-BLAGNAC,2025012220,0,11,87
TOULOUSE-BLAGNAC,2025012221,0,10.7,87
TOULOUSE-BLAGNAC,2025012222,0,9.9,91
TOULOUSE-BLAGNAC,2025012223,0,9.7,92
TOULOUSE-BLAGNAC,2025012300,0,10,91
TOULOUSE-BLAGNAC,2025012301,0.4,9.7,94
TOULOUSE-BLAGNAC,2025012302,1.2,10,95
TOULOUSE-BLAGNAC,2025012303,0.6,9.7,96
TOULOUSE-BLAGNAC,2025012304,0.4,9.4,97
TOULOUSE-BLAGNAC,2025012305,0.4,9.3,97
TOULOUSE-BLAGNAC,2025012306,0.2,8.9,95
TOULOUSE-BLAGNAC,2025012307,0,8.5,95
TOULOUSE-BLAGNAC,2025012308,0,8.2,91
TOULOUSE-BLAGNAC,2025012309,0,7.6,89
TOULOUSE-BLAGNAC,2025012310,0,8.1,85
TOULOUSE-BLAGNAC,2025012311,0,9.1,80
TOULOUSE-BLAGNAC,2025012312,0,10,73
TOULOUSE-BLAGNAC,2025012313,0,11.8,63
TOULOUSE-BLAGNAC,2025012314,0,12.2,58
TOULOUSE-BLAGNAC,2025012315,0,12.3,58
TOULOUSE-BLAGNAC,2025012316,0,11.5,59
TOULOUSE-BLAGNAC,2025012317,0,10,66
TOULOUSE-BLAGNAC,2025012318,0,8.7,74
TOULOUSE-BLAGNAC,2025012319,0,8.2,74
TOULOUSE-BLAGNAC,2025012320,0,8,76
TOULOUSE-BLAGNAC,2025012321,0,6.9,79
TOULOUSE-BLAGNAC,2025012322,0,5.4,87
TOULOUSE-BLAGNAC,2025012323,0,4.3,86
TOULOUSE-BLAGNAC,2025012400,0,4,88
TOULOUSE-BLAGNAC,2025012401,0,4.2,88
TOULOUSE-BLAGNAC,2025012402,0,3.7,91
TOULOUSE-BLAGNAC,2025012403,0,4.1,89
TOULOUSE-BLAGNAC,2025012404,0,3.9,88
TOULOUSE-BLAGNAC,2025012405,0,2.5,88
TOULOUSE-BLAGNAC,2025012406,0,2.6,92
TOULOUSE-BLAGNAC,2025012407,0,3.6,88
TOULOUSE-BLAGNAC,2025012408,0,3.7,89
TOULOUSE-BLAGNAC,2025012409,0,6.2,78
TOULOUSE-BLAGNAC,2025012410,0,8.3,73
TOULOUSE-BLAGNAC,2025012411,0,9.4,76
TOULOUSE-BLAGNAC,2025012412,0,11.5,75
TOULOUSE-BLAGNAC,2025012413,0,11.9,74
TOULOUSE-BLAGNAC,2025012414,0,12.8,72
TOULOUSE-BLAGNAC,2025012415,0,11.9,73
TOULOUSE-BLAGNAC,2025012416,0,10.9,76
TOULOUSE-BLAGNAC,2025012417,0,9.9,81
TOULOUSE-BLAGNAC,2025012418,0,9.5,85
TOULOUSE-BLAGNAC,2025012419,0,9.7,86
TOULOUSE-BLAGNAC,2025012420,0,9.6,88
TOULOUSE-BLAGNAC,2025012421,0,9.8,90
TOULOUSE-BLAGNAC,2025012422,0,10.2,89
TOULOUSE-BLAGNAC,2025012423,0,10.7,89
TOULOUSE-BLAGNAC,2025012500,0,11,88
TOULOUSE-BLAGNAC,2025012501,0,11,91
TOULOUSE-BLAGNAC,2025012502,0,10.9,91
TOULOUSE-BLAGNAC,2025012503,0,10.9,88
TOULOUSE-BLAGNAC,2025012504,0,10.8,88
TOULOUSE-BLAGNAC,2025012505,0,11.2,85
TOULOUSE-BLAGNAC,2025012506,0,11,88
TOULOUSE-BLAGNAC,2025012507,0,11.4,86
TOULOUSE-BLAGNAC,2025012508,0,11.5,87
TOULOUSE-BLAGNAC,2025012509,0,11.7,87
TOULOUSE-BLAGNAC,2025012510,0,11.9,85
TOULOUSE-BLAGNAC,2025012511,0,12.5,83
TOULOUSE-BLAGNAC,2025012512,0,13.1,81
TOULOUSE-BLAGNAC,2025012513,0,12.2,87
TOULOUSE-BLAGNAC,2025012514,1.8,11.7,93
TOULOUSE-BLAGNAC,2025012515,0.4,11.7,95
TOULOUSE-BLAGNAC,2025012516,1.2,9.7,87
TOULOUSE-BLAGNAC,2025012517,0,9.6,86
TOULOUSE-BLAGNAC,2025012518,0.2,9.2,91
TOULOUSE-BLAGNAC,2025012519,0.2,8.8,91
TOULOUSE-BLAGNAC,2025012520,0,8.6,92
TOULOUSE-BLAGNAC,2025012521,0,8.5,93
TOULOUSE-BLAGNAC,2025012522,0,8.3,92
TOULOUSE-BLAGNAC,2025012523,0,8.3,89
TOULOUSE-BLAGNAC,2025012600,0,7.1,88
TOULOUSE-BLAGNAC,2025012601,0,6.3,87
TOULOUSE-BLAGNAC,2025012602,0,4.5,94
TOULOUSE-BLAGNAC,2025012603,0,4.5,96
TOULOUSE-BLAGNAC,2025012604,0,3.7,96
TOULOUSE-BLAGNAC,2025012605,0,3.1,96
TOULOUSE-BLAGNAC,2025012606,0,2.4,97
TOULOUSE-BLAGNAC,2025012607,0,4.5,95
TOULOUSE-BLAGNAC,2025012608,0,5.1,90
TOULOUSE-BLAGNAC,2025012609,0,6.4,85
TOULOUSE-BLAGNAC,2025012610,0,8.3,78
TOULOUSE-BLAGNAC,2025012611,0,9.7,76
TOULOUSE-BLAGNAC,2025012612,0,10.8,70
TOULOUSE-BLAGNAC,2025012613,0,11.3,67
TOULOUSE-BLAGNAC,2025012614,0,11,71
TOULOUSE-BLAGNAC,2025012615,0,11,74
TOULOUSE-BLAGNAC,2025012616,0,10.9,74
TOULOUSE-BLAGNAC,2025012617,0,10.8,76
TOULOUSE-BLAGNAC,2025012618,0,10.8,74
TOULOUSE-BLAGNAC,2025012619,0.2,10.1,80
TOULOUSE-BLAGNAC,2025012620,0,10.3,76
TOULOUSE-BLAGNAC,2025012621,0,10.6,75
TOULOUSE-BLAGNAC,2025012622,0,11,73
TOULOUSE-BLAGNAC,2025012623,0,11,72
TOULOUSE-BLAGNAC,2025012700,0,11.2,72
TOULOUSE-BLAGNAC,2025012701,0,11.3,73
TOULOUSE-BLAGNAC,2025012702,0,11.5,72
TOULOUSE-BLAGNAC,2025012703,0,11.5,73
TOULOUSE-BLAGNAC,2025012704,0,11.5,74
TOULOUSE-BLAGNAC,2025012705,0,10,86
TOULOUSE-BLAGNAC,2025012706,0,10.3,84
TOULOUSE-BLAGNAC,2025012707,0,10.1,85
TOULOUSE-BLAGNAC,2025012708,0,10,88
TOULOUSE-BLAGNAC,2025012709,3.4,10,94
TOULOUSE-BLAGNAC,2025012710,0.2,10.6,93
TOULOUSE-BLAGNAC,2025012711,0.2,11.8,87
TOULOUSE-BLAGNAC,2025012712,0,12.4,82
TOULOUSE-BLAGNAC,2025012713,0,13.1,78
TOULOUSE-BLAGNAC,2025012714,0,12.5,79
TOULOUSE-BLAGNAC,2025012715,0,12.7,79
TOULOUSE-BLAGNAC,2025012716,0,12.2,78
TOULOUSE-BLAGNAC,2025012717,0,11.5,81
TOULOUSE-BLAGNAC,2025012718,0,10.6,85
TOULOUSE-BLAGNAC,2025012719,0,10.3,88
TOULOUSE-BLAGNAC,2025012720,2.6,8.9,93
TOULOUSE-BLAGNAC,2025012721,3.5,8.6,94
TOULOUSE-BLAGNAC,2025012722,0.2,8.1,94
TOULOUSE-BLAGNAC,2025012723,0,8.1,96
TOULOUSE-BLAGNAC,2025012800,1.6,7.3,93
TOULOUSE-BLAGNAC,2025012801,0,6.9,89
TOULOUSE-BLAGNAC,2025012802,0,6.8,93
TOULOUSE-BLAGNAC,2025012803,0,6.8,92
TOULOUSE-BLAGNAC,2025012804,0,5.4,90
TOULOUSE-BLAGNAC,2025012805,0,4.3,96
TOULOUSE-BLAGNAC,2025012806,0,3.6,97
TOULOUSE-BLAGNAC,2025012807,0,3.4,97
TOULOUSE-BLAGNAC,2025012808,0,4.9,98
TOULOUSE-BLAGNAC,2025012809,0,6.8,84
TOULOUSE-BLAGNAC,2025012810,0,7.4,80
TOULOUSE-BLAGNAC,2025012811,0,10.1,63
TOULOUSE-BLAGNAC,2025012812,0,11.7,51
TOULOUSE-BLAGNAC,2025012813,0,12.4,48
TOULOUSE-BLAGNAC,2025012814,0.2,9.4,72
TOULOUSE-BLAGNAC,2025012815,1.2,8.2,85
TOULOUSE-BLAGNAC,2025012816,5.5,7.9,88
TOULOUSE-BLAGNAC,2025012817,4.4,8.1,91
TOULOUSE-BLAGNAC,2025012818,1.2,8.8,88
TOULOUSE-BLAGNAC,2025012819,0.2,9.2,88
TOULOUSE-BLAGNAC,2025012820,0,9.4,83
TOULOUSE-BLAGNAC,2025012821,0.2,9.1,84
TOULOUSE-BLAGNAC,2025012822,0.4,7.9,83
TOULOUSE-BLAGNAC,2025012823,0,7.7,83
TOULOUSE-BLAGNAC,2025012900,0,7.5,82
TOULOUSE-BLAGNAC,2025012901,0,7.5,82
TOULOUSE-BLAGNAC,2025012902,0,7.7,80
TOULOUSE-BLAGNAC,2025012903,0,7,81
TOULOUSE-BLAGNAC,2025012904,0,5.6,83
TOULOUSE-BLAGNAC,2025012905,0,4.1,91
TOULOUSE-BLAGNAC,2025012906,0,3.8,90
TOULOUSE-BLAGNAC,2025012907,0,4,92
TOULOUSE-BLAGNAC,2025012908,0,3.4,96
TOULOUSE-BLAGNAC,2025012909,0,6.8,81
TOULOUSE-BLAGNAC,2025012910,0,9,74
TOULOUSE-BLAGNAC,2025012911,0,10.5,65
TOULOUSE-BLAGNAC,2025012912,0,11.3,59
TOULOUSE-BLAGNAC,2025012913,0,11.5,58
TOULOUSE-BLAGNAC,2025012914,0,11.8,61
TOULOUSE-BLAGNAC,2025012915,0,11.2,68
TOULOUSE-BLAGNAC,2025012916,0,10.8,71
TOULOUSE-BLAGNAC,2025012917,0,10.3,74
TOULOUSE-BLAGNAC,2025012918,0,10.1,73
TOULOUSE-BLAGNAC,2025012919,0,9.6,76
TOULOUSE-BLAGNAC,2025012920,0,9.5,77
TOULOUSE-BLAGNAC,2025012921,0,8.9,81
TOULOUSE-BLAGNAC,2025012922,0,8.8,84
TOULOUSE-BLAGNAC,2025012923,0,9,81
TOULOUSE-BLAGNAC,2025013000,0,8.3,85
TOULOUSE-BLAGNAC,2025013001,0,6,90
TOULOUSE-BLAGNAC,2025013002,0,5.5,95
TOULOUSE-BLAGNAC,2025013003,0,4,94
TOULOUSE-BLAGNAC,2025013004,0,4.3,96
TOULOUSE-BLAGNAC,2025013005,0,3.7,97
TOULOUSE-BLAGNAC,2025013006,0,3.1,98
TOULOUSE-BLAGNAC,2025013007,0,2.5,98
TOULOUSE-BLAGNAC,2025013008,0,3.1,99
TOULOUSE-BLAGNAC,2025013009,0,4.7,98
TOULOUSE-BLAGNAC,2025013010,0,6.7,94
TOULOUSE-BLAGNAC,2025013011,0,8.9,84
TOULOUSE-BLAGNAC,2025013012,0,10.8,75
TOULOUSE-BLAGNAC,2025013013,0,12.3,72
TOULOUSE-BLAGNAC,2025013014,0,12.6,65
TOULOUSE-BLAGNAC,2025013015,0,12.2,68
TOULOUSE-BLAGNAC,2025013016,0,11.8,70
TOULOUSE-BLAGNAC,2025013017,0,11.3,74
TOULOUSE-BLAGNAC,2025013018,0,10.8,76
TOULOUSE-BLAGNAC,2025013019,0,10,82
TOULOUSE-BLAGNAC,2025013020,0,9.8,80
TOULOUSE-BLAGNAC,2025013021,0.2,9,85
TOULOUSE-BLAGNAC,2025013022,0,8.2,87
TOULOUSE-BLAGNAC,2025013023,0,8.2,88
TOULOUSE-BLAGNAC,2025013100,0,8,86
TOULOUSE-BLAGNAC,2025013101,0,7.2,86
TOULOUSE-BLAGNAC,2025013102,0,6.2,89
TOULOUSE-BLAGNAC,2025013103,0,4.9,93
TOULOUSE-BLAGNAC,2025013104,0,5.8,90
TOULOUSE-BLAGNAC,2025013105,0,5.4,90
TOULOUSE-BLAGNAC,2025013106,0,4.6,90
TOULOUSE-BLAGNAC,2025013107,0,3.9,92
TOULOUSE-BLAGNAC,2025013108,0,4,92
TOULOUSE-BLAGNAC,2025013109,0,5.9,87
TOULOUSE-BLAGNAC,2025013110,0,7,81
TOULOUSE-BLAGNAC,2025013111,0,8.2,69
TOULOUSE-BLAGNAC,2025013112,0,9.6,61
TOULOUSE-BLAGNAC,2025013113,0,8.8,56
TOULOUSE-BLAGNAC,2025013114,0,8.9,59
TOULOUSE-BLAGNAC,2025013115,0,8.4,58
TOULOUSE-BLAGNAC,2025013116,0,8.4,59
TOULOUSE-BLAGNAC,2025013117,0,7.1,62
TOULOUSE-BLAGNAC,2025013118,0,6.2,69
TOULOUSE-BLAGNAC,2025013119,0,5.5,72
TOULOUSE-BLAGNAC,2025013120,0,5.6,74
TOULOUSE-BLAGNAC,2025013121,0,6.5,70
TOULOUSE-BLAGNAC,2025013122,0,6.1,70
TOULOUSE-BLAGNAC,2025013123,0,6.6,65
TOULOUSE-BLAGNAC,2025020100,0,5.2,78
TOULOUSE-BLAGNAC,2025020101,0,4.2,83
TOULOUSE-BLAGNAC,2025020102,0,3.7,86
TOULOUSE-BLAGNAC,2025020103,0,3.8,86
TOULOUSE-BLAGNAC,2025020104,0,4,84
TOULOUSE-BLAGNAC,2025020105,0,4.3,84
TOULOUSE-BLAGNAC,2025020106,0,3.7,83
TOULOUSE-BLAGNAC,2025020107,0,3.4,86
TOULOUSE-BLAGNAC,2025020108,0,3.7,87
TOULOUSE-BLAGNAC,2025020109,0,5.5,74
TOULOUSE-BLAGNAC,2025020110,0,7,64
TOULOUSE-BLAGNAC,2025020111,0,8,60
TOULOUSE-BLAGNAC,2025020112,0,9,55
TOULOUSE-BLAGNAC,2025020113,0,9.6,56
TOULOUSE-BLAGNAC,2025020114,0,9.9,56
TOULOUSE-BLAGNAC,2025020115,0,9.9,51
TOULOUSE-BLAGNAC,2025020116,0,9.5,50
TOULOUSE-BLAGNAC,2025020117,0,7.9,58
TOULOUSE-BLAGNAC,2025020118,0,6.4,65
TOULOUSE-BLAGNAC,2025020119,0,5.1,72
TOULOUSE-BLAGNAC,2025020120,0,4.9,73
TOULOUSE-BLAGNAC,2025020121,0,4,78
TOULOUSE-BLAGNAC,2025020122,0,2.7,85
TOULOUSE-BLAGNAC,2025020123,0,1.2,88
TOULOUSE-BLAGNAC,2025020200,0,1.3,91
TOULOUSE-BLAGNAC,2025020201,0,0.9,93
TOULOUSE-BLAGNAC,2025020202,0,0.6,94
TOULOUSE-BLAGNAC,2025020203,0,0.9,94
TOULOUSE-BLAGNAC,2025020204,0,0.6,94
TOULOUSE-BLAGNAC,2025020205,0,0.6,94
TOULOUSE-BLAGNAC,2025020206,0,1.1,93
TOULOUSE-BLAGNAC,2025020207,0,0.3,94
TOULOUSE-BLAGNAC,2025020208,0,0.6,95
TOULOUSE-BLAGNAC,2025020209,0,3.1,89
TOULOUSE-BLAGNAC,2025020210,0,6.7,76
TOULOUSE-BLAGNAC,2025020211,0,8.9,65
TOULOUSE-BLAGNAC,2025020212,0,9.8,58
TOULOUSE-BLAGNAC,2025020213,0,10.4,54
TOULOUSE-BLAGNAC,2025020214,0,10.9,53
TOULOUSE-BLAGNAC,2025020215,0,11.2,53
TOULOUSE-BLAGNAC,2025020216,0,11,53
TOULOUSE-BLAGNAC,2025020217,0,10,58
TOULOUSE-BLAGNAC,2025020218,0,7.8,68
TOULOUSE-BLAGNAC,2025020219,0,6.5,73
TOULOUSE-BLAGNAC,2025020220,0,6.3,72
TOULOUSE-BLAGNAC,2025020221,0,5.4,75
TOULOUSE-BLAGNAC,2025020222,0,4.8,76
TOULOUSE-BLAGNAC,2025020223,0,3.1,84
TOULOUSE-BLAGNAC,2025020300,0,2.4,89
TOULOUSE-BLAGNAC,2025020301,0,1.6,91
TOULOUSE-BLAGNAC,2025020302,0,0.8,92
TOULOUSE-BLAGNAC,2025020303,0,1.1,94
TOULOUSE-BLAGNAC,2025020304,0,0.7,94
TOULOUSE-BLAGNAC,2025020305,0,0.1,95
TOULOUSE-BLAGNAC,2025020306,0,0.3,94
TOULOUSE-BLAGNAC,2025020307,0,0.5,95
TOULOUSE-BLAGNAC,2025020308,0,1.4,93
TOULOUSE-BLAGNAC,2025020309,0,4.3,84
TOULOUSE-BLAGNAC,2025020310,0,7.8,76
TOULOUSE-BLAGNAC,2025020311,0,10.1,70
TOULOUSE-BLAGNAC,2025020312,0,11.2,64
TOULOUSE-BLAGNAC,2025020313,0,12.1,63
TOULOUSE-BLAGNAC,2025020314,0,12.9,58
TOULOUSE-BLAGNAC,2025020315,0,13,56
TOULOUSE-BLAGNAC,2025020316,0,12.5,58
TOULOUSE-BLAGNAC,2025020317,0,10.9,63
TOULOUSE-BLAGNAC,2025020318,0,8.7,71
TOULOUSE-BLAGNAC,2025020319,0,6.9,77
TOULOUSE-BLAGNAC,2025020320,0,5.9,82
TOULOUSE-BLAGNAC,2025020321,0,4.6,86
TOULOUSE-BLAGNAC,2025020322,0,3.4,91
TOULOUSE-BLAGNAC,2025020323,0,3.4,93
TOULOUSE-BLAGNAC,2025020400,0,2.4,95
TOULOUSE-BLAGNAC,2025020401,0,1.7,94
TOULOUSE-BLAGNAC,2025020402,0,1.1,95
TOULOUSE-BLAGNAC,2025020403,0,1.3,96
TOULOUSE-BLAGNAC,2025020404,0,0.5,96
TOULOUSE-BLAGNAC,2025020405,0,0.4,96
TOULOUSE-BLAGNAC,2025020406,0,0.3,96
TOULOUSE-BLAGNAC,2025020407,0,0.2,96
TOULOUSE-BLAGNAC,2025020408,0,0.7,96
TOULOUSE-BLAGNAC,2025020409,0,3.2,88
TOULOUSE-BLAGNAC,2025020410,0,6.6,77
TOULOUSE-BLAGNAC,2025020411,0,8.7,69
TOULOUSE-BLAGNAC,2025020412,0,10.6,64
TOULOUSE-BLAGNAC,2025020413,0,12.2,59
TOULOUSE-BLAGNAC,2025020414,0,13.5,54
TOULOUSE-BLAGNAC,2025020415,0,13.8,47
TOULOUSE-BLAGNAC,2025020416,0,13.5,50
TOULOUSE-BLAGNAC,2025020417,0,11.5,56
TOULOUSE-BLAGNAC,2025020418,0,8.3,66
TOULOUSE-BLAGNAC,2025020419,0,8.2,65
TOULOUSE-BLAGNAC,2025020420,0,6.7,66
TOULOUSE-BLAGNAC,2025020421,0,5,74
TOULOUSE-BLAGNAC,2025020422,0,3.3,86
TOULOUSE-BLAGNAC,2025020423,0,3.3,85
TOULOUSE-BLAGNAC,2025020500,0,2,90
TOULOUSE-BLAGNAC,2025020501,0,1.8,91
TOULOUSE-BLAGNAC,2025020502,0,1.2,93
TOULOUSE-BLAGNAC,2025020503,0,-0.1,93
TOULOUSE-BLAGNAC,2025020504,0,0.5,95
TOULOUSE-BLAGNAC,2025020505,0,0.5,94
TOULOUSE-BLAGNAC,2025020506,0,0.2,96
TOULOUSE-BLAGNAC,2025020507,0,0.6,96
TOULOUSE-BLAGNAC,2025020508,0,1.7,95
TOULOUSE-BLAGNAC,2025020509,0,4.8,88
TOULOUSE-BLAGNAC,2025020510,0,9.2,80
TOULOUSE-BLAGNAC,2025020511,0,10.8,69
TOULOUSE-BLAGNAC,2025020512,0,11.7,66
TOULOUSE-BLAGNAC,2025020513,0,12.5,66
TOULOUSE-BLAGNAC,2025020514,0,13.3,46
TOULOUSE-BLAGNAC,2025020515,0,13.4,50
TOULOUSE-BLAGNAC,2025020516,0,12.9,48
TOULOUSE-BLAGNAC,2025020517,0,11.2,51
TOULOUSE-BLAGNAC,2025020518,0,9.1,59
TOULOUSE-BLAGNAC,2025020519,0,7.2,66
TOULOUSE-BLAGNAC,2025020520,0,7.2,70
TOULOUSE-BLAGNAC,2025020521,0,6.7,72
TOULOUSE-BLAGNAC,2025020522,0,3.7,82
TOULOUSE-BLAGNAC,2025020523,0,2.2,84
TOULOUSE-BLAGNAC,2025020600,0,2.1,88
TOULOUSE-BLAGNAC,2025020601,0,1.4,90
TOULOUSE-BLAGNAC,2025020602,0,1.6,90
TOULOUSE-BLAGNAC,2025020603,0,0.9,90
TOULOUSE-BLAGNAC,2025020604,0,-0.1,93
TOULOUSE-BLAGNAC,2025020605,0,-0.4,92
TOULOUSE-BLAGNAC,2025020606,0,-0.5,93
TOULOUSE-BLAGNAC,2025020607,0,-0.6,94
TOULOUSE-BLAGNAC,2025020608,0,0.4,93
TOULOUSE-BLAGNAC,2025020609,0,3.3,82
TOULOUSE-BLAGNAC,2025020610,0,6.4,70
TOULOUSE-BLAGNAC,2025020611,0,8,70
TOULOUSE-BLAGNAC,2025020612,0,10,66
TOULOUSE-BLAGNAC,2025020613,0,11.2,63
TOULOUSE-BLAGNAC,2025020614,0,11.7,62
TOULOUSE-BLAGNAC,2025020615,0,11.8,62
TOULOUSE-BLAGNAC,2025020616,0,11.4,63
TOULOUSE-BLAGNAC,2025020617,0,9.7,72
TOULOUSE-BLAGNAC,2025020618,0,8.3,77
TOULOUSE-BLAGNAC,2025020619,0,6.3,84
TOULOUSE-BLAGNAC,2025020620,0,5.3,87
TOULOUSE-BLAGNAC,2025020621,0,4.6,89
TOULOUSE-BLAGNAC,2025020622,0,3.2,88
TOULOUSE-BLAGNAC,2025020623,0,2.5,91
TOULOUSE-BLAGNAC,2025020700,0,2.9,95
TOULOUSE-BLAGNAC,2025020701,0,1.9,93
TOULOUSE-BLAGNAC,2025020702,0,5.9,84
TOULOUSE-BLAGNAC,2025020703,0,4.8,84
TOULOUSE-BLAGNAC,2025020704,0,3.4,88
TOULOUSE-BLAGNAC,2025020705,0,3.1,91
TOULOUSE-BLAGNAC,2025020706,0,2.5,90
TOULOUSE-BLAGNAC,2025020707,0,2.8,91
TOULOUSE-BLAGNAC,2025020708,0,6,86
TOULOUSE-BLAGNAC,2025020709,0,7.7,82
TOULOUSE-BLAGNAC,2025020710,0,9.4,74
TOULOUSE-BLAGNAC,2025020711,0,10.6,70
TOULOUSE-BLAGNAC,2025020712,0,12.8,64
TOULOUSE-BLAGNAC,2025020713,0,12.5,60
TOULOUSE-BLAGNAC,2025020714,0,12.8,60
TOULOUSE-BLAGNAC,2025020715,0,13,62
TOULOUSE-BLAGNAC,2025020716,0,12.1,65
TOULOUSE-BLAGNAC,2025020717,0,11.3,70
TOULOUSE-BLAGNAC,2025020718,0,11.1,70
TOULOUSE-BLAGNAC,2025020719,0,10.8,70
TOULOUSE-BLAGNAC,2025020720,0,10.8,69
TOULOUSE-BLAGNAC,2025020721,0,11,64
TOULOUSE-BLAGNAC,2025020722,0,10.3,73
TOULOUSE-BLAGNAC,2025020723,0,8,73
TOULOUSE-BLAGNAC,2025020800,0,7.1,74
TOULOUSE-BLAGNAC,2025020801,0,5.9,90
TOULOUSE-BLAGNAC,2025020802,0.8,4.3,91
TOULOUSE-BLAGNAC,2025020803,0.6,3.7,91
TOULOUSE-BLAGNAC,2025020804,0.4,3,93
TOULOUSE-BLAGNAC,2025020805,0,2.8,94
TOULOUSE-BLAGNAC,2025020806,0,2.6,94
TOULOUSE-BLAGNAC,2025020807,0,1.6,95
TOULOUSE-BLAGNAC,2025020808,0,2.4,96
TOULOUSE-BLAGNAC,2025020809,0,4.1,91
TOULOUSE-BLAGNAC,2025020810,0,5.4,86
TOULOUSE-BLAGNAC,2025020811,0,7.3,82
TOULOUSE-BLAGNAC,2025020812,0,7.6,76
TOULOUSE-BLAGNAC,2025020813,0,9.2,67
TOULOUSE-BLAGNAC,2025020814,0,9,66
TOULOUSE-BLAGNAC,2025020815,0.2,9,67
TOULOUSE-BLAGNAC,2025020816,0,8.5,70
TOULOUSE-BLAGNAC,2025020817,0,7.5,72
TOULOUSE-BLAGNAC,2025020818,0,6.2,83
TOULOUSE-BLAGNAC,2025020819,0,5.4,83
TOULOUSE-BLAGNAC,2025020820,0,4.3,87
TOULOUSE-BLAGNAC,2025020821,0,3.6,91
TOULOUSE-BLAGNAC,2025020822,0,2.5,93
TOULOUSE-BLAGNAC,2025020823,0,2.1,95
TOULOUSE-BLAGNAC,2025020900,0,1.7,94
TOULOUSE-BLAGNAC,2025020901,0,0.9,96
TOULOUSE-BLAGNAC,2025020902,0,0.1,95
TOULOUSE-BLAGNAC,2025020903,0,-0.4,96
TOULOUSE-BLAGNAC,2025020904,0,-0.6,95
TOULOUSE-BLAGNAC,2025020905,0,-0.4,96
TOULOUSE-BLAGNAC,2025020906,0,-0.4,96
TOULOUSE-BLAGNAC,2025020907,0,-0.6,96
TOULOUSE-BLAGNAC,2025020908,0,0.4,96
TOULOUSE-BLAGNAC,2025020909,0,2.9,93
TOULOUSE-BLAGNAC,2025020910,0,5.2,85
TOULOUSE-BLAGNAC,2025020911,0,6.9,77
TOULOUSE-BLAGNAC,2025020912,0,9,66
TOULOUSE-BLAGNAC,2025020913,0,9.9,61
TOULOUSE-BLAGNAC,2025020914,0,10.6,61
TOULOUSE-BLAGNAC,2025020915,0,10.1,64
TOULOUSE-BLAGNAC,2025020916,0,9.6,72
TOULOUSE-BLAGNAC,2025020917,0.6,8.4,88
TOULOUSE-BLAGNAC,2025020918,0,8.1,83
TOULOUSE-BLAGNAC,2025020919,0,7.9,84
TOULOUSE-BLAGNAC,2025020920,0,8.1,81
TOULOUSE-BLAGNAC,2025020921,0,8,78
TOULOUSE-BLAGNAC,2025020922,0,7.8,86
TOULOUSE-BLAGNAC,2025020923,0,7.9,84
TOULOUSE-BLAGNAC,2025021000,0,7.9,86
TOULOUSE-BLAGNAC,2025021001,0,7,86
TOULOUSE-BLAGNAC,2025021002,0,7.7,85
TOULOUSE-BLAGNAC,2025021003,0,7.7,86
TOULOUSE-BLAGNAC,2025021004,0,7,89
TOULOUSE-BLAGNAC,2025021005,0,8.1,88
TOULOUSE-BLAGNAC,2025021006,0,8.2,88
TOULOUSE-BLAGNAC,2025021007,0,8.4,86
TOULOUSE-BLAGNAC,2025021008,0,9,85
TOULOUSE-BLAGNAC,2025021009,0,9.7,82
TOULOUSE-BLAGNAC,2025021010,0,11,79
TOULOUSE-BLAGNAC,2025021011,0,12.2,72
TOULOUSE-BLAGNAC,2025021012,0,13.5,66
TOULOUSE-BLAGNAC,2025021013,0,13.9,66
TOULOUSE-BLAGNAC,2025021014,0,13,69
TOULOUSE-BLAGNAC,2025021015,0,12.5,71
TOULOUSE-BLAGNAC,2025021016,0,12.5,73
TOULOUSE-BLAGNAC,2025021017,0,11.9,77
TOULOUSE-BLAGNAC,2025021018,0,11.6,79
TOULOUSE-BLAGNAC,2025021019,0,11.3,84
TOULOUSE-BLAGNAC,2025021020,0,10.9,87
TOULOUSE-BLAGNAC,2025021021,0,11,87
TOULOUSE-BLAGNAC,2025021022,0,11.1,89
TOULOUSE-BLAGNAC,2025021023,0,11.2,89
TOULOUSE-BLAGNAC,2025021100,0,11,90
TOULOUSE-BLAGNAC,2025021101,0,11.3,89
TOULOUSE-BLAGNAC,2025021102,0,11.3,88
TOULOUSE-BLAGNAC,2025021103,0,11.1,88
TOULOUSE-BLAGNAC,2025021104,0,11.5,85
TOULOUSE-BLAGNAC,2025021105,0,11.7,82
TOULOUSE-BLAGNAC,2025021106,0,11.4,82
TOULOUSE-BLAGNAC,2025021107,0,11.4,82
TOULOUSE-BLAGNAC,2025021108,0,11.8,79
TOULOUSE-BLAGNAC,2025021109,0,12.2,77
TOULOUSE-BLAGNAC,2025021110,0,12.8,76
TOULOUSE-BLAGNAC,2025021111,0,13.5,72
TOULOUSE-BLAGNAC,2025021112,0,14.7,67
TOULOUSE-BLAGNAC,2025021113,0,15.7,65
TOULOUSE-BLAGNAC,2025021114,0,16.5,63
TOULOUSE-BLAGNAC,2025021115,0,16.1,63
TOULOUSE-BLAGNAC,2025021116,0,15.6,62
TOULOUSE-BLAGNAC,2025021117,0,14,67
TOULOUSE-BLAGNAC,2025021118,0,12.3,73
TOULOUSE-BLAGNAC,2025021119,0,12,76
TOULOUSE-BLAGNAC,2025021120,0,11.3,80
TOULOUSE-BLAGNAC,2025021121,0,10.9,83
TOULOUSE-BLAGNAC,2025021122,0,10.2,87
TOULOUSE-BLAGNAC,2025021123,0,10.3,87
TOULOUSE-BLAGNAC,2025021200,0,10,90
TOULOUSE-BLAGNAC,2025021201,0,10.7,87
TOULOUSE-BLAGNAC,2025021202,0,10.5,87
TOULOUSE-BLAGNAC,2025021203,0,10.1,88
TOULOUSE-BLAGNAC,2025021204,0,8.6,88
TOULOUSE-BLAGNAC,2025021205,0,7.9,91
TOULOUSE-BLAGNAC,2025021206,0,7.3,92
TOULOUSE-BLAGNAC,2025021207,0,8.4,91
TOULOUSE-BLAGNAC,2025021208,0,9.1,89
TOULOUSE-BLAGNAC,2025021209,0,10.4,85
TOULOUSE-BLAGNAC,2025021210,0,13.1,81
TOULOUSE-BLAGNAC,2025021211,0,13.4,74
TOULOUSE-BLAGNAC,2025021212,0,13.5,72
TOULOUSE-BLAGNAC,2025021213,0,13.5,73
TOULOUSE-BLAGNAC,2025021214,0,12.9,77
TOULOUSE-BLAGNAC,2025021215,0.2,11.8,86
TOULOUSE-BLAGNAC,2025021216,0,11.4,85
TOULOUSE-BLAGNAC,2025021217,0,11.1,87
TOULOUSE-BLAGNAC,2025021218,0,11.1,87
TOULOUSE-BLAGNAC,2025021219,0,11,89
TOULOUSE-BLAGNAC,2025021220,0.2,10.7,92
TOULOUSE-BLAGNAC,2025021221,0.2,10.6,94
TOULOUSE-BLAGNAC,2025021222,0.4,10.3,94
TOULOUSE-BLAGNAC,2025021223,0.2,10.1,95
TOULOUSE-BLAGNAC,2025021300,0,10,94
TOULOUSE-BLAGNAC,2025021301,0,9.9,93
TOULOUSE-BLAGNAC,2025021302,0,9.8,93
TOULOUSE-BLAGNAC,2025021303,0,9.1,93
TOULOUSE-BLAGNAC,2025021304,0,9.5,92
TOULOUSE-BLAGNAC,2025021305,0,9.4,92
TOULOUSE-BLAGNAC,2025021306,0,9.3,91
TOULOUSE-BLAGNAC,2025021307,0,9.3,92
TOULOUSE-BLAGNAC,2025021308,0,9.4,92
TOULOUSE-BLAGNAC,2025021309,0,9.7,88
TOULOUSE-BLAGNAC,2025021310,0,10.2,88
TOULOUSE-BLAGNAC,2025021311,0,10.9,79
TOULOUSE-BLAGNAC,2025021312,0,11.7,76
TOULOUSE-BLAGNAC,2025021313,0,11.7,75
TOULOUSE-BLAGNAC,2025021314,0,12.3,73
TOULOUSE-BLAGNAC,2025021315,0,13,65
TOULOUSE-BLAGNAC,2025021316,0,12.2,69
TOULOUSE-BLAGNAC,2025021317,0,11.7,69
TOULOUSE-BLAGNAC,2025021318,0,10.6,77
TOULOUSE-BLAGNAC,2025021319,0,10.4,79
TOULOUSE-BLAGNAC,2025021320,0,9.4,83
TOULOUSE-BLAGNAC,2025021321,0,9.3,86
TOULOUSE-BLAGNAC,2025021322,0,9,87
TOULOUSE-BLAGNAC,2025021323,0,9.2,86
TOULOUSE-BLAGNAC,2025021400,0,9.7,85
TOULOUSE-BLAGNAC,2025021401,0,9.9,84
TOULOUSE-BLAGNAC,2025021402,0,9.7,85
TOULOUSE-BLAGNAC,2025021403,0,9.2,90
TOULOUSE-BLAGNAC,2025021404,0.2,9,94
TOULOUSE-BLAGNAC,2025021405,0.2,8.8,95
TOULOUSE-BLAGNAC,2025021406,0,9.1,95
TOULOUSE-BLAGNAC,2025021407,0,9,96
TOULOUSE-BLAGNAC,2025021408,0.2,9.3,95
TOULOUSE-BLAGNAC,2025021409,0,9.8,94
TOULOUSE-BLAGNAC,2025021410,0,10.2,91
TOULOUSE-BLAGNAC,2025021411,0,11.7,83
TOULOUSE-BLAGNAC,2025021412,0,12.4,77
TOULOUSE-BLAGNAC,2025021413,0,13.1,74
TOULOUSE-BLAGNAC,2025021414,0,13.6,71
TOULOUSE-BLAGNAC,2025021415,0,13.7,75
TOULOUSE-BLAGNAC,2025021416,0,13.1,78
TOULOUSE-BLAGNAC,2025021417,0,12.7,82
TOULOUSE-BLAGNAC,2025021418,0,11.1,87
TOULOUSE-BLAGNAC,2025021419,0,10.1,91
TOULOUSE-BLAGNAC,2025021420,0,9.8,94
TOULOUSE-BLAGNAC,2025021421,0,8.9,95
TOULOUSE-BLAGNAC,2025021422,0,7.8,97
TOULOUSE-BLAGNAC,2025021423,0,7.4,97
TOULOUSE-BLAGNAC,2025021500,0,6,98
TOULOUSE-BLAGNAC,2025021501,0,5.9,96
TOULOUSE-BLAGNAC,2025021502,0,5.5,89
TOULOUSE-BLAGNAC,2025021503,0,4.2,92
TOULOUSE-BLAGNAC,2025021504,0,4.2,88
TOULOUSE-BLAGNAC,2025021505,0,3.7,91
TOULOUSE-BLAGNAC,2025021506,0,2.9,94
TOULOUSE-BLAGNAC,2025021507,0,2.6,93
TOULOUSE-BLAGNAC,2025021508,0,3.4,90
TOULOUSE-BLAGNAC,2025021509,0,6.4,69
TOULOUSE-BLAGNAC,2025021510,0,8.8,63
TOULOUSE-BLAGNAC,2025021511,0,11,60
TOULOUSE-BLAGNAC,2025021512,0,12.7,58
TOULOUSE-BLAGNAC,2025021513,0,12.8,52
TOULOUSE-BLAGNAC,2025021514,0,13.8,48
TOULOUSE-BLAGNAC,2025021515,0,13.6,48
TOULOUSE-BLAGNAC,2025021516,0,13,49
TOULOUSE-BLAGNAC,2025021517,0,10.9,47
TOULOUSE-BLAGNAC,2025021518,0,9.3,51
TOULOUSE-BLAGNAC,2025021519,0,8.7,49
TOULOUSE-BLAGNAC,2025021520,0,7.8,48
TOULOUSE-BLAGNAC,2025021521,0,6.8,49
TOULOUSE-BLAGNAC,2025021522,0,6.1,53
TOULOUSE-BLAGNAC,2025021523,0,5.7,56
TOULOUSE-BLAGNAC,2025021600,0,6,57
TOULOUSE-BLAGNAC,2025021601,0,6,58
TOULOUSE-BLAGNAC,2025021602,0,6,61
TOULOUSE-BLAGNAC,2025021603,0,5.4,65
TOULOUSE-BLAGNAC,2025021604,0,5.3,67
TOULOUSE-BLAGNAC,2025021605,0,4.8,71
TOULOUSE-BLAGNAC,2025021606,0,5.1,75
TOULOUSE-BLAGNAC,2025021607,0,2.8,82
TOULOUSE-BLAGNAC,2025021608,0,4.8,82
TOULOUSE-BLAGNAC,2025021609,0,6.8,75
TOULOUSE-BLAGNAC,2025021610,0,9.4,70
TOULOUSE-BLAGNAC,2025021611,0,11.3,66
TOULOUSE-BLAGNAC,2025021612,0,13.4,60
TOULOUSE-BLAGNAC,2025021613,0,15.9,55
TOULOUSE-BLAGNAC,2025021614,0,16.5,49
TOULOUSE-BLAGNAC,2025021615,0,16.7,52
TOULOUSE-BLAGNAC,2025021616,0,17.9,45
TOULOUSE-BLAGNAC,2025021617,0,16.3,48
TOULOUSE-BLAGNAC,2025021618,0,14.9,55
TOULOUSE-BLAGNAC,2025021619,0,13.1,62
TOULOUSE-BLAGNAC,2025021620,0,12.3,66
TOULOUSE-BLAGNAC,2025021621,0,11.2,72
TOULOUSE-BLAGNAC,2025021622,0,10.4,78
TOULOUSE-BLAGNAC,2025021623,0,9.4,82
TOULOUSE-BLAGNAC,2025021700,0,8.3,83
TOULOUSE-BLAGNAC,2025021701,0,9.4,86
TOULOUSE-BLAGNAC,2025021702,0,7.8,89
TOULOUSE-BLAGNAC,2025021703,0,10.5,88
TOULOUSE-BLAGNAC,2025021704,0,9.9,87
TOULOUSE-BLAGNAC,2025021705,0,9.3,94
TOULOUSE-BLAGNAC,2025021706,0,9.2,95
TOULOUSE-BLAGNAC,2025021707,0,9.9,94
TOULOUSE-BLAGNAC,2025021708,0,10.4,93
TOULOUSE-BLAGNAC,2025021709,0,10.8,90
TOULOUSE-BLAGNAC,2025021710,0,12.2,88
TOULOUSE-BLAGNAC,2025021711,0,12.8,83
TOULOUSE-BLAGNAC,2025021712,0,13.4,80
TOULOUSE-BLAGNAC,2025021713,0,13.9,77
TOULOUSE-BLAGNAC,2025021714,0,15,71
TOULOUSE-BLAGNAC,2025021715,0,14.7,70
TOULOUSE-BLAGNAC,2025021716,0,15.1,68
TOULOUSE-BLAGNAC,2025021717,0,14.4,68
TOULOUSE-BLAGNAC,2025021718,0,12.2,80
TOULOUSE-BLAGNAC,2025021719,0,11.5,83
TOULOUSE-BLAGNAC,2025021720,0,9.7,88
TOULOUSE-BLAGNAC,2025021721,0,9.5,90
TOULOUSE-BLAGNAC,2025021722,0,7.9,93
TOULOUSE-BLAGNAC,2025021723,0,7.4,95
TOULOUSE-BLAGNAC,2025021800,0,5.6,90
TOULOUSE-BLAGNAC,2025021801,0,6.7,96
TOULOUSE-BLAGNAC,2025021802,0,7.1,96
TOULOUSE-BLAGNAC,2025021803,0,8.3,99
TOULOUSE-BLAGNAC,2025021804,0,9.2,95
TOULOUSE-BLAGNAC,2025021805,0,9.9,89
TOULOUSE-BLAGNAC,2025021806,0,8.7,89
TOULOUSE-BLAGNAC,2025021807,0,6.9,90
TOULOUSE-BLAGNAC,2025021808,0,7.2,90
TOULOUSE-BLAGNAC,2025021809,0,11,80
TOULOUSE-BLAGNAC,2025021810,0,12.4,78
TOULOUSE-BLAGNAC,2025021811,0,13.2,74
TOULOUSE-BLAGNAC,2025021812,0,14.5,71
TOULOUSE-BLAGNAC,2025021813,0,14.8,70
TOULOUSE-BLAGNAC,2025021814,0,14.1,71
TOULOUSE-BLAGNAC,2025021815,0,13.4,73
TOULOUSE-BLAGNAC,2025021816,0,13.1,73
TOULOUSE-BLAGNAC,2025021817,0,12,76
TOULOUSE-BLAGNAC,2025021818,0,11.4,79
TOULOUSE-BLAGNAC,2025021819,0,11.1,82
TOULOUSE-BLAGNAC,2025021820,0,10.9,85
TOULOUSE-BLAGNAC,2025021821,0,10.8,86
TOULOUSE-BLAGNAC,2025021822,0,11.3,87
TOULOUSE-BLAGNAC,2025021823,0,11.4,87
TOULOUSE-BLAGNAC,2025021900,0,11.1,87
TOULOUSE-BLAGNAC,2025021901,0,11.2,88
TOULOUSE-BLAGNAC,2025021902,0,11.2,88
TOULOUSE-BLAGNAC,2025021903,0,11.3,88
TOULOUSE-BLAGNAC,2025021904,0,11.4,87
TOULOUSE-BLAGNAC,2025021905,0,11.6,88
TOULOUSE-BLAGNAC,2025021906,0,11.4,87
TOULOUSE-BLAGNAC,2025021907,0,11.3,87
TOULOUSE-BLAGNAC,2025021908,0,11.7,86
TOULOUSE-BLAGNAC,2025021909,0,12.7,80
TOULOUSE-BLAGNAC,2025021910,0,14.1,75
TOULOUSE-BLAGNAC,2025021911,0,15.2,71
TOULOUSE-BLAGNAC,2025021912,0,16.4,66
TOULOUSE-BLAGNAC,2025021913,0,16.4,62
TOULOUSE-BLAGNAC,2025021914,0,16.9,62
TOULOUSE-BLAGNAC,2025021915,0,16.5,64
TOULOUSE-BLAGNAC,2025021916,0,15.4,66
TOULOUSE-BLAGNAC,2025021917,0,14.4,72
TOULOUSE-BLAGNAC,2025021918,0,13.2,77
TOULOUSE-BLAGNAC,2025021919,0,12,81
TOULOUSE-BLAGNAC,2025021920,0,11.4,84
TOULOUSE-BLAGNAC,2025021921,0,10.9,86
TOULOUSE-BLAGNAC,2025021922,0,10.7,88
TOULOUSE-BLAGNAC,2025021923,0,10.6,89
TOULOUSE-BLAGNAC,2025022000,0,10.4,91
TOULOUSE-BLAGNAC,2025022001,0,10.3,93
TOULOUSE-BLAGNAC,2025022002,0,10.2,93
TOULOUSE-BLAGNAC,2025022003,0,9.6,93
TOULOUSE-BLAGNAC,2025022004,0,8.8,94
TOULOUSE-BLAGNAC,2025022005,0,9.4,95
TOULOUSE-BLAGNAC,2025022006,0,8.9,94
TOULOUSE-BLAGNAC,2025022007,0,8.4,94
TOULOUSE-BLAGNAC,2025022008,0,10.2,92
TOULOUSE-BLAGNAC,2025022009,0,12.2,83
TOULOUSE-BLAGNAC,2025022010,0,14,76
TOULOUSE-BLAGNAC,2025022011,0,14.7,71
TOULOUSE-BLAGNAC,2025022012,0,15.7,68
TOULOUSE-BLAGNAC,2025022013,0,16.8,63
TOULOUSE-BLAGNAC,2025022014,0,17.7,61
TOULOUSE-BLAGNAC,2025022015,0,17.5,57
TOULOUSE-BLAGNAC,2025022016,0,16.8,61
TOULOUSE-BLAGNAC,2025022017,0,15.1,66
TOULOUSE-BLAGNAC,2025022018,0,13.4,71
TOULOUSE-BLAGNAC,2025022019,0,11.9,75
TOULOUSE-BLAGNAC,2025022020,0,11,78
TOULOUSE-BLAGNAC,2025022021,0,10.6,77
TOULOUSE-BLAGNAC,2025022022,0,10.2,80
TOULOUSE-BLAGNAC,2025022023,0,10,81
TOULOUSE-BLAGNAC,2025022100,0,10.1,81
TOULOUSE-BLAGNAC,2025022101,0,10,81
TOULOUSE-BLAGNAC,2025022102,0,10.1,81
TOULOUSE-BLAGNAC,2025022103,0,10.2,80
TOULOUSE-BLAGNAC,2025022104,0,10.6,78
TOULOUSE-BLAGNAC,2025022105,0,10.7,78
TOULOUSE-BLAGNAC,2025022106,0,10.6,78
TOULOUSE-BLAGNAC,2025022107,0,10.6,80
TOULOUSE-BLAGNAC,2025022108,0,11.2,78
TOULOUSE-BLAGNAC,2025022109,0,12.1,75
TOULOUSE-BLAGNAC,2025022110,0,13,70
TOULOUSE-BLAGNAC,2025022111,0,13.6,68
TOULOUSE-BLAGNAC,2025022112,0,13.4,71
TOULOUSE-BLAGNAC,2025022113,0,12.8,73
TOULOUSE-BLAGNAC,2025022114,0,13.2,72
TOULOUSE-BLAGNAC,2025022115,0,12.2,76
TOULOUSE-BLAGNAC,2025022116,0,12.1,77
TOULOUSE-BLAGNAC,2025022117,0,11.5,79
TOULOUSE-BLAGNAC,2025022118,0,11.3,81
TOULOUSE-BLAGNAC,2025022119,0,11.4,82
TOULOUSE-BLAGNAC,2025022120,0,11.5,83
TOULOUSE-BLAGNAC,2025022121,0,11.7,83
TOULOUSE-BLAGNAC,2025022122,0,11.7,83
TOULOUSE-BLAGNAC,2025022123,0,11.7,84
TOULOUSE-BLAGNAC,2025022200,0,11.9,83
TOULOUSE-BLAGNAC,2025022201,0,12.3,81
TOULOUSE-BLAGNAC,2025022202,0,11.8,84
TOULOUSE-BLAGNAC,2025022203,0,11.9,83
TOULOUSE-BLAGNAC,2025022204,0,11.5,85
TOULOUSE-BLAGNAC,2025022205,0,11.5,85
TOULOUSE-BLAGNAC,2025022206,0,11.6,82
TOULOUSE-BLAGNAC,2025022207,0,11,88
TOULOUSE-BLAGNAC,2025022208,0,11.2,87
TOULOUSE-BLAGNAC,2025022209,0,11,86
TOULOUSE-BLAGNAC,2025022210,0.2,10.6,89
TOULOUSE-BLAGNAC,2025022211,0.2,10.9,86
TOULOUSE-BLAGNAC,2025022212,0.2,11.5,86
TOULOUSE-BLAGNAC,2025022213,0,11.6,83
TOULOUSE-BLAGNAC,2025022214,0,11.9,80
TOULOUSE-BLAGNAC,2025022215,0,12.6,75
TOULOUSE-BLAGNAC,2025022216,0,12.5,73
TOULOUSE-BLAGNAC,2025022217,0,11.8,77
TOULOUSE-BLAGNAC,2025022218,0,11.1,81
TOULOUSE-BLAGNAC,2025022219,0,11.1,79
TOULOUSE-BLAGNAC,2025022220,0,10.9,82
TOULOUSE-BLAGNAC,2025022221,0,9.9,83
TOULOUSE-BLAGNAC,2025022222,0,9.8,81
TOULOUSE-BLAGNAC,2025022223,0,9.4,85
TOULOUSE-BLAGNAC,2025022300,0,9.6,84
TOULOUSE-BLAGNAC,2025022301,0,8.2,88
TOULOUSE-BLAGNAC,2025022302,0,6.6,93
TOULOUSE-BLAGNAC,2025022303,0,6.9,94
TOULOUSE-BLAGNAC,2025022304,0,6.6,95
TOULOUSE-BLAGNAC,2025022305,0,5.8,96
TOULOUSE-BLAGNAC,2025022306,0,5.2,97
TOULOUSE-BLAGNAC,2025022307,0,6.7,98
TOULOUSE-BLAGNAC,2025022308,0,7.8,98
TOULOUSE-BLAGNAC,2025022309,0,8.1,97
TOULOUSE-BLAGNAC,2025022310,0,8.7,96
TOULOUSE-BLAGNAC,2025022311,0,9.4,91
TOULOUSE-BLAGNAC,2025022312,0,10.6,86
TOULOUSE-BLAGNAC,2025022313,0,13.1,74
TOULOUSE-BLAGNAC,2025022314,0,14.6,65
TOULOUSE-BLAGNAC,2025022315,0,15.4,58
TOULOUSE-BLAGNAC,2025022316,0,15.9,55
TOULOUSE-BLAGNAC,2025022317,0,14.9,58
TOULOUSE-BLAGNAC,2025022318,0,12.8,64
TOULOUSE-BLAGNAC,2025022319,0,10.7,73
TOULOUSE-BLAGNAC,2025022320,0,9.9,74
TOULOUSE-BLAGNAC,2025022321,0,10.7,82
TOULOUSE-BLAGNAC,2025022322,0,10.7,86
TOULOUSE-BLAGNAC,2025022323,0,10,89
TOULOUSE-BLAGNAC,2025022400,0,9.4,90
TOULOUSE-BLAGNAC,2025022401,0,9.3,91
TOULOUSE-BLAGNAC,2025022402,0,8.4,91
TOULOUSE-BLAGNAC,2025022403,0,6.4,93
TOULOUSE-BLAGNAC,2025022404,0,6.2,96
TOULOUSE-BLAGNAC,2025022405,0,5.6,96
TOULOUSE-BLAGNAC,2025022406,0,5.9,97
TOULOUSE-BLAGNAC,2025022407,0,6.1,98
TOULOUSE-BLAGNAC,2025022408,0,7.3,98
TOULOUSE-BLAGNAC,2025022409,0,8.5,96
TOULOUSE-BLAGNAC,2025022410,0,11.2,89
TOULOUSE-BLAGNAC,2025022411,0,13.7,77
TOULOUSE-BLAGNAC,2025022412,0,14.2,73
TOULOUSE-BLAGNAC,2025022413,0,14.7,71
TOULOUSE-BLAGNAC,2025022414,0,14.7,69
TOULOUSE-BLAGNAC,2025022415,0,15.1,70
TOULOUSE-BLAGNAC,2025022416,0,14.9,70
TOULOUSE-BLAGNAC,2025022417,0,13.7,73
TOULOUSE-BLAGNAC,2025022418,0,13,77
TOULOUSE-BLAGNAC,2025022419,0,11.7,80
TOULOUSE-BLAGNAC,2025022420,0,10.4,83
TOULOUSE-BLAGNAC,2025022421,0,9.9,83
TOULOUSE-BLAGNAC,2025022422,0,9.4,88
TOULOUSE-BLAGNAC,2025022423,0,10.1,87
TOULOUSE-BLAGNAC,2025022500,0,10.4,86
TOULOUSE-BLAGNAC,2025022501,0,10.5,86
TOULOUSE-BLAGNAC,2025022502,0,10.6,86
TOULOUSE-BLAGNAC,2025022503,0,10.6,87
TOULOUSE-BLAGNAC,2025022504,0,10.3,89
TOULOUSE-BLAGNAC,2025022505,0.2,10,92
TOULOUSE-BLAGNAC,2025022506,0,9.9,92
TOULOUSE-BLAGNAC,2025022507,0,10.1,90
TOULOUSE-BLAGNAC,2025022508,0,12,76
TOULOUSE-BLAGNAC,2025022509,0,12.1,77
TOULOUSE-BLAGNAC,2025022510,0,12.1,72
TOULOUSE-BLAGNAC,2025022511,0,12.2,67
TOULOUSE-BLAGNAC,2025022512,0,12.1,67
TOULOUSE-BLAGNAC,2025022513,1.8,11.8,74
TOULOUSE-BLAGNAC,2025022514,0.2,10.7,79
TOULOUSE-BLAGNAC,2025022515,0.2,10.8,74
TOULOUSE-BLAGNAC,2025022516,0.2,10.1,82
TOULOUSE-BLAGNAC,2025022517,0,9.8,78
TOULOUSE-BLAGNAC,2025022518,0,9.6,79
TOULOUSE-BLAGNAC,2025022519,0,9,70
TOULOUSE-BLAGNAC,2025022520,0.2,8,73
TOULOUSE-BLAGNAC,2025022521,0,7.4,81
TOULOUSE-BLAGNAC,2025022522,0,7.2,82
TOULOUSE-BLAGNAC,2025022523,0,6.9,82
TOULOUSE-BLAGNAC,2025022600,0,6.8,85
TOULOUSE-BLAGNAC,2025022601,0,6.7,86
TOULOUSE-BLAGNAC,2025022602,0,6.6,88
TOULOUSE-BLAGNAC,2025022603,0,6.4,87
TOULOUSE-BLAGNAC,2025022604,0,5.9,88
TOULOUSE-BLAGNAC,2025022605,0,5.8,90
TOULOUSE-BLAGNAC,2025022606,0,5.7,90
TOULOUSE-BLAGNAC,2025022607,0,5.7,90
TOULOUSE-BLAGNAC,2025022608,0,6.4,87
TOULOUSE-BLAGNAC,2025022609,0,8.4,79
TOULOUSE-BLAGNAC,2025022610,0,10.5,74
TOULOUSE-BLAGNAC,2025022611,0,11.4,68
TOULOUSE-BLAGNAC,2025022612,0,12.6,63
TOULOUSE-BLAGNAC,2025022613,0,12.5,60
TOULOUSE-BLAGNAC,2025022614,0,12.8,54
TOULOUSE-BLAGNAC,2025022615,0,10.8,72
TOULOUSE-BLAGNAC,2025022616,0,13.2,48
TOULOUSE-BLAGNAC,2025022617,0,12.1,53
TOULOUSE-BLAGNAC,2025022618,0,10.9,69
TOULOUSE-BLAGNAC,2025022619,0,10.1,71
TOULOUSE-BLAGNAC,2025022620,0,9.1,74
TOULOUSE-BLAGNAC,2025022621,0,8.5,78
TOULOUSE-BLAGNAC,2025022622,0,6.7,82
TOULOUSE-BLAGNAC,2025022623,0,5.5,88
TOULOUSE-BLAGNAC,2025022700,0,4.8,89
TOULOUSE-BLAGNAC,2025022701,0,3.9,91
TOULOUSE-BLAGNAC,2025022702,0,3.8,93
TOULOUSE-BLAGNAC,2025022703,0,3.4,93
TOULOUSE-BLAGNAC,2025022704,0,3,94
TOULOUSE-BLAGNAC,2025022705,0,2.5,94
TOULOUSE-BLAGNAC,2025022706,0,2.8,93
TOULOUSE-BLAGNAC,2025022707,0,2.5,93
TOULOUSE-BLAGNAC,2025022708,0,4,89
TOULOUSE-BLAGNAC,2025022709,0,6,82
TOULOUSE-BLAGNAC,2025022710,0,9.7,72
TOULOUSE-BLAGNAC,2025022711,0,12.1,64
TOULOUSE-BLAGNAC,2025022712,0,12.3,53
TOULOUSE-BLAGNAC,2025022713,0,12.9,56
TOULOUSE-BLAGNAC,2025022714,0,13,54
TOULOUSE-BLAGNAC,2025022715,0,13,56
TOULOUSE-BLAGNAC,2025022716,0,12.8,61
TOULOUSE-BLAGNAC,2025022717,0,12.3,58
TOULOUSE-BLAGNAC,2025022718,0,11.4,64
TOULOUSE-BLAGNAC,2025022719,0,10.7,67
TOULOUSE-BLAGNAC,2025022720,0,10.1,70
TOULOUSE-BLAGNAC,2025022721,0,9,75
TOULOUSE-BLAGNAC,2025022722,0,8.5,80
TOULOUSE-BLAGNAC,2025022723,0,7.7,85
TOULOUSE-BLAGNAC,2025022800,0,7.8,87
TOULOUSE-BLAGNAC,2025022801,0,7.4,88
TOULOUSE-BLAGNAC,2025022802,0,6.1,90
TOULOUSE-BLAGNAC,2025022803,0,4.4,92
TOULOUSE-BLAGNAC,2025022804,0,3.8,95
TOULOUSE-BLAGNAC,2025022805,0,3.8,95
TOULOUSE-BLAGNAC,2025022806,0,3.9,95
TOULOUSE-BLAGNAC,2025022807,0,4.5,97
TOULOUSE-BLAGNAC,2025022808,0,6.5,90
TOULOUSE-BLAGNAC,2025022809,0,7.8,83
TOULOUSE-BLAGNAC,2025022810,0,10,74
TOULOUSE-BLAGNAC,2025022811,0,12,67
TOULOUSE-BLAGNAC,2025022812,0,12.9,56
TOULOUSE-BLAGNAC,2025022813,0,13.5,54
TOULOUSE-BLAGNAC,2025022814,0,14.1,53
TOULOUSE-BLAGNAC,2025022815,0,14.1,52
TOULOUSE-BLAGNAC,2025022816,0,14,49
TOULOUSE-BLAGNAC,2025022817,0,12.5,50
TOULOUSE-BLAGNAC,2025022818,0,10.8,53
TOULOUSE-BLAGNAC,2025022819,0,9.6,58
TOULOUSE-BLAGNAC,2025022820,0,8.4,58
TOULOUSE-BLAGNAC,2025022821,0,8.1,54
TOULOUSE-BLAGNAC,2025022822,0,6.9,58
TOULOUSE-BLAGNAC,2025022823,0,6.8,56
TOULOUSE-BLAGNAC,2025030100,0,3.9,70
TOULOUSE-BLAGNAC,2025030101,0,3.9,71
TOULOUSE-BLAGNAC,2025030102,0,3.8,71
TOULOUSE-BLAGNAC,2025030103,0,1.4,82
TOULOUSE-BLAGNAC,2025030104,0,1.8,80
TOULOUSE-BLAGNAC,2025030105,0,1.4,81
TOULOUSE-BLAGNAC,2025030106,0,1.3,78
TOULOUSE-BLAGNAC,2025030107,0,0.3,84
TOULOUSE-BLAGNAC,2025030108,0,2.8,76
TOULOUSE-BLAGNAC,2025030109,0,5.4,63
TOULOUSE-BLAGNAC,2025030110,0,7,59
TOULOUSE-BLAGNAC,2025030111,0,8.9,54
TOULOUSE-BLAGNAC,2025030112,0,9.9,52
TOULOUSE-BLAGNAC,2025030113,0,10.8,46
TOULOUSE-BLAGNAC,2025030114,0,11.3,40
TOULOUSE-BLAGNAC,2025030115,0,10.5,41
TOULOUSE-BLAGNAC,2025030116,0,10.9,41
TOULOUSE-BLAGNAC,2025030117,0,10.3,43
TOULOUSE-BLAGNAC,2025030118,0,8.5,49
TOULOUSE-BLAGNAC,2025030119,0,8.7,49
TOULOUSE-BLAGNAC,2025030120,0,8.2,49
TOULOUSE-BLAGNAC,2025030121,0,7.2,53
TOULOUSE-BLAGNAC,2025030122,0,5.2,61
TOULOUSE-BLAGNAC,2025030123,0,5.5,64
TOULOUSE-BLAGNAC,2025030200,0,3.4,70
TOULOUSE-BLAGNAC,2025030201,0,2.8,74
TOULOUSE-BLAGNAC,2025030202,0,2.2,78
TOULOUSE-BLAGNAC,2025030203,0,2.1,79
TOULOUSE-BLAGNAC,2025030204,0,1.6,83
TOULOUSE-BLAGNAC,2025030205,0,2.2,82
TOULOUSE-BLAGNAC,2025030206,0,2.5,83
TOULOUSE-BLAGNAC,2025030207,0,3.1,81
TOULOUSE-BLAGNAC,2025030208,0,3.9,80
TOULOUSE-BLAGNAC,2025030209,0,5.5,74
TOULOUSE-BLAGNAC,2025030210,0,7.8,71
TOULOUSE-BLAGNAC,2025030211,0,9.4,67
TOULOUSE-BLAGNAC,2025030212,0,11.9,59
TOULOUSE-BLAGNAC,2025030213,0,13.7,55
TOULOUSE-BLAGNAC,2025030214,0,14.6,49
TOULOUSE-BLAGNAC,2025030215,0,15.4,42
TOULOUSE-BLAGNAC,2025030216,0,15.3,41
TOULOUSE-BLAGNAC,2025030217,0,14.5,38
TOULOUSE-BLAGNAC,2025030218,0,13.2,44
TOULOUSE-BLAGNAC,2025030219,0,12.3,48
TOULOUSE-BLAGNAC,2025030220,0,11.6,48
TOULOUSE-BLAGNAC,2025030221,0,11,49
TOULOUSE-BLAGNAC,2025030222,0,10.6,52
TOULOUSE-BLAGNAC,2025030223,0,10.8,50
TOULOUSE-BLAGNAC,2025030300,0,10.2,54
TOULOUSE-BLAGNAC,2025030301,0,10.1,58
TOULOUSE-BLAGNAC,2025030302,0,9.3,62
TOULOUSE-BLAGNAC,2025030303,0,7.6,66
TOULOUSE-BLAGNAC,2025030304,0,6.9,70
TOULOUSE-BLAGNAC,2025030305,0,6.8,72
TOULOUSE-BLAGNAC,2025030306,0,6.4,73
TOULOUSE-BLAGNAC,2025030307,0,6.4,73
TOULOUSE-BLAGNAC,2025030308,0,7.8,72
TOULOUSE-BLAGNAC,2025030309,0,10,63
TOULOUSE-BLAGNAC,2025030310,0,12.4,57
TOULOUSE-BLAGNAC,2025030311,0,14.3,57
TOULOUSE-BLAGNAC,2025030312,0,14.3,59
TOULOUSE-BLAGNAC,2025030313,0,14.9,55
TOULOUSE-BLAGNAC,2025030314,0,15.4,57
TOULOUSE-BLAGNAC,2025030315,0,15.1,58
TOULOUSE-BLAGNAC,2025030316,0,13.8,59
TOULOUSE-BLAGNAC,2025030317,0,12.7,63
TOULOUSE-BLAGNAC,2025030318,0,12.2,63
TOULOUSE-BLAGNAC,2025030319,0,11.6,69
TOULOUSE-BLAGNAC,2025030320,0,11.6,71
TOULOUSE-BLAGNAC,2025030321,0,11.3,72
TOULOUSE-BLAGNAC,2025030322,0,10.2,67
TOULOUSE-BLAGNAC,2025030323,0,9.6,68
TOULOUSE-BLAGNAC,2025030400,0,10.3,80
TOULOUSE-BLAGNAC,2025030401,0,10.2,80
TOULOUSE-BLAGNAC,2025030402,0,7.9,74
TOULOUSE-BLAGNAC,2025030403,0,6,76
TOULOUSE-BLAGNAC,2025030404,0,5.5,80
TOULOUSE-BLAGNAC,2025030405,0,5.6,79
TOULOUSE-BLAGNAC,2025030406,0,8.3,87
TOULOUSE-BLAGNAC,2025030407,0,8.6,81
TOULOUSE-BLAGNAC,2025030408,0,10.1,70
TOULOUSE-BLAGNAC,2025030409,0,11.4,67
TOULOUSE-BLAGNAC,2025030410,0,12.5,59
TOULOUSE-BLAGNAC,2025030411,0,13.7,58
TOULOUSE-BLAGNAC,2025030412,0,14.4,52
TOULOUSE-BLAGNAC,2025030413,0,16.2,34
TOULOUSE-BLAGNAC,2025030414,0,16.5,41
TOULOUSE-BLAGNAC,2025030415,0,16.3,40
TOULOUSE-BLAGNAC,2025030416,0,15.6,41
TOULOUSE-BLAGNAC,2025030417,0,14.6,44
TOULOUSE-BLAGNAC,2025030418,0,13.3,49
TOULOUSE-BLAGNAC,2025030419,0,12.3,57
TOULOUSE-BLAGNAC,2025030420,0,11.6,65
TOULOUSE-BLAGNAC,2025030421,0,10.7,75
TOULOUSE-BLAGNAC,2025030422,0,10.3,77
TOULOUSE-BLAGNAC,2025030423,0,10.1,79
TOULOUSE-BLAGNAC,2025030500,0,10.4,79
TOULOUSE-BLAGNAC,2025030501,0,10.1,79
TOULOUSE-BLAGNAC,2025030502,0,10,78
TOULOUSE-BLAGNAC,2025030503,0,8,74
TOULOUSE-BLAGNAC,2025030504,0,6.6,79
TOULOUSE-BLAGNAC,2025030505,0,8.3,85
TOULOUSE-BLAGNAC,2025030506,0,8.5,84
TOULOUSE-BLAGNAC,2025030507,0,8.4,83
TOULOUSE-BLAGNAC,2025030508,0,10.4,75
TOULOUSE-BLAGNAC,2025030509,0,12.4,65
TOULOUSE-BLAGNAC,2025030510,0,13.7,53
TOULOUSE-BLAGNAC,2025030511,0,15.1,46
TOULOUSE-BLAGNAC,2025030512,0,15.5,47
TOULOUSE-BLAGNAC,2025030513,0,16,47
TOULOUSE-BLAGNAC,2025030514,0,16.5,52
TOULOUSE-BLAGNAC,2025030515,0,16.1,52
TOULOUSE-BLAGNAC,2025030516,0,15.9,50
TOULOUSE-BLAGNAC,2025030517,0,14.9,48
TOULOUSE-BLAGNAC,2025030518,0,13.9,44
TOULOUSE-BLAGNAC,2025030519,0,12.5,58
TOULOUSE-BLAGNAC,2025030520,0,11.5,68
TOULOUSE-BLAGNAC,2025030521,0,11.3,64
TOULOUSE-BLAGNAC,2025030522,0,10.7,71
TOULOUSE-BLAGNAC,2025030523,0,10.5,74
TOULOUSE-BLAGNAC,2025030600,0,10.5,75
TOULOUSE-BLAGNAC,2025030601,0,10.4,76
TOULOUSE-BLAGNAC,2025030602,0,10.7,77
TOULOUSE-BLAGNAC,2025030603,0,10.5,79
TOULOUSE-BLAGNAC,2025030604,0,10.6,79
TOULOUSE-BLAGNAC,2025030605,0,10.7,80
TOULOUSE-BLAGNAC,2025030606,0,11.2,79
TOULOUSE-BLAGNAC,2025030607,0,11.4,77
TOULOUSE-BLAGNAC,2025030608,0,13.1,68
TOULOUSE-BLAGNAC,2025030609,0,14.5,60
TOULOUSE-BLAGNAC,2025030610,0,15.7,56
TOULOUSE-BLAGNAC,2025030611,0,16.7,53
TOULOUSE-BLAGNAC,2025030612,0,17.3,51
TOULOUSE-BLAGNAC,2025030613,0,17.3,53
TOULOUSE-BLAGNAC,2025030614,0,16.8,55
TOULOUSE-BLAGNAC,2025030615,0,16,58
TOULOUSE-BLAGNAC,2025030616,0,15.6,59
TOULOUSE-BLAGNAC,2025030617,0,14.5,62
TOULOUSE-BLAGNAC,2025030618,0,13.4,67
TOULOUSE-BLAGNAC,2025030619,0,12.9,68
TOULOUSE-BLAGNAC,2025030620,0,12.5,71
TOULOUSE-BLAGNAC,2025030621,0,12.3,72
TOULOUSE-BLAGNAC,2025030622,0,12.2,71
TOULOUSE-BLAGNAC,2025030623,0,12.1,69
TOULOUSE-BLAGNAC,2025030700,0,11.9,73
TOULOUSE-BLAGNAC,2025030701,0,11.8,73
TOULOUSE-BLAGNAC,2025030702,0,11.5,77
TOULOUSE-BLAGNAC,2025030703,0,11.8,72
TOULOUSE-BLAGNAC,2025030704,0,11.7,75
TOULOUSE-BLAGNAC,2025030705,0,11.5,79
TOULOUSE-BLAGNAC,2025030706,0,11.6,78
TOULOUSE-BLAGNAC,2025030707,0,11.7,78
TOULOUSE-BLAGNAC,2025030708,0,13.1,74
TOULOUSE-BLAGNAC,2025030709,0,14.1,71
TOULOUSE-BLAGNAC,2025030710,0,15.5,65
TOULOUSE-BLAGNAC,2025030711,0,15.9,56
TOULOUSE-BLAGNAC,2025030712,0,16.4,57
TOULOUSE-BLAGNAC,2025030713,0,16.8,56
TOULOUSE-BLAGNAC,2025030714,0,16.6,57
TOULOUSE-BLAGNAC,2025030715,0,14.9,65
TOULOUSE-BLAGNAC,2025030716,0,13.9,71
TOULOUSE-BLAGNAC,2025030717,0,13,75
TOULOUSE-BLAGNAC,2025030718,0,12.4,78
TOULOUSE-BLAGNAC,2025030719,0,12.3,80
TOULOUSE-BLAGNAC,2025030720,0,12.1,82
TOULOUSE-BLAGNAC,2025030721,0,12,82
TOULOUSE-BLAGNAC,2025030722,0,12,80
TOULOUSE-BLAGNAC,2025030723,0,12.2,80
TOULOUSE-BLAGNAC,2025030800,0,12.1,79
TOULOUSE-BLAGNAC,2025030801,0,12.1,82
TOULOUSE-BLAGNAC,2025030802,0,12.7,80
TOULOUSE-BLAGNAC,2025030803,0,13,78
TOULOUSE-BLAGNAC,2025030804,0,13.4,76
TOULOUSE-BLAGNAC,2025030805,0,13.3,76
TOULOUSE-BLAGNAC,2025030806,0,13.2,78
TOULOUSE-BLAGNAC,2025030807,0,13.2,77
TOULOUSE-BLAGNAC,2025030808,0,14.1,75
TOULOUSE-BLAGNAC,2025030809,0,15.4,70
TOULOUSE-BLAGNAC,2025030810,0,15.7,68
TOULOUSE-BLAGNAC,2025030811,0,15.4,69
TOULOUSE-BLAGNAC,2025030812,0,15.3,71
TOULOUSE-BLAGNAC,2025030813,0,15.4,70
TOULOUSE-BLAGNAC,2025030814,0,17,65
TOULOUSE-BLAGNAC,2025030815,0,16.7,65
TOULOUSE-BLAGNAC,2025030816,0,15.3,71
TOULOUSE-BLAGNAC,2025030817,0,14.5,74
TOULOUSE-BLAGNAC,2025030818,0,14.2,75
TOULOUSE-BLAGNAC,2025030819,0,14.2,74
TOULOUSE-BLAGNAC,2025030820,0,14.1,75
TOULOUSE-BLAGNAC,2025030821,0,14,74
TOULOUSE-BLAGNAC,2025030822,0,14,74
TOULOUSE-BLAGNAC,2025030823,0,13.9,75
TOULOUSE-BLAGNAC,2025030900,0,13.5,76
TOULOUSE-BLAGNAC,2025030901,0,13.4,76
TOULOUSE-BLAGNAC,2025030902,0,13.8,73
TOULOUSE-BLAGNAC,2025030903,0,13.5,74
TOULOUSE-BLAGNAC,2025030904,0,13.6,76
TOULOUSE-BLAGNAC,2025030905,0.6,12.5,87
TOULOUSE-BLAGNAC,2025030906,0.6,12.3,89
TOULOUSE-BLAGNAC,2025030907,1.8,11.8,92
TOULOUSE-BLAGNAC,2025030908,1.4,12,88
TOULOUSE-BLAGNAC,2025030909,0.2,12.6,88
TOULOUSE-BLAGNAC,2025030910,0,12.8,87
TOULOUSE-BLAGNAC,2025030911,0,12.6,88
TOULOUSE-BLAGNAC,2025030912,0,13.3,85
TOULOUSE-BLAGNAC,2025030913,0,13.4,82
TOULOUSE-BLAGNAC,2025030914,0,14.3,77
TOULOUSE-BLAGNAC,2025030915,0,13.6,74
TOULOUSE-BLAGNAC,2025030916,0,14.7,69
TOULOUSE-BLAGNAC,2025030917,0,14.3,69
TOULOUSE-BLAGNAC,2025030918,0,12.8,71
TOULOUSE-BLAGNAC,2025030919,0,12.2,78
TOULOUSE-BLAGNAC,2025030920,0,11.7,83
TOULOUSE-BLAGNAC,2025030921,0,10.5,90
TOULOUSE-BLAGNAC,2025030922,0,10.1,93
TOULOUSE-BLAGNAC,2025030923,0,9.9,91
TOULOUSE-BLAGNAC,2025031000,0,9.7,94
TOULOUSE-BLAGNAC,2025031001,0.8,9.7,92
TOULOUSE-BLAGNAC,2025031002,0.4,8.7,87
TOULOUSE-BLAGNAC,2025031003,0,7.6,96
TOULOUSE-BLAGNAC,2025031004,0,6.2,96
TOULOUSE-BLAGNAC,2025031005,0,5.9,96
TOULOUSE-BLAGNAC,2025031006,0,6,97
TOULOUSE-BLAGNAC,2025031007,0,6.6,98
TOULOUSE-BLAGNAC,2025031008,0,8.6,97
TOULOUSE-BLAGNAC,2025031009,0,10.4,91
TOULOUSE-BLAGNAC,2025031010,0,13,82
TOULOUSE-BLAGNAC,2025031011,0,15,70
TOULOUSE-BLAGNAC,2025031012,0,15.6,65
TOULOUSE-BLAGNAC,2025031013,0,16.3,59
TOULOUSE-BLAGNAC,2025031014,0,17.1,58
TOULOUSE-BLAGNAC,2025031015,0,16.8,51
TOULOUSE-BLAGNAC,2025031016,0,16.7,56
TOULOUSE-BLAGNAC,2025031017,0,15.5,61
TOULOUSE-BLAGNAC,2025031018,0,13.4,68
TOULOUSE-BLAGNAC,2025031019,0,12.5,74
TOULOUSE-BLAGNAC,2025031020,0,11.7,81
TOULOUSE-BLAGNAC,2025031021,0,11.3,87
TOULOUSE-BLAGNAC,2025031022,0,10.6,91
TOULOUSE-BLAGNAC,2025031023,0,10.2,86
TOULOUSE-BLAGNAC,2025031100,0,9.8,83
TOULOUSE-BLAGNAC,2025031101,0,9.5,84
TOULOUSE-BLAGNAC,2025031102,0,9.4,89
TOULOUSE-BLAGNAC,2025031103,0,8.8,89
TOULOUSE-BLAGNAC,2025031104,0,9.1,89
TOULOUSE-BLAGNAC,2025031105,0,7.8,89
TOULOUSE-BLAGNAC,2025031106,0,7.7,87
TOULOUSE-BLAGNAC,2025031107,0,7.6,87
TOULOUSE-BLAGNAC,2025031108,0,8.6,87
TOULOUSE-BLAGNAC,2025031109,0,10.8,85
TOULOUSE-BLAGNAC,2025031110,0,10.8,82
TOULOUSE-BLAGNAC,2025031111,0,11.4,81
TOULOUSE-BLAGNAC,2025031112,0,12.7,77
TOULOUSE-BLAGNAC,2025031113,0,15.5,69
TOULOUSE-BLAGNAC,2025031114,0,15.8,64
TOULOUSE-BLAGNAC,2025031115,0,16.1,58
TOULOUSE-BLAGNAC,2025031116,0,15.9,56
TOULOUSE-BLAGNAC,2025031117,0,15.4,54
TOULOUSE-BLAGNAC,2025031118,0,13.7,60
TOULOUSE-BLAGNAC,2025031119,0,12.4,64
TOULOUSE-BLAGNAC,2025031120,0,12.2,66
TOULOUSE-BLAGNAC,2025031121,0,11.5,66
TOULOUSE-BLAGNAC,2025031122,0,10.1,73
TOULOUSE-BLAGNAC,2025031123,0,10.7,80
TOULOUSE-BLAGNAC,2025031200,0,10.9,81
TOULOUSE-BLAGNAC,2025031201,0,10.2,87
TOULOUSE-BLAGNAC,2025031202,0,10.1,87
TOULOUSE-BLAGNAC,2025031203,0,9.9,87
TOULOUSE-BLAGNAC,2025031204,0,9.8,87
TOULOUSE-BLAGNAC,2025031205,0.2,9.2,91
TOULOUSE-BLAGNAC,2025031206,0.6,9,93
TOULOUSE-BLAGNAC,2025031207,0.2,9.3,92
TOULOUSE-BLAGNAC,2025031208,0,9.5,90
TOULOUSE-BLAGNAC,2025031209,0,9.9,89
TOULOUSE-BLAGNAC,2025031210,0,11.8,80
TOULOUSE-BLAGNAC,2025031211,0,12.3,76
TOULOUSE-BLAGNAC,2025031212,0.4,11.8,74
TOULOUSE-BLAGNAC,2025031213,0.2,13.6,72
TOULOUSE-BLAGNAC,2025031214,2.2,9.8,88
TOULOUSE-BLAGNAC,2025031215,0,11.9,76
TOULOUSE-BLAGNAC,2025031216,0,11.3,71
TOULOUSE-BLAGNAC,2025031217,0,10.7,73
TOULOUSE-BLAGNAC,2025031218,0,9.7,83
TOULOUSE-BLAGNAC,2025031219,0.8,8.9,89
TOULOUSE-BLAGNAC,2025031220,0,8.4,90
TOULOUSE-BLAGNAC,2025031221,0,8.2,90
TOULOUSE-BLAGNAC,2025031222,0,7.6,91
TOULOUSE-BLAGNAC,2025031223,0,7.3,91
TOULOUSE-BLAGNAC,2025031300,0,7,90
TOULOUSE-BLAGNAC,2025031301,0,6.8,91
TOULOUSE-BLAGNAC,2025031302,0,6.3,91
TOULOUSE-BLAGNAC,2025031303,0,6.4,89
TOULOUSE-BLAGNAC,2025031304,0,5.9,89
TOULOUSE-BLAGNAC,2025031305,0,5.2,92
TOULOUSE-BLAGNAC,2025031306,0,5.2,90
TOULOUSE-BLAGNAC,2025031307,0,5.5,90
TOULOUSE-BLAGNAC,2025031308,0,5.3,89
TOULOUSE-BLAGNAC,2025031309,0,5.8,86
TOULOUSE-BLAGNAC,2025031310,0,6.4,84
TOULOUSE-BLAGNAC,2025031311,0,6.8,80
TOULOUSE-BLAGNAC,2025031312,0,7.7,61
TOULOUSE-BLAGNAC,2025031313,0,7.9,71
TOULOUSE-BLAGNAC,2025031314,0,8.5,65
TOULOUSE-BLAGNAC,2025031315,0,8.7,63
TOULOUSE-BLAGNAC,2025031316,0,9,61
TOULOUSE-BLAGNAC,2025031317,0,8.4,67
TOULOUSE-BLAGNAC,2025031318,0,8,67
TOULOUSE-BLAGNAC,2025031319,0,7.6,72
TOULOUSE-BLAGNAC,2025031320,0,7.4,74
TOULOUSE-BLAGNAC,2025031321,0,7.2,75
TOULOUSE-BLAGNAC,2025031322,0,6.8,75
TOULOUSE-BLAGNAC,2025031323,0,6.7,77
TOULOUSE-BLAGNAC,2025031400,0,6.1,81
TOULOUSE-BLAGNAC,2025031401,0,5.9,80
TOULOUSE-BLAGNAC,2025031402,0,5.8,78
TOULOUSE-BLAGNAC,2025031403,0,5.6,81
TOULOUSE-BLAGNAC,2025031404,0,5.4,81
TOULOUSE-BLAGNAC,2025031405,0,4.6,83
TOULOUSE-BLAGNAC,2025031406,0,3.4,86
TOULOUSE-BLAGNAC,2025031407,0,3,88
TOULOUSE-BLAGNAC,2025031408,0,4.6,82
TOULOUSE-BLAGNAC,2025031409,0,6.5,73
TOULOUSE-BLAGNAC,2025031410,0,7.4,70
TOULOUSE-BLAGNAC,2025031411,0,7.6,71
TOULOUSE-BLAGNAC,2025031412,0,8.5,62
TOULOUSE-BLAGNAC,2025031413,0,9.1,60
TOULOUSE-BLAGNAC,2025031414,0,9.3,54
TOULOUSE-BLAGNAC,2025031415,0,9.5,52
TOULOUSE-BLAGNAC,2025031416,0,9.6,51
TOULOUSE-BLAGNAC,2025031417,0,9.8,48
TOULOUSE-BLAGNAC,2025031418,0,8,55
TOULOUSE-BLAGNAC,2025031419,0,7.3,57
TOULOUSE-BLAGNAC,2025031420,0,6.3,64
TOULOUSE-BLAGNAC,2025031421,0,5.9,67
TOULOUSE-BLAGNAC,2025031422,0,5.2,69
TOULOUSE-BLAGNAC,2025031423,0,4.5,73
TOULOUSE-BLAGNAC,2025031500,0,3.9,77
TOULOUSE-BLAGNAC,2025031501,0,2.7,83
TOULOUSE-BLAGNAC,2025031502,0,2.8,83
TOULOUSE-BLAGNAC,2025031503,0,2.4,83
TOULOUSE-BLAGNAC,2025031504,0,2.4,84
TOULOUSE-BLAGNAC,2025031505,0,2,86
TOULOUSE-BLAGNAC,2025031506,0,1.7,86
TOULOUSE-BLAGNAC,2025031507,0,1.8,86
TOULOUSE-BLAGNAC,2025031508,0,3,83
TOULOUSE-BLAGNAC,2025031509,0,4.9,78
TOULOUSE-BLAGNAC,2025031510,0,6.2,73
TOULOUSE-BLAGNAC,2025031511,0,7.7,64
TOULOUSE-BLAGNAC,2025031512,0,8.5,54
TOULOUSE-BLAGNAC,2025031513,0,10.5,48
TOULOUSE-BLAGNAC,2025031514,0,5.6,78
TOULOUSE-BLAGNAC,2025031515,0,6.1,75
TOULOUSE-BLAGNAC,2025031516,0,6.3,74
TOULOUSE-BLAGNAC,2025031517,0,7.4,62
TOULOUSE-BLAGNAC,2025031518,0.2,5.8,77
TOULOUSE-BLAGNAC,2025031519,0,3.6,86
TOULOUSE-BLAGNAC,2025031520,0,3,87
TOULOUSE-BLAGNAC,2025031521,0,4.6,79
TOULOUSE-BLAGNAC,2025031522,0,4.5,77
TOULOUSE-BLAGNAC,2025031523,0,4.3,80
TOULOUSE-BLAGNAC,2025031600,0,3.6,83
TOULOUSE-BLAGNAC,2025031601,0,3.5,83
TOULOUSE-BLAGNAC,2025031602,0,3.1,85
TOULOUSE-BLAGNAC,2025031603,0,2.6,88
TOULOUSE-BLAGNAC,2025031604,0,1.6,91
TOULOUSE-BLAGNAC,2025031605,0,1.3,91
TOULOUSE-BLAGNAC,2025031606,0,0.6,93
TOULOUSE-BLAGNAC,2025031607,0,1.1,94
TOULOUSE-BLAGNAC,2025031608,0,3.8,90
TOULOUSE-BLAGNAC,2025031609,0,6.6,73
TOULOUSE-BLAGNAC,2025031610,0,7.4,65
TOULOUSE-BLAGNAC,2025031611,0,8.4,60
TOULOUSE-BLAGNAC,2025031612,0,9.5,55
TOULOUSE-BLAGNAC,2025031613,0,10.3,53
TOULOUSE-BLAGNAC,2025031614,0,10.9,48
TOULOUSE-BLAGNAC,2025031615,0,10.5,48
TOULOUSE-BLAGNAC,2025031616,0,10.2,43
TOULOUSE-BLAGNAC,2025031617,0,9.8,46
TOULOUSE-BLAGNAC,2025031618,0,9.2,48
TOULOUSE-BLAGNAC,2025031619,0,8.5,50
TOULOUSE-BLAGNAC,2025031620,0,8.2,52
TOULOUSE-BLAGNAC,2025031621,0,7.9,54
TOULOUSE-BLAGNAC,2025031622,0,7.6,57
TOULOUSE-BLAGNAC,2025031623,0,7.1,72
TOULOUSE-BLAGNAC,2025031700,0,6.6,75
TOULOUSE-BLAGNAC,2025031701,0,6.2,76
TOULOUSE-BLAGNAC,2025031702,0,5.3,84
TOULOUSE-BLAGNAC,2025031703,0,4.9,86
TOULOUSE-BLAGNAC,2025031704,0,5,82
TOULOUSE-BLAGNAC,2025031705,0,4,79
TOULOUSE-BLAGNAC,2025031706,0,3.6,78
TOULOUSE-BLAGNAC,2025031707,0,4.4,73
TOULOUSE-BLAGNAC,2025031708,0,6.2,71
TOULOUSE-BLAGNAC,2025031709,0,7.6,66
TOULOUSE-BLAGNAC,2025031710,0,9.6,51
TOULOUSE-BLAGNAC,2025031711,0,11.1,43
TOULOUSE-BLAGNAC,2025031712,0,11.6,37
TOULOUSE-BLAGNAC,2025031713,0,12.6,36
TOULOUSE-BLAGNAC,2025031714,0,12.9,34
TOULOUSE-BLAGNAC,2025031715,0,13.6,34
TOULOUSE-BLAGNAC,2025031716,0,13.4,35
TOULOUSE-BLAGNAC,2025031717,0,13.5,35
TOULOUSE-BLAGNAC,2025031718,0,12,40
TOULOUSE-BLAGNAC,2025031719,0,11.2,44
TOULOUSE-BLAGNAC,2025031720,0,10.2,47
TOULOUSE-BLAGNAC,2025031721,0,8.3,56
TOULOUSE-BLAGNAC,2025031722,0,9.5,54
TOULOUSE-BLAGNAC,2025031723,0,8.7,54
TOULOUSE-BLAGNAC,2025031800,0,7,60
TOULOUSE-BLAGNAC,2025031801,0,6.2,64
TOULOUSE-BLAGNAC,2025031802,0,5.6,69
TOULOUSE-BLAGNAC,2025031803,0,4.6,75
TOULOUSE-BLAGNAC,2025031804,0,6.1,70
TOULOUSE-BLAGNAC,2025031805,0,6.6,69
TOULOUSE-BLAGNAC,2025031806,0,6.4,73
TOULOUSE-BLAGNAC,2025031807,0,7.8,74
TOULOUSE-BLAGNAC,2025031808,0,9.7,72
TOULOUSE-BLAGNAC,2025031809,0,11.7,63
TOULOUSE-BLAGNAC,2025031810,0,13.6,55
TOULOUSE-BLAGNAC,2025031811,0,14.8,49
TOULOUSE-BLAGNAC,2025031812,0,15.4,51
TOULOUSE-BLAGNAC,2025031813,0,15.7,50
TOULOUSE-BLAGNAC,2025031814,0,16.2,47
TOULOUSE-BLAGNAC,2025031815,0,15.9,47
TOULOUSE-BLAGNAC,2025031816,0,15.2,49
TOULOUSE-BLAGNAC,2025031817,0,14,57
TOULOUSE-BLAGNAC,2025031818,0,13,62
TOULOUSE-BLAGNAC,2025031819,0,12.5,64
TOULOUSE-BLAGNAC,2025031820,0,12.4,64
TOULOUSE-BLAGNAC,2025031821,0,12.2,69
TOULOUSE-BLAGNAC,2025031822,0,11.7,73
TOULOUSE-BLAGNAC,2025031823,0,11.5,71
TOULOUSE-BLAGNAC,2025031900,0,11.1,72
TOULOUSE-BLAGNAC,2025031901,0,11,73
TOULOUSE-BLAGNAC,2025031902,0,11,73
TOULOUSE-BLAGNAC,2025031903,0,11,74
TOULOUSE-BLAGNAC,2025031904,0,11.2,76
TOULOUSE-BLAGNAC,2025031905,0,11,78
TOULOUSE-BLAGNAC,2025031906,0,10.9,78
TOULOUSE-BLAGNAC,2025031907,0,11.5,76
TOULOUSE-BLAGNAC,2025031908,0,13,71
TOULOUSE-BLAGNAC,2025031909,0,13.7,72
TOULOUSE-BLAGNAC,2025031910,0,14.4,68
TOULOUSE-BLAGNAC,2025031911,0,15.7,65
TOULOUSE-BLAGNAC,2025031912,0,16.4,65
TOULOUSE-BLAGNAC,2025031913,0,16.2,63
TOULOUSE-BLAGNAC,2025031914,0,15.9,64
TOULOUSE-BLAGNAC,2025031915,0,15.2,67
TOULOUSE-BLAGNAC,2025031916,0,14.1,72
TOULOUSE-BLAGNAC,2025031917,0,13.3,73
TOULOUSE-BLAGNAC,2025031918,0,12.3,76
TOULOUSE-BLAGNAC,2025031919,0,12,77
TOULOUSE-BLAGNAC,2025031920,0,11.8,77
TOULOUSE-BLAGNAC,2025031921,0,11.5,79
TOULOUSE-BLAGNAC,2025031922,0,11.3,80
TOULOUSE-BLAGNAC,2025031923,0,11.4,80
TOULOUSE-BLAGNAC,2025032000,0,11.4,79
TOULOUSE-BLAGNAC,2025032001,0,11.5,79
TOULOUSE-BLAGNAC,2025032002,0,11.5,81
TOULOUSE-BLAGNAC,2025032003,0,11.5,82
TOULOUSE-BLAGNAC,2025032004,0,11.6,82
TOULOUSE-BLAGNAC,2025032005,0,11.6,82
TOULOUSE-BLAGNAC,2025032006,0,11.8,81
TOULOUSE-BLAGNAC,2025032007,0,12.5,79
TOULOUSE-BLAGNAC,2025032008,0,13.4,76
TOULOUSE-BLAGNAC,2025032009,0,14.1,73
TOULOUSE-BLAGNAC,2025032010,0,14.3,75
TOULOUSE-BLAGNAC,2025032011,0,14.4,76
TOULOUSE-BLAGNAC,2025032012,0,14.3,78
TOULOUSE-BLAGNAC,2025032013,0,14.5,76
TOULOUSE-BLAGNAC,2025032014,0,14.1,76
TOULOUSE-BLAGNAC,2025032015,0,13.6,76
TOULOUSE-BLAGNAC,2025032016,0,13.4,77
TOULOUSE-BLAGNAC,2025032017,0,13,80
TOULOUSE-BLAGNAC,2025032018,0,12.8,82
TOULOUSE-BLAGNAC,2025032019,0,12.7,84
TOULOUSE-BLAGNAC,2025032020,0,12.7,83
TOULOUSE-BLAGNAC,2025032021,0,12.7,83
TOULOUSE-BLAGNAC,2025032022,0,12.6,83
TOULOUSE-BLAGNAC,2025032023,0,12.9,82
TOULOUSE-BLAGNAC,2025032100,0,13.2,82
TOULOUSE-BLAGNAC,2025032101,0,13.1,81
TOULOUSE-BLAGNAC,2025032102,0,13,81
TOULOUSE-BLAGNAC,2025032103,0,13,82
TOULOUSE-BLAGNAC,2025032104,0,13.1,81
TOULOUSE-BLAGNAC,2025032105,0,13,81
TOULOUSE-BLAGNAC,2025032106,0,13.2,81
TOULOUSE-BLAGNAC,2025032107,0,13.4,82
TOULOUSE-BLAGNAC,2025032108,0,13.9,80
TOULOUSE-BLAGNAC,2025032109,0,14.1,81
TOULOUSE-BLAGNAC,2025032110,0,14.8,77
TOULOUSE-BLAGNAC,2025032111,0,14.9,76
TOULOUSE-BLAGNAC,2025032112,0.6,13.6,86
TOULOUSE-BLAGNAC,2025032113,5.7,13.3,88
TOULOUSE-BLAGNAC,2025032114,1.6,13,89
TOULOUSE-BLAGNAC,2025032115,0.2,13.1,92
TOULOUSE-BLAGNAC,2025032116,0,12.4,92
TOULOUSE-BLAGNAC,2025032117,0,12.9,90
TOULOUSE-BLAGNAC,2025032118,0,11.8,90
TOULOUSE-BLAGNAC,2025032119,0,10.9,92
TOULOUSE-BLAGNAC,2025032120,0,11.6,90
TOULOUSE-BLAGNAC,2025032121,0,11.7,85
TOULOUSE-BLAGNAC,2025032122,0,12,82
TOULOUSE-BLAGNAC,2025032123,0,11.7,83
TOULOUSE-BLAGNAC,2025032200,0,11.5,83
TOULOUSE-BLAGNAC,2025032201,0,11,83
TOULOUSE-BLAGNAC,2025032202,0,10.7,82
TOULOUSE-BLAGNAC,2025032203,0,10.6,84
TOULOUSE-BLAGNAC,2025032204,0,10,87
TOULOUSE-BLAGNAC,2025032205,0,10.3,86
TOULOUSE-BLAGNAC,2025032206,0,10.8,87
TOULOUSE-BLAGNAC,2025032207,0,11.2,86
TOULOUSE-BLAGNAC,2025032208,0,11.2,89
TOULOUSE-BLAGNAC,2025032209,0,12.3,85
TOULOUSE-BLAGNAC,2025032210,0,13.2,73
TOULOUSE-BLAGNAC,2025032211,0,14.6,62
TOULOUSE-BLAGNAC,2025032212,0,14.8,56
TOULOUSE-BLAGNAC,2025032213,0,16,56
TOULOUSE-BLAGNAC,2025032214,0,16.9,52
TOULOUSE-BLAGNAC,2025032215,0,16.3,52
TOULOUSE-BLAGNAC,2025032216,0,15.4,54
TOULOUSE-BLAGNAC,2025032217,0.2,11.4,78
TOULOUSE-BLAGNAC,2025032218,0,11.3,73
TOULOUSE-BLAGNAC,2025032219,0,10.2,82
TOULOUSE-BLAGNAC,2025032220,0,11,73
TOULOUSE-BLAGNAC,2025032221,0,11.3,68
TOULOUSE-BLAGNAC,2025032222,0,10.6,71
TOULOUSE-BLAGNAC,2025032223,0,9.8,78
TOULOUSE-BLAGNAC,2025032300,0,10.1,81
TOULOUSE-BLAGNAC,2025032301,0,10.5,79
TOULOUSE-BLAGNAC,2025032302,0,9.8,87
TOULOUSE-BLAGNAC,2025032303,0,9.3,91
TOULOUSE-BLAGNAC,2025032304,0,8.8,91
TOULOUSE-BLAGNAC,2025032305,0,9.2,90
TOULOUSE-BLAGNAC,2025032306,0.2,8.7,93
TOULOUSE-BLAGNAC,2025032307,0,9.2,91
TOULOUSE-BLAGNAC,2025032308,0,10,87
TOULOUSE-BLAGNAC,2025032309,0,11,81
TOULOUSE-BLAGNAC,2025032310,0,11.1,77
TOULOUSE-BLAGNAC,2025032311,0.6,10.4,84
TOULOUSE-BLAGNAC,2025032312,1,10.5,83
TOULOUSE-BLAGNAC,2025032313,0.2,10.8,85
TOULOUSE-BLAGNAC,2025032314,0,11.5,80
TOULOUSE-BLAGNAC,2025032315,0.4,10.5,86
TOULOUSE-BLAGNAC,2025032316,0.2,11,80
TOULOUSE-BLAGNAC,2025032317,0,11,86
TOULOUSE-BLAGNAC,2025032318,0.2,10.1,90
TOULOUSE-BLAGNAC,2025032319,0,10,93
TOULOUSE-BLAGNAC,2025032320,0.2,9.9,91
TOULOUSE-BLAGNAC,2025032321,0,9.9,88
TOULOUSE-BLAGNAC,2025032322,0,9.7,88
TOULOUSE-BLAGNAC,2025032323,0,9.4,88
TOULOUSE-BLAGNAC,2025032400,0,9.1,89
TOULOUSE-BLAGNAC,2025032401,0,9.2,89
TOULOUSE-BLAGNAC,2025032402,0,8.9,90
TOULOUSE-BLAGNAC,2025032403,0,8.9,92
TOULOUSE-BLAGNAC,2025032404,0,8.8,92
TOULOUSE-BLAGNAC,2025032405,0,8.9,92
TOULOUSE-BLAGNAC,2025032406,0,8.8,91
TOULOUSE-BLAGNAC,2025032407,0,9,89
TOULOUSE-BLAGNAC,2025032408,0,10,84
TOULOUSE-BLAGNAC,2025032409,0,10.9,81
TOULOUSE-BLAGNAC,2025032410,0,12.5,73
TOULOUSE-BLAGNAC,2025032411,0,13.1,67
TOULOUSE-BLAGNAC,2025032412,0,14.3,68
TOULOUSE-BLAGNAC,2025032413,0,15,61
TOULOUSE-BLAGNAC,2025032414,0,16,56
TOULOUSE-BLAGNAC,2025032415,0,15.2,56
TOULOUSE-BLAGNAC,2025032416,0,16.6,52
TOULOUSE-BLAGNAC,2025032417,0,15.6,52
TOULOUSE-BLAGNAC,2025032418,0,15.3,59
TOULOUSE-BLAGNAC,2025032419,0.4,11.9,84
TOULOUSE-BLAGNAC,2025032420,3,10.6,89
TOULOUSE-BLAGNAC,2025032421,0,10.3,90
TOULOUSE-BLAGNAC,2025032422,0,10,92
TOULOUSE-BLAGNAC,2025032423,0,10.2,91
TOULOUSE-BLAGNAC,2025032500,0,10.3,93
TOULOUSE-BLAGNAC,2025032501,0,10.3,92
TOULOUSE-BLAGNAC,2025032502,0,9.5,94
TOULOUSE-BLAGNAC,2025032503,0,9.5,95
TOULOUSE-BLAGNAC,2025032504,0,9.4,94
TOULOUSE-BLAGNAC,2025032505,0,9.5,94
TOULOUSE-BLAGNAC,2025032506,0,9.5,93
TOULOUSE-BLAGNAC,2025032507,0,9.9,92
TOULOUSE-BLAGNAC,2025032508,0,10.8,89
TOULOUSE-BLAGNAC,2025032509,0,11.3,86
TOULOUSE-BLAGNAC,2025032510,0,12.5,81
TOULOUSE-BLAGNAC,2025032511,0,14.2,74
TOULOUSE-BLAGNAC,2025032512,0,15.2,70
TOULOUSE-BLAGNAC,2025032513,0,15.9,65
TOULOUSE-BLAGNAC,2025032514,0,16.1,60
TOULOUSE-BLAGNAC,2025032515,0,12.8,77
TOULOUSE-BLAGNAC,2025032516,0,14.9,65
TOULOUSE-BLAGNAC,2025032517,0,14.2,66
TOULOUSE-BLAGNAC,2025032518,0,13.5,63
TOULOUSE-BLAGNAC,2025032519,0,12.1,76
TOULOUSE-BLAGNAC,2025032520,0,12.1,80
TOULOUSE-BLAGNAC,2025032521,0,11.7,81
TOULOUSE-BLAGNAC,2025032522,0,11.5,83
TOULOUSE-BLAGNAC,2025032523,0,11.1,80
TOULOUSE-BLAGNAC,2025032600,0,11,80
TOULOUSE-BLAGNAC,2025032601,0,10.3,80
TOULOUSE-BLAGNAC,2025032602,0,9.7,80
TOULOUSE-BLAGNAC,2025032603,0,9.4,85
TOULOUSE-BLAGNAC,2025032604,0,9,87
TOULOUSE-BLAGNAC,2025032605,0,8.1,90
TOULOUSE-BLAGNAC,2025032606,0,7.9,90
TOULOUSE-BLAGNAC,2025032607,0,8.4,90
TOULOUSE-BLAGNAC,2025032608,0,9.7,83
TOULOUSE-BLAGNAC,2025032609,0,10.6,80
TOULOUSE-BLAGNAC,2025032610,0,10.8,80
TOULOUSE-BLAGNAC,2025032611,0,11.3,81
TOULOUSE-BLAGNAC,2025032612,0,12.4,74
TOULOUSE-BLAGNAC,2025032613,0,14,72
TOULOUSE-BLAGNAC,2025032614,0,14.5,65
TOULOUSE-BLAGNAC,2025032615,0,13.9,64
TOULOUSE-BLAGNAC,2025032616,0,13.8,65
TOULOUSE-BLAGNAC,2025032617,0,14.2,65
TOULOUSE-BLAGNAC,2025032618,0,13.5,66
TOULOUSE-BLAGNAC,2025032619,0,12.2,71
TOULOUSE-BLAGNAC,2025032620,0,10.5,78
TOULOUSE-BLAGNAC,2025032621,0,9.9,78
TOULOUSE-BLAGNAC,2025032622,0,8.9,82
TOULOUSE-BLAGNAC,2025032623,0,8.7,83
TOULOUSE-BLAGNAC,2025032700,0,8.2,84
TOULOUSE-BLAGNAC,2025032701,0,8.7,84
TOULOUSE-BLAGNAC,2025032702,0,9,82
TOULOUSE-BLAGNAC,2025032703,0,9.1,82
TOULOUSE-BLAGNAC,2025032704,0,9,84
TOULOUSE-BLAGNAC,2025032705,0,9,85
TOULOUSE-BLAGNAC,2025032706,0,9.1,86
TOULOUSE-BLAGNAC,2025032707,0,9.5,85
TOULOUSE-BLAGNAC,2025032708,0,10.1,84
TOULOUSE-BLAGNAC,2025032709,0,11.2,79
TOULOUSE-BLAGNAC,2025032710,0,12.3,75
TOULOUSE-BLAGNAC,2025032711,0,13.6,67
TOULOUSE-BLAGNAC,2025032712,0,13.3,67
TOULOUSE-BLAGNAC,2025032713,0,13.6,55
TOULOUSE-BLAGNAC,2025032714,0,13.8,53
TOULOUSE-BLAGNAC,2025032715,0,13.8,57
TOULOUSE-BLAGNAC,2025032716,0,13.6,58
TOULOUSE-BLAGNAC,2025032717,0,13.5,59
TOULOUSE-BLAGNAC,2025032718,0,12.9,60
TOULOUSE-BLAGNAC,2025032719,0,12.6,61
TOULOUSE-BLAGNAC,2025032720,0,12.3,64
TOULOUSE-BLAGNAC,2025032721,0,12.2,66
TOULOUSE-BLAGNAC,2025032722,0,11.5,72
TOULOUSE-BLAGNAC,2025032723,0,10.3,78
TOULOUSE-BLAGNAC,2025032800,0,10,82
TOULOUSE-BLAGNAC,2025032801,0,9.7,83
TOULOUSE-BLAGNAC,2025032802,0,9.6,86
TOULOUSE-BLAGNAC,2025032803,0,9.2,89
TOULOUSE-BLAGNAC,2025032804,0,9.8,87
TOULOUSE-BLAGNAC,2025032805,0,9.8,87
TOULOUSE-BLAGNAC,2025032806,0,9.7,86
TOULOUSE-BLAGNAC,2025032807,0,9.8,85
TOULOUSE-BLAGNAC,2025032808,0,10.3,83
TOULOUSE-BLAGNAC,2025032809,0,10.9,82
TOULOUSE-BLAGNAC,2025032810,0,12.6,73
TOULOUSE-BLAGNAC,2025032811,0,13.7,63
TOULOUSE-BLAGNAC,2025032812,0,13.3,65
TOULOUSE-BLAGNAC,2025032813,0,15.3,61
TOULOUSE-BLAGNAC,2025032814,0,15.9,49
TOULOUSE-BLAGNAC,2025032815,0,15.5,53
TOULOUSE-BLAGNAC,2025032816,0,15.6,55
TOULOUSE-BLAGNAC,2025032817,0,14.9,56
TOULOUSE-BLAGNAC,2025032818,0,13.8,60
TOULOUSE-BLAGNAC,2025032819,0,12.4,62
TOULOUSE-BLAGNAC,2025032820,0,11.6,76
TOULOUSE-BLAGNAC,2025032821,0,11.1,78
TOULOUSE-BLAGNAC,2025032822,0,11,79
TOULOUSE-BLAGNAC,2025032823,0.2,10.2,87
TOULOUSE-BLAGNAC,2025032900,0.4,9.8,92
TOULOUSE-BLAGNAC,2025032901,0,9.1,85
TOULOUSE-BLAGNAC,2025032902,0,7.8,85
TOULOUSE-BLAGNAC,2025032903,0,7.6,88
TOULOUSE-BLAGNAC,2025032904,0,7,88
TOULOUSE-BLAGNAC,2025032905,0,6.4,85
TOULOUSE-BLAGNAC,2025032906,0,5.9,85
TOULOUSE-BLAGNAC,2025032907,0,7,80
TOULOUSE-BLAGNAC,2025032908,0,8,76
TOULOUSE-BLAGNAC,2025032909,0,9.8,65
TOULOUSE-BLAGNAC,2025032910,0,10.5,56
TOULOUSE-BLAGNAC,2025032911,0,10.4,59
TOULOUSE-BLAGNAC,2025032912,0,10.7,59
TOULOUSE-BLAGNAC,2025032913,0,11.3,60
TOULOUSE-BLAGNAC,2025032914,0,10.4,64
TOULOUSE-BLAGNAC,2025032915,0,12.9,55
TOULOUSE-BLAGNAC,2025032916,0,12.5,49
TOULOUSE-BLAGNAC,2025032917,0,12,48
TOULOUSE-BLAGNAC,2025032918,0,11.8,48
TOULOUSE-BLAGNAC,2025032919,0,11.1,49
TOULOUSE-BLAGNAC,2025032920,0,10.8,50
TOULOUSE-BLAGNAC,2025032921,0,10.2,54
TOULOUSE-BLAGNAC,2025032922,0,10,57
TOULOUSE-BLAGNAC,2025032923,0,8.6,66
TOULOUSE-BLAGNAC,2025033000,0,7.6,71
TOULOUSE-BLAGNAC,2025033001,0,6,78
TOULOUSE-BLAGNAC,2025033002,0,5.8,81
TOULOUSE-BLAGNAC,2025033003,0,5.7,84
TOULOUSE-BLAGNAC,2025033004,0,5.6,85
TOULOUSE-BLAGNAC,2025033005,0,5.2,87
TOULOUSE-BLAGNAC,2025033006,0,4.9,87
TOULOUSE-BLAGNAC,2025033007,0,6.5,82
TOULOUSE-BLAGNAC,2025033008,0,8.9,74
TOULOUSE-BLAGNAC,2025033009,0,10.9,67
TOULOUSE-BLAGNAC,2025033010,0,12.5,57
TOULOUSE-BLAGNAC,2025033011,0,13.6,50
TOULOUSE-BLAGNAC,2025033012,0,14.8,47
TOULOUSE-BLAGNAC,2025033013,0,15.1,44
TOULOUSE-BLAGNAC,2025033014,0,15.9,39
TOULOUSE-BLAGNAC,2025033015,0,16.2,40
TOULOUSE-BLAGNAC,2025033016,0,16.3,42
TOULOUSE-BLAGNAC,2025033017,0,15.9,43
TOULOUSE-BLAGNAC,2025033018,0,14.4,47
TOULOUSE-BLAGNAC,2025033019,0,11.4,55
TOULOUSE-BLAGNAC,2025033020,0,11.7,56
TOULOUSE-BLAGNAC,2025033021,0,11.5,59
TOULOUSE-BLAGNAC,2025033022,0,11,67
TOULOUSE-BLAGNAC,2025033023,0,8.9,81
TOULOUSE-BLAGNAC,2025033100,0,9.1,82
TOULOUSE-BLAGNAC,2025033101,0,8.2,84
TOULOUSE-BLAGNAC,2025033102,0,7.5,87
TOULOUSE-BLAGNAC,2025033103,0,7.9,88
TOULOUSE-BLAGNAC,2025033104,0,7.6,90
TOULOUSE-BLAGNAC,2025033105,0,7.7,91
TOULOUSE-BLAGNAC,2025033106,0,6.5,91
TOULOUSE-BLAGNAC,2025033107,0,7.7,95
TOULOUSE-BLAGNAC,2025033108,0,9.1,91
TOULOUSE-BLAGNAC,2025033109,0,10.1,89
TOULOUSE-BLAGNAC,2025033110,0,12.1,83
TOULOUSE-BLAGNAC,2025033111,0,15,67
TOULOUSE-BLAGNAC,2025033112,0,16,59
TOULOUSE-BLAGNAC,2025033113,0,16.9,59
TOULOUSE-BLAGNAC,2025033114,0,17.8,48
TOULOUSE-BLAGNAC,2025033115,0,18.6,49
TOULOUSE-BLAGNAC,2025033116,0,18.8,49
TOULOUSE-BLAGNAC,2025033117,0,18.4,48
TOULOUSE-BLAGNAC,2025033118,0,17.2,51
TOULOUSE-BLAGNAC,2025033119,0,15.2,56
TOULOUSE-BLAGNAC,2025033120,0,14.4,58
TOULOUSE-BLAGNAC,2025033121,0,12.4,67
TOULOUSE-BLAGNAC,2025033122,0,10.1,77
TOULOUSE-BLAGNAC,2025033123,0,9.1,80
TOULOUSE-BLAGNAC,2025040100,0,8.7,82
TOULOUSE-BLAGNAC,2025040101,0,10.9,54
TOULOUSE-BLAGNAC,2025040102,0,9.6,56
TOULOUSE-BLAGNAC,2025040103,0,8.9,57
TOULOUSE-BLAGNAC,2025040104,0,7,62
TOULOUSE-BLAGNAC,2025040105,0,7.6,58
TOULOUSE-BLAGNAC,2025040106,0,7.3,60
TOULOUSE-BLAGNAC,2025040107,0,8.5,57
TOULOUSE-BLAGNAC,2025040108,0,10.7,51
TOULOUSE-BLAGNAC,2025040109,0,13.5,49
TOULOUSE-BLAGNAC,2025040110,0,16.2,39
TOULOUSE-BLAGNAC,2025040111,0,18.4,31
TOULOUSE-BLAGNAC,2025040112,0,19.8,30
TOULOUSE-BLAGNAC,2025040113,0,20.7,29
TOULOUSE-BLAGNAC,2025040114,0,21,27
TOULOUSE-BLAGNAC,2025040115,0,20.6,30
TOULOUSE-BLAGNAC,2025040116,0,19.9,37
TOULOUSE-BLAGNAC,2025040117,0,17.5,42
TOULOUSE-BLAGNAC,2025040118,0,15.1,56
TOULOUSE-BLAGNAC,2025040119,0,13.7,60
TOULOUSE-BLAGNAC,2025040120,0,12.8,70
TOULOUSE-BLAGNAC,2025040121,0,12.3,76
TOULOUSE-BLAGNAC,2025040122,0,11.9,76
TOULOUSE-BLAGNAC,2025040123,0,11.8,73
TOULOUSE-BLAGNAC,2025040200,0,12.3,69
TOULOUSE-BLAGNAC,2025040201,0,12.4,66
TOULOUSE-BLAGNAC,2025040202,0,12.7,45
TOULOUSE-BLAGNAC,2025040203,0,12.5,38
TOULOUSE-BLAGNAC,2025040204,0,12.3,47
TOULOUSE-BLAGNAC,2025040205,0,12.2,54
TOULOUSE-BLAGNAC,2025040206,0,12,58
TOULOUSE-BLAGNAC,2025040207,0,11.4,68
TOULOUSE-BLAGNAC,2025040208,0,12.4,62
TOULOUSE-BLAGNAC,2025040209,0,14.6,58
TOULOUSE-BLAGNAC,2025040210,0,15.5,55
TOULOUSE-BLAGNAC,2025040211,0,16.1,52
TOULOUSE-BLAGNAC,2025040212,0,17,50
TOULOUSE-BLAGNAC,2025040213,0,17.7,50
TOULOUSE-BLAGNAC,2025040214,0,17.1,50
TOULOUSE-BLAGNAC,2025040215,0,17.3,52
TOULOUSE-BLAGNAC,2025040216,0,16.6,51
TOULOUSE-BLAGNAC,2025040217,0,15.3,58
TOULOUSE-BLAGNAC,2025040218,0,13.9,64
TOULOUSE-BLAGNAC,2025040219,0,13.4,64
TOULOUSE-BLAGNAC,2025040220,0,13.2,59
TOULOUSE-BLAGNAC,2025040221,0,13.1,56
TOULOUSE-BLAGNAC,2025040222,0,12.9,60
TOULOUSE-BLAGNAC,2025040223,0,13.2,59
TOULOUSE-BLAGNAC,2025040300,0,13,62
TOULOUSE-BLAGNAC,2025040301,0,12.9,67
TOULOUSE-BLAGNAC,2025040302,0,12.8,65
TOULOUSE-BLAGNAC,2025040303,0,12.6,67
TOULOUSE-BLAGNAC,2025040304,0,12.7,67
TOULOUSE-BLAGNAC,2025040305,0,12.7,66
TOULOUSE-BLAGNAC,2025040306,0,12.7,66
TOULOUSE-BLAGNAC,2025040307,0,13.2,65
TOULOUSE-BLAGNAC,2025040308,0,13.7,62
TOULOUSE-BLAGNAC,2025040309,0,14.2,61
TOULOUSE-BLAGNAC,2025040310,0,14.6,62
TOULOUSE-BLAGNAC,2025040311,0,14.2,64
TOULOUSE-BLAGNAC,2025040312,0,14.8,65
TOULOUSE-BLAGNAC,2025040313,0,16.2,61
TOULOUSE-BLAGNAC,2025040314,0,17.2,60
TOULOUSE-BLAGNAC,2025040315,0,16.8,59
TOULOUSE-BLAGNAC,2025040316,0,16.6,59
TOULOUSE-BLAGNAC,2025040317,0,16.3,60
TOULOUSE-BLAGNAC,2025040318,0,15.5,62
TOULOUSE-BLAGNAC,2025040319,0,15.1,58
TOULOUSE-BLAGNAC,2025040320,0,14.5,60
TOULOUSE-BLAGNAC,2025040321,0,14.1,61
TOULOUSE-BLAGNAC,2025040322,0,14,57
TOULOUSE-BLAGNAC,2025040323,0,14,56
TOULOUSE-BLAGNAC,2025040400,0,14.4,54
TOULOUSE-BLAGNAC,2025040401,0,13.8,60
TOULOUSE-BLAGNAC,2025040402,0,13.6,64
TOULOUSE-BLAGNAC,2025040403,0,13.5,66
TOULOUSE-BLAGNAC,2025040404,0,13.4,68
TOULOUSE-BLAGNAC,2025040405,0,13.5,67
TOULOUSE-BLAGNAC,2025040406,0,13.3,69
TOULOUSE-BLAGNAC,2025040407,0,13.7,67
TOULOUSE-BLAGNAC,2025040408,0,14,64
TOULOUSE-BLAGNAC,2025040409,0,14.6,59
TOULOUSE-BLAGNAC,2025040410,0,16.1,53
TOULOUSE-BLAGNAC,2025040411,0,16.5,51
TOULOUSE-BLAGNAC,2025040412,0,16.9,50
TOULOUSE-BLAGNAC,2025040413,0,17.5,52
TOULOUSE-BLAGNAC,2025040414,0,17.4,41
TOULOUSE-BLAGNAC,2025040415,0,17.6,43
TOULOUSE-BLAGNAC,2025040416,0,17.3,45
TOULOUSE-BLAGNAC,2025040417,0,17.3,40
TOULOUSE-BLAGNAC,2025040418,0,16.5,48
TOULOUSE-BLAGNAC,2025040419,0,14.8,57
TOULOUSE-BLAGNAC,2025040420,0,14.7,58
TOULOUSE-BLAGNAC,2025040421,0,13.9,60
TOULOUSE-BLAGNAC,2025040422,0,13.3,66
TOULOUSE-BLAGNAC,2025040423,0,13,71
TOULOUSE-BLAGNAC,2025040500,0,12.8,70
TOULOUSE-BLAGNAC,2025040501,0,12.6,70
TOULOUSE-BLAGNAC,2025040502,0,11.1,78
TOULOUSE-BLAGNAC,2025040503,0,10.4,78
TOULOUSE-BLAGNAC,2025040504,0,11.1,81
TOULOUSE-BLAGNAC,2025040505,0,10.3,86
TOULOUSE-BLAGNAC,2025040506,0,11.5,83
TOULOUSE-BLAGNAC,2025040507,0,12.5,75
TOULOUSE-BLAGNAC,2025040508,0,13.3,67
TOULOUSE-BLAGNAC,2025040509,0,14.7,65
TOULOUSE-BLAGNAC,2025040510,0,16.5,63
TOULOUSE-BLAGNAC,2025040511,0,18,59
TOULOUSE-BLAGNAC,2025040512,0,19.9,56
TOULOUSE-BLAGNAC,2025040513,0,21.1,50
TOULOUSE-BLAGNAC,2025040514,0,20.5,51
TOULOUSE-BLAGNAC,2025040515,0,21,46
TOULOUSE-BLAGNAC,2025040516,0,21.4,47
TOULOUSE-BLAGNAC,2025040517,0,20.8,50
TOULOUSE-BLAGNAC,2025040518,0,18.7,53
TOULOUSE-BLAGNAC,2025040519,0,17,60
TOULOUSE-BLAGNAC,2025040520,0,16.5,60
TOULOUSE-BLAGNAC,2025040521,0,15.5,63
TOULOUSE-BLAGNAC,2025040522,0,12.4,73
TOULOUSE-BLAGNAC,2025040523,0,12.5,75
TOULOUSE-BLAGNAC,2025040600,0,11.6,77
TOULOUSE-BLAGNAC,2025040601,0,13.6,74
TOULOUSE-BLAGNAC,2025040602,0,13.3,77
TOULOUSE-BLAGNAC,2025040603,0,12.7,81
TOULOUSE-BLAGNAC,2025040604,0,12.5,82
TOULOUSE-BLAGNAC,2025040605,0,12.1,84
TOULOUSE-BLAGNAC,2025040606,0,12.4,82
TOULOUSE-BLAGNAC,2025040607,0,13.3,80
TOULOUSE-BLAGNAC,2025040608,0,14.9,75
TOULOUSE-BLAGNAC,2025040609,0,16.8,68
TOULOUSE-BLAGNAC,2025040610,0,18.6,65
TOULOUSE-BLAGNAC,2025040611,0,20.1,61
TOULOUSE-BLAGNAC,2025040612,0,21.1,57
TOULOUSE-BLAGNAC,2025040613,0,22.1,50
TOULOUSE-BLAGNAC,2025040614,0,22.6,49
TOULOUSE-BLAGNAC,2025040615,0,23,49
TOULOUSE-BLAGNAC,2025040616,0,22.4,50
TOULOUSE-BLAGNAC,2025040617,0,21.9,50
TOULOUSE-BLAGNAC,2025040618,0,20.5,52
TOULOUSE-BLAGNAC,2025040619,0,19.1,62
TOULOUSE-BLAGNAC,2025040620,0,18.1,66
TOULOUSE-BLAGNAC,2025040621,0,16.8,71
TOULOUSE-BLAGNAC,2025040622,0,15.7,76
TOULOUSE-BLAGNAC,2025040623,0,14.6,80
TOULOUSE-BLAGNAC,2025040700,0,13.6,83
TOULOUSE-BLAGNAC,2025040701,0,12.3,88
TOULOUSE-BLAGNAC,2025040702,0,11.7,90
TOULOUSE-BLAGNAC,2025040703,0,11.7,88
TOULOUSE-BLAGNAC,2025040704,0,11.8,88
TOULOUSE-BLAGNAC,2025040705,0,11.8,86
TOULOUSE-BLAGNAC,2025040706,0,11.8,86
TOULOUSE-BLAGNAC,2025040707,0,11.8,85
TOULOUSE-BLAGNAC,2025040708,0,11.8,86
TOULOUSE-BLAGNAC,2025040709,0,12.2,84
TOULOUSE-BLAGNAC,2025040710,0,12.8,82
TOULOUSE-BLAGNAC,2025040711,0,13.6,78
TOULOUSE-BLAGNAC,2025040712,0,14.6,74
TOULOUSE-BLAGNAC,2025040713,0,16.2,67
TOULOUSE-BLAGNAC,2025040714,0,17.9,63
TOULOUSE-BLAGNAC,2025040715,0,19.1,57
TOULOUSE-BLAGNAC,2025040716,0,19.5,51
TOULOUSE-BLAGNAC,2025040717,0,19.3,52
TOULOUSE-BLAGNAC,2025040718,0,18.1,56
TOULOUSE-BLAGNAC,2025040719,0,16.9,58
TOULOUSE-BLAGNAC,2025040720,0,14,67
TOULOUSE-BLAGNAC,2025040721,0,12.6,76
TOULOUSE-BLAGNAC,2025040722,0,10.9,84
TOULOUSE-BLAGNAC,2025040723,0,10.4,83
TOULOUSE-BLAGNAC,2025040800,0,9.7,88
TOULOUSE-BLAGNAC,2025040801,0,8.9,90
TOULOUSE-BLAGNAC,2025040802,0,8.3,92
TOULOUSE-BLAGNAC,2025040803,0,7.8,92
TOULOUSE-BLAGNAC,2025040804,0,6.6,92
TOULOUSE-BLAGNAC,2025040805,0,6.9,95
TOULOUSE-BLAGNAC,2025040806,0,7,95
TOULOUSE-BLAGNAC,2025040807,0,9.5,91
TOULOUSE-BLAGNAC,2025040808,0,12.7,78
TOULOUSE-BLAGNAC,2025040809,0,16.7,69
TOULOUSE-BLAGNAC,2025040810,0,19.3,60
TOULOUSE-BLAGNAC,2025040811,0,20.4,51
TOULOUSE-BLAGNAC,2025040812,0,22.2,46
TOULOUSE-BLAGNAC,2025040813,0,23.3,41
TOULOUSE-BLAGNAC,2025040814,0,24,34
TOULOUSE-BLAGNAC,2025040815,0,24.2,31
TOULOUSE-BLAGNAC,2025040816,0,24.9,31
TOULOUSE-BLAGNAC,2025040817,0,24.4,30
TOULOUSE-BLAGNAC,2025040818,0,22.7,32
TOULOUSE-BLAGNAC,2025040819,0,18.4,58
TOULOUSE-BLAGNAC,2025040820,0,16.6,68
TOULOUSE-BLAGNAC,2025040821,0,14.7,75
TOULOUSE-BLAGNAC,2025040822,0,13.2,81
TOULOUSE-BLAGNAC,2025040823,0,12.3,83
TOULOUSE-BLAGNAC,2025040900,0,11.6,86
TOULOUSE-BLAGNAC,2025040901,0,10.9,88
TOULOUSE-BLAGNAC,2025040902,0,10.3,90
TOULOUSE-BLAGNAC,2025040903,0,10.2,94
TOULOUSE-BLAGNAC,2025040904,0,10.4,95
TOULOUSE-BLAGNAC,2025040905,0,11.6,95
TOULOUSE-BLAGNAC,2025040906,0,11.8,94
TOULOUSE-BLAGNAC,2025040907,0,12.4,91
TOULOUSE-BLAGNAC,2025040908,0,15,78
TOULOUSE-BLAGNAC,2025040909,0,16.8,72
TOULOUSE-BLAGNAC,2025040910,0,19.6,62
TOULOUSE-BLAGNAC,2025040911,0,20.4,59
TOULOUSE-BLAGNAC,2025040912,0,22.1,54
TOULOUSE-BLAGNAC,2025040913,0,23,49
TOULOUSE-BLAGNAC,2025040914,0,23.5,38
TOULOUSE-BLAGNAC,2025040915,0,23.6,37
TOULOUSE-BLAGNAC,2025040916,0,24.6,34
TOULOUSE-BLAGNAC,2025040917,0,22.5,36
TOULOUSE-BLAGNAC,2025040918,0,19.5,58
TOULOUSE-BLAGNAC,2025040919,0,17.1,68
TOULOUSE-BLAGNAC,2025040920,0,15.3,75
TOULOUSE-BLAGNAC,2025040921,0,13.9,80
TOULOUSE-BLAGNAC,2025040922,0,13.2,83
TOULOUSE-BLAGNAC,2025040923,0,12.6,85
TOULOUSE-BLAGNAC,2025041000,0,12.4,87
TOULOUSE-BLAGNAC,2025041001,0,12.3,87
TOULOUSE-BLAGNAC,2025041002,0,11.8,89
TOULOUSE-BLAGNAC,2025041003,0,11.5,91
TOULOUSE-BLAGNAC,2025041004,0,10.3,89
TOULOUSE-BLAGNAC,2025041005,0,11.6,93
TOULOUSE-BLAGNAC,2025041006,0,11.8,90
TOULOUSE-BLAGNAC,2025041007,0,13.3,85
TOULOUSE-BLAGNAC,2025041008,0,15.4,75
TOULOUSE-BLAGNAC,2025041009,0,17.4,65
TOULOUSE-BLAGNAC,2025041010,0,18.8,58
TOULOUSE-BLAGNAC,2025041011,0,20.1,60
TOULOUSE-BLAGNAC,2025041012,0,21.6,47
TOULOUSE-BLAGNAC,2025041013,0,22.5,45
TOULOUSE-BLAGNAC,2025041014,0,23,42
TOULOUSE-BLAGNAC,2025041015,0,23,40
TOULOUSE-BLAGNAC,2025041016,0,22.5,38
TOULOUSE-BLAGNAC,2025041017,0,21.2,34
TOULOUSE-BLAGNAC,2025041018,0,19,42
TOULOUSE-BLAGNAC,2025041019,0,18,39
TOULOUSE-BLAGNAC,2025041020,0,16.8,44
TOULOUSE-BLAGNAC,2025041021,0,15,51
TOULOUSE-BLAGNAC,2025041022,0,14.2,58
TOULOUSE-BLAGNAC,2025041023,0,13.4,64
TOULOUSE-BLAGNAC,2025041100,0,12.4,67
TOULOUSE-BLAGNAC,2025041101,0,11.9,69
TOULOUSE-BLAGNAC,2025041102,0,12.2,69
TOULOUSE-BLAGNAC,2025041103,0,12.7,70
TOULOUSE-BLAGNAC,2025041104,0,11.3,84
TOULOUSE-BLAGNAC,2025041105,0,11.9,84
TOULOUSE-BLAGNAC,2025041106,0,12.3,86
TOULOUSE-BLAGNAC,2025041107,0,13.4,84
TOULOUSE-BLAGNAC,2025041108,0,14.6,81
TOULOUSE-BLAGNAC,2025041109,0,16.8,69
TOULOUSE-BLAGNAC,2025041110,0,17.6,67
TOULOUSE-BLAGNAC,2025041111,0,19,61
TOULOUSE-BLAGNAC,2025041112,0,20.4,58
TOULOUSE-BLAGNAC,2025041113,0,19.3,58
TOULOUSE-BLAGNAC,2025041114,0,18.9,60
TOULOUSE-BLAGNAC,2025041115,0,17.9,63
TOULOUSE-BLAGNAC,2025041116,0,17,66
TOULOUSE-BLAGNAC,2025041117,0,16.4,70
TOULOUSE-BLAGNAC,2025041118,0,15.6,72
TOULOUSE-BLAGNAC,2025041119,0,15.4,69
TOULOUSE-BLAGNAC,2025041120,0,14.6,71
TOULOUSE-BLAGNAC,2025041121,0,14.4,72
TOULOUSE-BLAGNAC,2025041122,0,14.3,74
TOULOUSE-BLAGNAC,2025041123,0,14.3,75
TOULOUSE-BLAGNAC,2025041200,0,13.9,80
TOULOUSE-BLAGNAC,2025041201,1.6,13.1,89
TOULOUSE-BLAGNAC,2025041202,0,12.4,91
TOULOUSE-BLAGNAC,2025041203,0,12.1,92
TOULOUSE-BLAGNAC,2025041204,0,12.5,91
TOULOUSE-BLAGNAC,2025041205,0,12.8,88
TOULOUSE-BLAGNAC,2025041206,0,12.9,86
TOULOUSE-BLAGNAC,2025041207,0,14.4,80
TOULOUSE-BLAGNAC,2025041208,0,16,74
TOULOUSE-BLAGNAC,2025041209,0,17.4,68
TOULOUSE-BLAGNAC,2025041210,0,18.5,65
TOULOUSE-BLAGNAC,2025041211,0,20.3,55
TOULOUSE-BLAGNAC,2025041212,0,21.4,51
TOULOUSE-BLAGNAC,2025041213,0,22.1,53
TOULOUSE-BLAGNAC,2025041214,0,20.7,53
TOULOUSE-BLAGNAC,2025041215,0,19.6,57
TOULOUSE-BLAGNAC,2025041216,0,18.8,62
TOULOUSE-BLAGNAC,2025041217,0,17.7,65
TOULOUSE-BLAGNAC,2025041218,0,16.8,69
TOULOUSE-BLAGNAC,2025041219,0,15.6,76
TOULOUSE-BLAGNAC,2025041220,0,15.2,81
TOULOUSE-BLAGNAC,2025041221,0,15.2,84
TOULOUSE-BLAGNAC,2025041222,0,15,86
TOULOUSE-BLAGNAC,2025041223,0,15.1,86
TOULOUSE-BLAGNAC,2025041300,0,15.1,87
TOULOUSE-BLAGNAC,2025041301,0,14.7,89
TOULOUSE-BLAGNAC,2025041302,0,14.5,92
TOULOUSE-BLAGNAC,2025041303,0,14.3,94
TOULOUSE-BLAGNAC,2025041304,0.2,14.3,95
TOULOUSE-BLAGNAC,2025041305,0,14,94
TOULOUSE-BLAGNAC,2025041306,0.8,13.3,96
TOULOUSE-BLAGNAC,2025041307,1.8,12.8,94
TOULOUSE-BLAGNAC,2025041308,1.6,12.9,94
TOULOUSE-BLAGNAC,2025041309,0.6,13.7,94
TOULOUSE-BLAGNAC,2025041310,0.2,13.8,90
TOULOUSE-BLAGNAC,2025041311,0,14.5,89
TOULOUSE-BLAGNAC,2025041312,0,15.9,82
TOULOUSE-BLAGNAC,2025041313,0,15.9,79
TOULOUSE-BLAGNAC,2025041314,0,15.9,77
TOULOUSE-BLAGNAC,2025041315,0,15.4,81
TOULOUSE-BLAGNAC,2025041316,0,14.7,87
TOULOUSE-BLAGNAC,2025041317,0,15.4,80
TOULOUSE-BLAGNAC,2025041318,0,15.4,76
TOULOUSE-BLAGNAC,2025041319,0,14,82
TOULOUSE-BLAGNAC,2025041320,0,13.6,83
TOULOUSE-BLAGNAC,2025041321,0,12.4,90
TOULOUSE-BLAGNAC,2025041322,0,12.3,93
TOULOUSE-BLAGNAC,2025041323,0,12.1,94
TOULOUSE-BLAGNAC,2025041400,0,11.8,94
TOULOUSE-BLAGNAC,2025041401,0,11.7,95
TOULOUSE-BLAGNAC,2025041402,0,11.9,92
TOULOUSE-BLAGNAC,2025041403,0,11,90
TOULOUSE-BLAGNAC,2025041404,0,10.8,92
TOULOUSE-BLAGNAC,2025041405,0,10.9,96
TOULOUSE-BLAGNAC,2025041406,0,11.4,97
TOULOUSE-BLAGNAC,2025041407,0,12.5,93
TOULOUSE-BLAGNAC,2025041408,0,12.9,91
TOULOUSE-BLAGNAC,2025041409,0,15.6,80
TOULOUSE-BLAGNAC,2025041410,0,17.5,73
TOULOUSE-BLAGNAC,2025041411,0,17.7,71
TOULOUSE-BLAGNAC,2025041412,0,18.8,68
TOULOUSE-BLAGNAC,2025041413,0,19.6,67
TOULOUSE-BLAGNAC,2025041414,0,20.7,58
TOULOUSE-BLAGNAC,2025041415,0,20.8,58
TOULOUSE-BLAGNAC,2025041416,0,18.9,65
TOULOUSE-BLAGNAC,2025041417,0,17.6,70
TOULOUSE-BLAGNAC,2025041418,0,16.5,74
TOULOUSE-BLAGNAC,2025041419,0.2,14.6,81
TOULOUSE-BLAGNAC,2025041420,6.9,13.1,94
TOULOUSE-BLAGNAC,2025041421,0,12.9,95
TOULOUSE-BLAGNAC,2025041422,0,13.5,95
TOULOUSE-BLAGNAC,2025041423,0,13.4,95
TOULOUSE-BLAGNAC,2025041500,0,13.4,93
TOULOUSE-BLAGNAC,2025041501,0,13.4,93
TOULOUSE-BLAGNAC,2025041502,0,14.2,91
TOULOUSE-BLAGNAC,2025041503,0,14.2,91
TOULOUSE-BLAGNAC,2025041504,0,14.1,90
TOULOUSE-BLAGNAC,2025041505,0,14.1,89
TOULOUSE-BLAGNAC,2025041506,0.2,12.4,86
TOULOUSE-BLAGNAC,2025041507,0.2,11.8,92
TOULOUSE-BLAGNAC,2025041508,0,12.1,89
TOULOUSE-BLAGNAC,2025041509,0,11.6,87
TOULOUSE-BLAGNAC,2025041510,0.4,10.6,89
TOULOUSE-BLAGNAC,2025041511,0,11.3,83
TOULOUSE-BLAGNAC,2025041512,0,11.2,80
TOULOUSE-BLAGNAC,2025041513,0,11.8,75
TOULOUSE-BLAGNAC,2025041514,0,11.1,78
TOULOUSE-BLAGNAC,2025041515,1.2,10.1,90
TOULOUSE-BLAGNAC,2025041516,1.6,10,92
TOULOUSE-BLAGNAC,2025041517,0.2,9.9,92
TOULOUSE-BLAGNAC,2025041518,0,9.9,92
TOULOUSE-BLAGNAC,2025041519,0,9.6,91
TOULOUSE-BLAGNAC,2025041520,0.8,9.5,94
TOULOUSE-BLAGNAC,2025041521,2.8,8.7,93
TOULOUSE-BLAGNAC,2025041522,1.6,8.4,94
TOULOUSE-BLAGNAC,2025041523,0.4,8.2,94
TOULOUSE-BLAGNAC,2025041600,0.5,8.1,95
TOULOUSE-BLAGNAC,2025041601,1.4,8,95
TOULOUSE-BLAGNAC,2025041602,0.6,8.1,94
TOULOUSE-BLAGNAC,2025041603,0.8,8.1,95
TOULOUSE-BLAGNAC,2025041604,1,7.8,94
TOULOUSE-BLAGNAC,2025041605,0.2,8.1,95
TOULOUSE-BLAGNAC,2025041606,1,8.2,95
TOULOUSE-BLAGNAC,2025041607,1.4,8.5,95
TOULOUSE-BLAGNAC,2025041608,1.8,8.3,94
TOULOUSE-BLAGNAC,2025041609,0,9.9,93
TOULOUSE-BLAGNAC,2025041610,0,10.3,86
TOULOUSE-BLAGNAC,2025041611,0,10.8,83
TOULOUSE-BLAGNAC,2025041612,0,11.3,82
TOULOUSE-BLAGNAC,2025041613,0.2,11.4,80
TOULOUSE-BLAGNAC,2025041614,0.2,13,70
TOULOUSE-BLAGNAC,2025041615,0,13.7,66
TOULOUSE-BLAGNAC,2025041616,0,15.4,51
TOULOUSE-BLAGNAC,2025041617,0,15,54
TOULOUSE-BLAGNAC,2025041618,0,13.4,59
TOULOUSE-BLAGNAC,2025041619,0,11.1,69
TOULOUSE-BLAGNAC,2025041620,0,10.2,75
TOULOUSE-BLAGNAC,2025041621,0,9.4,79
TOULOUSE-BLAGNAC,2025041622,0,9.2,81
TOULOUSE-BLAGNAC,2025041623,0,8.9,80
TOULOUSE-BLAGNAC,2025041700,0,8.4,82
TOULOUSE-BLAGNAC,2025041701,0,7.7,84
TOULOUSE-BLAGNAC,2025041702,0,7.5,83
TOULOUSE-BLAGNAC,2025041703,0,7.2,82
TOULOUSE-BLAGNAC,2025041704,0,6.9,82
TOULOUSE-BLAGNAC,2025041705,0,6.9,83
TOULOUSE-BLAGNAC,2025041706,0,7.4,81
TOULOUSE-BLAGNAC,2025041707,0,8.7,77
TOULOUSE-BLAGNAC,2025041708,0,10,75
TOULOUSE-BLAGNAC,2025041709,0,11.1,69
TOULOUSE-BLAGNAC,2025041710,0,11.9,63
TOULOUSE-BLAGNAC,2025041711,0,12.6,61
TOULOUSE-BLAGNAC,2025041712,0,15.1,57
TOULOUSE-BLAGNAC,2025041713,0,12.6,67
TOULOUSE-BLAGNAC,2025041714,0,14.8,55
TOULOUSE-BLAGNAC,2025041715,0,14.2,57
TOULOUSE-BLAGNAC,2025041716,0,13.6,59
TOULOUSE-BLAGNAC,2025041717,0.2,11.2,79
TOULOUSE-BLAGNAC,2025041718,0,11.7,77
TOULOUSE-BLAGNAC,2025041719,0,11,74
TOULOUSE-BLAGNAC,2025041720,0,10,76
TOULOUSE-BLAGNAC,2025041721,0,8.7,84
TOULOUSE-BLAGNAC,2025041722,0,7.8,89
TOULOUSE-BLAGNAC,2025041723,0,7.1,92
TOULOUSE-BLAGNAC,2025041800,0,6.6,94
TOULOUSE-BLAGNAC,2025041801,0,6,94
TOULOUSE-BLAGNAC,2025041802,0,5.4,94
TOULOUSE-BLAGNAC,2025041803,0,4.7,94
TOULOUSE-BLAGNAC,2025041804,0,4.9,96
TOULOUSE-BLAGNAC,2025041805,0,4.6,94
TOULOUSE-BLAGNAC,2025041806,0,6.6,96
TOULOUSE-BLAGNAC,2025041807,0,9.3,82
TOULOUSE-BLAGNAC,2025041808,0,12.7,70
TOULOUSE-BLAGNAC,2025041809,0,15.2,58
TOULOUSE-BLAGNAC,2025041810,0,17,48
TOULOUSE-BLAGNAC,2025041811,0,18.7,53
TOULOUSE-BLAGNAC,2025041812,0,20,47
TOULOUSE-BLAGNAC,2025041813,0,20.9,48
TOULOUSE-BLAGNAC,2025041814,0,21.3,46
TOULOUSE-BLAGNAC,2025041815,0,21,43
TOULOUSE-BLAGNAC,2025041816,0,19.9,42
TOULOUSE-BLAGNAC,2025041817,0,19,51
TOULOUSE-BLAGNAC,2025041818,0,16.5,60
TOULOUSE-BLAGNAC,2025041819,0,14.4,70
TOULOUSE-BLAGNAC,2025041820,0,13.4,79
TOULOUSE-BLAGNAC,2025041821,0,13,83
TOULOUSE-BLAGNAC,2025041822,0,12.9,85
TOULOUSE-BLAGNAC,2025041823,0,13.2,84
TOULOUSE-BLAGNAC,2025041900,0,13.1,84
TOULOUSE-BLAGNAC,2025041901,0,13.2,84
TOULOUSE-BLAGNAC,2025041902,0,13,80
TOULOUSE-BLAGNAC,2025041903,0,12.9,76
TOULOUSE-BLAGNAC,2025041904,0,12.8,78
TOULOUSE-BLAGNAC,2025041905,0.2,12.3,84
TOULOUSE-BLAGNAC,2025041906,0.6,13.2,89
TOULOUSE-BLAGNAC,2025041907,0.6,13.1,91
TOULOUSE-BLAGNAC,2025041908,0,14.2,88
TOULOUSE-BLAGNAC,2025041909,0.2,14.6,84
TOULOUSE-BLAGNAC,2025041910,0,15.8,78
TOULOUSE-BLAGNAC,2025041911,0,16.1,80
TOULOUSE-BLAGNAC,2025041912,0,15,79
TOULOUSE-BLAGNAC,2025041913,0,11.6,86
TOULOUSE-BLAGNAC,2025041914,0.6,9.8,90
TOULOUSE-BLAGNAC,2025041915,0.2,8.9,86
TOULOUSE-BLAGNAC,2025041916,2.8,8.5,92
TOULOUSE-BLAGNAC,2025041917,0.8,9,91
TOULOUSE-BLAGNAC,2025041918,0,9.5,87
TOULOUSE-BLAGNAC,2025041919,0,8.8,92
TOULOUSE-BLAGNAC,2025041920,0,7.8,92
TOULOUSE-BLAGNAC,2025041921,0,6.9,95
TOULOUSE-BLAGNAC,2025041922,0,6.8,96
TOULOUSE-BLAGNAC,2025041923,0,6.8,96
TOULOUSE-BLAGNAC,2025042000,0,6.4,96
TOULOUSE-BLAGNAC,2025042001,0,5.4,96
TOULOUSE-BLAGNAC,2025042002,0,6,98
TOULOUSE-BLAGNAC,2025042003,0,6.4,97
TOULOUSE-BLAGNAC,2025042004,0,5.1,97
TOULOUSE-BLAGNAC,2025042005,0,4.4,96
TOULOUSE-BLAGNAC,2025042006,0,5.8,98
TOULOUSE-BLAGNAC,2025042007,0,7.8,90
TOULOUSE-BLAGNAC,2025042008,0,10.4,80
TOULOUSE-BLAGNAC,2025042009,0,13.2,69
TOULOUSE-BLAGNAC,2025042010,0,15,65
TOULOUSE-BLAGNAC,2025042011,0,15.6,60
TOULOUSE-BLAGNAC,2025042012,0,16.3,55
TOULOUSE-BLAGNAC,2025042013,0,16.2,53
TOULOUSE-BLAGNAC,2025042014,0,15.9,53
TOULOUSE-BLAGNAC,2025042015,0,14.6,60
TOULOUSE-BLAGNAC,2025042016,0,13.3,62
TOULOUSE-BLAGNAC,2025042017,0,12.3,67
TOULOUSE-BLAGNAC,2025042018,0,11,78
TOULOUSE-BLAGNAC,2025042019,0.2,10.2,85
TOULOUSE-BLAGNAC,2025042020,0,10.3,78
TOULOUSE-BLAGNAC,2025042021,0.4,9.6,81
TOULOUSE-BLAGNAC,2025042022,2.8,9.2,88
TOULOUSE-BLAGNAC,2025042023,1.6,9.1,92
TOULOUSE-BLAGNAC,2025042100,0,9.4,91
TOULOUSE-BLAGNAC,2025042101,0,9.4,91
TOULOUSE-BLAGNAC,2025042102,0,9.5,90
TOULOUSE-BLAGNAC,2025042103,0,10.6,91
TOULOUSE-BLAGNAC,2025042104,0,10.7,91
TOULOUSE-BLAGNAC,2025042105,0,10.6,93
TOULOUSE-BLAGNAC,2025042106,0,10.7,88
TOULOUSE-BLAGNAC,2025042107,0,11.5,82
TOULOUSE-BLAGNAC,2025042108,0,12.6,79
TOULOUSE-BLAGNAC,2025042109,0,14,68
TOULOUSE-BLAGNAC,2025042110,0,14.5,62
TOULOUSE-BLAGNAC,2025042111,0,16.5,53
TOULOUSE-BLAGNAC,2025042112,0,17.1,55
TOULOUSE-BLAGNAC,2025042113,0,16.9,50
TOULOUSE-BLAGNAC,2025042114,0,17,55
TOULOUSE-BLAGNAC,2025042115,0,17.4,55
TOULOUSE-BLAGNAC,2025042116,0,17,57
TOULOUSE-BLAGNAC,2025042117,0,17,56
TOULOUSE-BLAGNAC,2025042118,0,16.4,58
TOULOUSE-BLAGNAC,2025042119,0,15.9,62
TOULOUSE-BLAGNAC,2025042120,0,14.6,67
TOULOUSE-BLAGNAC,2025042121,0,14.3,72
TOULOUSE-BLAGNAC,2025042122,0,13.7,78
TOULOUSE-BLAGNAC,2025042123,0,13.2,84
TOULOUSE-BLAGNAC,2025042200,0,12.9,86
TOULOUSE-BLAGNAC,2025042201,0,12.9,85
TOULOUSE-BLAGNAC,2025042202,0,12.2,88
TOULOUSE-BLAGNAC,2025042203,0,12.2,88
TOULOUSE-BLAGNAC,2025042204,0,11.9,88
TOULOUSE-BLAGNAC,2025042205,0,11.5,90
TOULOUSE-BLAGNAC,2025042206,0,11.5,89
TOULOUSE-BLAGNAC,2025042207,0,11.9,87
TOULOUSE-BLAGNAC,2025042208,0,11.9,87
TOULOUSE-BLAGNAC,2025042209,0,12.6,81
TOULOUSE-BLAGNAC,2025042210,0,13.7,74
TOULOUSE-BLAGNAC,2025042211,0,14.6,66
TOULOUSE-BLAGNAC,2025042212,0,14.5,62
TOULOUSE-BLAGNAC,2025042213,0,14.6,62
TOULOUSE-BLAGNAC,2025042214,0,13.8,70
TOULOUSE-BLAGNAC,2025042215,0,14.4,62
TOULOUSE-BLAGNAC,2025042216,0,14.4,61
TOULOUSE-BLAGNAC,2025042217,0,14.1,68
TOULOUSE-BLAGNAC,2025042218,0,13.7,70
TOULOUSE-BLAGNAC,2025042219,0,12.8,73
TOULOUSE-BLAGNAC,2025042220,0,12,77
TOULOUSE-BLAGNAC,2025042221,0,11.3,84
TOULOUSE-BLAGNAC,2025042222,0,10.5,88
TOULOUSE-BLAGNAC,2025042223,0,10.8,85
TOULOUSE-BLAGNAC,2025042300,0,8.8,89
TOULOUSE-BLAGNAC,2025042301,0,7.8,93
TOULOUSE-BLAGNAC,2025042302,0,9.4,92
TOULOUSE-BLAGNAC,2025042303,0,8.3,92
TOULOUSE-BLAGNAC,2025042304,0,7.2,93
TOULOUSE-BLAGNAC,2025042305,0,6.6,95
TOULOUSE-BLAGNAC,2025042306,0,7.7,96
TOULOUSE-BLAGNAC,2025042307,0,9.7,94
TOULOUSE-BLAGNAC,2025042308,0,11.1,87
TOULOUSE-BLAGNAC,2025042309,0,12.4,78
TOULOUSE-BLAGNAC,2025042310,0,14.1,69
TOULOUSE-BLAGNAC,2025042311,0,14.8,59
TOULOUSE-BLAGNAC,2025042312,0,14.7,57
TOULOUSE-BLAGNAC,2025042313,0,14.9,63
TOULOUSE-BLAGNAC,2025042314,0,15.1,72
TOULOUSE-BLAGNAC,2025042315,0,15.3,73
TOULOUSE-BLAGNAC,2025042316,0,15.3,76
TOULOUSE-BLAGNAC,2025042317,0,14.4,85
TOULOUSE-BLAGNAC,2025042318,0,14.3,84
TOULOUSE-BLAGNAC,2025042319,0,14,85
TOULOUSE-BLAGNAC,2025042320,0,13.9,86
TOULOUSE-BLAGNAC,2025042321,0.6,13.2,94
TOULOUSE-BLAGNAC,2025042322,0.8,13.1,94
TOULOUSE-BLAGNAC,2025042323,0,13.2,93
TOULOUSE-BLAGNAC,2025042400,0,13.3,92
TOULOUSE-BLAGNAC,2025042401,0.2,13,94
TOULOUSE-BLAGNAC,2025042402,2.2,12.5,96
TOULOUSE-BLAGNAC,2025042403,2,12.2,97
TOULOUSE-BLAGNAC,2025042404,0.8,11.7,96
TOULOUSE-BLAGNAC,2025042405,0.5,11.1,96
TOULOUSE-BLAGNAC,2025042406,0,11.7,94
TOULOUSE-BLAGNAC,2025042407,0,12.4,91
TOULOUSE-BLAGNAC,2025042408,0,12.5,87
TOULOUSE-BLAGNAC,2025042409,0,13.5,88
TOULOUSE-BLAGNAC,2025042410,0,13.8,86
TOULOUSE-BLAGNAC,2025042411,0,14.7,78
TOULOUSE-BLAGNAC,2025042412,0,16,74
TOULOUSE-BLAGNAC,2025042413,0,16,73
TOULOUSE-BLAGNAC,2025042414,0,16.8,70
TOULOUSE-BLAGNAC,2025042415,0,16.6,71
TOULOUSE-BLAGNAC,2025042416,0,16.9,70
TOULOUSE-BLAGNAC,2025042417,0,16.4,69
TOULOUSE-BLAGNAC,2025042418,0,15.8,72
TOULOUSE-BLAGNAC,2025042419,0,15.1,77
TOULOUSE-BLAGNAC,2025042420,0,14.9,80
TOULOUSE-BLAGNAC,2025042421,0,14.5,83
TOULOUSE-BLAGNAC,2025042422,0,14.1,86
TOULOUSE-BLAGNAC,2025042423,0,14,86
TOULOUSE-BLAGNAC,2025042500,0,13.1,82
TOULOUSE-BLAGNAC,2025042501,0,12,92
TOULOUSE-BLAGNAC,2025042502,0,10.2,95
TOULOUSE-BLAGNAC,2025042503,0,9.4,95
TOULOUSE-BLAGNAC,2025042504,0,8.5,95
TOULOUSE-BLAGNAC,2025042505,0,8.9,97
TOULOUSE-BLAGNAC,2025042506,0,10.2,98
TOULOUSE-BLAGNAC,2025042507,0,11.8,90
TOULOUSE-BLAGNAC,2025042508,0,14.7,72
TOULOUSE-BLAGNAC,2025042509,0,16.5,64
TOULOUSE-BLAGNAC,2025042510,0,17.4,52
TOULOUSE-BLAGNAC,2025042511,0,18.3,51
TOULOUSE-BLAGNAC,2025042512,0,19.1,51
TOULOUSE-BLAGNAC,2025042513,0,20,48
TOULOUSE-BLAGNAC,2025042514,0,20.8,46
TOULOUSE-BLAGNAC,2025042515,0,21.6,43
TOULOUSE-BLAGNAC,2025042516,0,21.7,42
TOULOUSE-BLAGNAC,2025042517,0,21.8,42
TOULOUSE-BLAGNAC,2025042518,0,20.6,43
TOULOUSE-BLAGNAC,2025042519,0,19.4,47
TOULOUSE-BLAGNAC,2025042520,0,17.5,54
TOULOUSE-BLAGNAC,2025042521,0,16.2,58
TOULOUSE-BLAGNAC,2025042522,0,14.5,67
TOULOUSE-BLAGNAC,2025042523,0,14.8,64
TOULOUSE-BLAGNAC,2025042600,0,14.8,66
TOULOUSE-BLAGNAC,2025042601,0,14.7,72
TOULOUSE-BLAGNAC,2025042602,0,14.1,84
TOULOUSE-BLAGNAC,2025042603,0,14.2,84
TOULOUSE-BLAGNAC,2025042604,0,14,85
TOULOUSE-BLAGNAC,2025042605,0,13.8,86
TOULOUSE-BLAGNAC,2025042606,0,12.9,86
TOULOUSE-BLAGNAC,2025042607,1.6,12.3,94
TOULOUSE-BLAGNAC,2025042608,0.8,12.8,94
TOULOUSE-BLAGNAC,2025042609,0.2,13,92
TOULOUSE-BLAGNAC,2025042610,0.2,13.5,91
TOULOUSE-BLAGNAC,2025042611,0.2,15,86
TOULOUSE-BLAGNAC,2025042612,0,15.1,83
TOULOUSE-BLAGNAC,2025042613,0,15.8,78
TOULOUSE-BLAGNAC,2025042614,0.2,14.5,84
TOULOUSE-BLAGNAC,2025042615,0,17.1,73
TOULOUSE-BLAGNAC,2025042616,0.2,14.4,83
TOULOUSE-BLAGNAC,2025042617,1.2,13.4,88
TOULOUSE-BLAGNAC,2025042618,0,13.9,86
TOULOUSE-BLAGNAC,2025042619,0.2,13.3,91
TOULOUSE-BLAGNAC,2025042620,3.2,12.3,92
TOULOUSE-BLAGNAC,2025042621,0,12,93
TOULOUSE-BLAGNAC,2025042622,0,12,94
TOULOUSE-BLAGNAC,2025042623,0,11.7,93
TOULOUSE-BLAGNAC,2025042700,0,11.4,92
TOULOUSE-BLAGNAC,2025042701,0,11.4,93
TOULOUSE-BLAGNAC,2025042702,0,11.4,93
TOULOUSE-BLAGNAC,2025042703,0.6,11.4,95
TOULOUSE-BLAGNAC,2025042704,0.2,11.4,96
TOULOUSE-BLAGNAC,2025042705,0,11.6,96
TOULOUSE-BLAGNAC,2025042706,0,11.8,95
TOULOUSE-BLAGNAC,2025042707,0,12.1,95
TOULOUSE-BLAGNAC,2025042708,0,12.6,91
TOULOUSE-BLAGNAC,2025042709,0,14,86
TOULOUSE-BLAGNAC,2025042710,0,13.4,89
TOULOUSE-BLAGNAC,2025042711,0,14.7,80
TOULOUSE-BLAGNAC,2025042712,0,15.6,75
TOULOUSE-BLAGNAC,2025042713,0,17.4,66
TOULOUSE-BLAGNAC,2025042714,0,18.4,62
TOULOUSE-BLAGNAC,2025042715,0,19.4,56
TOULOUSE-BLAGNAC,2025042716,0,19.8,56
TOULOUSE-BLAGNAC,2025042717,0,19.6,55
TOULOUSE-BLAGNAC,2025042718,0,18.6,59
TOULOUSE-BLAGNAC,2025042719,0,16.8,68
TOULOUSE-BLAGNAC,2025042720,0,16.4,70
TOULOUSE-BLAGNAC,2025042721,0,16.2,74
TOULOUSE-BLAGNAC,2025042722,0,15.4,79
TOULOUSE-BLAGNAC,2025042723,0,14.9,83
TOULOUSE-BLAGNAC,2025042800,0,13.8,87
TOULOUSE-BLAGNAC,2025042801,0,12.2,92
TOULOUSE-BLAGNAC,2025042802,0,11.3,95
TOULOUSE-BLAGNAC,2025042803,0,11.1,96
TOULOUSE-BLAGNAC,2025042804,0,12.2,97
TOULOUSE-BLAGNAC,2025042805,0,12,97
TOULOUSE-BLAGNAC,2025042806,0,12.1,97
TOULOUSE-BLAGNAC,2025042807,0,12.3,97
TOULOUSE-BLAGNAC,2025042808,0,12.3,96
TOULOUSE-BLAGNAC,2025042809,0,13.3,93
TOULOUSE-BLAGNAC,2025042810,0,15.3,85
TOULOUSE-BLAGNAC,2025042811,0,17.5,77
TOULOUSE-BLAGNAC,2025042812,0,19.7,61
TOULOUSE-BLAGNAC,2025042813,0,21.6,58
TOULOUSE-BLAGNAC,2025042814,0,22.3,56
TOULOUSE-BLAGNAC,2025042815,0,21.9,47
TOULOUSE-BLAGNAC,2025042816,0,22.9,45
TOULOUSE-BLAGNAC,2025042817,0,22.1,46
TOULOUSE-BLAGNAC,2025042818,0,20.7,49
TOULOUSE-BLAGNAC,2025042819,0,19.7,52
TOULOUSE-BLAGNAC,2025042820,0,18.9,49
TOULOUSE-BLAGNAC,2025042821,0,17.7,56
TOULOUSE-BLAGNAC,2025042822,0,17,60
TOULOUSE-BLAGNAC,2025042823,0,15.4,71
TOULOUSE-BLAGNAC,2025042900,0,14.5,75
TOULOUSE-BLAGNAC,2025042901,0,14.6,73
TOULOUSE-BLAGNAC,2025042902,0,13.9,74
TOULOUSE-BLAGNAC,2025042903,0,12.9,78
TOULOUSE-BLAGNAC,2025042904,0,11.2,83
TOULOUSE-BLAGNAC,2025042905,0,12.5,79
TOULOUSE-BLAGNAC,2025042906,0,14.5,73
TOULOUSE-BLAGNAC,2025042907,0,16.9,67
TOULOUSE-BLAGNAC,2025042908,0,18.3,61
TOULOUSE-BLAGNAC,2025042909,0,19.9,58
TOULOUSE-BLAGNAC,2025042910,0,21,52
TOULOUSE-BLAGNAC,2025042911,0,21.9,47
TOULOUSE-BLAGNAC,2025042912,0,22.9,47
TOULOUSE-BLAGNAC,2025042913,0,23.5,47
TOULOUSE-BLAGNAC,2025042914,0,23.9,39
TOULOUSE-BLAGNAC,2025042915,0,23.5,39
TOULOUSE-BLAGNAC,2025042916,0,22.9,38
TOULOUSE-BLAGNAC,2025042917,0,22.2,37
TOULOUSE-BLAGNAC,2025042918,0,21,43
TOULOUSE-BLAGNAC,2025042919,0,19.8,42
TOULOUSE-BLAGNAC,2025042920,0,18.7,46
TOULOUSE-BLAGNAC,2025042921,0,17.8,51
TOULOUSE-BLAGNAC,2025042922,0,17,55
TOULOUSE-BLAGNAC,2025042923,0,16.5,59
TOULOUSE-BLAGNAC,2025043000,0,15.6,64
TOULOUSE-BLAGNAC,2025043001,0,15.6,62
TOULOUSE-BLAGNAC,2025043002,0,15.4,63
TOULOUSE-BLAGNAC,2025043003,0,15,66
TOULOUSE-BLAGNAC,2025043004,0,14.2,71
TOULOUSE-BLAGNAC,2025043005,0,13.6,78
TOULOUSE-BLAGNAC,2025043006,0,15,74
TOULOUSE-BLAGNAC,2025043007,0,17,69
TOULOUSE-BLAGNAC,2025043008,0,18.3,62
TOULOUSE-BLAGNAC,2025043009,0,19.7,59
TOULOUSE-BLAGNAC,2025043010,0,20.7,56
TOULOUSE-BLAGNAC,2025043011,0,22,51
TOULOUSE-BLAGNAC,2025043012,0,22.9,48
TOULOUSE-BLAGNAC,2025043013,0,23.3,45
TOULOUSE-BLAGNAC,2025043014,0,23.8,42
TOULOUSE-BLAGNAC,2025043015,0,24,42
TOULOUSE-BLAGNAC,2025043016,0,23.2,41
TOULOUSE-BLAGNAC,2025043017,0,22.6,43
TOULOUSE-BLAGNAC,2025043018,0,20.8,47
TOULOUSE-BLAGNAC,2025043019,0,19.6,48
TOULOUSE-BLAGNAC,2025043020,0,18.9,50
TOULOUSE-BLAGNAC,2025043021,0,18,53
TOULOUSE-BLAGNAC,2025043022,0,17.7,49
TOULOUSE-BLAGNAC,2025043023,0,17.3,48
TOULOUSE-BLAGNAC,2025050100,0,16.8,51
TOULOUSE-BLAGNAC,2025050101,0,16.7,53
TOULOUSE-BLAGNAC,2025050102,0,16.7,54
TOULOUSE-BLAGNAC,2025050103,0,15.7,63
TOULOUSE-BLAGNAC,2025050104,0,15.3,67
TOULOUSE-BLAGNAC,2025050105,0,14.7,73
TOULOUSE-BLAGNAC,2025050106,0,15.4,75
TOULOUSE-BLAGNAC,2025050107,0,17,72
TOULOUSE-BLAGNAC,2025050108,0,18.1,69
TOULOUSE-BLAGNAC,2025050109,0,19.2,64
TOULOUSE-BLAGNAC,2025050110,0,20.5,61
TOULOUSE-BLAGNAC,2025050111,0,21.7,57
TOULOUSE-BLAGNAC,2025050112,0,22.6,50
TOULOUSE-BLAGNAC,2025050113,0,23,48
TOULOUSE-BLAGNAC,2025050114,0,23.5,46
TOULOUSE-BLAGNAC,2025050115,0,23.6,43
TOULOUSE-BLAGNAC,2025050116,0,22.9,41
TOULOUSE-BLAGNAC,2025050117,0,22.3,39
TOULOUSE-BLAGNAC,2025050118,0,21.4,42
TOULOUSE-BLAGNAC,2025050119,0,20.2,43
TOULOUSE-BLAGNAC,2025050120,0,19.2,44
TOULOUSE-BLAGNAC,2025050121,0,18.3,47
TOULOUSE-BLAGNAC,2025050122,0,16.7,55
TOULOUSE-BLAGNAC,2025050123,0,16.6,53
TOULOUSE-BLAGNAC,2025050200,0,15.9,54
TOULOUSE-BLAGNAC,2025050201,0,16.3,51
TOULOUSE-BLAGNAC,2025050202,0,14.8,57
TOULOUSE-BLAGNAC,2025050203,0,15.6,54
TOULOUSE-BLAGNAC,2025050204,0,16.3,51
TOULOUSE-BLAGNAC,2025050205,0,15.9,55
TOULOUSE-BLAGNAC,2025050206,0,17.3,53
TOULOUSE-BLAGNAC,2025050207,0,19,50
TOULOUSE-BLAGNAC,2025050208,0,20.1,46
TOULOUSE-BLAGNAC,2025050209,0,21.5,42
TOULOUSE-BLAGNAC,2025050210,0,22,43
TOULOUSE-BLAGNAC,2025050211,0,22.6,38
TOULOUSE-BLAGNAC,2025050212,0,21.7,41
TOULOUSE-BLAGNAC,2025050213,0,21.3,43
TOULOUSE-BLAGNAC,2025050214,0,23,42
TOULOUSE-BLAGNAC,2025050215,0,23.5,43
TOULOUSE-BLAGNAC,2025050216,0,21.3,48
TOULOUSE-BLAGNAC,2025050217,0,20.4,49
TOULOUSE-BLAGNAC,2025050218,0,19.3,55
TOULOUSE-BLAGNAC,2025050219,0,18.4,57
TOULOUSE-BLAGNAC,2025050220,0,17.7,59
TOULOUSE-BLAGNAC,2025050221,0,17.6,58
TOULOUSE-BLAGNAC,2025050222,0,17.5,56
TOULOUSE-BLAGNAC,2025050223,0,17.3,58
TOULOUSE-BLAGNAC,2025050300,0,17.1,60
TOULOUSE-BLAGNAC,2025050301,0,16.8,64
TOULOUSE-BLAGNAC,2025050302,0,16.1,69
TOULOUSE-BLAGNAC,2025050303,0,14.8,75
TOULOUSE-BLAGNAC,2025050304,0,15,75
TOULOUSE-BLAGNAC,2025050305,0,14,80
TOULOUSE-BLAGNAC,2025050306,0,15.9,78
TOULOUSE-BLAGNAC,2025050307,0,17.6,72
TOULOUSE-BLAGNAC,2025050308,0,19.1,69
TOULOUSE-BLAGNAC,2025050309,0,20.7,64
TOULOUSE-BLAGNAC,2025050310,0,21.7,64
TOULOUSE-BLAGNAC,2025050311,0,22.4,61
TOULOUSE-BLAGNAC,2025050312,0,22.2,62
TOULOUSE-BLAGNAC,2025050313,0,22.6,62
TOULOUSE-BLAGNAC,2025050314,0,24.3,57
TOULOUSE-BLAGNAC,2025050315,0,24.8,56
TOULOUSE-BLAGNAC,2025050316,0,24.5,56
TOULOUSE-BLAGNAC,2025050317,0,23.4,61
TOULOUSE-BLAGNAC,2025050318,0,22.3,63
TOULOUSE-BLAGNAC,2025050319,0,20.2,71
TOULOUSE-BLAGNAC,2025050320,0,19.6,74
TOULOUSE-BLAGNAC,2025050321,0,18.8,78
TOULOUSE-BLAGNAC,2025050322,0,18.2,81
TOULOUSE-BLAGNAC,2025050323,0.2,17.6,87
TOULOUSE-BLAGNAC,2025050400,1.8,17,91
TOULOUSE-BLAGNAC,2025050401,0,16.3,93
TOULOUSE-BLAGNAC,2025050402,0,16.2,93
TOULOUSE-BLAGNAC,2025050403,0,15.7,94
TOULOUSE-BLAGNAC,2025050404,0,15.6,96
TOULOUSE-BLAGNAC,2025050405,0.2,15.6,96
TOULOUSE-BLAGNAC,2025050406,0,16,96
TOULOUSE-BLAGNAC,2025050407,0,15.7,96
TOULOUSE-BLAGNAC,2025050408,0,16.4,92
TOULOUSE-BLAGNAC,2025050409,0,16.9,89
TOULOUSE-BLAGNAC,2025050410,0.8,15.6,88
TOULOUSE-BLAGNAC,2025050411,0.8,17.3,88
TOULOUSE-BLAGNAC,2025050412,0,18.4,80
TOULOUSE-BLAGNAC,2025050413,0,19.2,74
TOULOUSE-BLAGNAC,2025050414,0,19.3,74
TOULOUSE-BLAGNAC,2025050415,0,19.3,74
TOULOUSE-BLAGNAC,2025050416,0,19.3,74
TOULOUSE-BLAGNAC,2025050417,0,17.8,83
TOULOUSE-BLAGNAC,2025050418,3,13.7,93
TOULOUSE-BLAGNAC,2025050419,6.3,13.6,95
TOULOUSE-BLAGNAC,2025050420,5.6,13.5,96
TOULOUSE-BLAGNAC,2025050421,2.5,13.4,95
TOULOUSE-BLAGNAC,2025050422,3.4,13.3,94
TOULOUSE-BLAGNAC,2025050423,2.4,13.2,95
TOULOUSE-BLAGNAC,2025050500,1.6,13.2,94
TOULOUSE-BLAGNAC,2025050501,0.4,13.2,94
TOULOUSE-BLAGNAC,2025050502,2,13.1,96
TOULOUSE-BLAGNAC,2025050503,0.4,13.3,97
TOULOUSE-BLAGNAC,2025050504,0.2,12.8,96
TOULOUSE-BLAGNAC,2025050505,0.2,12.6,96
TOULOUSE-BLAGNAC,2025050506,0,12.7,93
TOULOUSE-BLAGNAC,2025050507,0,12.7,91
TOULOUSE-BLAGNAC,2025050508,0,12.9,90
TOULOUSE-BLAGNAC,2025050509,0,13.3,84
TOULOUSE-BLAGNAC,2025050510,0,13.8,81
TOULOUSE-BLAGNAC,2025050511,0,13.9,78
TOULOUSE-BLAGNAC,2025050512,0,15.8,71
TOULOUSE-BLAGNAC,2025050513,0,16,62
TOULOUSE-BLAGNAC,2025050514,0,16.6,54
TOULOUSE-BLAGNAC,2025050515,0,16.2,53
TOULOUSE-BLAGNAC,2025050516,0,17.4,47
TOULOUSE-BLAGNAC,2025050517,0,16.2,51
TOULOUSE-BLAGNAC,2025050518,0,15.1,52
TOULOUSE-BLAGNAC,2025050519,0,12.7,62
TOULOUSE-BLAGNAC,2025050520,0,11.4,71
TOULOUSE-BLAGNAC,2025050521,0,11.1,69
TOULOUSE-BLAGNAC,2025050522,0,10.4,73
TOULOUSE-BLAGNAC,2025050523,0,9.5,78
TOULOUSE-BLAGNAC,2025050600,0,8.9,81
TOULOUSE-BLAGNAC,2025050601,0,8.9,84
TOULOUSE-BLAGNAC,2025050602,0,8.3,85
TOULOUSE-BLAGNAC,2025050603,0,8.5,82
TOULOUSE-BLAGNAC,2025050604,0,8,90
TOULOUSE-BLAGNAC,2025050605,0,7.9,88
TOULOUSE-BLAGNAC,2025050606,0,8.8,85
TOULOUSE-BLAGNAC,2025050607,0,10.6,75
TOULOUSE-BLAGNAC,2025050608,0,11.9,71
TOULOUSE-BLAGNAC,2025050609,0,13.1,67
TOULOUSE-BLAGNAC,2025050610,0,13.4,66
TOULOUSE-BLAGNAC,2025050611,0,13.9,63
TOULOUSE-BLAGNAC,2025050612,0,13.8,64
TOULOUSE-BLAGNAC,2025050613,0,14.1,65
TOULOUSE-BLAGNAC,2025050614,0,13.4,63
TOULOUSE-BLAGNAC,2025050615,0,13.4,65
TOULOUSE-BLAGNAC,2025050616,0,12.8,75
TOULOUSE-BLAGNAC,2025050617,0,12.6,79
TOULOUSE-BLAGNAC,2025050618,0,11.7,84
TOULOUSE-BLAGNAC,2025050619,0,11.1,80
TOULOUSE-BLAGNAC,2025050620,0,10.8,80
TOULOUSE-BLAGNAC,2025050621,0,10.7,79
TOULOUSE-BLAGNAC,2025050622,0,11,75
TOULOUSE-BLAGNAC,2025050623,0,10.5,79
TOULOUSE-BLAGNAC,2025050700,0,10.5,83
TOULOUSE-BLAGNAC,2025050701,0,10.4,84
TOULOUSE-BLAGNAC,2025050702,0,9.8,86
TOULOUSE-BLAGNAC,2025050703,0,9.2,88
TOULOUSE-BLAGNAC,2025050704,0,9,90
TOULOUSE-BLAGNAC,2025050705,0,8.5,91
TOULOUSE-BLAGNAC,2025050706,0,9.3,89
TOULOUSE-BLAGNAC,2025050707,0,11,82
TOULOUSE-BLAGNAC,2025050708,0,12.8,71
TOULOUSE-BLAGNAC,2025050709,0,14.1,64
TOULOUSE-BLAGNAC,2025050710,0,15.2,59
TOULOUSE-BLAGNAC,2025050711,0,16.2,55
TOULOUSE-BLAGNAC,2025050712,0,16.8,50
TOULOUSE-BLAGNAC,2025050713,0,16.1,53
TOULOUSE-BLAGNAC,2025050714,0,18.6,49
TOULOUSE-BLAGNAC,2025050715,0,18.2,50
TOULOUSE-BLAGNAC,2025050716,0,18.4,42
TOULOUSE-BLAGNAC,2025050717,0,17.9,47
TOULOUSE-BLAGNAC,2025050718,0,16.9,46
TOULOUSE-BLAGNAC,2025050719,0,15.8,48
TOULOUSE-BLAGNAC,2025050720,0,14.2,58
TOULOUSE-BLAGNAC,2025050721,0,13.9,59
TOULOUSE-BLAGNAC,2025050722,0,13.2,62
TOULOUSE-BLAGNAC,2025050723,0,12.2,68
TOULOUSE-BLAGNAC,2025050800,0,12.2,67
TOULOUSE-BLAGNAC,2025050801,0,10.4,73
TOULOUSE-BLAGNAC,2025050802,0,9.6,80
TOULOUSE-BLAGNAC,2025050803,0,9.1,83
TOULOUSE-BLAGNAC,2025050804,0,9,85
TOULOUSE-BLAGNAC,2025050805,0,7.7,90
TOULOUSE-BLAGNAC,2025050806,0,9.7,86
TOULOUSE-BLAGNAC,2025050807,0,11.8,76
TOULOUSE-BLAGNAC,2025050808,0,15,62
TOULOUSE-BLAGNAC,2025050809,0,16.9,53
TOULOUSE-BLAGNAC,2025050810,0,17.9,46
TOULOUSE-BLAGNAC,2025050811,0,17.7,42
TOULOUSE-BLAGNAC,2025050812,0,19.7,36
TOULOUSE-BLAGNAC,2025050813,0,19.9,35
TOULOUSE-BLAGNAC,2025050814,0,19.3,42
TOULOUSE-BLAGNAC,2025050815,0,19.2,42
TOULOUSE-BLAGNAC,2025050816,0,19.1,40
TOULOUSE-BLAGNAC,2025050817,0,19,43
TOULOUSE-BLAGNAC,2025050818,0,18.2,45
TOULOUSE-BLAGNAC,2025050819,0,17.7,46
TOULOUSE-BLAGNAC,2025050820,0,15.1,65
TOULOUSE-BLAGNAC,2025050821,0,14.3,68
TOULOUSE-BLAGNAC,2025050822,0,14.2,71
TOULOUSE-BLAGNAC,2025050823,0,13.9,75
TOULOUSE-BLAGNAC,2025050900,0,14.3,72
TOULOUSE-BLAGNAC,2025050901,0,13.7,77
TOULOUSE-BLAGNAC,2025050902,0,13,73
TOULOUSE-BLAGNAC,2025050903,0,12.6,73
TOULOUSE-BLAGNAC,2025050904,0,12.2,75
TOULOUSE-BLAGNAC,2025050905,0,12.3,79
TOULOUSE-BLAGNAC,2025050906,0,12.8,85
TOULOUSE-BLAGNAC,2025050907,0,13.7,79
TOULOUSE-BLAGNAC,2025050908,0,15.2,71
TOULOUSE-BLAGNAC,2025050909,0,16.8,65
TOULOUSE-BLAGNAC,2025050910,0,18,61
TOULOUSE-BLAGNAC,2025050911,0,18.4,54
TOULOUSE-BLAGNAC,2025050912,0,19.1,58
TOULOUSE-BLAGNAC,2025050913,0,20.6,48
TOULOUSE-BLAGNAC,2025050914,0,21,48
TOULOUSE-BLAGNAC,2025050915,0,20,50
TOULOUSE-BLAGNAC,2025050916,0,20.2,50
TOULOUSE-BLAGNAC,2025050917,0,18.8,56
TOULOUSE-BLAGNAC,2025050918,0,18.1,61
TOULOUSE-BLAGNAC,2025050919,0,16.9,66
TOULOUSE-BLAGNAC,2025050920,0,16,69
TOULOUSE-BLAGNAC,2025050921,0,15.5,71
TOULOUSE-BLAGNAC,2025050922,0,14.6,79
TOULOUSE-BLAGNAC,2025050923,0,15.1,80
TOULOUSE-BLAGNAC,2025051000,0,14.9,82
TOULOUSE-BLAGNAC,2025051001,0,14.7,84
TOULOUSE-BLAGNAC,2025051002,0,14.3,87
TOULOUSE-BLAGNAC,2025051003,0,14.3,88
TOULOUSE-BLAGNAC,2025051004,0,13.9,88
TOULOUSE-BLAGNAC,2025051005,0,14.1,87
TOULOUSE-BLAGNAC,2025051006,0,15.1,85
TOULOUSE-BLAGNAC,2025051007,0,16.8,74
TOULOUSE-BLAGNAC,2025051008,0,18.6,67
TOULOUSE-BLAGNAC,2025051009,0,19.6,64
TOULOUSE-BLAGNAC,2025051010,0,20.6,63
TOULOUSE-BLAGNAC,2025051011,0,21.6,60
TOULOUSE-BLAGNAC,2025051012,0,22.4,56
TOULOUSE-BLAGNAC,2025051013,0,23.1,55
TOULOUSE-BLAGNAC,2025051014,0,21.6,56
TOULOUSE-BLAGNAC,2025051015,0,21.3,58
TOULOUSE-BLAGNAC,2025051016,0,19.5,64
TOULOUSE-BLAGNAC,2025051017,0,18.6,68
TOULOUSE-BLAGNAC,2025051018,0,18,71
TOULOUSE-BLAGNAC,2025051019,0,17.4,75
TOULOUSE-BLAGNAC,2025051020,0,16.6,82
TOULOUSE-BLAGNAC,2025051021,0,16.6,79
TOULOUSE-BLAGNAC,2025051022,0,16.6,79
TOULOUSE-BLAGNAC,2025051023,0,16.5,80
TOULOUSE-BLAGNAC,2025051100,0,16.3,81
TOULOUSE-BLAGNAC,2025051101,0,15.6,85
TOULOUSE-BLAGNAC,2025051102,0,15,87
TOULOUSE-BLAGNAC,2025051103,0,15.6,87
TOULOUSE-BLAGNAC,2025051104,0,15.4,86
TOULOUSE-BLAGNAC,2025051105,0,15.3,88
TOULOUSE-BLAGNAC,2025051106,0,15.7,85
TOULOUSE-BLAGNAC,2025051107,0,14.9,83
TOULOUSE-BLAGNAC,2025051108,4.6,13.2,93
TOULOUSE-BLAGNAC,2025051109,0.2,13.6,90
TOULOUSE-BLAGNAC,2025051110,0,15.3,79
TOULOUSE-BLAGNAC,2025051111,0,16.5,74
TOULOUSE-BLAGNAC,2025051112,0,16.8,67
TOULOUSE-BLAGNAC,2025051113,0,17.3,62
TOULOUSE-BLAGNAC,2025051114,0,17.9,59
TOULOUSE-BLAGNAC,2025051115,0,16.9,61
TOULOUSE-BLAGNAC,2025051116,0.4,17.1,70
TOULOUSE-BLAGNAC,2025051117,0,16.6,61
TOULOUSE-BLAGNAC,2025051118,0,16.6,65
TOULOUSE-BLAGNAC,2025051119,0,15.8,70
TOULOUSE-BLAGNAC,2025051120,0,14.6,78
TOULOUSE-BLAGNAC,2025051121,0,13.5,80
TOULOUSE-BLAGNAC,2025051122,0.2,12.9,89
TOULOUSE-BLAGNAC,2025051123,0,12.2,83
TOULOUSE-BLAGNAC,2025051200,0,12.4,85
TOULOUSE-BLAGNAC,2025051201,1.2,11.6,91
TOULOUSE-BLAGNAC,2025051202,0,11.8,92
TOULOUSE-BLAGNAC,2025051203,0,11.6,92
TOULOUSE-BLAGNAC,2025051204,0.2,11.6,93
TOULOUSE-BLAGNAC,2025051205,0,11.8,89
TOULOUSE-BLAGNAC,2025051206,0,12.2,86
TOULOUSE-BLAGNAC,2025051207,0,13.9,81
TOULOUSE-BLAGNAC,2025051208,0,14.7,74
TOULOUSE-BLAGNAC,2025051209,0,15.8,67
TOULOUSE-BLAGNAC,2025051210,0,16.6,63
TOULOUSE-BLAGNAC,2025051211,0,17.7,57
TOULOUSE-BLAGNAC,2025051212,0,19.4,52
TOULOUSE-BLAGNAC,2025051213,0,19.6,49
TOULOUSE-BLAGNAC,2025051214,0,20.5,42
TOULOUSE-BLAGNAC,2025051215,0,21.2,45
TOULOUSE-BLAGNAC,2025051216,0,21,41
TOULOUSE-BLAGNAC,2025051217,0,20,43
TOULOUSE-BLAGNAC,2025051218,0,18.8,53
TOULOUSE-BLAGNAC,2025051219,0,17.5,54
TOULOUSE-BLAGNAC,2025051220,0,16,66
TOULOUSE-BLAGNAC,2025051221,0,14.8,72
TOULOUSE-BLAGNAC,2025051222,0,13.9,74
TOULOUSE-BLAGNAC,2025051223,0,13.4,79
TOULOUSE-BLAGNAC,2025051300,0,12.7,85
TOULOUSE-BLAGNAC,2025051301,0,12.7,84
TOULOUSE-BLAGNAC,2025051302,0,11.9,86
TOULOUSE-BLAGNAC,2025051303,0,11.1,87
TOULOUSE-BLAGNAC,2025051304,0,11.3,89
TOULOUSE-BLAGNAC,2025051305,0,11.6,87
TOULOUSE-BLAGNAC,2025051306,0,12.6,84
TOULOUSE-BLAGNAC,2025051307,0,14.9,77
TOULOUSE-BLAGNAC,2025051308,0,16.2,71
TOULOUSE-BLAGNAC,2025051309,0,18,64
TOULOUSE-BLAGNAC,2025051310,0,19.3,54
TOULOUSE-BLAGNAC,2025051311,0,19.8,53
TOULOUSE-BLAGNAC,2025051312,0,20.8,52
TOULOUSE-BLAGNAC,2025051313,0,21.9,51
TOULOUSE-BLAGNAC,2025051314,0,22.3,48
TOULOUSE-BLAGNAC,2025051315,0,23.2,44
TOULOUSE-BLAGNAC,2025051316,0,22.9,42
TOULOUSE-BLAGNAC,2025051317,0,22.3,38
TOULOUSE-BLAGNAC,2025051318,0,19.2,55
TOULOUSE-BLAGNAC,2025051319,0,17.1,59
TOULOUSE-BLAGNAC,2025051320,0,16.4,64
TOULOUSE-BLAGNAC,2025051321,0,16.2,65
TOULOUSE-BLAGNAC,2025051322,0,15.8,68
TOULOUSE-BLAGNAC,2025051323,0,15.2,69
TOULOUSE-BLAGNAC,2025051400,0,13.7,75
TOULOUSE-BLAGNAC,2025051401,0,12.9,80
TOULOUSE-BLAGNAC,2025051402,0,12.2,85
TOULOUSE-BLAGNAC,2025051403,0,11.5,88
TOULOUSE-BLAGNAC,2025051404,0,11.5,88
TOULOUSE-BLAGNAC,2025051405,0,10.8,92
TOULOUSE-BLAGNAC,2025051406,0,12.3,90
TOULOUSE-BLAGNAC,2025051407,0,14.8,80
TOULOUSE-BLAGNAC,2025051408,0,17.7,68
TOULOUSE-BLAGNAC,2025051409,0,20.1,58
TOULOUSE-BLAGNAC,2025051410,0,21.2,50
TOULOUSE-BLAGNAC,2025051411,0,22.3,45
TOULOUSE-BLAGNAC,2025051412,0,23.6,41
TOULOUSE-BLAGNAC,2025051413,0,24.3,37
TOULOUSE-BLAGNAC,2025051414,0,24.4,36
TOULOUSE-BLAGNAC,2025051415,0,24.6,36
TOULOUSE-BLAGNAC,2025051416,0,23.5,39
TOULOUSE-BLAGNAC,2025051417,0,23.5,40
TOULOUSE-BLAGNAC,2025051418,0,21.8,47
TOULOUSE-BLAGNAC,2025051419,0,18,64
TOULOUSE-BLAGNAC,2025051420,0,17.5,65
TOULOUSE-BLAGNAC,2025051421,0,17.7,67
TOULOUSE-BLAGNAC,2025051422,0,16.9,73
TOULOUSE-BLAGNAC,2025051423,0.4,15.9,83
TOULOUSE-BLAGNAC,2025051500,0,15.3,85
TOULOUSE-BLAGNAC,2025051501,0,15.1,89
TOULOUSE-BLAGNAC,2025051502,0,14.8,89
TOULOUSE-BLAGNAC,2025051503,0,14.6,88
TOULOUSE-BLAGNAC,2025051504,0,14.3,88
TOULOUSE-BLAGNAC,2025051505,0,14.3,89
TOULOUSE-BLAGNAC,2025051506,0,14.6,87
TOULOUSE-BLAGNAC,2025051507,0,15.4,84
TOULOUSE-BLAGNAC,2025051508,0,15.6,80
TOULOUSE-BLAGNAC,2025051509,0,16.1,80
TOULOUSE-BLAGNAC,2025051510,0,17,76
TOULOUSE-BLAGNAC,2025051511,0,17.9,74
TOULOUSE-BLAGNAC,2025051512,0,20.4,65
TOULOUSE-BLAGNAC,2025051513,0,21.6,61
TOULOUSE-BLAGNAC,2025051514,0,21.9,58
TOULOUSE-BLAGNAC,2025051515,0,22.3,55
TOULOUSE-BLAGNAC,2025051516,0,21.8,58
TOULOUSE-BLAGNAC,2025051517,0,21.3,62
TOULOUSE-BLAGNAC,2025051518,0,18.1,62
TOULOUSE-BLAGNAC,2025051519,0,16.9,70
TOULOUSE-BLAGNAC,2025051520,0,15.7,76
TOULOUSE-BLAGNAC,2025051521,0,15.5,83
TOULOUSE-BLAGNAC,2025051522,0,15.6,84
TOULOUSE-BLAGNAC,2025051523,0,15.1,85
TOULOUSE-BLAGNAC,2025051600,0,14.8,87
TOULOUSE-BLAGNAC,2025051601,0,14.7,86
TOULOUSE-BLAGNAC,2025051602,0,14.4,87
TOULOUSE-BLAGNAC,2025051603,0,14.1,88
TOULOUSE-BLAGNAC,2025051604,0,14.3,87
TOULOUSE-BLAGNAC,2025051605,0,14.1,88
TOULOUSE-BLAGNAC,2025051606,0,14.9,84
TOULOUSE-BLAGNAC,2025051607,0,15.3,82
TOULOUSE-BLAGNAC,2025051608,0,15.6,78
TOULOUSE-BLAGNAC,2025051609,0,17.7,69
TOULOUSE-BLAGNAC,2025051610,0,18.2,58
TOULOUSE-BLAGNAC,2025051611,0,19.6,54
TOULOUSE-BLAGNAC,2025051612,0,20,54
TOULOUSE-BLAGNAC,2025051613,0,20.1,50
TOULOUSE-BLAGNAC,2025051614,0,21.4,47
TOULOUSE-BLAGNAC,2025051615,0,22.1,45
TOULOUSE-BLAGNAC,2025051616,0,21.8,43
TOULOUSE-BLAGNAC,2025051617,0,20.6,46
TOULOUSE-BLAGNAC,2025051618,0,20.3,48
TOULOUSE-BLAGNAC,2025051619,0,18.5,54
TOULOUSE-BLAGNAC,2025051620,0,17.5,54
TOULOUSE-BLAGNAC,2025051621,0,16.2,62
TOULOUSE-BLAGNAC,2025051622,0,15.6,63
TOULOUSE-BLAGNAC,2025051623,0,15.3,70
TOULOUSE-BLAGNAC,2025051700,0,14.6,78
TOULOUSE-BLAGNAC,2025051701,0,13.6,83
TOULOUSE-BLAGNAC,2025051702,0,12.8,85
TOULOUSE-BLAGNAC,2025051703,0,12.1,87
TOULOUSE-BLAGNAC,2025051704,0,11.6,89
TOULOUSE-BLAGNAC,2025051705,0,11,92
TOULOUSE-BLAGNAC,2025051706,0,11.7,92
TOULOUSE-BLAGNAC,2025051707,0,13.9,83
TOULOUSE-BLAGNAC,2025051708,0,15.1,74
TOULOUSE-BLAGNAC,2025051709,0,17.3,66
TOULOUSE-BLAGNAC,2025051710,0,19.3,54
TOULOUSE-BLAGNAC,2025051711,0,20.6,48
TOULOUSE-BLAGNAC,2025051712,0,21.5,41
TOULOUSE-BLAGNAC,2025051713,0,22.5,37
TOULOUSE-BLAGNAC,2025051714,0,23,35
TOULOUSE-BLAGNAC,2025051715,0,23.4,35
TOULOUSE-BLAGNAC,2025051716,0,23.8,36
TOULOUSE-BLAGNAC,2025051717,0,23.5,38
TOULOUSE-BLAGNAC,2025051718,0,22.7,40
TOULOUSE-BLAGNAC,2025051719,0,21,43
TOULOUSE-BLAGNAC,2025051720,0,19.4,48
TOULOUSE-BLAGNAC,2025051721,0,18.2,52
TOULOUSE-BLAGNAC,2025051722,0,17.3,55
TOULOUSE-BLAGNAC,2025051723,0,14.5,72
TOULOUSE-BLAGNAC,2025051800,0,13.3,79
TOULOUSE-BLAGNAC,2025051801,0,12.3,83
TOULOUSE-BLAGNAC,2025051802,0,11.5,86
TOULOUSE-BLAGNAC,2025051803,0,10.9,89
TOULOUSE-BLAGNAC,2025051804,0,10.7,88
TOULOUSE-BLAGNAC,2025051805,0,10.4,90
TOULOUSE-BLAGNAC,2025051806,0,12.4,86
TOULOUSE-BLAGNAC,2025051807,0,15.8,68
TOULOUSE-BLAGNAC,2025051808,0,19.1,55
TOULOUSE-BLAGNAC,2025051809,0,20.9,50
TOULOUSE-BLAGNAC,2025051810,0,22.9,45
TOULOUSE-BLAGNAC,2025051811,0,24.4,45
TOULOUSE-BLAGNAC,2025051812,0,25,40
TOULOUSE-BLAGNAC,2025051813,0,26.8,37
TOULOUSE-BLAGNAC,2025051814,0,27.3,33
TOULOUSE-BLAGNAC,2025051815,0,27.9,34
TOULOUSE-BLAGNAC,2025051816,0,27.1,37
TOULOUSE-BLAGNAC,2025051817,0,26.8,36
TOULOUSE-BLAGNAC,2025051818,0,25.5,40
TOULOUSE-BLAGNAC,2025051819,0,23.5,45
TOULOUSE-BLAGNAC,2025051820,0,21.8,51
TOULOUSE-BLAGNAC,2025051821,0,20.3,58
TOULOUSE-BLAGNAC,2025051822,0,19.3,58
TOULOUSE-BLAGNAC,2025051823,0,18.8,58
TOULOUSE-BLAGNAC,2025051900,0,18.2,61
TOULOUSE-BLAGNAC,2025051901,0,17.7,66
TOULOUSE-BLAGNAC,2025051902,0,18,69
TOULOUSE-BLAGNAC,2025051903,0.6,16.9,80
TOULOUSE-BLAGNAC,2025051904,0,16.6,84
TOULOUSE-BLAGNAC,2025051905,0,16.6,83
TOULOUSE-BLAGNAC,2025051906,0,17.4,82
TOULOUSE-BLAGNAC,2025051907,0,17.6,83
TOULOUSE-BLAGNAC,2025051908,0,19.6,77
TOULOUSE-BLAGNAC,2025051909,0,21,68
TOULOUSE-BLAGNAC,2025051910,0,21.8,60
TOULOUSE-BLAGNAC,2025051911,0,23.6,55
TOULOUSE-BLAGNAC,2025051912,0,23.1,54
TOULOUSE-BLAGNAC,2025051913,0,21.7,62
TOULOUSE-BLAGNAC,2025051914,1.4,20.5,76
TOULOUSE-BLAGNAC,2025051915,6.4,21,80
TOULOUSE-BLAGNAC,2025051916,0.2,20,82
TOULOUSE-BLAGNAC,2025051917,0.6,19.1,83
TOULOUSE-BLAGNAC,2025051918,1.6,14.9,91
TOULOUSE-BLAGNAC,2025051919,4.1,14.3,93
TOULOUSE-BLAGNAC,2025051920,4.2,14.1,94
TOULOUSE-BLAGNAC,2025051921,1.2,14.1,93
TOULOUSE-BLAGNAC,2025051922,2.8,13.4,93
TOULOUSE-BLAGNAC,2025051923,1.8,13.4,94
TOULOUSE-BLAGNAC,2025052000,1.7,13.6,94
TOULOUSE-BLAGNAC,2025052001,2.6,13.6,94
TOULOUSE-BLAGNAC,2025052002,2.2,13.5,95
TOULOUSE-BLAGNAC,2025052003,2,13.9,96
TOULOUSE-BLAGNAC,2025052004,1.2,14.2,94
TOULOUSE-BLAGNAC,2025052005,1,14.2,94
TOULOUSE-BLAGNAC,2025052006,0.2,14.7,94
TOULOUSE-BLAGNAC,2025052007,0,15.4,92
TOULOUSE-BLAGNAC,2025052008,0,15.9,87
TOULOUSE-BLAGNAC,2025052009,0,16.7,84
TOULOUSE-BLAGNAC,2025052010,0,17.9,76
TOULOUSE-BLAGNAC,2025052011,0,18.7,74
TOULOUSE-BLAGNAC,2025052012,0,19,71
TOULOUSE-BLAGNAC,2025052013,0,20.4,70
TOULOUSE-BLAGNAC,2025052014,0,18.7,74
TOULOUSE-BLAGNAC,2025052015,0,20.2,68
TOULOUSE-BLAGNAC,2025052016,0,20.4,68
TOULOUSE-BLAGNAC,2025052017,0,20.5,65
TOULOUSE-BLAGNAC,2025052018,0,19.5,68
TOULOUSE-BLAGNAC,2025052019,0,18.7,69
TOULOUSE-BLAGNAC,2025052020,0,18.1,71
TOULOUSE-BLAGNAC,2025052021,0,17.6,70
TOULOUSE-BLAGNAC,2025052022,0,16.6,74
TOULOUSE-BLAGNAC,2025052023,0,15.6,77
TOULOUSE-BLAGNAC,2025052100,0,14.7,81
TOULOUSE-BLAGNAC,2025052101,0,13.7,86
TOULOUSE-BLAGNAC,2025052102,0,12.9,90
TOULOUSE-BLAGNAC,2025052103,0,12.8,91
TOULOUSE-BLAGNAC,2025052104,0,12.7,92
TOULOUSE-BLAGNAC,2025052105,0,12.4,90
TOULOUSE-BLAGNAC,2025052106,0,12.9,87
TOULOUSE-BLAGNAC,2025052107,0,13.3,82
TOULOUSE-BLAGNAC,2025052108,0,14,78
TOULOUSE-BLAGNAC,2025052109,0,15,76
TOULOUSE-BLAGNAC,2025052110,0,16.4,71
TOULOUSE-BLAGNAC,2025052111,0,17.7,67
TOULOUSE-BLAGNAC,2025052112,0,18.8,62
TOULOUSE-BLAGNAC,2025052113,0,19.2,56
TOULOUSE-BLAGNAC,2025052114,0,20.9,50
TOULOUSE-BLAGNAC,2025052115,0,20.1,52
TOULOUSE-BLAGNAC,2025052116,0,19.7,56
TOULOUSE-BLAGNAC,2025052117,0,19.4,58
TOULOUSE-BLAGNAC,2025052118,0,18.9,63
TOULOUSE-BLAGNAC,2025052119,0,18.1,65
TOULOUSE-BLAGNAC,2025052120,0,14.9,82
TOULOUSE-BLAGNAC,2025052121,0,14.8,83
TOULOUSE-BLAGNAC,2025052122,0,14.7,77
TOULOUSE-BLAGNAC,2025052123,0,14.5,80
TOULOUSE-BLAGNAC,2025052200,0.4,13.4,90
TOULOUSE-BLAGNAC,2025052201,0.2,13.3,89
TOULOUSE-BLAGNAC,2025052202,1.6,12.6,93
TOULOUSE-BLAGNAC,2025052203,0,12.3,93
TOULOUSE-BLAGNAC,2025052204,0,11.9,94
TOULOUSE-BLAGNAC,2025052205,0,11.7,94
TOULOUSE-BLAGNAC,2025052206,0,12.4,93
TOULOUSE-BLAGNAC,2025052207,0,13,91
TOULOUSE-BLAGNAC,2025052208,0,14,80
TOULOUSE-BLAGNAC,2025052209,0,15.4,70
TOULOUSE-BLAGNAC,2025052210,0,14.9,68
TOULOUSE-BLAGNAC,2025052211,0,15.6,64
TOULOUSE-BLAGNAC,2025052212,0,16.2,63
TOULOUSE-BLAGNAC,2025052213,0,17.7,54
TOULOUSE-BLAGNAC,2025052214,0,18.3,48
TOULOUSE-BLAGNAC,2025052215,0,18.1,47
TOULOUSE-BLAGNAC,2025052216,0,18.9,45
TOULOUSE-BLAGNAC,2025052217,0,18.9,47
TOULOUSE-BLAGNAC,2025052218,0,18.2,51
TOULOUSE-BLAGNAC,2025052219,0,16.8,55
TOULOUSE-BLAGNAC,2025052220,0,15.1,62
TOULOUSE-BLAGNAC,2025052221,0,14.9,64
TOULOUSE-BLAGNAC,2025052222,0,13.8,69
TOULOUSE-BLAGNAC,2025052223,0,13.3,71
TOULOUSE-BLAGNAC,2025052300,0,12.8,76
TOULOUSE-BLAGNAC,2025052301,0,12.5,80
TOULOUSE-BLAGNAC,2025052302,0,12.2,84
TOULOUSE-BLAGNAC,2025052303,0,11.7,87
TOULOUSE-BLAGNAC,2025052304,0,11.6,90
TOULOUSE-BLAGNAC,2025052305,0,12.4,89
TOULOUSE-BLAGNAC,2025052306,0,13.2,86
TOULOUSE-BLAGNAC,2025052307,0,13.5,86
TOULOUSE-BLAGNAC,2025052308,0,14.7,81
TOULOUSE-BLAGNAC,2025052309,0,15.9,74
TOULOUSE-BLAGNAC,2025052310,0,16.2,73
TOULOUSE-BLAGNAC,2025052311,0,18.1,67
TOULOUSE-BLAGNAC,2025052312,0,19.4,64
TOULOUSE-BLAGNAC,2025052313,0,20.6,54
TOULOUSE-BLAGNAC,2025052314,0,21.9,45
TOULOUSE-BLAGNAC,2025052315,0,22.3,44
TOULOUSE-BLAGNAC,2025052316,0,21.8,51
TOULOUSE-BLAGNAC,2025052317,0,20.7,54
TOULOUSE-BLAGNAC,2025052318,0,19.6,59
TOULOUSE-BLAGNAC,2025052319,0,17.3,68
TOULOUSE-BLAGNAC,2025052320,0,16.4,75
TOULOUSE-BLAGNAC,2025052321,0,15.7,74
TOULOUSE-BLAGNAC,2025052322,0,15.4,78
TOULOUSE-BLAGNAC,2025052323,0,14.2,83
TOULOUSE-BLAGNAC,2025052400,0,13.8,85
TOULOUSE-BLAGNAC,2025052401,0,13.6,86
TOULOUSE-BLAGNAC,2025052402,0,13,88
TOULOUSE-BLAGNAC,2025052403,0,12.5,91
TOULOUSE-BLAGNAC,2025052404,0,11.8,92
TOULOUSE-BLAGNAC,2025052405,0,12,89
TOULOUSE-BLAGNAC,2025052406,0,13.4,85
TOULOUSE-BLAGNAC,2025052407,0,14.3,78
TOULOUSE-BLAGNAC,2025052408,0,15.3,71
TOULOUSE-BLAGNAC,2025052409,0,17.3,63
TOULOUSE-BLAGNAC,2025052410,0,18,55
TOULOUSE-BLAGNAC,2025052411,0,19,52
TOULOUSE-BLAGNAC,2025052412,0,19.6,50
TOULOUSE-BLAGNAC,2025052413,0,20.5,45
TOULOUSE-BLAGNAC,2025052414,0,21.1,46
TOULOUSE-BLAGNAC,2025052415,0,22,43
TOULOUSE-BLAGNAC,2025052416,0,21.6,43
TOULOUSE-BLAGNAC,2025052417,0,21.5,42
TOULOUSE-BLAGNAC,2025052418,0,20.5,46
TOULOUSE-BLAGNAC,2025052419,0,19.7,50
TOULOUSE-BLAGNAC,2025052420,0,17.8,59
TOULOUSE-BLAGNAC,2025052421,0,17.4,58
TOULOUSE-BLAGNAC,2025052422,0,16,63
TOULOUSE-BLAGNAC,2025052423,0,15.2,66
TOULOUSE-BLAGNAC,2025052500,0,13.3,77
TOULOUSE-BLAGNAC,2025052501,0,12.7,80
TOULOUSE-BLAGNAC,2025052502,0,11.8,87
TOULOUSE-BLAGNAC,2025052503,0,11.1,89
TOULOUSE-BLAGNAC,2025052504,0,10.5,91
TOULOUSE-BLAGNAC,2025052505,0,10.5,93
TOULOUSE-BLAGNAC,2025052506,0,12.4,87
TOULOUSE-BLAGNAC,2025052507,0,15.2,75
TOULOUSE-BLAGNAC,2025052508,0,18,63
TOULOUSE-BLAGNAC,2025052509,0,20.1,61
TOULOUSE-BLAGNAC,2025052510,0,20.7,54
TOULOUSE-BLAGNAC,2025052511,0,21.3,57
TOULOUSE-BLAGNAC,2025052512,0,22,54
TOULOUSE-BLAGNAC,2025052513,0,23.3,48
TOULOUSE-BLAGNAC,2025052514,0,23.8,46
TOULOUSE-BLAGNAC,2025052515,0,24.1,46
TOULOUSE-BLAGNAC,2025052516,0,24,40
TOULOUSE-BLAGNAC,2025052517,0,22.2,46
TOULOUSE-BLAGNAC,2025052518,0,21.9,51
TOULOUSE-BLAGNAC,2025052519,0,20.9,56
TOULOUSE-BLAGNAC,2025052520,0,19.3,61
TOULOUSE-BLAGNAC,2025052521,0,18.1,63
TOULOUSE-BLAGNAC,2025052522,0,16.5,73
TOULOUSE-BLAGNAC,2025052523,0,15.6,78
TOULOUSE-BLAGNAC,2025052600,0,15,81
TOULOUSE-BLAGNAC,2025052601,0,15.3,81
TOULOUSE-BLAGNAC,2025052602,0,15.3,82
TOULOUSE-BLAGNAC,2025052603,0,14.5,93
TOULOUSE-BLAGNAC,2025052604,0,14.4,94
TOULOUSE-BLAGNAC,2025052605,0,14.5,93
TOULOUSE-BLAGNAC,2025052606,0,15,90
TOULOUSE-BLAGNAC,2025052607,0,16.1,80
TOULOUSE-BLAGNAC,2025052608,0,17.1,74
TOULOUSE-BLAGNAC,2025052609,0,18.6,64
TOULOUSE-BLAGNAC,2025052610,0,19.7,58
TOULOUSE-BLAGNAC,2025052611,0,19.6,54
TOULOUSE-BLAGNAC,2025052612,0,19.8,53
TOULOUSE-BLAGNAC,2025052613,0,20,55
TOULOUSE-BLAGNAC,2025052614,0,20.5,54
TOULOUSE-BLAGNAC,2025052615,0,20.5,54
TOULOUSE-BLAGNAC,2025052616,0,20.7,52
TOULOUSE-BLAGNAC,2025052617,0,20.2,53
TOULOUSE-BLAGNAC,2025052618,0,19.9,54
TOULOUSE-BLAGNAC,2025052619,0,19.1,56
TOULOUSE-BLAGNAC,2025052620,0,17.2,64
TOULOUSE-BLAGNAC,2025052621,0,16.2,66
TOULOUSE-BLAGNAC,2025052622,0,15.4,69
TOULOUSE-BLAGNAC,2025052623,0,14.7,71
TOULOUSE-BLAGNAC,2025052700,0,14.3,73
TOULOUSE-BLAGNAC,2025052701,0,12.8,81
TOULOUSE-BLAGNAC,2025052702,0,13.6,80
TOULOUSE-BLAGNAC,2025052703,0,13.3,80
TOULOUSE-BLAGNAC,2025052704,0,12.2,84
TOULOUSE-BLAGNAC,2025052705,0,12,83
TOULOUSE-BLAGNAC,2025052706,0,13.6,80
TOULOUSE-BLAGNAC,2025052707,0,15.1,73
TOULOUSE-BLAGNAC,2025052708,0,16,70
TOULOUSE-BLAGNAC,2025052709,0,17.3,59
TOULOUSE-BLAGNAC,2025052710,0,18.3,55
TOULOUSE-BLAGNAC,2025052711,0,19.1,55
TOULOUSE-BLAGNAC,2025052712,0,19.7,53
TOULOUSE-BLAGNAC,2025052713,0,21.1,48
TOULOUSE-BLAGNAC,2025052714,0,21.4,48
TOULOUSE-BLAGNAC,2025052715,0,22,49
TOULOUSE-BLAGNAC,2025052716,0,22.3,47
TOULOUSE-BLAGNAC,2025052717,0,21.8,48
TOULOUSE-BLAGNAC,2025052718,0,21.3,48
TOULOUSE-BLAGNAC,2025052719,0,20,53
TOULOUSE-BLAGNAC,2025052720,0,18.3,59
TOULOUSE-BLAGNAC,2025052721,0,17.9,60
TOULOUSE-BLAGNAC,2025052722,0,16.8,64
TOULOUSE-BLAGNAC,2025052723,0,15.7,70
TOULOUSE-BLAGNAC,2025052800,0,13.8,81
TOULOUSE-BLAGNAC,2025052801,0,13.1,84
TOULOUSE-BLAGNAC,2025052802,0,12.3,88
TOULOUSE-BLAGNAC,2025052803,0,12.1,91
TOULOUSE-BLAGNAC,2025052804,0,11.4,92
TOULOUSE-BLAGNAC,2025052805,0,11.6,92
TOULOUSE-BLAGNAC,2025052806,0,13.4,86
TOULOUSE-BLAGNAC,2025052807,0,16.7,72
TOULOUSE-BLAGNAC,2025052808,0,19.7,62
TOULOUSE-BLAGNAC,2025052809,0,21.1,57
TOULOUSE-BLAGNAC,2025052810,0,22.5,57
TOULOUSE-BLAGNAC,2025052811,0,23.2,54
TOULOUSE-BLAGNAC,2025052812,0,24.1,50
TOULOUSE-BLAGNAC,2025052813,0,25,46
TOULOUSE-BLAGNAC,2025052814,0,25.6,47
TOULOUSE-BLAGNAC,2025052815,0,25.9,48
TOULOUSE-BLAGNAC,2025052816,0,26,48
TOULOUSE-BLAGNAC,2025052817,0,25.6,49
TOULOUSE-BLAGNAC,2025052818,0,24.7,53
TOULOUSE-BLAGNAC,2025052819,0,23.2,58
TOULOUSE-BLAGNAC,2025052820,0,21.6,63
TOULOUSE-BLAGNAC,2025052821,0,20.5,65
TOULOUSE-BLAGNAC,2025052822,0,19.2,70
TOULOUSE-BLAGNAC,2025052823,0,18.7,72
TOULOUSE-BLAGNAC,2025052900,0,18.1,74
TOULOUSE-BLAGNAC,2025052901,0,16.8,78
TOULOUSE-BLAGNAC,2025052902,0,16.2,80
TOULOUSE-BLAGNAC,2025052903,0,15.8,82
TOULOUSE-BLAGNAC,2025052904,0,14.7,86
TOULOUSE-BLAGNAC,2025052905,0,15.2,86
TOULOUSE-BLAGNAC,2025052906,0,16.5,82
TOULOUSE-BLAGNAC,2025052907,0,18.3,76
TOULOUSE-BLAGNAC,2025052908,0,20.8,65
TOULOUSE-BLAGNAC,2025052909,0,21.8,57
TOULOUSE-BLAGNAC,2025052910,0,23.5,50
TOULOUSE-BLAGNAC,2025052911,0,24.9,54
TOULOUSE-BLAGNAC,2025052912,0,26.1,50
TOULOUSE-BLAGNAC,2025052913,0,27.5,46
TOULOUSE-BLAGNAC,2025052914,0,28.2,43
TOULOUSE-BLAGNAC,2025052915,0,28.7,43
TOULOUSE-BLAGNAC,2025052916,0,28.3,40
TOULOUSE-BLAGNAC,2025052917,0,27.8,44
TOULOUSE-BLAGNAC,2025052918,0,27.2,45
TOULOUSE-BLAGNAC,2025052919,0,26.4,50
TOULOUSE-BLAGNAC,2025052920,0,25.1,53
TOULOUSE-BLAGNAC,2025052921,0,23.5,59
TOULOUSE-BLAGNAC,2025052922,0,21.9,66
TOULOUSE-BLAGNAC,2025052923,0,19.7,75
TOULOUSE-BLAGNAC,2025053000,0,18.3,83
TOULOUSE-BLAGNAC,2025053001,0,17.9,85
TOULOUSE-BLAGNAC,2025053002,0,16.9,88
TOULOUSE-BLAGNAC,2025053003,0,16.4,89
TOULOUSE-BLAGNAC,2025053004,0,15.6,91
TOULOUSE-BLAGNAC,2025053005,0,15.7,91
TOULOUSE-BLAGNAC,2025053006,0,17.5,87
TOULOUSE-BLAGNAC,2025053007,0,21,71
TOULOUSE-BLAGNAC,2025053008,0,23.5,65
TOULOUSE-BLAGNAC,2025053009,0,26.4,53
TOULOUSE-BLAGNAC,2025053010,0,28.6,48
TOULOUSE-BLAGNAC,2025053011,0,29.8,42
TOULOUSE-BLAGNAC,2025053012,0,31.6,37
TOULOUSE-BLAGNAC,2025053013,0,32.7,32
TOULOUSE-BLAGNAC,2025053014,0,33.4,30
TOULOUSE-BLAGNAC,2025053015,0,34.3,29
TOULOUSE-BLAGNAC,2025053016,0,33.5,28
TOULOUSE-BLAGNAC,2025053017,0,33.1,29
TOULOUSE-BLAGNAC,2025053018,0,32.4,30
TOULOUSE-BLAGNAC,2025053019,0,29.3,37
TOULOUSE-BLAGNAC,2025053020,0,26.2,44
TOULOUSE-BLAGNAC,2025053021,0,24.8,45
TOULOUSE-BLAGNAC,2025053022,0,24.9,47
TOULOUSE-BLAGNAC,2025053023,0,22.3,69
TOULOUSE-BLAGNAC,2025053100,0,21,71
TOULOUSE-BLAGNAC,2025053101,0,20.8,71
TOULOUSE-BLAGNAC,2025053102,0,20.4,73
TOULOUSE-BLAGNAC,2025053103,0,20.2,75
TOULOUSE-BLAGNAC,2025053104,0,19.8,78
TOULOUSE-BLAGNAC,2025053105,0,19.3,81
TOULOUSE-BLAGNAC,2025053106,0,20.4,74
TOULOUSE-BLAGNAC,2025053107,0,23,64
TOULOUSE-BLAGNAC,2025053108,0,25.5,56
TOULOUSE-BLAGNAC,2025053109,0,27.1,48
TOULOUSE-BLAGNAC,2025053110,0,28.2,48
TOULOUSE-BLAGNAC,2025053111,0,28.9,48
TOULOUSE-BLAGNAC,2025053112,0,29.7,45
TOULOUSE-BLAGNAC,2025053113,0,30.5,43
TOULOUSE-BLAGNAC,2025053114,0,31.1,42
TOULOUSE-BLAGNAC,2025053115,0,31.9,40
TOULOUSE-BLAGNAC,2025053116,0,31.2,38
TOULOUSE-BLAGNAC,2025053117,0,31.1,39
TOULOUSE-BLAGNAC,2025053118,0,30,47
TOULOUSE-BLAGNAC,2025053119,0,28.1,53
TOULOUSE-BLAGNAC,2025053120,0,26.8,58
TOULOUSE-BLAGNAC,2025053121,0,25.7,62
TOULOUSE-BLAGNAC,2025053122,0,23.5,72
TOULOUSE-BLAGNAC,2025053123,0,22.6,77
TOULOUSE-BLAGNAC,2025060100,0,22.1,79
TOULOUSE-BLAGNAC,2025060101,0,20.1,87
TOULOUSE-BLAGNAC,2025060102,0,18.5,88
TOULOUSE-BLAGNAC,2025060103,0,18.2,88
TOULOUSE-BLAGNAC,2025060104,0,17.9,89
TOULOUSE-BLAGNAC,2025060105,0,17.6,90
TOULOUSE-BLAGNAC,2025060106,0,17.5,90
TOULOUSE-BLAGNAC,2025060107,0,18.9,85
TOULOUSE-BLAGNAC,2025060108,0,20.6,80
TOULOUSE-BLAGNAC,2025060109,0,22.4,76
TOULOUSE-BLAGNAC,2025060110,0,22.3,76
TOULOUSE-BLAGNAC,2025060111,0,22.1,77
TOULOUSE-BLAGNAC,2025060112,0,21.3,78
TOULOUSE-BLAGNAC,2025060113,0,21.2,79
TOULOUSE-BLAGNAC,2025060114,0,20.7,80
TOULOUSE-BLAGNAC,2025060115,0,20.4,80
TOULOUSE-BLAGNAC,2025060116,0,20.5,78
TOULOUSE-BLAGNAC,2025060117,0,20.2,79
TOULOUSE-BLAGNAC,2025060118,0,20,78
TOULOUSE-BLAGNAC,2025060119,0,19.9,78
TOULOUSE-BLAGNAC,2025060120,0,18.3,92
TOULOUSE-BLAGNAC,2025060121,2,18,94
TOULOUSE-BLAGNAC,2025060122,0.6,17.9,93
TOULOUSE-BLAGNAC,2025060123,0,17.8,94
TOULOUSE-BLAGNAC,2025060200,0,17.7,94
TOULOUSE-BLAGNAC,2025060201,0,17.9,95
TOULOUSE-BLAGNAC,2025060202,0,17.9,94
TOULOUSE-BLAGNAC,2025060203,0,17.5,95
TOULOUSE-BLAGNAC,2025060204,0,17.4,94
TOULOUSE-BLAGNAC,2025060205,0.2,17.3,94
TOULOUSE-BLAGNAC,2025060206,2.4,16.9,95
TOULOUSE-BLAGNAC,2025060207,4.3,16.5,96
TOULOUSE-BLAGNAC,2025060208,3.4,16.4,96
TOULOUSE-BLAGNAC,2025060209,0.2,16.9,92
TOULOUSE-BLAGNAC,2025060210,0.4,17.3,93
TOULOUSE-BLAGNAC,2025060211,0,17.6,92
TOULOUSE-BLAGNAC,2025060212,0,18.2,90
TOULOUSE-BLAGNAC,2025060213,0,18.6,86
TOULOUSE-BLAGNAC,2025060214,0.2,18.5,89
TOULOUSE-BLAGNAC,2025060215,0,19.5,82
TOULOUSE-BLAGNAC,2025060216,0,19.6,80
TOULOUSE-BLAGNAC,2025060217,0.2,18.8,87
TOULOUSE-BLAGNAC,2025060218,0.2,18.1,92
TOULOUSE-BLAGNAC,2025060219,0,17.5,92
TOULOUSE-BLAGNAC,2025060220,0,16.8,92
TOULOUSE-BLAGNAC,2025060221,0,17,92
TOULOUSE-BLAGNAC,2025060222,0,16.4,94
TOULOUSE-BLAGNAC,2025060223,0,16.1,94
TOULOUSE-BLAGNAC,2025060300,0,16.1,94
TOULOUSE-BLAGNAC,2025060301,0,15.8,97
TOULOUSE-BLAGNAC,2025060302,0,15.2,96
TOULOUSE-BLAGNAC,2025060303,0,15.6,97
TOULOUSE-BLAGNAC,2025060304,0,15.1,96
TOULOUSE-BLAGNAC,2025060305,0,15.6,98
TOULOUSE-BLAGNAC,2025060306,0,16.1,98
TOULOUSE-BLAGNAC,2025060307,0,16.8,96
TOULOUSE-BLAGNAC,2025060308,0,18.6,87
TOULOUSE-BLAGNAC,2025060309,0,19.3,79
TOULOUSE-BLAGNAC,2025060310,0.2,20.7,73
TOULOUSE-BLAGNAC,2025060311,0,21.9,71
TOULOUSE-BLAGNAC,2025060312,0,23.8,62
TOULOUSE-BLAGNAC,2025060313,0,23.6,65
TOULOUSE-BLAGNAC,2025060314,0,23.5,71
TOULOUSE-BLAGNAC,2025060315,0,23.5,70
TOULOUSE-BLAGNAC,2025060316,0,24.1,67
TOULOUSE-BLAGNAC,2025060317,0,22.9,71
TOULOUSE-BLAGNAC,2025060318,0,21.7,76
TOULOUSE-BLAGNAC,2025060319,0,21,81
TOULOUSE-BLAGNAC,2025060320,1.8,19.6,91
TOULOUSE-BLAGNAC,2025060321,0.2,19.6,89
TOULOUSE-BLAGNAC,2025060322,0,19.3,91
TOULOUSE-BLAGNAC,2025060323,1.8,18.8,93
TOULOUSE-BLAGNAC,2025060400,0.6,18.3,94
TOULOUSE-BLAGNAC,2025060401,0,16.8,92
TOULOUSE-BLAGNAC,2025060402,0,16.4,93
TOULOUSE-BLAGNAC,2025060403,0.4,15.5,94
TOULOUSE-BLAGNAC,2025060404,0.8,14.4,93
TOULOUSE-BLAGNAC,2025060405,0,14.4,94
TOULOUSE-BLAGNAC,2025060406,1.6,14.3,95
TOULOUSE-BLAGNAC,2025060407,2,14.1,93
TOULOUSE-BLAGNAC,2025060408,2.2,14.5,96
TOULOUSE-BLAGNAC,2025060409,0.7,15.6,93
TOULOUSE-BLAGNAC,2025060410,0,16,91
TOULOUSE-BLAGNAC,2025060411,0,18.5,81
TOULOUSE-BLAGNAC,2025060412,0,19.4,75
TOULOUSE-BLAGNAC,2025060413,0,21.7,62
TOULOUSE-BLAGNAC,2025060414,0,22.4,55
TOULOUSE-BLAGNAC,2025060415,0,22.8,54
TOULOUSE-BLAGNAC,2025060416,0,22.2,58
TOULOUSE-BLAGNAC,2025060417,0,21.2,63
TOULOUSE-BLAGNAC,2025060418,0.6,18.5,85
TOULOUSE-BLAGNAC,2025060419,0.2,18,85
TOULOUSE-BLAGNAC,2025060420,0.4,17.3,89
TOULOUSE-BLAGNAC,2025060421,0,17,90
TOULOUSE-BLAGNAC,2025060422,0,17.3,92
TOULOUSE-BLAGNAC,2025060423,1.4,16.4,89
TOULOUSE-BLAGNAC,2025060500,0,16.3,91
TOULOUSE-BLAGNAC,2025060501,0,16.3,88
TOULOUSE-BLAGNAC,2025060502,0,16.2,90
TOULOUSE-BLAGNAC,2025060503,0,16.1,92
TOULOUSE-BLAGNAC,2025060504,0,15.8,93
TOULOUSE-BLAGNAC,2025060505,0,15.7,93
TOULOUSE-BLAGNAC,2025060506,0,16.1,90
TOULOUSE-BLAGNAC,2025060507,0,16.9,83
TOULOUSE-BLAGNAC,2025060508,0,17.7,78
TOULOUSE-BLAGNAC,2025060509,0,18.5,76
TOULOUSE-BLAGNAC,2025060510,0,19.9,72
TOULOUSE-BLAGNAC,2025060511,0,20.6,66
TOULOUSE-BLAGNAC,2025060512,0,21.4,64
TOULOUSE-BLAGNAC,2025060513,0,22.5,60
TOULOUSE-BLAGNAC,2025060514,0,23.8,56
TOULOUSE-BLAGNAC,2025060515,0,25,55
TOULOUSE-BLAGNAC,2025060516,0,24.9,53
TOULOUSE-BLAGNAC,2025060517,0,24.3,55
TOULOUSE-BLAGNAC,2025060518,0,24,55
TOULOUSE-BLAGNAC,2025060519,0,22.7,61
TOULOUSE-BLAGNAC,2025060520,0,22.1,65
TOULOUSE-BLAGNAC,2025060521,0,20.5,71
TOULOUSE-BLAGNAC,2025060522,0,19.9,75
TOULOUSE-BLAGNAC,2025060523,0,18.7,81
TOULOUSE-BLAGNAC,2025060600,0,18.5,83
TOULOUSE-BLAGNAC,2025060601,0,18.1,85
TOULOUSE-BLAGNAC,2025060602,0,17.9,83
TOULOUSE-BLAGNAC,2025060603,0,17.9,78
TOULOUSE-BLAGNAC,2025060604,0,17.8,78
TOULOUSE-BLAGNAC,2025060605,0,18.1,77
TOULOUSE-BLAGNAC,2025060606,0,18.5,76
TOULOUSE-BLAGNAC,2025060607,0,19.6,74
TOULOUSE-BLAGNAC,2025060608,0,21.2,63
TOULOUSE-BLAGNAC,2025060609,0,22.2,65
TOULOUSE-BLAGNAC,2025060610,0,24.2,56
TOULOUSE-BLAGNAC,2025060611,0,24.7,57
TOULOUSE-BLAGNAC,2025060612,0,25.1,59
TOULOUSE-BLAGNAC,2025060613,0,24.7,59
TOULOUSE-BLAGNAC,2025060614,0,25.1,60
TOULOUSE-BLAGNAC,2025060615,0,24.1,61
TOULOUSE-BLAGNAC,2025060616,0,24.3,60
TOULOUSE-BLAGNAC,2025060617,0,23.9,62
TOULOUSE-BLAGNAC,2025060618,0,23.9,63
TOULOUSE-BLAGNAC,2025060619,0,23.5,62
TOULOUSE-BLAGNAC,2025060620,0,22.6,68
TOULOUSE-BLAGNAC,2025060621,0,21.7,71
TOULOUSE-BLAGNAC,2025060622,0,20.5,77
TOULOUSE-BLAGNAC,2025060623,0,20,78
TOULOUSE-BLAGNAC,2025060700,0,19.8,81
TOULOUSE-BLAGNAC,2025060701,0,18.9,84
TOULOUSE-BLAGNAC,2025060702,0,18.3,86
TOULOUSE-BLAGNAC,2025060703,0,18.8,86
TOULOUSE-BLAGNAC,2025060704,0,18.5,89
TOULOUSE-BLAGNAC,2025060705,0,18.5,87
TOULOUSE-BLAGNAC,2025060706,0,18.7,83
TOULOUSE-BLAGNAC,2025060707,0,18.5,80
TOULOUSE-BLAGNAC,2025060708,0,18.6,71
TOULOUSE-BLAGNAC,2025060709,0,18.4,78
TOULOUSE-BLAGNAC,2025060710,0,19.8,72
TOULOUSE-BLAGNAC,2025060711,0,20.5,65
TOULOUSE-BLAGNAC,2025060712,0,20.2,64
TOULOUSE-BLAGNAC,2025060713,0,20.4,64
TOULOUSE-BLAGNAC,2025060714,0,21.6,60
TOULOUSE-BLAGNAC,2025060715,0,21.3,62
TOULOUSE-BLAGNAC,2025060716,0,22.1,60
TOULOUSE-BLAGNAC,2025060717,0,21.7,61
TOULOUSE-BLAGNAC,2025060718,0,21.4,62
TOULOUSE-BLAGNAC,2025060719,0,20.7,65
TOULOUSE-BLAGNAC,2025060720,0,19.2,72
TOULOUSE-BLAGNAC,2025060721,0,18.5,75
TOULOUSE-BLAGNAC,2025060722,0,18.5,75
TOULOUSE-BLAGNAC,2025060723,0,17.5,74
TOULOUSE-BLAGNAC,2025060800,0,16.1,78
TOULOUSE-BLAGNAC,2025060801,0,15.2,82
TOULOUSE-BLAGNAC,2025060802,0,15.3,82
TOULOUSE-BLAGNAC,2025060803,0,15.4,83
TOULOUSE-BLAGNAC,2025060804,0,14.7,85
TOULOUSE-BLAGNAC,2025060805,0,14.3,88
TOULOUSE-BLAGNAC,2025060806,0,15.9,83
TOULOUSE-BLAGNAC,2025060807,0,17.4,77
TOULOUSE-BLAGNAC,2025060808,0,18.4,73
TOULOUSE-BLAGNAC,2025060809,0,18.8,71
TOULOUSE-BLAGNAC,2025060810,0,19.8,68
TOULOUSE-BLAGNAC,2025060811,0,19.1,69
TOULOUSE-BLAGNAC,2025060812,0,21.7,61
TOULOUSE-BLAGNAC,2025060813,0,22,54
TOULOUSE-BLAGNAC,2025060814,0,23.9,47
TOULOUSE-BLAGNAC,2025060815,0,23.6,48
TOULOUSE-BLAGNAC,2025060816,0,24.1,48
TOULOUSE-BLAGNAC,2025060817,0,22.8,49
TOULOUSE-BLAGNAC,2025060818,0,23,48
TOULOUSE-BLAGNAC,2025060819,0,21.7,53
TOULOUSE-BLAGNAC,2025060820,0,20.7,57
TOULOUSE-BLAGNAC,2025060821,0,18.7,65
TOULOUSE-BLAGNAC,2025060822,0,17.9,68
TOULOUSE-BLAGNAC,2025060823,0,16.5,76
TOULOUSE-BLAGNAC,2025060900,0,16.4,78
TOULOUSE-BLAGNAC,2025060901,0,15.2,83
TOULOUSE-BLAGNAC,2025060902,0,13.9,91
TOULOUSE-BLAGNAC,2025060903,0,13.5,94
TOULOUSE-BLAGNAC,2025060904,0,12.8,94
TOULOUSE-BLAGNAC,2025060905,0.2,12.9,95
TOULOUSE-BLAGNAC,2025060906,0,14.5,94
TOULOUSE-BLAGNAC,2025060907,0,17.2,82
TOULOUSE-BLAGNAC,2025060908,0,19.8,66
TOULOUSE-BLAGNAC,2025060909,0,22.2,55
TOULOUSE-BLAGNAC,2025060910,0,23.4,44
TOULOUSE-BLAGNAC,2025060911,0,24.3,44
TOULOUSE-BLAGNAC,2025060912,0,25,45
TOULOUSE-BLAGNAC,2025060913,0,25.9,40
TOULOUSE-BLAGNAC,2025060914,0,26.7,37
TOULOUSE-BLAGNAC,2025060915,0,27.2,37
TOULOUSE-BLAGNAC,2025060916,0,27.2,34
TOULOUSE-BLAGNAC,2025060917,0,27,31
TOULOUSE-BLAGNAC,2025060918,0,26.1,38
TOULOUSE-BLAGNAC,2025060919,0,25.1,41
TOULOUSE-BLAGNAC,2025060920,0,24,46
TOULOUSE-BLAGNAC,2025060921,0,22.2,53
TOULOUSE-BLAGNAC,2025060922,0,20.2,60
TOULOUSE-BLAGNAC,2025060923,0,19.2,65
TOULOUSE-BLAGNAC,2025061000,0,17.2,75
TOULOUSE-BLAGNAC,2025061001,0,15.9,85
TOULOUSE-BLAGNAC,2025061002,0,15.7,85
TOULOUSE-BLAGNAC,2025061003,0,15,87
TOULOUSE-BLAGNAC,2025061004,0,14.2,90
TOULOUSE-BLAGNAC,2025061005,0,14.5,91
TOULOUSE-BLAGNAC,2025061006,0,16.2,85
TOULOUSE-BLAGNAC,2025061007,0,20,66
TOULOUSE-BLAGNAC,2025061008,0,22.7,52
TOULOUSE-BLAGNAC,2025061009,0,24.9,50
TOULOUSE-BLAGNAC,2025061010,0,27.1,44
TOULOUSE-BLAGNAC,2025061011,0,28.4,44
TOULOUSE-BLAGNAC,2025061012,0,29.8,40
TOULOUSE-BLAGNAC,2025061013,0,31,39
TOULOUSE-BLAGNAC,2025061014,0,32.6,33
TOULOUSE-BLAGNAC,2025061015,0,32.8,35
TOULOUSE-BLAGNAC,2025061016,0,32.3,34
TOULOUSE-BLAGNAC,2025061017,0,32.3,36
TOULOUSE-BLAGNAC,2025061018,0,30.7,39
TOULOUSE-BLAGNAC,2025061019,0,29.3,43
TOULOUSE-BLAGNAC,2025061020,0,28.2,46
TOULOUSE-BLAGNAC,2025061021,0,27.3,48
TOULOUSE-BLAGNAC,2025061022,0,25.8,56
TOULOUSE-BLAGNAC,2025061023,0,24.2,61
TOULOUSE-BLAGNAC,2025061100,0,22.4,68
TOULOUSE-BLAGNAC,2025061101,0,22.4,69
TOULOUSE-BLAGNAC,2025061102,0,21.3,74
TOULOUSE-BLAGNAC,2025061103,0,19.7,80
TOULOUSE-BLAGNAC,2025061104,0,18.7,88
TOULOUSE-BLAGNAC,2025061105,0,18.9,89
TOULOUSE-BLAGNAC,2025061106,0,21.6,77
TOULOUSE-BLAGNAC,2025061107,0,23.5,71
TOULOUSE-BLAGNAC,2025061108,0,26.3,60
TOULOUSE-BLAGNAC,2025061109,0,28.8,49
TOULOUSE-BLAGNAC,2025061110,0,30.6,41
TOULOUSE-BLAGNAC,2025061111,0,32.4,36
TOULOUSE-BLAGNAC,2025061112,0,33.6,37
TOULOUSE-BLAGNAC,2025061113,0,34.7,36
TOULOUSE-BLAGNAC,2025061114,0,34.8,37
TOULOUSE-BLAGNAC,2025061115,0,35,34
TOULOUSE-BLAGNAC,2025061116,0,34.1,33
TOULOUSE-BLAGNAC,2025061117,0,30.9,36
TOULOUSE-BLAGNAC,2025061118,0,27.6,52
TOULOUSE-BLAGNAC,2025061119,0,27.6,54
TOULOUSE-BLAGNAC,2025061120,0,26.4,45
TOULOUSE-BLAGNAC,2025061121,0,24.7,61
TOULOUSE-BLAGNAC,2025061122,0,24.5,49
TOULOUSE-BLAGNAC,2025061123,0,23.8,49
TOULOUSE-BLAGNAC,2025061200,0,23.7,51
TOULOUSE-BLAGNAC,2025061201,0,23,66
TOULOUSE-BLAGNAC,2025061202,0,21.9,67
TOULOUSE-BLAGNAC,2025061203,0,19.9,75
TOULOUSE-BLAGNAC,2025061204,0,19.4,82
TOULOUSE-BLAGNAC,2025061205,0,20.1,78
TOULOUSE-BLAGNAC,2025061206,0,21.2,77
TOULOUSE-BLAGNAC,2025061207,0,23.6,72
TOULOUSE-BLAGNAC,2025061208,0,25.3,64
TOULOUSE-BLAGNAC,2025061209,0,26.7,61
TOULOUSE-BLAGNAC,2025061210,0,27.1,58
TOULOUSE-BLAGNAC,2025061211,0,27.8,58
TOULOUSE-BLAGNAC,2025061212,0,29.1,56
TOULOUSE-BLAGNAC,2025061213,0,29.8,54
TOULOUSE-BLAGNAC,2025061214,0,30,53
TOULOUSE-BLAGNAC,2025061215,0,30.2,55
TOULOUSE-BLAGNAC,2025061216,0,29.6,55
TOULOUSE-BLAGNAC,2025061217,0,29,56
TOULOUSE-BLAGNAC,2025061218,0,27.9,59
TOULOUSE-BLAGNAC,2025061219,0,26.2,58
TOULOUSE-BLAGNAC,2025061220,0,24.6,56
TOULOUSE-BLAGNAC,2025061221,0,23.4,60
TOULOUSE-BLAGNAC,2025061222,0,22.5,66
TOULOUSE-BLAGNAC,2025061223,0,21.7,71
TOULOUSE-BLAGNAC,2025061300,0,20.9,76
TOULOUSE-BLAGNAC,2025061301,0,20.3,81
TOULOUSE-BLAGNAC,2025061302,0,20,84
TOULOUSE-BLAGNAC,2025061303,0,20,85
TOULOUSE-BLAGNAC,2025061304,0,20,83
TOULOUSE-BLAGNAC,2025061305,0,20.2,82
TOULOUSE-BLAGNAC,2025061306,0,21.6,78
TOULOUSE-BLAGNAC,2025061307,0,23.2,72
TOULOUSE-BLAGNAC,2025061308,0,24.9,66
TOULOUSE-BLAGNAC,2025061309,0,26.1,64
TOULOUSE-BLAGNAC,2025061310,0,27.9,58
TOULOUSE-BLAGNAC,2025061311,0,28.9,56
TOULOUSE-BLAGNAC,2025061312,0,29.9,52
TOULOUSE-BLAGNAC,2025061313,0,30.7,50
TOULOUSE-BLAGNAC,2025061314,0,31,49
TOULOUSE-BLAGNAC,2025061315,0,31,51
TOULOUSE-BLAGNAC,2025061316,0,30.7,51
TOULOUSE-BLAGNAC,2025061317,0,29.7,48
TOULOUSE-BLAGNAC,2025061318,0,28.8,44
TOULOUSE-BLAGNAC,2025061319,0,27.2,46
TOULOUSE-BLAGNAC,2025061320,1.6,23.8,66
TOULOUSE-BLAGNAC,2025061321,0.2,22.3,76
TOULOUSE-BLAGNAC,2025061322,0,22.3,72
TOULOUSE-BLAGNAC,2025061323,0,21.7,78
TOULOUSE-BLAGNAC,2025061400,0,21.1,81
TOULOUSE-BLAGNAC,2025061401,0,20.4,84
TOULOUSE-BLAGNAC,2025061402,0,20,86
TOULOUSE-BLAGNAC,2025061403,0,20,82
TOULOUSE-BLAGNAC,2025061404,0,19.1,92
TOULOUSE-BLAGNAC,2025061405,0,19.2,91
TOULOUSE-BLAGNAC,2025061406,0,19.7,89
TOULOUSE-BLAGNAC,2025061407,0,20.5,85
TOULOUSE-BLAGNAC,2025061408,0,21.2,83
TOULOUSE-BLAGNAC,2025061409,0,21.2,80
TOULOUSE-BLAGNAC,2025061410,0,20.9,83
TOULOUSE-BLAGNAC,2025061411,0,21.6,80
TOULOUSE-BLAGNAC,2025061412,0,23.2,73
TOULOUSE-BLAGNAC,2025061413,0,24,68
TOULOUSE-BLAGNAC,2025061414,0,24.4,70
TOULOUSE-BLAGNAC,2025061415,0,23.9,71
TOULOUSE-BLAGNAC,2025061416,0,24.1,69
TOULOUSE-BLAGNAC,2025061417,0,24.3,68
TOULOUSE-BLAGNAC,2025061418,0,23.4,71
TOULOUSE-BLAGNAC,2025061419,0,22.7,75
TOULOUSE-BLAGNAC,2025061420,0,22.3,76
TOULOUSE-BLAGNAC,2025061421,0,22.1,76
TOULOUSE-BLAGNAC,2025061422,0,21.5,80
TOULOUSE-BLAGNAC,2025061423,0,20.9,83
TOULOUSE-BLAGNAC,2025061500,0,20.4,86
TOULOUSE-BLAGNAC,2025061501,0,20.5,86
TOULOUSE-BLAGNAC,2025061502,0,20.2,87
TOULOUSE-BLAGNAC,2025061503,0,19.6,80
TOULOUSE-BLAGNAC,2025061504,0,19.1,78
TOULOUSE-BLAGNAC,2025061505,0,18.4,79
TOULOUSE-BLAGNAC,2025061506,0,18.3,79
TOULOUSE-BLAGNAC,2025061507,0,18.4,79
TOULOUSE-BLAGNAC,2025061508,0,18.2,79
TOULOUSE-BLAGNAC,2025061509,0,17.6,83
TOULOUSE-BLAGNAC,2025061510,0,18.6,79
TOULOUSE-BLAGNAC,2025061511,0,20.3,71
TOULOUSE-BLAGNAC,2025061512,0,21.2,67
TOULOUSE-BLAGNAC,2025061513,0,21,68
TOULOUSE-BLAGNAC,2025061514,0,21,68
TOULOUSE-BLAGNAC,2025061515,0,20.8,69
TOULOUSE-BLAGNAC,2025061516,0,21,65
TOULOUSE-BLAGNAC,2025061517,0,21,65
TOULOUSE-BLAGNAC,2025061518,0,20.7,69
TOULOUSE-BLAGNAC,2025061519,0,19.7,72
TOULOUSE-BLAGNAC,2025061520,0,19.3,66
TOULOUSE-BLAGNAC,2025061521,0,19.1,67
TOULOUSE-BLAGNAC,2025061522,0,19.2,67
TOULOUSE-BLAGNAC,2025061523,0,19.1,68
TOULOUSE-BLAGNAC,2025061600,0,19,66
TOULOUSE-BLAGNAC,2025061601,0,18.9,65
TOULOUSE-BLAGNAC,2025061602,0,18.5,69
TOULOUSE-BLAGNAC,2025061603,0,17.8,73
TOULOUSE-BLAGNAC,2025061604,0,16,81
TOULOUSE-BLAGNAC,2025061605,0,15.9,84
TOULOUSE-BLAGNAC,2025061606,0,17.8,76
TOULOUSE-BLAGNAC,2025061607,0,19.7,66
TOULOUSE-BLAGNAC,2025061608,0,21.5,59
TOULOUSE-BLAGNAC,2025061609,0,23.3,46
TOULOUSE-BLAGNAC,2025061610,0,24.8,40
TOULOUSE-BLAGNAC,2025061611,0,25.6,37
TOULOUSE-BLAGNAC,2025061612,0,26.3,35
TOULOUSE-BLAGNAC,2025061613,0,27.2,35
TOULOUSE-BLAGNAC,2025061614,0,27.4,33
TOULOUSE-BLAGNAC,2025061615,0,27.9,34
TOULOUSE-BLAGNAC,2025061616,0,27.7,33
TOULOUSE-BLAGNAC,2025061617,0,27.8,37
TOULOUSE-BLAGNAC,2025061618,0,27,39
TOULOUSE-BLAGNAC,2025061619,0,25.7,43
TOULOUSE-BLAGNAC,2025061620,0,23.1,50
TOULOUSE-BLAGNAC,2025061621,0,22.3,52
TOULOUSE-BLAGNAC,2025061622,0,21.1,58
TOULOUSE-BLAGNAC,2025061623,0,20.2,61
TOULOUSE-BLAGNAC,2025061700,0,19.6,63
TOULOUSE-BLAGNAC,2025061701,0,18.3,68
TOULOUSE-BLAGNAC,2025061702,0,16.6,73
TOULOUSE-BLAGNAC,2025061703,0,14.6,84
TOULOUSE-BLAGNAC,2025061704,0,13.7,91
TOULOUSE-BLAGNAC,2025061705,0,14.4,89
TOULOUSE-BLAGNAC,2025061706,0,16.8,80
TOULOUSE-BLAGNAC,2025061707,0,20.7,62
TOULOUSE-BLAGNAC,2025061708,0,22.3,57
TOULOUSE-BLAGNAC,2025061709,0,24.5,51
TOULOUSE-BLAGNAC,2025061710,0,26.3,43
TOULOUSE-BLAGNAC,2025061711,0,27.9,38
TOULOUSE-BLAGNAC,2025061712,0,29,33
TOULOUSE-BLAGNAC,2025061713,0,30.1,31
TOULOUSE-BLAGNAC,2025061714,0,30.9,28
TOULOUSE-BLAGNAC,2025061715,0,31.1,30
TOULOUSE-BLAGNAC,2025061716,0,31.3,27
TOULOUSE-BLAGNAC,2025061717,0,30.6,30
TOULOUSE-BLAGNAC,2025061718,0,29.6,34
TOULOUSE-BLAGNAC,2025061719,0,28.2,38
TOULOUSE-BLAGNAC,2025061720,0,26.1,42
TOULOUSE-BLAGNAC,2025061721,0,24.2,50
TOULOUSE-BLAGNAC,2025061722,0,22.7,53
TOULOUSE-BLAGNAC,2025061723,0,21.3,58
TOULOUSE-BLAGNAC,2025061800,0,18.2,74
TOULOUSE-BLAGNAC,2025061801,0,17.7,75
TOULOUSE-BLAGNAC,2025061802,0,17,83
TOULOUSE-BLAGNAC,2025061803,0,16.5,85
TOULOUSE-BLAGNAC,2025061804,0,16.1,85
TOULOUSE-BLAGNAC,2025061805,0,16.2,85
TOULOUSE-BLAGNAC,2025061806,0,18.2,76
TOULOUSE-BLAGNAC,2025061807,0,21.7,66
TOULOUSE-BLAGNAC,2025061808,0,23.9,59
TOULOUSE-BLAGNAC,2025061809,0,26.2,50
TOULOUSE-BLAGNAC,2025061810,0,28.4,44
TOULOUSE-BLAGNAC,2025061811,0,29.4,36
TOULOUSE-BLAGNAC,2025061812,0,30.5,29
TOULOUSE-BLAGNAC,2025061813,0,31.3,30
TOULOUSE-BLAGNAC,2025061814,0,32.3,27
TOULOUSE-BLAGNAC,2025061815,0,32.4,29
TOULOUSE-BLAGNAC,2025061816,0,32,31
TOULOUSE-BLAGNAC,2025061817,0,31.5,32
TOULOUSE-BLAGNAC,2025061818,0,30.8,33
TOULOUSE-BLAGNAC,2025061819,0,29.7,33
TOULOUSE-BLAGNAC,2025061820,0,27.7,38
TOULOUSE-BLAGNAC,2025061821,0,26.6,40
TOULOUSE-BLAGNAC,2025061822,0,24.1,47
TOULOUSE-BLAGNAC,2025061823,0,21.4,60
TOULOUSE-BLAGNAC,2025061900,0,20,67
TOULOUSE-BLAGNAC,2025061901,0,19.6,70
TOULOUSE-BLAGNAC,2025061902,0,18.3,75
TOULOUSE-BLAGNAC,2025061903,0,17.4,81
TOULOUSE-BLAGNAC,2025061904,0,17.2,84
TOULOUSE-BLAGNAC,2025061905,0,17.2,85
TOULOUSE-BLAGNAC,2025061906,0,19.2,77
TOULOUSE-BLAGNAC,2025061907,0,22.9,61
TOULOUSE-BLAGNAC,2025061908,0,25.8,50
TOULOUSE-BLAGNAC,2025061909,0,28.1,45
TOULOUSE-BLAGNAC,2025061910,0,30.4,38
TOULOUSE-BLAGNAC,2025061911,0,32.1,35
TOULOUSE-BLAGNAC,2025061912,0,33,29
TOULOUSE-BLAGNAC,2025061913,0,34,27
TOULOUSE-BLAGNAC,2025061914,0,34.4,24
TOULOUSE-BLAGNAC,2025061915,0,35.1,21
TOULOUSE-BLAGNAC,2025061916,0,35,21
TOULOUSE-BLAGNAC,2025061917,0,35,23
TOULOUSE-BLAGNAC,2025061918,0,33.5,28
TOULOUSE-BLAGNAC,2025061919,0,31.7,26
TOULOUSE-BLAGNAC,2025061920,0,30.4,31
TOULOUSE-BLAGNAC,2025061921,0,27.8,39
TOULOUSE-BLAGNAC,2025061922,0,25,48
TOULOUSE-BLAGNAC,2025061923,0,25.7,52
TOULOUSE-BLAGNAC,2025062000,0,23.1,60
TOULOUSE-BLAGNAC,2025062001,0,21.4,68
TOULOUSE-BLAGNAC,2025062002,0,20.4,71
TOULOUSE-BLAGNAC,2025062003,0,19.7,75
TOULOUSE-BLAGNAC,2025062004,0,19.4,76
TOULOUSE-BLAGNAC,2025062005,0,19.9,76
TOULOUSE-BLAGNAC,2025062006,0,21.8,71
TOULOUSE-BLAGNAC,2025062007,0,24.3,58
TOULOUSE-BLAGNAC,2025062008,0,27.4,51
TOULOUSE-BLAGNAC,2025062009,0,29.7,41
TOULOUSE-BLAGNAC,2025062010,0,32,37
TOULOUSE-BLAGNAC,2025062011,0,33.4,34
TOULOUSE-BLAGNAC,2025062012,0,34.3,31
TOULOUSE-BLAGNAC,2025062013,0,34.9,29
TOULOUSE-BLAGNAC,2025062014,0,35.2,30
TOULOUSE-BLAGNAC,2025062015,0,35.7,28
TOULOUSE-BLAGNAC,2025062016,0,36,24
TOULOUSE-BLAGNAC,2025062017,0,35.5,26
TOULOUSE-BLAGNAC,2025062018,0,33.7,29
TOULOUSE-BLAGNAC,2025062019,0,32.6,29
TOULOUSE-BLAGNAC,2025062020,0,30.9,33
TOULOUSE-BLAGNAC,2025062021,0,28.6,41
TOULOUSE-BLAGNAC,2025062022,0,27,47
TOULOUSE-BLAGNAC,2025062023,0,23.5,62
TOULOUSE-BLAGNAC,2025062100,0,22.9,68
TOULOUSE-BLAGNAC,2025062101,0,21.9,76
TOULOUSE-BLAGNAC,2025062102,0,21.4,75
TOULOUSE-BLAGNAC,2025062103,0,20.4,79
TOULOUSE-BLAGNAC,2025062104,0,20,80
TOULOUSE-BLAGNAC,2025062105,0,19.9,81
TOULOUSE-BLAGNAC,2025062106,0,22.5,70
TOULOUSE-BLAGNAC,2025062107,0,25.3,57
TOULOUSE-BLAGNAC,2025062108,0,28.3,51
TOULOUSE-BLAGNAC,2025062109,0,30.6,41
TOULOUSE-BLAGNAC,2025062110,0,32.8,40
TOULOUSE-BLAGNAC,2025062111,0,34.9,31
TOULOUSE-BLAGNAC,2025062112,0,35.6,23
TOULOUSE-BLAGNAC,2025062113,0,36.7,21
TOULOUSE-BLAGNAC,2025062114,0,37.2,21
TOULOUSE-BLAGNAC,2025062115,0,37.1,21
TOULOUSE-BLAGNAC,2025062116,0,37.3,20
TOULOUSE-BLAGNAC,2025062117,0,36.6,23
TOULOUSE-BLAGNAC,2025062118,0,35.3,23
TOULOUSE-BLAGNAC,2025062119,0,33.8,26
TOULOUSE-BLAGNAC,2025062120,0,32.1,29
TOULOUSE-BLAGNAC,2025062121,0,29.6,38
TOULOUSE-BLAGNAC,2025062122,0,27.2,71
TOULOUSE-BLAGNAC,2025062123,0,23.5,77
TOULOUSE-BLAGNAC,2025062200,0,21.7,81
TOULOUSE-BLAGNAC,2025062201,0,21.5,82
TOULOUSE-BLAGNAC,2025062202,0,20.8,85
TOULOUSE-BLAGNAC,2025062203,0,20.6,86
TOULOUSE-BLAGNAC,2025062204,0,20.7,86
TOULOUSE-BLAGNAC,2025062205,0,20.5,88
TOULOUSE-BLAGNAC,2025062206,0,20.6,89
TOULOUSE-BLAGNAC,2025062207,0,20.8,87
TOULOUSE-BLAGNAC,2025062208,0,21,87
TOULOUSE-BLAGNAC,2025062209,0,22.7,79
TOULOUSE-BLAGNAC,2025062210,0,23.5,76
TOULOUSE-BLAGNAC,2025062211,0,24.9,71
TOULOUSE-BLAGNAC,2025062212,0,26.2,67
TOULOUSE-BLAGNAC,2025062213,0,28.6,61
TOULOUSE-BLAGNAC,2025062214,0,29.1,57
TOULOUSE-BLAGNAC,2025062215,0,30,55
TOULOUSE-BLAGNAC,2025062216,0,31.7,51
TOULOUSE-BLAGNAC,2025062217,0,31.7,51
TOULOUSE-BLAGNAC,2025062218,0,30.1,55
TOULOUSE-BLAGNAC,2025062219,0,29.5,59
TOULOUSE-BLAGNAC,2025062220,0,27.8,65
TOULOUSE-BLAGNAC,2025062221,0,27.2,67
TOULOUSE-BLAGNAC,2025062222,0,26.3,69
TOULOUSE-BLAGNAC,2025062223,0,25.8,73
TOULOUSE-BLAGNAC,2025062300,0,24.2,80
TOULOUSE-BLAGNAC,2025062301,0,22.9,83
TOULOUSE-BLAGNAC,2025062302,0,21.7,85
TOULOUSE-BLAGNAC,2025062303,0,21.7,81
TOULOUSE-BLAGNAC,2025062304,0,21.2,80
TOULOUSE-BLAGNAC,2025062305,0,20.9,81
TOULOUSE-BLAGNAC,2025062306,0,21.3,79
TOULOUSE-BLAGNAC,2025062307,0,22.5,74
TOULOUSE-BLAGNAC,2025062308,0,24,69
TOULOUSE-BLAGNAC,2025062309,0,25.5,63
TOULOUSE-BLAGNAC,2025062310,0,27.4,58
TOULOUSE-BLAGNAC,2025062311,0,28.7,56
TOULOUSE-BLAGNAC,2025062312,0,30.1,52
TOULOUSE-BLAGNAC,2025062313,0,31.3,48
TOULOUSE-BLAGNAC,2025062314,0,32.1,45
TOULOUSE-BLAGNAC,2025062315,0,32.4,45
TOULOUSE-BLAGNAC,2025062316,0,32,45
TOULOUSE-BLAGNAC,2025062317,0,31.7,47
TOULOUSE-BLAGNAC,2025062318,0,30.8,49
TOULOUSE-BLAGNAC,2025062319,0,29.2,51
TOULOUSE-BLAGNAC,2025062320,0,28,55
TOULOUSE-BLAGNAC,2025062321,0,26.2,61
TOULOUSE-BLAGNAC,2025062322,0,25.2,64
TOULOUSE-BLAGNAC,2025062323,0,24.2,68
TOULOUSE-BLAGNAC,2025062400,0,23.2,72
TOULOUSE-BLAGNAC,2025062401,0,22.6,75
TOULOUSE-BLAGNAC,2025062402,0,21.8,78
TOULOUSE-BLAGNAC,2025062403,0,21,80
TOULOUSE-BLAGNAC,2025062404,0,21.1,79
TOULOUSE-BLAGNAC,2025062405,0,20.8,80
TOULOUSE-BLAGNAC,2025062406,0,22,75
TOULOUSE-BLAGNAC,2025062407,0,24.2,67
TOULOUSE-BLAGNAC,2025062408,0,26.6,60
TOULOUSE-BLAGNAC,2025062409,0,28.3,53
TOULOUSE-BLAGNAC,2025062410,0,29.7,50
TOULOUSE-BLAGNAC,2025062411,0,30.3,49
TOULOUSE-BLAGNAC,2025062412,0,31.6,46
TOULOUSE-BLAGNAC,2025062413,0,33.1,42
TOULOUSE-BLAGNAC,2025062414,0,34.3,39
TOULOUSE-BLAGNAC,2025062415,0,35.2,38
TOULOUSE-BLAGNAC,2025062416,0,35.6,34
TOULOUSE-BLAGNAC,2025062417,0,34.4,38
TOULOUSE-BLAGNAC,2025062418,0,33.2,40
TOULOUSE-BLAGNAC,2025062419,0,33,40
TOULOUSE-BLAGNAC,2025062420,0,31.4,45
TOULOUSE-BLAGNAC,2025062421,0,30.3,48
TOULOUSE-BLAGNAC,2025062422,0,29.1,52
TOULOUSE-BLAGNAC,2025062423,0,28.3,55
TOULOUSE-BLAGNAC,2025062500,0,27.1,60
TOULOUSE-BLAGNAC,2025062501,0,25.6,65
TOULOUSE-BLAGNAC,2025062502,0,25.3,68
TOULOUSE-BLAGNAC,2025062503,0,23.6,72
TOULOUSE-BLAGNAC,2025062504,0,23.7,72
TOULOUSE-BLAGNAC,2025062505,0,23.1,75
TOULOUSE-BLAGNAC,2025062506,0,22.5,81
TOULOUSE-BLAGNAC,2025062507,0,24.5,73
TOULOUSE-BLAGNAC,2025062508,0,27.6,63
TOULOUSE-BLAGNAC,2025062509,0,30.7,50
TOULOUSE-BLAGNAC,2025062510,0,33.4,42
TOULOUSE-BLAGNAC,2025062511,0,35.3,40
TOULOUSE-BLAGNAC,2025062512,0,34.9,41
TOULOUSE-BLAGNAC,2025062513,0,36.7,37
TOULOUSE-BLAGNAC,2025062514,0,36.9,34
TOULOUSE-BLAGNAC,2025062515,0,36.2,40
TOULOUSE-BLAGNAC,2025062516,0,35.4,39
TOULOUSE-BLAGNAC,2025062517,0,34.4,41
TOULOUSE-BLAGNAC,2025062518,0,23.1,71
TOULOUSE-BLAGNAC,2025062519,0,21.7,81
TOULOUSE-BLAGNAC,2025062520,0,21.4,79
TOULOUSE-BLAGNAC,2025062521,0,22.2,80
TOULOUSE-BLAGNAC,2025062522,0,22.3,80
TOULOUSE-BLAGNAC,2025062523,0,21.8,80
TOULOUSE-BLAGNAC,2025062600,0,21.5,82
TOULOUSE-BLAGNAC,2025062601,0,21.4,83
TOULOUSE-BLAGNAC,2025062602,0,20.9,86
TOULOUSE-BLAGNAC,2025062603,0,20.2,88
TOULOUSE-BLAGNAC,2025062604,0,19.9,88
TOULOUSE-BLAGNAC,2025062605,0,19.9,88
TOULOUSE-BLAGNAC,2025062606,0,20.4,82
TOULOUSE-BLAGNAC,2025062607,0,21.6,72
TOULOUSE-BLAGNAC,2025062608,0,22.4,69
TOULOUSE-BLAGNAC,2025062609,0,23.5,65
TOULOUSE-BLAGNAC,2025062610,0,24,61
TOULOUSE-BLAGNAC,2025062611,0,24.6,59
TOULOUSE-BLAGNAC,2025062612,0,25.8,55
TOULOUSE-BLAGNAC,2025062613,0,26.6,51
TOULOUSE-BLAGNAC,2025062614,0,28.4,48
TOULOUSE-BLAGNAC,2025062615,0,27.4,52
TOULOUSE-BLAGNAC,2025062616,0,27.1,51
TOULOUSE-BLAGNAC,2025062617,0,27.2,49
TOULOUSE-BLAGNAC,2025062618,0,26,56
TOULOUSE-BLAGNAC,2025062619,0,25.5,56
TOULOUSE-BLAGNAC,2025062620,0,24.4,60
TOULOUSE-BLAGNAC,2025062621,0,23.2,64
TOULOUSE-BLAGNAC,2025062622,0,22.9,67
TOULOUSE-BLAGNAC,2025062623,0,21.7,70
TOULOUSE-BLAGNAC,2025062700,0,21.3,73
TOULOUSE-BLAGNAC,2025062701,0,20.1,78
TOULOUSE-BLAGNAC,2025062702,0,18.3,85
TOULOUSE-BLAGNAC,2025062703,0,17.8,88
TOULOUSE-BLAGNAC,2025062704,0,17.8,89
TOULOUSE-BLAGNAC,2025062705,0,17.6,91
TOULOUSE-BLAGNAC,2025062706,0,20,82
TOULOUSE-BLAGNAC,2025062707,0,22.2,70
TOULOUSE-BLAGNAC,2025062708,0,25,57
TOULOUSE-BLAGNAC,2025062709,0,26.7,50
TOULOUSE-BLAGNAC,2025062710,0,27.5,46
TOULOUSE-BLAGNAC,2025062711,0,28.5,44
TOULOUSE-BLAGNAC,2025062712,0,29.8,39
TOULOUSE-BLAGNAC,2025062713,0,30.1,41
TOULOUSE-BLAGNAC,2025062714,0,31,40
TOULOUSE-BLAGNAC,2025062715,0,31.3,41
TOULOUSE-BLAGNAC,2025062716,0,31.7,40
TOULOUSE-BLAGNAC,2025062717,0,31.4,40
TOULOUSE-BLAGNAC,2025062718,0,30.6,42
TOULOUSE-BLAGNAC,2025062719,0,29.6,45
TOULOUSE-BLAGNAC,2025062720,0,27.6,50
TOULOUSE-BLAGNAC,2025062721,0,26.3,54
TOULOUSE-BLAGNAC,2025062722,0,25.5,57
TOULOUSE-BLAGNAC,2025062723,0,24.1,60
TOULOUSE-BLAGNAC,2025062800,0,23.6,61
TOULOUSE-BLAGNAC,2025062801,0,22.7,63
TOULOUSE-BLAGNAC,2025062802,0,20.5,75
TOULOUSE-BLAGNAC,2025062803,0,19.8,81
TOULOUSE-BLAGNAC,2025062804,0,19,84
TOULOUSE-BLAGNAC,2025062805,0,19,85
TOULOUSE-BLAGNAC,2025062806,0,21.9,72
TOULOUSE-BLAGNAC,2025062807,0,24.9,60
TOULOUSE-BLAGNAC,2025062808,0,27.2,53
TOULOUSE-BLAGNAC,2025062809,0,29.4,47
TOULOUSE-BLAGNAC,2025062810,0,31.1,43
TOULOUSE-BLAGNAC,2025062811,0,32.6,40
TOULOUSE-BLAGNAC,2025062812,0,33.5,33
TOULOUSE-BLAGNAC,2025062813,0,34,31
TOULOUSE-BLAGNAC,2025062814,0,34.1,30
TOULOUSE-BLAGNAC,2025062815,0,34.7,32
TOULOUSE-BLAGNAC,2025062816,0,34.7,30
TOULOUSE-BLAGNAC,2025062817,0,34.9,31
TOULOUSE-BLAGNAC,2025062818,0,34.3,31
TOULOUSE-BLAGNAC,2025062819,0,32.8,31
TOULOUSE-BLAGNAC,2025062820,0,29.8,39
TOULOUSE-BLAGNAC,2025062821,0,29.1,42
TOULOUSE-BLAGNAC,2025062822,0,28.1,45
TOULOUSE-BLAGNAC,2025062823,0,26.9,49
TOULOUSE-BLAGNAC,2025062900,0,24,61
TOULOUSE-BLAGNAC,2025062901,0,22.9,66
TOULOUSE-BLAGNAC,2025062902,0,22.1,73
TOULOUSE-BLAGNAC,2025062903,0,21.5,76
TOULOUSE-BLAGNAC,2025062904,0,20.6,78
TOULOUSE-BLAGNAC,2025062905,0,21,77
TOULOUSE-BLAGNAC,2025062906,0,22.9,69
TOULOUSE-BLAGNAC,2025062907,0,25.8,60
TOULOUSE-BLAGNAC,2025062908,0,27.9,55
TOULOUSE-BLAGNAC,2025062909,0,29.8,52
TOULOUSE-BLAGNAC,2025062910,0,32.1,45
TOULOUSE-BLAGNAC,2025062911,0,33.6,40
TOULOUSE-BLAGNAC,2025062912,0,35,34
TOULOUSE-BLAGNAC,2025062913,0,35.5,34
TOULOUSE-BLAGNAC,2025062914,0,35.8,34
TOULOUSE-BLAGNAC,2025062915,0,35.8,33
TOULOUSE-BLAGNAC,2025062916,0,36.3,32
TOULOUSE-BLAGNAC,2025062917,0,35.2,32
TOULOUSE-BLAGNAC,2025062918,0,34.9,32
TOULOUSE-BLAGNAC,2025062919,0,33.8,33
TOULOUSE-BLAGNAC,2025062920,0,32.5,35
TOULOUSE-BLAGNAC,2025062921,0,30.4,41
TOULOUSE-BLAGNAC,2025062922,0,29.3,45
TOULOUSE-BLAGNAC,2025062923,0,26.4,58
TOULOUSE-BLAGNAC,2025063000,0,25.5,66
TOULOUSE-BLAGNAC,2025063001,0,24.3,74
TOULOUSE-BLAGNAC,2025063002,0,23.8,79
TOULOUSE-BLAGNAC,2025063003,0,22.8,81
TOULOUSE-BLAGNAC,2025063004,0,22.4,84
TOULOUSE-BLAGNAC,2025063005,0,22.8,82
TOULOUSE-BLAGNAC,2025063006,0,24.8,72
TOULOUSE-BLAGNAC,2025063007,0,27.5,61
TOULOUSE-BLAGNAC,2025063008,0,30.8,50
TOULOUSE-BLAGNAC,2025063009,0,33.5,43
TOULOUSE-BLAGNAC,2025063010,0,35,34
TOULOUSE-BLAGNAC,2025063011,0,35.8,30
TOULOUSE-BLAGNAC,2025063012,0,36.8,28
TOULOUSE-BLAGNAC,2025063013,0,37.1,29
TOULOUSE-BLAGNAC,2025063014,0,37.6,26
TOULOUSE-BLAGNAC,2025063015,0,37.9,25
TOULOUSE-BLAGNAC,2025063016,0,37.8,25
TOULOUSE-BLAGNAC,2025063017,0,37,24
TOULOUSE-BLAGNAC,2025063018,0,36.8,19
TOULOUSE-BLAGNAC,2025063019,0,35.1,27
TOULOUSE-BLAGNAC,2025063020,0,32.7,32
TOULOUSE-BLAGNAC,2025063021,0,31.1,39
TOULOUSE-BLAGNAC,2025063022,0,29.9,41
TOULOUSE-BLAGNAC,2025063023,0,28.9,47
TOULOUSE-BLAGNAC,2025070100,0,25.8,61
TOULOUSE-BLAGNAC,2025070101,0,24.7,69
TOULOUSE-BLAGNAC,2025070102,0,24.2,70
TOULOUSE-BLAGNAC,2025070103,0,23.6,74
TOULOUSE-BLAGNAC,2025070104,0,23.9,79
TOULOUSE-BLAGNAC,2025070105,0,23.2,83
TOULOUSE-BLAGNAC,2025070106,0,23.8,80
TOULOUSE-BLAGNAC,2025070107,0,25.5,71
TOULOUSE-BLAGNAC,2025070108,0,27.9,63
TOULOUSE-BLAGNAC,2025070109,0,29.8,56
TOULOUSE-BLAGNAC,2025070110,0,32.6,49
TOULOUSE-BLAGNAC,2025070111,0,34.7,40
TOULOUSE-BLAGNAC,2025070112,0,36.3,33
TOULOUSE-BLAGNAC,2025070113,0,38,27
TOULOUSE-BLAGNAC,2025070114,0,38.6,24
TOULOUSE-BLAGNAC,2025070115,0,38.6,25
TOULOUSE-BLAGNAC,2025070116,0,39,20
TOULOUSE-BLAGNAC,2025070117,0,38.3,26
TOULOUSE-BLAGNAC,2025070118,0,37.2,27
TOULOUSE-BLAGNAC,2025070119,0,36,29
TOULOUSE-BLAGNAC,2025070120,0,34,34
TOULOUSE-BLAGNAC,2025070121,0,32.4,38
TOULOUSE-BLAGNAC,2025070122,0,30.4,42
TOULOUSE-BLAGNAC,2025070123,0,29.4,47
TOULOUSE-BLAGNAC,2025070200,0,27.8,48
TOULOUSE-BLAGNAC,2025070201,0,24,81
TOULOUSE-BLAGNAC,2025070202,0,23.3,84
TOULOUSE-BLAGNAC,2025070203,0,23.3,84
TOULOUSE-BLAGNAC,2025070204,0,22.7,85
TOULOUSE-BLAGNAC,2025070205,0,22.4,86
TOULOUSE-BLAGNAC,2025070206,0,21.9,89
TOULOUSE-BLAGNAC,2025070207,0,21.8,88
TOULOUSE-BLAGNAC,2025070208,0,22.3,85
TOULOUSE-BLAGNAC,2025070209,0,23,82
TOULOUSE-BLAGNAC,2025070210,0,23.6,79
TOULOUSE-BLAGNAC,2025070211,0,24.4,75
TOULOUSE-BLAGNAC,2025070212,0,25.3,69
TOULOUSE-BLAGNAC,2025070213,0,27.4,61
TOULOUSE-BLAGNAC,2025070214,0,29.2,54
TOULOUSE-BLAGNAC,2025070215,0,28,56
TOULOUSE-BLAGNAC,2025070216,0,27.8,57
TOULOUSE-BLAGNAC,2025070217,0,27.5,58
TOULOUSE-BLAGNAC,2025070218,0,27.1,59
TOULOUSE-BLAGNAC,2025070219,0,26.5,62
TOULOUSE-BLAGNAC,2025070220,0,25.4,64
TOULOUSE-BLAGNAC,2025070221,0,24.4,70
TOULOUSE-BLAGNAC,2025070222,0,24.1,71
TOULOUSE-BLAGNAC,2025070223,0,23.6,74
TOULOUSE-BLAGNAC,2025070300,0,23.2,73
TOULOUSE-BLAGNAC,2025070301,0,22.9,76
TOULOUSE-BLAGNAC,2025070302,0,22.7,77
TOULOUSE-BLAGNAC,2025070303,0,22.4,78
TOULOUSE-BLAGNAC,2025070304,0,22.2,79
TOULOUSE-BLAGNAC,2025070305,0,22,77
TOULOUSE-BLAGNAC,2025070306,0,22.1,77
TOULOUSE-BLAGNAC,2025070307,0,22.5,76
TOULOUSE-BLAGNAC,2025070308,0,23.5,70
TOULOUSE-BLAGNAC,2025070309,0,24.9,64
TOULOUSE-BLAGNAC,2025070310,0,25.6,60
TOULOUSE-BLAGNAC,2025070311,0,25.7,60
TOULOUSE-BLAGNAC,2025070312,0,26,58
TOULOUSE-BLAGNAC,2025070313,0,27.6,54
TOULOUSE-BLAGNAC,2025070314,0,27.1,58
TOULOUSE-BLAGNAC,2025070315,0,27.7,55
TOULOUSE-BLAGNAC,2025070316,0,28.5,50
TOULOUSE-BLAGNAC,2025070317,0,28.2,52
TOULOUSE-BLAGNAC,2025070318,0,27.4,54
TOULOUSE-BLAGNAC,2025070319,0,26.8,56
TOULOUSE-BLAGNAC,2025070320,0,25.3,62
TOULOUSE-BLAGNAC,2025070321,0,24.8,63
TOULOUSE-BLAGNAC,2025070322,0,23.8,67
TOULOUSE-BLAGNAC,2025070323,0,23.6,68
TOULOUSE-BLAGNAC,2025070400,0,23.4,70
TOULOUSE-BLAGNAC,2025070401,0,23,74
TOULOUSE-BLAGNAC,2025070402,0,23,74
TOULOUSE-BLAGNAC,2025070403,0,22.5,75
TOULOUSE-BLAGNAC,2025070404,0,21.6,79
TOULOUSE-BLAGNAC,2025070405,0,20.9,82
TOULOUSE-BLAGNAC,2025070406,0,22.6,76
TOULOUSE-BLAGNAC,2025070407,0,24.1,70
TOULOUSE-BLAGNAC,2025070408,0,25.6,63
TOULOUSE-BLAGNAC,2025070409,0,27.4,57
TOULOUSE-BLAGNAC,2025070410,0,29.2,51
TOULOUSE-BLAGNAC,2025070411,0,30.8,47
TOULOUSE-BLAGNAC,2025070412,0,31.4,45
TOULOUSE-BLAGNAC,2025070413,0,32.6,43
TOULOUSE-BLAGNAC,2025070414,0,32.7,45
TOULOUSE-BLAGNAC,2025070415,0,32.8,44
TOULOUSE-BLAGNAC,2025070416,0,33.1,41
TOULOUSE-BLAGNAC,2025070417,0,32.7,42
TOULOUSE-BLAGNAC,2025070418,0,32,43
TOULOUSE-BLAGNAC,2025070419,0,31.2,44
TOULOUSE-BLAGNAC,2025070420,0,29.9,47
TOULOUSE-BLAGNAC,2025070421,0,28.6,51
TOULOUSE-BLAGNAC,2025070422,0,27.6,52
TOULOUSE-BLAGNAC,2025070423,0,26.4,54
TOULOUSE-BLAGNAC,2025070500,0,25.8,54
TOULOUSE-BLAGNAC,2025070501,0,25.9,52
TOULOUSE-BLAGNAC,2025070502,0,25.3,53
TOULOUSE-BLAGNAC,2025070503,0,23.6,60
TOULOUSE-BLAGNAC,2025070504,0,22.7,59
TOULOUSE-BLAGNAC,2025070505,0,23.3,57
TOULOUSE-BLAGNAC,2025070506,0,24.1,58
TOULOUSE-BLAGNAC,2025070507,0,25.3,61
TOULOUSE-BLAGNAC,2025070508,0,26.3,56
TOULOUSE-BLAGNAC,2025070509,0,27.8,49
TOULOUSE-BLAGNAC,2025070510,0,26.9,54
TOULOUSE-BLAGNAC,2025070511,0,27.3,47
TOULOUSE-BLAGNAC,2025070512,0,28.6,40
TOULOUSE-BLAGNAC,2025070513,0,28.2,40
TOULOUSE-BLAGNAC,2025070514,0,29.8,35
TOULOUSE-BLAGNAC,2025070515,0,30.8,26
TOULOUSE-BLAGNAC,2025070516,0,30.8,36
TOULOUSE-BLAGNAC,2025070517,0,31.3,33
TOULOUSE-BLAGNAC,2025070518,0,31.2,24
TOULOUSE-BLAGNAC,2025070519,0,29.9,27
TOULOUSE-BLAGNAC,2025070520,0,26.9,34
TOULOUSE-BLAGNAC,2025070521,0,26,36
TOULOUSE-BLAGNAC,2025070522,0,24.1,54
TOULOUSE-BLAGNAC,2025070523,0,24.3,51
TOULOUSE-BLAGNAC,2025070600,0,23.2,51
TOULOUSE-BLAGNAC,2025070601,0,22.6,48
TOULOUSE-BLAGNAC,2025070602,0,22.4,46
TOULOUSE-BLAGNAC,2025070603,0,21.8,49
TOULOUSE-BLAGNAC,2025070604,0,21.5,50
TOULOUSE-BLAGNAC,2025070605,0,20.9,54
TOULOUSE-BLAGNAC,2025070606,0,20.9,55
TOULOUSE-BLAGNAC,2025070607,0,21.2,54
TOULOUSE-BLAGNAC,2025070608,0,22.3,47
TOULOUSE-BLAGNAC,2025070609,0,23.6,39
TOULOUSE-BLAGNAC,2025070610,0,25.1,35
TOULOUSE-BLAGNAC,2025070611,0,25.1,32
TOULOUSE-BLAGNAC,2025070612,0,24.4,34
TOULOUSE-BLAGNAC,2025070613,0,21.3,49
TOULOUSE-BLAGNAC,2025070614,0,22.3,48
TOULOUSE-BLAGNAC,2025070615,0,23.1,46
TOULOUSE-BLAGNAC,2025070616,0,23.3,53
TOULOUSE-BLAGNAC,2025070617,0,23.5,61
TOULOUSE-BLAGNAC,2025070618,0,24.1,50
TOULOUSE-BLAGNAC,2025070619,0,23.3,53
TOULOUSE-BLAGNAC,2025070620,0,22.5,55
TOULOUSE-BLAGNAC,2025070621,0,22,54
TOULOUSE-BLAGNAC,2025070622,0,21.4,55
TOULOUSE-BLAGNAC,2025070623,0,20.4,68
TOULOUSE-BLAGNAC,2025070700,0,19.2,74
TOULOUSE-BLAGNAC,2025070701,0,17.6,90
TOULOUSE-BLAGNAC,2025070702,0.2,17.2,91
TOULOUSE-BLAGNAC,2025070703,0,17.7,91
TOULOUSE-BLAGNAC,2025070704,0,17.8,90
TOULOUSE-BLAGNAC,2025070705,0,18,89
TOULOUSE-BLAGNAC,2025070706,0,18.5,86
TOULOUSE-BLAGNAC,2025070707,0,19,81
TOULOUSE-BLAGNAC,2025070708,0,20.4,67
TOULOUSE-BLAGNAC,2025070709,0,21.5,58
TOULOUSE-BLAGNAC,2025070710,0,22.7,53
TOULOUSE-BLAGNAC,2025070711,0,24.2,49
TOULOUSE-BLAGNAC,2025070712,0,24.7,46
TOULOUSE-BLAGNAC,2025070713,0,23.9,47
TOULOUSE-BLAGNAC,2025070714,0,22.6,60
TOULOUSE-BLAGNAC,2025070715,0,23.9,53
TOULOUSE-BLAGNAC,2025070716,0.2,19,81
TOULOUSE-BLAGNAC,2025070717,0,21.4,66
TOULOUSE-BLAGNAC,2025070718,0,21.3,65
TOULOUSE-BLAGNAC,2025070719,2,19.7,80
TOULOUSE-BLAGNAC,2025070720,0,18.8,70
TOULOUSE-BLAGNAC,2025070721,0,18.2,71
TOULOUSE-BLAGNAC,2025070722,0,17.3,74
TOULOUSE-BLAGNAC,2025070723,0,17.1,75
TOULOUSE-BLAGNAC,2025070800,0,16.3,79
TOULOUSE-BLAGNAC,2025070801,0,15.5,81
TOULOUSE-BLAGNAC,2025070802,0,15.2,84
TOULOUSE-BLAGNAC,2025070803,0,15,85
TOULOUSE-BLAGNAC,2025070804,0,14.6,86
TOULOUSE-BLAGNAC,2025070805,0,14.8,85
TOULOUSE-BLAGNAC,2025070806,0,16.3,79
TOULOUSE-BLAGNAC,2025070807,0,17.7,74
TOULOUSE-BLAGNAC,2025070808,0,19.3,68
TOULOUSE-BLAGNAC,2025070809,0,21,60
TOULOUSE-BLAGNAC,2025070810,0,21.9,49
TOULOUSE-BLAGNAC,2025070811,0,22.8,44
TOULOUSE-BLAGNAC,2025070812,0,24.6,38
TOULOUSE-BLAGNAC,2025070813,0,25.1,36
TOULOUSE-BLAGNAC,2025070814,0,25.9,34
TOULOUSE-BLAGNAC,2025070815,0,26,33
TOULOUSE-BLAGNAC,2025070816,0,26.4,31
TOULOUSE-BLAGNAC,2025070817,0,25.9,33
TOULOUSE-BLAGNAC,2025070818,0,25.2,34
TOULOUSE-BLAGNAC,2025070819,0,24.2,34
TOULOUSE-BLAGNAC,2025070820,0,21.4,42
TOULOUSE-BLAGNAC,2025070821,0,20.8,44
TOULOUSE-BLAGNAC,2025070822,0,20.1,46
TOULOUSE-BLAGNAC,2025070823,0,19.6,47
TOULOUSE-BLAGNAC,2025070900,0,18,52
TOULOUSE-BLAGNAC,2025070901,0,17.8,54
TOULOUSE-BLAGNAC,2025070902,0,15.1,67
TOULOUSE-BLAGNAC,2025070903,0,13.5,77
TOULOUSE-BLAGNAC,2025070904,0,12.9,83
TOULOUSE-BLAGNAC,2025070905,0,13.4,81
TOULOUSE-BLAGNAC,2025070906,0,15.8,69
TOULOUSE-BLAGNAC,2025070907,0,18.6,59
TOULOUSE-BLAGNAC,2025070908,0,21.9,43
TOULOUSE-BLAGNAC,2025070909,0,23.5,37
TOULOUSE-BLAGNAC,2025070910,0,25.4,33
TOULOUSE-BLAGNAC,2025070911,0,26.1,29
TOULOUSE-BLAGNAC,2025070912,0,26.8,28
TOULOUSE-BLAGNAC,2025070913,0,28,26
TOULOUSE-BLAGNAC,2025070914,0,28.8,24
TOULOUSE-BLAGNAC,2025070915,0,29,24
TOULOUSE-BLAGNAC,2025070916,0,29.4,20
TOULOUSE-BLAGNAC,2025070917,0,29.7,21
TOULOUSE-BLAGNAC,2025070918,0,29.1,22
TOULOUSE-BLAGNAC,2025070919,0,27.4,28
TOULOUSE-BLAGNAC,2025070920,0,25,32
TOULOUSE-BLAGNAC,2025070921,0,23.5,37
TOULOUSE-BLAGNAC,2025070922,0,22.9,38
TOULOUSE-BLAGNAC,2025070923,0,21.9,40
TOULOUSE-BLAGNAC,2025071000,0,19.3,50
TOULOUSE-BLAGNAC,2025071001,0,16.9,62
TOULOUSE-BLAGNAC,2025071002,0,15.8,71
TOULOUSE-BLAGNAC,2025071003,0,15,77
TOULOUSE-BLAGNAC,2025071004,0,14.6,79
TOULOUSE-BLAGNAC,2025071005,0,15,77
TOULOUSE-BLAGNAC,2025071006,0,17,71
TOULOUSE-BLAGNAC,2025071007,0,20.1,56
TOULOUSE-BLAGNAC,2025071008,0,23.1,46
TOULOUSE-BLAGNAC,2025071009,0,26.4,33
TOULOUSE-BLAGNAC,2025071010,0,28.1,27
TOULOUSE-BLAGNAC,2025071011,0,29.4,26
TOULOUSE-BLAGNAC,2025071012,0,30.2,23
TOULOUSE-BLAGNAC,2025071013,0,31.1,21
TOULOUSE-BLAGNAC,2025071014,0,31.7,22
TOULOUSE-BLAGNAC,2025071015,0,32,18
TOULOUSE-BLAGNAC,2025071016,0,32,15
TOULOUSE-BLAGNAC,2025071017,0,31.5,18
TOULOUSE-BLAGNAC,2025071018,0,31.2,21
TOULOUSE-BLAGNAC,2025071019,0,29.8,23
TOULOUSE-BLAGNAC,2025071020,0,27.5,27
TOULOUSE-BLAGNAC,2025071021,0,25.7,29
TOULOUSE-BLAGNAC,2025071022,0,25,29
TOULOUSE-BLAGNAC,2025071023,0,20.7,43
TOULOUSE-BLAGNAC,2025071100,0,19.2,53
TOULOUSE-BLAGNAC,2025071101,0,18.3,57
TOULOUSE-BLAGNAC,2025071102,0,18.1,58
TOULOUSE-BLAGNAC,2025071103,0,17.6,64
TOULOUSE-BLAGNAC,2025071104,0,16.6,68
TOULOUSE-BLAGNAC,2025071105,0,17.2,67
TOULOUSE-BLAGNAC,2025071106,0,20.1,59
TOULOUSE-BLAGNAC,2025071107,0,22.9,47
TOULOUSE-BLAGNAC,2025071108,0,25.8,41
TOULOUSE-BLAGNAC,2025071109,0,28,35
TOULOUSE-BLAGNAC,2025071110,0,29.7,31
TOULOUSE-BLAGNAC,2025071111,0,30.6,30
TOULOUSE-BLAGNAC,2025071112,0,31.6,27
TOULOUSE-BLAGNAC,2025071113,0,32.5,25
TOULOUSE-BLAGNAC,2025071114,0,33.5,22
TOULOUSE-BLAGNAC,2025071115,0,33.9,22
TOULOUSE-BLAGNAC,2025071116,0,33.8,23
TOULOUSE-BLAGNAC,2025071117,0,31.9,25
TOULOUSE-BLAGNAC,2025071118,0,31.1,26
TOULOUSE-BLAGNAC,2025071119,0,29.5,31
TOULOUSE-BLAGNAC,2025071120,0,27.4,37
TOULOUSE-BLAGNAC,2025071121,0,26.6,38
TOULOUSE-BLAGNAC,2025071122,0,25.4,41
TOULOUSE-BLAGNAC,2025071123,0,24,51
TOULOUSE-BLAGNAC,2025071200,0,23.1,66
TOULOUSE-BLAGNAC,2025071201,0,22.1,73
TOULOUSE-BLAGNAC,2025071202,0,21.1,81
TOULOUSE-BLAGNAC,2025071203,0,20.5,82
TOULOUSE-BLAGNAC,2025071204,0,20.1,85
TOULOUSE-BLAGNAC,2025071205,0,21.3,85
TOULOUSE-BLAGNAC,2025071206,0,22.6,81
TOULOUSE-BLAGNAC,2025071207,0,22.8,77
TOULOUSE-BLAGNAC,2025071208,0,24.1,67
TOULOUSE-BLAGNAC,2025071209,0,25.4,63
TOULOUSE-BLAGNAC,2025071210,0,25,64
TOULOUSE-BLAGNAC,2025071211,0,26.6,56
TOULOUSE-BLAGNAC,2025071212,0,26.5,54
TOULOUSE-BLAGNAC,2025071213,0,27.2,52
TOULOUSE-BLAGNAC,2025071214,0,26.1,56
TOULOUSE-BLAGNAC,2025071215,0,23.6,62
TOULOUSE-BLAGNAC,2025071216,0,22.5,66
TOULOUSE-BLAGNAC,2025071217,0,23.3,64
TOULOUSE-BLAGNAC,2025071218,0,23,63
TOULOUSE-BLAGNAC,2025071219,0,22.5,63
TOULOUSE-BLAGNAC,2025071220,0,21.8,68
TOULOUSE-BLAGNAC,2025071221,0,21,70
TOULOUSE-BLAGNAC,2025071222,0,20.5,73
TOULOUSE-BLAGNAC,2025071223,0,20.9,71
TOULOUSE-BLAGNAC,2025071300,0,20.4,74
TOULOUSE-BLAGNAC,2025071301,0,19.9,76
TOULOUSE-BLAGNAC,2025071302,0,19.8,77
TOULOUSE-BLAGNAC,2025071303,0,19.5,83
TOULOUSE-BLAGNAC,2025071304,0,20,84
TOULOUSE-BLAGNAC,2025071305,0,20,84
TOULOUSE-BLAGNAC,2025071306,0,20.2,83
TOULOUSE-BLAGNAC,2025071307,0,21.6,75
TOULOUSE-BLAGNAC,2025071308,0,22.6,71
TOULOUSE-BLAGNAC,2025071309,0,24.3,62
TOULOUSE-BLAGNAC,2025071310,0,24.4,61
TOULOUSE-BLAGNAC,2025071311,0,26.4,52
TOULOUSE-BLAGNAC,2025071312,0,28,47
TOULOUSE-BLAGNAC,2025071313,0,28.9,45
TOULOUSE-BLAGNAC,2025071314,0,30.5,42
TOULOUSE-BLAGNAC,2025071315,0,30.2,42
TOULOUSE-BLAGNAC,2025071316,0,30.9,40
TOULOUSE-BLAGNAC,2025071317,0,30.8,40
TOULOUSE-BLAGNAC,2025071318,0,30.4,41
TOULOUSE-BLAGNAC,2025071319,0,28.4,46
TOULOUSE-BLAGNAC,2025071320,0,27,51
TOULOUSE-BLAGNAC,2025071321,0,26.6,53
TOULOUSE-BLAGNAC,2025071322,0,24.8,61
TOULOUSE-BLAGNAC,2025071323,0,23.6,66
TOULOUSE-BLAGNAC,2025071400,0,22.2,72
TOULOUSE-BLAGNAC,2025071401,0,21.9,74
TOULOUSE-BLAGNAC,2025071402,0,20.7,79
TOULOUSE-BLAGNAC,2025071403,0,19.9,82
TOULOUSE-BLAGNAC,2025071404,0,19.8,82
TOULOUSE-BLAGNAC,2025071405,0,19.9,82
TOULOUSE-BLAGNAC,2025071406,0,20.5,80
TOULOUSE-BLAGNAC,2025071407,0,22,73
TOULOUSE-BLAGNAC,2025071408,0,23.2,67
TOULOUSE-BLAGNAC,2025071409,0,25,60
TOULOUSE-BLAGNAC,2025071410,0,26.4,53
TOULOUSE-BLAGNAC,2025071411,0,28,50
TOULOUSE-BLAGNAC,2025071412,0,29.1,48
TOULOUSE-BLAGNAC,2025071413,0,29.9,45
TOULOUSE-BLAGNAC,2025071414,0,30.3,44
TOULOUSE-BLAGNAC,2025071415,0,31,41
TOULOUSE-BLAGNAC,2025071416,0,30.9,42
TOULOUSE-BLAGNAC,2025071417,0,29.4,47
TOULOUSE-BLAGNAC,2025071418,0,28.9,48
TOULOUSE-BLAGNAC,2025071419,0,27.7,50
TOULOUSE-BLAGNAC,2025071420,0,26.9,54
TOULOUSE-BLAGNAC,2025071421,0,25.5,59
TOULOUSE-BLAGNAC,2025071422,0,25.3,61
TOULOUSE-BLAGNAC,2025071423,0,24.7,65
TOULOUSE-BLAGNAC,2025071500,0,23.8,67
TOULOUSE-BLAGNAC,2025071501,0,23.3,68
TOULOUSE-BLAGNAC,2025071502,0,22.6,72
TOULOUSE-BLAGNAC,2025071503,0,22.3,73
TOULOUSE-BLAGNAC,2025071504,0,21.2,73
TOULOUSE-BLAGNAC,2025071505,0,20.1,79
TOULOUSE-BLAGNAC,2025071506,0,19.1,84
TOULOUSE-BLAGNAC,2025071507,0,19.3,81
TOULOUSE-BLAGNAC,2025071508,0,20.1,77
TOULOUSE-BLAGNAC,2025071509,0,21.2,75
TOULOUSE-BLAGNAC,2025071510,0,21.8,68
TOULOUSE-BLAGNAC,2025071511,0,23.4,63
TOULOUSE-BLAGNAC,2025071512,0,24,59
TOULOUSE-BLAGNAC,2025071513,0,25.1,55
TOULOUSE-BLAGNAC,2025071514,0,25.8,50
TOULOUSE-BLAGNAC,2025071515,0,25.7,50
TOULOUSE-BLAGNAC,2025071516,0,25.7,50
TOULOUSE-BLAGNAC,2025071517,0,25,54
TOULOUSE-BLAGNAC,2025071518,0,25.5,52
TOULOUSE-BLAGNAC,2025071519,0,24.3,54
TOULOUSE-BLAGNAC,2025071520,0,23.3,59
TOULOUSE-BLAGNAC,2025071521,0,22.8,66
TOULOUSE-BLAGNAC,2025071522,0,21.9,70
TOULOUSE-BLAGNAC,2025071523,0,21.1,74
TOULOUSE-BLAGNAC,2025071600,0,20.2,78
TOULOUSE-BLAGNAC,2025071601,0,19.2,81
TOULOUSE-BLAGNAC,2025071602,0,18.1,82
TOULOUSE-BLAGNAC,2025071603,0,17.7,81
TOULOUSE-BLAGNAC,2025071604,0,16.9,84
TOULOUSE-BLAGNAC,2025071605,0,16.9,84
TOULOUSE-BLAGNAC,2025071606,0,18.2,79
TOULOUSE-BLAGNAC,2025071607,0,20,68
TOULOUSE-BLAGNAC,2025071608,0,22.2,58
TOULOUSE-BLAGNAC,2025071609,0,23.3,54
TOULOUSE-BLAGNAC,2025071610,0,25.3,48
TOULOUSE-BLAGNAC,2025071611,0,27,40
TOULOUSE-BLAGNAC,2025071612,0,28.5,34
TOULOUSE-BLAGNAC,2025071613,0,29.5,32
TOULOUSE-BLAGNAC,2025071614,0,30.4,28
TOULOUSE-BLAGNAC,2025071615,0,31.7,27
TOULOUSE-BLAGNAC,2025071616,0,31.3,26
TOULOUSE-BLAGNAC,2025071617,0,30.7,25
TOULOUSE-BLAGNAC,2025071618,0,30.1,23
TOULOUSE-BLAGNAC,2025071619,0,29,26
TOULOUSE-BLAGNAC,2025071620,0,26.9,31
TOULOUSE-BLAGNAC,2025071621,0,24.4,37
TOULOUSE-BLAGNAC,2025071622,0,23.9,37
TOULOUSE-BLAGNAC,2025071623,0,22.5,43
TOULOUSE-BLAGNAC,2025071700,0,22.4,45
TOULOUSE-BLAGNAC,2025071701,0,20.4,51
TOULOUSE-BLAGNAC,2025071702,0,18,62
TOULOUSE-BLAGNAC,2025071703,0,17.5,73
TOULOUSE-BLAGNAC,2025071704,0,17.1,77
TOULOUSE-BLAGNAC,2025071705,0,16.8,81
TOULOUSE-BLAGNAC,2025071706,0,18.9,70
TOULOUSE-BLAGNAC,2025071707,0,22.7,56
TOULOUSE-BLAGNAC,2025071708,0,25.6,46
TOULOUSE-BLAGNAC,2025071709,0,28.9,39
TOULOUSE-BLAGNAC,2025071710,0,30,35
TOULOUSE-BLAGNAC,2025071711,0,31.5,33
TOULOUSE-BLAGNAC,2025071712,0,32.2,30
TOULOUSE-BLAGNAC,2025071713,0,33.9,29
TOULOUSE-BLAGNAC,2025071714,0,34.4,27
TOULOUSE-BLAGNAC,2025071715,0,35,25
TOULOUSE-BLAGNAC,2025071716,0,35.2,24
TOULOUSE-BLAGNAC,2025071717,0,34.8,25
TOULOUSE-BLAGNAC,2025071718,0,34.4,27
TOULOUSE-BLAGNAC,2025071719,0,32.5,32
TOULOUSE-BLAGNAC,2025071720,0,30.7,35
TOULOUSE-BLAGNAC,2025071721,0,29.8,37
TOULOUSE-BLAGNAC,2025071722,0,27.5,43
TOULOUSE-BLAGNAC,2025071723,0,28.4,41
TOULOUSE-BLAGNAC,2025071800,0,26.5,46
TOULOUSE-BLAGNAC,2025071801,0,24.1,58
TOULOUSE-BLAGNAC,2025071802,0,22,70
TOULOUSE-BLAGNAC,2025071803,0,21.3,77
TOULOUSE-BLAGNAC,2025071804,0,20.9,80
TOULOUSE-BLAGNAC,2025071805,0,20.6,83
TOULOUSE-BLAGNAC,2025071806,0,21,80
TOULOUSE-BLAGNAC,2025071807,0,21.9,76
TOULOUSE-BLAGNAC,2025071808,0,22.8,71
TOULOUSE-BLAGNAC,2025071809,0,23.6,66
TOULOUSE-BLAGNAC,2025071810,0,24.4,64
TOULOUSE-BLAGNAC,2025071811,0,25.4,60
TOULOUSE-BLAGNAC,2025071812,0,27.2,53
TOULOUSE-BLAGNAC,2025071813,0,28.8,48
TOULOUSE-BLAGNAC,2025071814,0,29.6,45
TOULOUSE-BLAGNAC,2025071815,0,30,44
TOULOUSE-BLAGNAC,2025071816,0,30.2,43
TOULOUSE-BLAGNAC,2025071817,0,30.2,44
TOULOUSE-BLAGNAC,2025071818,0,29.5,45
TOULOUSE-BLAGNAC,2025071819,0,28.3,49
TOULOUSE-BLAGNAC,2025071820,0,27.5,51
TOULOUSE-BLAGNAC,2025071821,0,25.8,54
TOULOUSE-BLAGNAC,2025071822,0,24.1,56
TOULOUSE-BLAGNAC,2025071823,0,22.8,58
TOULOUSE-BLAGNAC,2025071900,0,22,61
TOULOUSE-BLAGNAC,2025071901,0,21.4,64
TOULOUSE-BLAGNAC,2025071902,0,20.7,70
TOULOUSE-BLAGNAC,2025071903,0,20.5,71
TOULOUSE-BLAGNAC,2025071904,0,20.4,72
TOULOUSE-BLAGNAC,2025071905,2,19.1,83
TOULOUSE-BLAGNAC,2025071906,0.4,19.2,86
TOULOUSE-BLAGNAC,2025071907,0,19.1,82
TOULOUSE-BLAGNAC,2025071908,0,19.4,82
TOULOUSE-BLAGNAC,2025071909,0,20.8,79
TOULOUSE-BLAGNAC,2025071910,0,22.2,72
TOULOUSE-BLAGNAC,2025071911,0,23.6,60
TOULOUSE-BLAGNAC,2025071912,0,23.8,60
TOULOUSE-BLAGNAC,2025071913,0,24,59
TOULOUSE-BLAGNAC,2025071914,0,25,58
TOULOUSE-BLAGNAC,2025071915,0,25.3,55
TOULOUSE-BLAGNAC,2025071916,0,25.7,55
TOULOUSE-BLAGNAC,2025071917,0,26,53
TOULOUSE-BLAGNAC,2025071918,0,26,53
TOULOUSE-BLAGNAC,2025071919,0,24.8,57
TOULOUSE-BLAGNAC,2025071920,0,23.4,63
TOULOUSE-BLAGNAC,2025071921,0,22.3,69
TOULOUSE-BLAGNAC,2025071922,0,21.5,73
TOULOUSE-BLAGNAC,2025071923,0,20.6,76
TOULOUSE-BLAGNAC,2025072000,0,20.3,77
TOULOUSE-BLAGNAC,2025072001,0,20.3,78
TOULOUSE-BLAGNAC,2025072002,0,19.1,80
TOULOUSE-BLAGNAC,2025072003,0,18.7,84
TOULOUSE-BLAGNAC,2025072004,0,18.1,87
TOULOUSE-BLAGNAC,2025072005,0,19,82
TOULOUSE-BLAGNAC,2025072006,0,19.1,83
TOULOUSE-BLAGNAC,2025072007,0,20.7,74
TOULOUSE-BLAGNAC,2025072008,0,25,56
TOULOUSE-BLAGNAC,2025072009,0,27.2,50
TOULOUSE-BLAGNAC,2025072010,0,27.5,46
TOULOUSE-BLAGNAC,2025072011,0,28,46
TOULOUSE-BLAGNAC,2025072012,0,27,48
TOULOUSE-BLAGNAC,2025072013,0,25.9,53
TOULOUSE-BLAGNAC,2025072014,0,26.3,53
TOULOUSE-BLAGNAC,2025072015,0,25.7,53
TOULOUSE-BLAGNAC,2025072016,0,26,52
TOULOUSE-BLAGNAC,2025072017,0,25.3,51
TOULOUSE-BLAGNAC,2025072018,0,25.2,52
TOULOUSE-BLAGNAC,2025072019,0,23.9,56
TOULOUSE-BLAGNAC,2025072020,0,23.4,58
TOULOUSE-BLAGNAC,2025072021,3.9,20.8,78
TOULOUSE-BLAGNAC,2025072022,6.1,18.8,91
TOULOUSE-BLAGNAC,2025072023,0.2,18.8,85
TOULOUSE-BLAGNAC,2025072100,0,18.7,78
TOULOUSE-BLAGNAC,2025072101,0,18.4,78
TOULOUSE-BLAGNAC,2025072102,0,18.5,78
TOULOUSE-BLAGNAC,2025072103,0,17.8,85
TOULOUSE-BLAGNAC,2025072104,0,17.6,81
TOULOUSE-BLAGNAC,2025072105,0,17.1,84
TOULOUSE-BLAGNAC,2025072106,0,18,78
TOULOUSE-BLAGNAC,2025072107,0,19.8,68
TOULOUSE-BLAGNAC,2025072108,0,20.5,64
TOULOUSE-BLAGNAC,2025072109,0,21.6,60
TOULOUSE-BLAGNAC,2025072110,0,23.4,55
TOULOUSE-BLAGNAC,2025072111,0,24.9,48
TOULOUSE-BLAGNAC,2025072112,0,25.4,47
TOULOUSE-BLAGNAC,2025072113,0,26.8,42
TOULOUSE-BLAGNAC,2025072114,0,26.4,42
TOULOUSE-BLAGNAC,2025072115,0,25.1,48
TOULOUSE-BLAGNAC,2025072116,0,24.4,52
TOULOUSE-BLAGNAC,2025072117,0,24.4,54
TOULOUSE-BLAGNAC,2025072118,0,24.2,52
TOULOUSE-BLAGNAC,2025072119,0,22.5,58
TOULOUSE-BLAGNAC,2025072120,0,21.1,62
TOULOUSE-BLAGNAC,2025072121,0,20.5,64
TOULOUSE-BLAGNAC,2025072122,0,19.3,70
TOULOUSE-BLAGNAC,2025072123,0,18.6,75
TOULOUSE-BLAGNAC,2025072200,0,18,78
TOULOUSE-BLAGNAC,2025072201,0,17.5,80
TOULOUSE-BLAGNAC,2025072202,0,17,79
TOULOUSE-BLAGNAC,2025072203,0,16.2,83
TOULOUSE-BLAGNAC,2025072204,0,15.9,85
TOULOUSE-BLAGNAC,2025072205,0,15.3,89
TOULOUSE-BLAGNAC,2025072206,0,17.2,84
TOULOUSE-BLAGNAC,2025072207,0,19,78
TOULOUSE-BLAGNAC,2025072208,0,20.8,69
TOULOUSE-BLAGNAC,2025072209,0,21.2,61
TOULOUSE-BLAGNAC,2025072210,0,23.3,54
TOULOUSE-BLAGNAC,2025072211,0,24.7,47
TOULOUSE-BLAGNAC,2025072212,0,26,43
TOULOUSE-BLAGNAC,2025072213,0,26.9,40
TOULOUSE-BLAGNAC,2025072214,0,27.2,39
TOULOUSE-BLAGNAC,2025072215,0,28.1,38
TOULOUSE-BLAGNAC,2025072216,0,28.7,36
TOULOUSE-BLAGNAC,2025072217,0,28.5,37
TOULOUSE-BLAGNAC,2025072218,0,28.1,38
TOULOUSE-BLAGNAC,2025072219,0,26.6,41
TOULOUSE-BLAGNAC,2025072220,0,25.5,44
TOULOUSE-BLAGNAC,2025072221,0,24,50
TOULOUSE-BLAGNAC,2025072222,0,23.2,52
TOULOUSE-BLAGNAC,2025072223,0,22,59
TOULOUSE-BLAGNAC,2025072300,0,20.7,64
TOULOUSE-BLAGNAC,2025072301,0,19.7,68
TOULOUSE-BLAGNAC,2025072302,0,19.5,68
TOULOUSE-BLAGNAC,2025072303,0,18.4,73
TOULOUSE-BLAGNAC,2025072304,0,18.4,74
TOULOUSE-BLAGNAC,2025072305,0,18.6,74
TOULOUSE-BLAGNAC,2025072306,0,19.2,72
TOULOUSE-BLAGNAC,2025072307,0,20,67
TOULOUSE-BLAGNAC,2025072308,0,20.8,64
TOULOUSE-BLAGNAC,2025072309,0,22.1,55
TOULOUSE-BLAGNAC,2025072310,0,21.5,60
TOULOUSE-BLAGNAC,2025072311,0,21.3,58
TOULOUSE-BLAGNAC,2025072312,0.2,18.6,82
TOULOUSE-BLAGNAC,2025072313,2.2,18,90
TOULOUSE-BLAGNAC,2025072314,0.2,17.8,91
TOULOUSE-BLAGNAC,2025072315,0,18,92
TOULOUSE-BLAGNAC,2025072316,0,19.1,87
TOULOUSE-BLAGNAC,2025072317,0,19.2,84
TOULOUSE-BLAGNAC,2025072318,0.4,18.8,91
TOULOUSE-BLAGNAC,2025072319,0,18.9,92
TOULOUSE-BLAGNAC,2025072320,0,18.5,90
TOULOUSE-BLAGNAC,2025072321,0,17.9,86
TOULOUSE-BLAGNAC,2025072322,0,18,87
TOULOUSE-BLAGNAC,2025072323,0,18,86
TOULOUSE-BLAGNAC,2025072400,0,18,83
TOULOUSE-BLAGNAC,2025072401,0,17.3,85
TOULOUSE-BLAGNAC,2025072402,0,16.5,88
TOULOUSE-BLAGNAC,2025072403,0,16,91
TOULOUSE-BLAGNAC,2025072404,0,16.3,90
TOULOUSE-BLAGNAC,2025072405,0,16.4,91
TOULOUSE-BLAGNAC,2025072406,0,16.7,86
TOULOUSE-BLAGNAC,2025072407,0,17.4,85
TOULOUSE-BLAGNAC,2025072408,0,18.7,76
TOULOUSE-BLAGNAC,2025072409,0,20.2,63
TOULOUSE-BLAGNAC,2025072410,0,21.1,58
TOULOUSE-BLAGNAC,2025072411,0,22.1,54
TOULOUSE-BLAGNAC,2025072412,0,23.8,47
TOULOUSE-BLAGNAC,2025072413,0,24.2,44
TOULOUSE-BLAGNAC,2025072414,0,24.9,42
TOULOUSE-BLAGNAC,2025072415,0,24.5,42
TOULOUSE-BLAGNAC,2025072416,0,25.7,39
TOULOUSE-BLAGNAC,2025072417,0,25.2,39
TOULOUSE-BLAGNAC,2025072418,0,24.6,42
TOULOUSE-BLAGNAC,2025072419,0,22.6,48
TOULOUSE-BLAGNAC,2025072420,0,21.1,56
TOULOUSE-BLAGNAC,2025072421,0,19.9,63
TOULOUSE-BLAGNAC,2025072422,0,18.8,69
TOULOUSE-BLAGNAC,2025072423,0,17.9,74
TOULOUSE-BLAGNAC,2025072500,0,17.5,77
TOULOUSE-BLAGNAC,2025072501,0,17.3,78
TOULOUSE-BLAGNAC,2025072502,0,16.6,80
TOULOUSE-BLAGNAC,2025072503,0,16.6,82
TOULOUSE-BLAGNAC,2025072504,0,16.4,84
TOULOUSE-BLAGNAC,2025072505,0,16.7,84
TOULOUSE-BLAGNAC,2025072506,0,16.5,84
TOULOUSE-BLAGNAC,2025072507,0,17.1,82
TOULOUSE-BLAGNAC,2025072508,0,18.8,72
TOULOUSE-BLAGNAC,2025072509,0,21,59
TOULOUSE-BLAGNAC,2025072510,0,21.9,55
TOULOUSE-BLAGNAC,2025072511,0,22.5,53
TOULOUSE-BLAGNAC,2025072512,0,25.2,42
TOULOUSE-BLAGNAC,2025072513,0,26.2,38
TOULOUSE-BLAGNAC,2025072514,0,26.8,38
TOULOUSE-BLAGNAC,2025072515,0,27.1,37
TOULOUSE-BLAGNAC,2025072516,0,25.4,39
TOULOUSE-BLAGNAC,2025072517,0,25.1,41
TOULOUSE-BLAGNAC,2025072518,0,25.1,41
TOULOUSE-BLAGNAC,2025072519,0,23.9,48
TOULOUSE-BLAGNAC,2025072520,0,23,51
TOULOUSE-BLAGNAC,2025072521,0,22.2,56
TOULOUSE-BLAGNAC,2025072522,0,21.6,59
TOULOUSE-BLAGNAC,2025072523,0,20.8,63
TOULOUSE-BLAGNAC,2025072600,0,19.8,67
TOULOUSE-BLAGNAC,2025072601,0,19.2,69
TOULOUSE-BLAGNAC,2025072602,0,18.9,72
TOULOUSE-BLAGNAC,2025072603,0,17.7,80
TOULOUSE-BLAGNAC,2025072604,0,17.6,82
TOULOUSE-BLAGNAC,2025072605,0,17.7,84
TOULOUSE-BLAGNAC,2025072606,0,18.1,83
TOULOUSE-BLAGNAC,2025072607,0,18.4,83
TOULOUSE-BLAGNAC,2025072608,0,19.4,80
TOULOUSE-BLAGNAC,2025072609,0,20.3,76
TOULOUSE-BLAGNAC,2025072610,0,22.8,66
TOULOUSE-BLAGNAC,2025072611,0,24.1,60
TOULOUSE-BLAGNAC,2025072612,0,25.9,53
TOULOUSE-BLAGNAC,2025072613,0,25.6,50
TOULOUSE-BLAGNAC,2025072614,0,26.9,46
TOULOUSE-BLAGNAC,2025072615,0,27.9,48
TOULOUSE-BLAGNAC,2025072616,0,26.5,48
TOULOUSE-BLAGNAC,2025072617,0,27.4,46
TOULOUSE-BLAGNAC,2025072618,0,26.6,46
TOULOUSE-BLAGNAC,2025072619,0,25.6,50
TOULOUSE-BLAGNAC,2025072620,0,23.7,56
TOULOUSE-BLAGNAC,2025072621,0,22.4,62
TOULOUSE-BLAGNAC,2025072622,0,21.8,65
TOULOUSE-BLAGNAC,2025072623,0,20.9,68
TOULOUSE-BLAGNAC,2025072700,0,20,71
TOULOUSE-BLAGNAC,2025072701,0,19.5,74
TOULOUSE-BLAGNAC,2025072702,0,18.7,79
TOULOUSE-BLAGNAC,2025072703,0,18,82
TOULOUSE-BLAGNAC,2025072704,0,17.6,85
TOULOUSE-BLAGNAC,2025072705,0,17,88
TOULOUSE-BLAGNAC,2025072706,0,17.4,86
TOULOUSE-BLAGNAC,2025072707,0,19.4,73
TOULOUSE-BLAGNAC,2025072708,0,21.3,66
TOULOUSE-BLAGNAC,2025072709,0,22.3,59
TOULOUSE-BLAGNAC,2025072710,0,22.6,58
TOULOUSE-BLAGNAC,2025072711,0,23.5,54
TOULOUSE-BLAGNAC,2025072712,0,25.3,48
TOULOUSE-BLAGNAC,2025072713,0,26.2,47
TOULOUSE-BLAGNAC,2025072714,0,25.7,50
TOULOUSE-BLAGNAC,2025072715,0,25.1,53
TOULOUSE-BLAGNAC,2025072716,0,23.6,62
TOULOUSE-BLAGNAC,2025072717,0,22.1,71
TOULOUSE-BLAGNAC,2025072718,0,22.5,69
TOULOUSE-BLAGNAC,2025072719,0,21.6,72
TOULOUSE-BLAGNAC,2025072720,0,20.9,77
TOULOUSE-BLAGNAC,2025072721,0,20.9,75
TOULOUSE-BLAGNAC,2025072722,0,20.9,62
TOULOUSE-BLAGNAC,2025072723,0,20.5,62
TOULOUSE-BLAGNAC,2025072800,0,19.7,67
TOULOUSE-BLAGNAC,2025072801,0,19.1,69
TOULOUSE-BLAGNAC,2025072802,0,18.8,68
TOULOUSE-BLAGNAC,2025072803,0,18.3,70
TOULOUSE-BLAGNAC,2025072804,0,18.1,71
TOULOUSE-BLAGNAC,2025072805,0,17.9,73
TOULOUSE-BLAGNAC,2025072806,0,18,74
TOULOUSE-BLAGNAC,2025072807,0,18.7,71
TOULOUSE-BLAGNAC,2025072808,0,19.5,67
TOULOUSE-BLAGNAC,2025072809,0,20.9,60
TOULOUSE-BLAGNAC,2025072810,0,23,51
TOULOUSE-BLAGNAC,2025072811,0,23.6,44
TOULOUSE-BLAGNAC,2025072812,0,25.5,38
TOULOUSE-BLAGNAC,2025072813,0,26.4,34
TOULOUSE-BLAGNAC,2025072814,0,26.7,33
TOULOUSE-BLAGNAC,2025072815,0,26.7,30
TOULOUSE-BLAGNAC,2025072816,0,26.7,30
TOULOUSE-BLAGNAC,2025072817,0,26.8,30
TOULOUSE-BLAGNAC,2025072818,0,25.7,32
TOULOUSE-BLAGNAC,2025072819,0,24.4,36
TOULOUSE-BLAGNAC,2025072820,0,22.2,42
TOULOUSE-BLAGNAC,2025072821,0,21.4,46
TOULOUSE-BLAGNAC,2025072822,0,19.7,51
TOULOUSE-BLAGNAC,2025072823,0,19.2,53
TOULOUSE-BLAGNAC,2025072900,0,18.2,57
TOULOUSE-BLAGNAC,2025072901,0,17.7,59
TOULOUSE-BLAGNAC,2025072902,0,17.3,68
TOULOUSE-BLAGNAC,2025072903,0,16.6,77
TOULOUSE-BLAGNAC,2025072904,0,16.2,79
TOULOUSE-BLAGNAC,2025072905,0,15.9,81
TOULOUSE-BLAGNAC,2025072906,0,16.7,80
TOULOUSE-BLAGNAC,2025072907,0,17.2,79
TOULOUSE-BLAGNAC,2025072908,0,19.7,71
TOULOUSE-BLAGNAC,2025072909,0,21.7,60
TOULOUSE-BLAGNAC,2025072910,0,23.5,48
TOULOUSE-BLAGNAC,2025072911,0,23.7,45
TOULOUSE-BLAGNAC,2025072912,0,24.4,43
TOULOUSE-BLAGNAC,2025072913,0,26,39
TOULOUSE-BLAGNAC,2025072914,0,26.8,35
TOULOUSE-BLAGNAC,2025072915,0,27.6,33
TOULOUSE-BLAGNAC,2025072916,0,26.4,34
TOULOUSE-BLAGNAC,2025072917,0,27.1,33
TOULOUSE-BLAGNAC,2025072918,0,25.6,38
TOULOUSE-BLAGNAC,2025072919,0,24.6,44
TOULOUSE-BLAGNAC,2025072920,0,22.7,53
TOULOUSE-BLAGNAC,2025072921,0,21.8,58
TOULOUSE-BLAGNAC,2025072922,0,20.9,59
TOULOUSE-BLAGNAC,2025072923,0,20.2,61
TOULOUSE-BLAGNAC,2025073000,0,19.6,64
TOULOUSE-BLAGNAC,2025073001,0,19,67
TOULOUSE-BLAGNAC,2025073002,0,17.8,72
TOULOUSE-BLAGNAC,2025073003,0,16.9,76
TOULOUSE-BLAGNAC,2025073004,0,16.5,78
TOULOUSE-BLAGNAC,2025073005,0,16.8,79
TOULOUSE-BLAGNAC,2025073006,0,17.4,77
TOULOUSE-BLAGNAC,2025073007,0,16.9,88
TOULOUSE-BLAGNAC,2025073008,0,17.2,90
TOULOUSE-BLAGNAC,2025073009,0,19.6,76
TOULOUSE-BLAGNAC,2025073010,0,22,57
TOULOUSE-BLAGNAC,2025073011,0,23.7,51
TOULOUSE-BLAGNAC,2025073012,0,24.8,45
TOULOUSE-BLAGNAC,2025073013,0,26.4,40
TOULOUSE-BLAGNAC,2025073014,0,28.3,36
TOULOUSE-BLAGNAC,2025073015,0,27.1,37
TOULOUSE-BLAGNAC,2025073016,0,27.6,37
TOULOUSE-BLAGNAC,2025073017,0,27.4,40
TOULOUSE-BLAGNAC,2025073018,0,26.5,42
TOULOUSE-BLAGNAC,2025073019,0,25.3,47
TOULOUSE-BLAGNAC,2025073020,0,23.8,53
TOULOUSE-BLAGNAC,2025073021,0,23.8,55
TOULOUSE-BLAGNAC,2025073022,0,22.9,60
TOULOUSE-BLAGNAC,2025073023,0,21.8,65
TOULOUSE-BLAGNAC,2025073100,0,20.8,67
TOULOUSE-BLAGNAC,2025073101,0,19.7,71
TOULOUSE-BLAGNAC,2025073102,0,18.9,77
TOULOUSE-BLAGNAC,2025073103,0,18.6,80
TOULOUSE-BLAGNAC,2025073104,0,17.7,84
TOULOUSE-BLAGNAC,2025073105,0,17.3,86
TOULOUSE-BLAGNAC,2025073106,0,17,87
TOULOUSE-BLAGNAC,2025073107,0,18.7,79
TOULOUSE-BLAGNAC,2025073108,0,20.4,72
TOULOUSE-BLAGNAC,2025073109,0,22.4,63
TOULOUSE-BLAGNAC,2025073110,0,25.3,50
TOULOUSE-BLAGNAC,2025073111,0,25,49
TOULOUSE-BLAGNAC,2025073112,0,26.2,45
TOULOUSE-BLAGNAC,2025073113,0,26.8,43
TOULOUSE-BLAGNAC,2025073114,0,27.8,38
TOULOUSE-BLAGNAC,2025073115,0,28.9,37
TOULOUSE-BLAGNAC,2025073116,0,28,38
TOULOUSE-BLAGNAC,2025073117,0,27.3,38
TOULOUSE-BLAGNAC,2025073118,0,27.4,39
TOULOUSE-BLAGNAC,2025073119,0,26.1,42
TOULOUSE-BLAGNAC,2025073120,0,24.4,46
TOULOUSE-BLAGNAC,2025073121,0,24,51
TOULOUSE-BLAGNAC,2025073122,0,23.2,54
TOULOUSE-BLAGNAC,2025073123,0,22.6,59
TOULOUSE-BLAGNAC,2025080100,0,21.2,67
TOULOUSE-BLAGNAC,2025080101,0,19.8,72
TOULOUSE-BLAGNAC,2025080102,0,18.8,75
TOULOUSE-BLAGNAC,2025080103,0,18.5,75
TOULOUSE-BLAGNAC,2025080104,0,18.2,77
TOULOUSE-BLAGNAC,2025080105,0,18.2,80
TOULOUSE-BLAGNAC,2025080106,0,18.4,79
TOULOUSE-BLAGNAC,2025080107,0,20,72
TOULOUSE-BLAGNAC,2025080108,0,21.1,67
TOULOUSE-BLAGNAC,2025080109,0,21.3,65
TOULOUSE-BLAGNAC,2025080110,0,22.3,62
TOULOUSE-BLAGNAC,2025080111,0,23,57
TOULOUSE-BLAGNAC,2025080112,0,24.2,53
TOULOUSE-BLAGNAC,2025080113,0,26.5,44
TOULOUSE-BLAGNAC,2025080114,0,26.9,42
TOULOUSE-BLAGNAC,2025080115,0,28.2,37
TOULOUSE-BLAGNAC,2025080116,0,28.3,36
TOULOUSE-BLAGNAC,2025080117,0,27,37
TOULOUSE-BLAGNAC,2025080118,0,25.9,43
TOULOUSE-BLAGNAC,2025080119,0,24.7,50
TOULOUSE-BLAGNAC,2025080120,0,23,57
TOULOUSE-BLAGNAC,2025080121,0,22.6,60
TOULOUSE-BLAGNAC,2025080122,0,21.5,64
TOULOUSE-BLAGNAC,2025080123,0,21.2,68
TOULOUSE-BLAGNAC,2025080200,0,20.2,72
TOULOUSE-BLAGNAC,2025080201,0,19.1,74
TOULOUSE-BLAGNAC,2025080202,0,18.2,78
TOULOUSE-BLAGNAC,2025080203,0,17.9,80
TOULOUSE-BLAGNAC,2025080204,0,17.4,84
TOULOUSE-BLAGNAC,2025080205,0,17.4,85
TOULOUSE-BLAGNAC,2025080206,0,17.8,83
TOULOUSE-BLAGNAC,2025080207,0,18.7,79
TOULOUSE-BLAGNAC,2025080208,0,20.4,69
TOULOUSE-BLAGNAC,2025080209,0,21.3,62
TOULOUSE-BLAGNAC,2025080210,0,22.9,58
TOULOUSE-BLAGNAC,2025080211,0,24.1,54
TOULOUSE-BLAGNAC,2025080212,0,25.5,41
TOULOUSE-BLAGNAC,2025080213,0,27.2,36
TOULOUSE-BLAGNAC,2025080214,0,27.6,36
TOULOUSE-BLAGNAC,2025080215,0,27.4,33
TOULOUSE-BLAGNAC,2025080216,0,26.9,35
TOULOUSE-BLAGNAC,2025080217,0,26,36
TOULOUSE-BLAGNAC,2025080218,0,25.4,37
TOULOUSE-BLAGNAC,2025080219,0,24,39
TOULOUSE-BLAGNAC,2025080220,0,22.5,42
TOULOUSE-BLAGNAC,2025080221,0,20.1,48
TOULOUSE-BLAGNAC,2025080222,0,20,48
TOULOUSE-BLAGNAC,2025080223,0,18.9,49
TOULOUSE-BLAGNAC,2025080300,0,17.8,52
TOULOUSE-BLAGNAC,2025080301,0,17.1,54
TOULOUSE-BLAGNAC,2025080302,0,17.3,55
TOULOUSE-BLAGNAC,2025080303,0,16.1,60
TOULOUSE-BLAGNAC,2025080304,0,16,62
TOULOUSE-BLAGNAC,2025080305,0,16,62
TOULOUSE-BLAGNAC,2025080306,0,16.5,62
TOULOUSE-BLAGNAC,2025080307,0,18.8,55
TOULOUSE-BLAGNAC,2025080308,0,21.2,48
TOULOUSE-BLAGNAC,2025080309,0,23.3,41
TOULOUSE-BLAGNAC,2025080310,0,24.7,33
TOULOUSE-BLAGNAC,2025080311,0,25.4,29
TOULOUSE-BLAGNAC,2025080312,0,26.9,25
TOULOUSE-BLAGNAC,2025080313,0,27.3,26
TOULOUSE-BLAGNAC,2025080314,0,28.6,24
TOULOUSE-BLAGNAC,2025080315,0,28.9,22
TOULOUSE-BLAGNAC,2025080316,0,28.9,22
TOULOUSE-BLAGNAC,2025080317,0,28.5,23
TOULOUSE-BLAGNAC,2025080318,0,27.9,24
TOULOUSE-BLAGNAC,2025080319,0,26.3,28
TOULOUSE-BLAGNAC,2025080320,0,24.1,33
TOULOUSE-BLAGNAC,2025080321,0,22.9,36
TOULOUSE-BLAGNAC,2025080322,0,21.8,40
TOULOUSE-BLAGNAC,2025080323,0,20.5,44
TOULOUSE-BLAGNAC,2025080400,0,18.4,53
TOULOUSE-BLAGNAC,2025080401,0,16.9,61
TOULOUSE-BLAGNAC,2025080402,0,16,67
TOULOUSE-BLAGNAC,2025080403,0,15.6,69
TOULOUSE-BLAGNAC,2025080404,0,15,72
TOULOUSE-BLAGNAC,2025080405,0,14.6,74
TOULOUSE-BLAGNAC,2025080406,0,15.7,71
TOULOUSE-BLAGNAC,2025080407,0,19.3,54
TOULOUSE-BLAGNAC,2025080408,0,22.9,43
TOULOUSE-BLAGNAC,2025080409,0,26.7,35
TOULOUSE-BLAGNAC,2025080410,0,28.4,29
TOULOUSE-BLAGNAC,2025080411,0,31.2,23
TOULOUSE-BLAGNAC,2025080412,0,32,19
TOULOUSE-BLAGNAC,2025080413,0,32.8,20
TOULOUSE-BLAGNAC,2025080414,0,33.6,19
TOULOUSE-BLAGNAC,2025080415,0,33.7,18
TOULOUSE-BLAGNAC,2025080416,0,34.4,17
TOULOUSE-BLAGNAC,2025080417,0,35,17
TOULOUSE-BLAGNAC,2025080418,0,33.2,20
TOULOUSE-BLAGNAC,2025080419,0,31.5,24
TOULOUSE-BLAGNAC,2025080420,0,29.5,27
TOULOUSE-BLAGNAC,2025080421,0,26.6,33
TOULOUSE-BLAGNAC,2025080422,0,25.6,36
TOULOUSE-BLAGNAC,2025080423,0,24,42
TOULOUSE-BLAGNAC,2025080500,0,20.3,55
TOULOUSE-BLAGNAC,2025080501,0,20,59
TOULOUSE-BLAGNAC,2025080502,0,21.8,52
TOULOUSE-BLAGNAC,2025080503,0,21.3,59
TOULOUSE-BLAGNAC,2025080504,0,20.6,66
TOULOUSE-BLAGNAC,2025080505,0,19.8,70
TOULOUSE-BLAGNAC,2025080506,0,20.4,66
TOULOUSE-BLAGNAC,2025080507,0,21.5,59
TOULOUSE-BLAGNAC,2025080508,0,23.1,52
TOULOUSE-BLAGNAC,2025080509,0,25.2,43
TOULOUSE-BLAGNAC,2025080510,0,27.1,33
TOULOUSE-BLAGNAC,2025080511,0,28.7,26
TOULOUSE-BLAGNAC,2025080512,0,30.1,22
TOULOUSE-BLAGNAC,2025080513,0,31.1,22
TOULOUSE-BLAGNAC,2025080514,0,31,21
TOULOUSE-BLAGNAC,2025080515,0,31.9,23
TOULOUSE-BLAGNAC,2025080516,0,31.3,26
TOULOUSE-BLAGNAC,2025080517,0,30.5,27
TOULOUSE-BLAGNAC,2025080518,0,29,35
TOULOUSE-BLAGNAC,2025080519,0,27.2,45
TOULOUSE-BLAGNAC,2025080520,0,25.8,52
TOULOUSE-BLAGNAC,2025080521,0,23.9,60
TOULOUSE-BLAGNAC,2025080522,0,23.2,66
TOULOUSE-BLAGNAC,2025080523,0,22.5,68
TOULOUSE-BLAGNAC,2025080600,0,21.5,69
TOULOUSE-BLAGNAC,2025080601,0,20.7,70
TOULOUSE-BLAGNAC,2025080602,0,20,71
TOULOUSE-BLAGNAC,2025080603,0,19.3,75
TOULOUSE-BLAGNAC,2025080604,0,18.8,76
TOULOUSE-BLAGNAC,2025080605,0,17.8,75
TOULOUSE-BLAGNAC,2025080606,0,18.8,70
TOULOUSE-BLAGNAC,2025080607,0,20.7,56
TOULOUSE-BLAGNAC,2025080608,0,22.6,52
TOULOUSE-BLAGNAC,2025080609,0,25.4,42
TOULOUSE-BLAGNAC,2025080610,0,25.6,42
TOULOUSE-BLAGNAC,2025080611,0,26.9,40
TOULOUSE-BLAGNAC,2025080612,0,25.8,43
TOULOUSE-BLAGNAC,2025080613,0,25.9,43
TOULOUSE-BLAGNAC,2025080614,0,26.8,41
TOULOUSE-BLAGNAC,2025080615,0,29.8,36
TOULOUSE-BLAGNAC,2025080616,0,29.4,36
TOULOUSE-BLAGNAC,2025080617,0,29.1,35
TOULOUSE-BLAGNAC,2025080618,0,28.3,33
TOULOUSE-BLAGNAC,2025080619,0,27.1,32
TOULOUSE-BLAGNAC,2025080620,0,26.1,32
TOULOUSE-BLAGNAC,2025080621,0,25.3,29
TOULOUSE-BLAGNAC,2025080622,0,22.6,40
TOULOUSE-BLAGNAC,2025080623,0,21.7,41
TOULOUSE-BLAGNAC,2025080700,0,20.5,54
TOULOUSE-BLAGNAC,2025080701,0,20,55
TOULOUSE-BLAGNAC,2025080702,0,20.1,60
TOULOUSE-BLAGNAC,2025080703,0,19.2,64
TOULOUSE-BLAGNAC,2025080704,0,18.1,74
TOULOUSE-BLAGNAC,2025080705,0,18.4,75
TOULOUSE-BLAGNAC,2025080706,0,19.2,76
TOULOUSE-BLAGNAC,2025080707,0,22.3,63
TOULOUSE-BLAGNAC,2025080708,0,25.5,41
TOULOUSE-BLAGNAC,2025080709,0,28.1,35
TOULOUSE-BLAGNAC,2025080710,0,29.8,32
TOULOUSE-BLAGNAC,2025080711,0,32.1,31
TOULOUSE-BLAGNAC,2025080712,0,33.2,30
TOULOUSE-BLAGNAC,2025080713,0,34.6,28
TOULOUSE-BLAGNAC,2025080714,0,35.6,26
TOULOUSE-BLAGNAC,2025080715,0,36.1,26
TOULOUSE-BLAGNAC,2025080716,0,35.9,26
TOULOUSE-BLAGNAC,2025080717,0,35.8,27
TOULOUSE-BLAGNAC,2025080718,0,33.9,30
TOULOUSE-BLAGNAC,2025080719,0,30.9,35
TOULOUSE-BLAGNAC,2025080720,0,28.7,40
TOULOUSE-BLAGNAC,2025080721,0,27.3,49
TOULOUSE-BLAGNAC,2025080722,0,26.2,59
TOULOUSE-BLAGNAC,2025080723,0,25.3,61
TOULOUSE-BLAGNAC,2025080800,0,24.6,63
TOULOUSE-BLAGNAC,2025080801,0,23.6,62
TOULOUSE-BLAGNAC,2025080802,0,22.8,70
TOULOUSE-BLAGNAC,2025080803,0,22.2,75
TOULOUSE-BLAGNAC,2025080804,0,21.8,80
TOULOUSE-BLAGNAC,2025080805,0,21.3,84
TOULOUSE-BLAGNAC,2025080806,0,22.1,80
TOULOUSE-BLAGNAC,2025080807,0,22.9,67
TOULOUSE-BLAGNAC,2025080808,0,24.7,60
TOULOUSE-BLAGNAC,2025080809,0,26.7,55
TOULOUSE-BLAGNAC,2025080810,0,29,47
TOULOUSE-BLAGNAC,2025080811,0,30.6,42
TOULOUSE-BLAGNAC,2025080812,0,32.7,43
TOULOUSE-BLAGNAC,2025080813,0,33.7,42
TOULOUSE-BLAGNAC,2025080814,0,34.6,41
TOULOUSE-BLAGNAC,2025080815,0,35.7,38
TOULOUSE-BLAGNAC,2025080816,0,36.2,38
TOULOUSE-BLAGNAC,2025080817,0,36.5,37
TOULOUSE-BLAGNAC,2025080818,0,34.3,39
TOULOUSE-BLAGNAC,2025080819,0,31.7,39
TOULOUSE-BLAGNAC,2025080820,0,30.1,39
TOULOUSE-BLAGNAC,2025080821,0,28.6,44
TOULOUSE-BLAGNAC,2025080822,0,27.2,50
TOULOUSE-BLAGNAC,2025080823,0,26.1,54
TOULOUSE-BLAGNAC,2025080900,0,25.2,58
TOULOUSE-BLAGNAC,2025080901,0,23.8,63
TOULOUSE-BLAGNAC,2025080902,0,23.5,66
TOULOUSE-BLAGNAC,2025080903,0,22.4,72
TOULOUSE-BLAGNAC,2025080904,0,22.7,59
TOULOUSE-BLAGNAC,2025080905,0,21.9,60
TOULOUSE-BLAGNAC,2025080906,0,22.1,59
TOULOUSE-BLAGNAC,2025080907,0,23.2,55
TOULOUSE-BLAGNAC,2025080908,0,25.2,50
TOULOUSE-BLAGNAC,2025080909,0,27.5,44
TOULOUSE-BLAGNAC,2025080910,0,29.9,39
TOULOUSE-BLAGNAC,2025080911,0,31.7,36
TOULOUSE-BLAGNAC,2025080912,0,33.8,35
TOULOUSE-BLAGNAC,2025080913,0,35.3,34
TOULOUSE-BLAGNAC,2025080914,0,36.4,32
TOULOUSE-BLAGNAC,2025080915,0,37.8,29
TOULOUSE-BLAGNAC,2025080916,0,37.6,30
TOULOUSE-BLAGNAC,2025080917,0,36.6,30
TOULOUSE-BLAGNAC,2025080918,0,35.8,35
TOULOUSE-BLAGNAC,2025080919,0,33.8,39
TOULOUSE-BLAGNAC,2025080920,0,31.6,45
TOULOUSE-BLAGNAC,2025080921,0,30.6,47
TOULOUSE-BLAGNAC,2025080922,0,28.6,55
TOULOUSE-BLAGNAC,2025080923,0,27.2,55
TOULOUSE-BLAGNAC,2025081000,0,26.1,57
TOULOUSE-BLAGNAC,2025081001,0,24.7,64
TOULOUSE-BLAGNAC,2025081002,0,23.5,71
TOULOUSE-BLAGNAC,2025081003,0,22.5,76
TOULOUSE-BLAGNAC,2025081004,0,21.6,80
TOULOUSE-BLAGNAC,2025081005,0,20.8,83
TOULOUSE-BLAGNAC,2025081006,0,21.3,81
TOULOUSE-BLAGNAC,2025081007,0,22.3,76
TOULOUSE-BLAGNAC,2025081008,0,24.4,67
TOULOUSE-BLAGNAC,2025081009,0,27,58
TOULOUSE-BLAGNAC,2025081010,0,29.1,50
TOULOUSE-BLAGNAC,2025081011,0,31.6,43
TOULOUSE-BLAGNAC,2025081012,0,33.8,36
TOULOUSE-BLAGNAC,2025081013,0,35,32
TOULOUSE-BLAGNAC,2025081014,0,36.2,31
TOULOUSE-BLAGNAC,2025081015,0,36.5,29
TOULOUSE-BLAGNAC,2025081016,0,37.1,28
TOULOUSE-BLAGNAC,2025081017,0,36.8,29
TOULOUSE-BLAGNAC,2025081018,0,35.7,31
TOULOUSE-BLAGNAC,2025081019,0,33.6,35
TOULOUSE-BLAGNAC,2025081020,0,32.6,38
TOULOUSE-BLAGNAC,2025081021,0,31,40
TOULOUSE-BLAGNAC,2025081022,0,30,43
TOULOUSE-BLAGNAC,2025081023,0,26.7,55
TOULOUSE-BLAGNAC,2025081100,0,25.7,59
TOULOUSE-BLAGNAC,2025081101,0,24.4,65
TOULOUSE-BLAGNAC,2025081102,0,24,68
TOULOUSE-BLAGNAC,2025081103,0,22.9,69
TOULOUSE-BLAGNAC,2025081104,0,22.5,71
TOULOUSE-BLAGNAC,2025081105,0,21.8,74
TOULOUSE-BLAGNAC,2025081106,0,22.7,73
TOULOUSE-BLAGNAC,2025081107,0,25.2,63
TOULOUSE-BLAGNAC,2025081108,0,28.8,51
TOULOUSE-BLAGNAC,2025081109,0,32.1,39
TOULOUSE-BLAGNAC,2025081110,0,34.5,33
TOULOUSE-BLAGNAC,2025081111,0,37,25
TOULOUSE-BLAGNAC,2025081112,0,38.7,23
TOULOUSE-BLAGNAC,2025081113,0,40.1,21
TOULOUSE-BLAGNAC,2025081114,0,40.5,18
TOULOUSE-BLAGNAC,2025081115,0,40.9,17
TOULOUSE-BLAGNAC,2025081116,0,41,18
TOULOUSE-BLAGNAC,2025081117,0,40.8,18
TOULOUSE-BLAGNAC,2025081118,0,39.4,18
TOULOUSE-BLAGNAC,2025081119,0,37.4,21
TOULOUSE-BLAGNAC,2025081120,0,34.1,27
TOULOUSE-BLAGNAC,2025081121,0,32.7,31
TOULOUSE-BLAGNAC,2025081122,0,31.9,37
TOULOUSE-BLAGNAC,2025081123,0,29.9,43
TOULOUSE-BLAGNAC,2025081200,0,27.7,58
TOULOUSE-BLAGNAC,2025081201,0,25.7,68
TOULOUSE-BLAGNAC,2025081202,0,24.5,73
TOULOUSE-BLAGNAC,2025081203,0,23.7,73
TOULOUSE-BLAGNAC,2025081204,0,23,75
TOULOUSE-BLAGNAC,2025081205,0,22.8,74
TOULOUSE-BLAGNAC,2025081206,0,23.7,72
TOULOUSE-BLAGNAC,2025081207,0,25.1,67
TOULOUSE-BLAGNAC,2025081208,0,26.5,64
TOULOUSE-BLAGNAC,2025081209,0,28,59
TOULOUSE-BLAGNAC,2025081210,0,29.6,54
TOULOUSE-BLAGNAC,2025081211,0,32,48
TOULOUSE-BLAGNAC,2025081212,0,34.1,44
TOULOUSE-BLAGNAC,2025081213,0,36.8,36
TOULOUSE-BLAGNAC,2025081214,0,38.7,29
TOULOUSE-BLAGNAC,2025081215,0,40.1,24
TOULOUSE-BLAGNAC,2025081216,0,40.4,23
TOULOUSE-BLAGNAC,2025081217,0,40,21
TOULOUSE-BLAGNAC,2025081218,0,38.8,22
TOULOUSE-BLAGNAC,2025081219,0,36.2,25
TOULOUSE-BLAGNAC,2025081220,0,33.8,29
TOULOUSE-BLAGNAC,2025081221,0,31.7,37
TOULOUSE-BLAGNAC,2025081222,0,29.7,45
TOULOUSE-BLAGNAC,2025081223,0,28.4,49
TOULOUSE-BLAGNAC,2025081300,0,28.6,47
TOULOUSE-BLAGNAC,2025081301,0,27.9,53
TOULOUSE-BLAGNAC,2025081302,0,27.2,52
TOULOUSE-BLAGNAC,2025081303,0,26.6,53
TOULOUSE-BLAGNAC,2025081304,0,25,65
TOULOUSE-BLAGNAC,2025081305,0,24.5,64
TOULOUSE-BLAGNAC,2025081306,0,24.7,61
TOULOUSE-BLAGNAC,2025081307,0,26.5,55
TOULOUSE-BLAGNAC,2025081308,0,29.9,42
TOULOUSE-BLAGNAC,2025081309,0,33.1,34
TOULOUSE-BLAGNAC,2025081310,0,35,32
TOULOUSE-BLAGNAC,2025081311,0,36.5,28
TOULOUSE-BLAGNAC,2025081312,0,37.9,26
TOULOUSE-BLAGNAC,2025081313,0,38.2,26
TOULOUSE-BLAGNAC,2025081314,0,38.7,27
TOULOUSE-BLAGNAC,2025081315,0,37.5,27
TOULOUSE-BLAGNAC,2025081316,0,36,31
TOULOUSE-BLAGNAC,2025081317,0,28.8,48
TOULOUSE-BLAGNAC,2025081318,15,24.1,68
TOULOUSE-BLAGNAC,2025081319,0.8,22.9,80
TOULOUSE-BLAGNAC,2025081320,2.9,21.9,84
TOULOUSE-BLAGNAC,2025081321,0.6,22.4,78
TOULOUSE-BLAGNAC,2025081322,0,21.6,84
TOULOUSE-BLAGNAC,2025081323,0,21.5,87
TOULOUSE-BLAGNAC,2025081400,0,21.7,84
TOULOUSE-BLAGNAC,2025081401,0,21.6,85
TOULOUSE-BLAGNAC,2025081402,0,20.9,90
TOULOUSE-BLAGNAC,2025081403,0,20.2,91
TOULOUSE-BLAGNAC,2025081404,0.2,19.8,94
TOULOUSE-BLAGNAC,2025081405,0,19.7,94
TOULOUSE-BLAGNAC,2025081406,0,20.2,94
TOULOUSE-BLAGNAC,2025081407,0,21.6,85
TOULOUSE-BLAGNAC,2025081408,0,24.6,70
TOULOUSE-BLAGNAC,2025081409,0,26.5,59
TOULOUSE-BLAGNAC,2025081410,0,29,51
TOULOUSE-BLAGNAC,2025081411,0,30.4,44
TOULOUSE-BLAGNAC,2025081412,0,31.3,42
TOULOUSE-BLAGNAC,2025081413,0,32.7,41
TOULOUSE-BLAGNAC,2025081414,0,33.8,36
TOULOUSE-BLAGNAC,2025081415,0,35.3,32
TOULOUSE-BLAGNAC,2025081416,0,35.1,31
TOULOUSE-BLAGNAC,2025081417,0,34.7,33
TOULOUSE-BLAGNAC,2025081418,0,33.9,34
TOULOUSE-BLAGNAC,2025081419,0,31.8,37
TOULOUSE-BLAGNAC,2025081420,0,30.2,42
TOULOUSE-BLAGNAC,2025081421,0,28.5,48
TOULOUSE-BLAGNAC,2025081422,0,25.9,63
TOULOUSE-BLAGNAC,2025081423,0,24.7,69
TOULOUSE-BLAGNAC,2025081500,0,23.7,75
TOULOUSE-BLAGNAC,2025081501,0,23.4,75
TOULOUSE-BLAGNAC,2025081502,0,22.9,74
TOULOUSE-BLAGNAC,2025081503,0,22.4,74
TOULOUSE-BLAGNAC,2025081504,0,21.6,77
TOULOUSE-BLAGNAC,2025081505,0,21.3,76
TOULOUSE-BLAGNAC,2025081506,0,22.6,73
TOULOUSE-BLAGNAC,2025081507,0,25.1,60
TOULOUSE-BLAGNAC,2025081508,0,28.2,48
TOULOUSE-BLAGNAC,2025081509,0,30.6,41
TOULOUSE-BLAGNAC,2025081510,0,33.1,36
TOULOUSE-BLAGNAC,2025081511,0,34.8,34
TOULOUSE-BLAGNAC,2025081512,0,36.2,30
TOULOUSE-BLAGNAC,2025081513,0,37.1,25
TOULOUSE-BLAGNAC,2025081514,0,38.2,22
TOULOUSE-BLAGNAC,2025081515,0,38.8,21
TOULOUSE-BLAGNAC,2025081516,0,39.1,19
TOULOUSE-BLAGNAC,2025081517,0,38.6,20
TOULOUSE-BLAGNAC,2025081518,0,37.7,21
TOULOUSE-BLAGNAC,2025081519,0,34.5,27
TOULOUSE-BLAGNAC,2025081520,0,33,29
TOULOUSE-BLAGNAC,2025081521,0,30.8,36
TOULOUSE-BLAGNAC,2025081522,0,27.4,52
TOULOUSE-BLAGNAC,2025081523,0,25.7,58
TOULOUSE-BLAGNAC,2025081600,0,25.3,58
TOULOUSE-BLAGNAC,2025081601,0,24.3,60
TOULOUSE-BLAGNAC,2025081602,0,23.2,63
TOULOUSE-BLAGNAC,2025081603,0,22.4,66
TOULOUSE-BLAGNAC,2025081604,0,22,67
TOULOUSE-BLAGNAC,2025081605,0,21.7,70
TOULOUSE-BLAGNAC,2025081606,0,21.8,72
TOULOUSE-BLAGNAC,2025081607,0,23.1,62
TOULOUSE-BLAGNAC,2025081608,0,25.8,53
TOULOUSE-BLAGNAC,2025081609,0,29.6,41
TOULOUSE-BLAGNAC,2025081610,0,32.5,33
TOULOUSE-BLAGNAC,2025081611,0,35,29
TOULOUSE-BLAGNAC,2025081612,0,37.7,23
TOULOUSE-BLAGNAC,2025081613,0,38.2,21
TOULOUSE-BLAGNAC,2025081614,0,38.6,22
TOULOUSE-BLAGNAC,2025081615,0,38.4,22
TOULOUSE-BLAGNAC,2025081616,0,38.8,20
TOULOUSE-BLAGNAC,2025081617,0,38.3,21
TOULOUSE-BLAGNAC,2025081618,0,37.3,24
TOULOUSE-BLAGNAC,2025081619,0,34.1,29
TOULOUSE-BLAGNAC,2025081620,0,32.8,32
TOULOUSE-BLAGNAC,2025081621,0,31.4,47
TOULOUSE-BLAGNAC,2025081622,0,30,57
TOULOUSE-BLAGNAC,2025081623,0,28.2,62
TOULOUSE-BLAGNAC,2025081700,0,26.5,67
TOULOUSE-BLAGNAC,2025081701,0,24.4,75
TOULOUSE-BLAGNAC,2025081702,0,22.8,82
TOULOUSE-BLAGNAC,2025081703,0,21.5,86
TOULOUSE-BLAGNAC,2025081704,0,21.2,88
TOULOUSE-BLAGNAC,2025081705,0,21.3,87
TOULOUSE-BLAGNAC,2025081706,0,21.4,86
TOULOUSE-BLAGNAC,2025081707,0,21.4,85
TOULOUSE-BLAGNAC,2025081708,0,22.3,82
TOULOUSE-BLAGNAC,2025081709,0,23.2,77
TOULOUSE-BLAGNAC,2025081710,0,25,70
TOULOUSE-BLAGNAC,2025081711,0,27.3,61
TOULOUSE-BLAGNAC,2025081712,0,29.5,53
TOULOUSE-BLAGNAC,2025081713,0,31.6,45
TOULOUSE-BLAGNAC,2025081714,0,33.1,38
TOULOUSE-BLAGNAC,2025081715,0,33.6,35
TOULOUSE-BLAGNAC,2025081716,0,33.1,38
TOULOUSE-BLAGNAC,2025081717,0,32.8,37
TOULOUSE-BLAGNAC,2025081718,0,31.9,36
TOULOUSE-BLAGNAC,2025081719,0,29.7,44
TOULOUSE-BLAGNAC,2025081720,0,28.2,46
TOULOUSE-BLAGNAC,2025081721,0,27.8,49
TOULOUSE-BLAGNAC,2025081722,0,26.9,51
TOULOUSE-BLAGNAC,2025081723,0,25.5,64
TOULOUSE-BLAGNAC,2025081800,0,23.1,83
TOULOUSE-BLAGNAC,2025081801,0,23,83
TOULOUSE-BLAGNAC,2025081802,0,22.4,82
TOULOUSE-BLAGNAC,2025081803,0,22.3,81
TOULOUSE-BLAGNAC,2025081804,0,21.8,82
TOULOUSE-BLAGNAC,2025081805,0,21.7,83
TOULOUSE-BLAGNAC,2025081806,0,21.7,82
TOULOUSE-BLAGNAC,2025081807,0,22.1,80
TOULOUSE-BLAGNAC,2025081808,0,23.1,78
TOULOUSE-BLAGNAC,2025081809,0,23.8,74
TOULOUSE-BLAGNAC,2025081810,0,24,73
TOULOUSE-BLAGNAC,2025081811,0,25,68
TOULOUSE-BLAGNAC,2025081812,0,26,64
TOULOUSE-BLAGNAC,2025081813,0,26.3,63
TOULOUSE-BLAGNAC,2025081814,0,26.6,63
TOULOUSE-BLAGNAC,2025081815,0,27.2,61
TOULOUSE-BLAGNAC,2025081816,0,27.3,60
TOULOUSE-BLAGNAC,2025081817,0,27.3,59
TOULOUSE-BLAGNAC,2025081818,0,25.6,62
TOULOUSE-BLAGNAC,2025081819,0,24.7,65
TOULOUSE-BLAGNAC,2025081820,0.2,23,80
TOULOUSE-BLAGNAC,2025081821,0.2,21.9,87
TOULOUSE-BLAGNAC,2025081822,0,21.6,90
TOULOUSE-BLAGNAC,2025081823,0,21.2,87
TOULOUSE-BLAGNAC,2025081900,0,20.2,85
TOULOUSE-BLAGNAC,2025081901,0,20.1,84
TOULOUSE-BLAGNAC,2025081902,0,20,83
TOULOUSE-BLAGNAC,2025081903,0,19.8,83
TOULOUSE-BLAGNAC,2025081904,0,19.7,83
TOULOUSE-BLAGNAC,2025081905,0,19.7,84
TOULOUSE-BLAGNAC,2025081906,0,19.8,84
TOULOUSE-BLAGNAC,2025081907,0,20.2,82
TOULOUSE-BLAGNAC,2025081908,0,20.9,75
TOULOUSE-BLAGNAC,2025081909,0,22,66
TOULOUSE-BLAGNAC,2025081910,0,23.6,61
TOULOUSE-BLAGNAC,2025081911,0,25.6,52
TOULOUSE-BLAGNAC,2025081912,0,26.6,48
TOULOUSE-BLAGNAC,2025081913,0,27.3,47
TOULOUSE-BLAGNAC,2025081914,0,27.5,46
TOULOUSE-BLAGNAC,2025081915,0,27.4,48
TOULOUSE-BLAGNAC,2025081916,0,27.1,48
TOULOUSE-BLAGNAC,2025081917,0,26.8,48
TOULOUSE-BLAGNAC,2025081918,0,25.2,56
TOULOUSE-BLAGNAC,2025081919,0,23.1,64
TOULOUSE-BLAGNAC,2025081920,0,21.9,64
TOULOUSE-BLAGNAC,2025081921,0,20.9,72
TOULOUSE-BLAGNAC,2025081922,0,20.1,80
TOULOUSE-BLAGNAC,2025081923,1.6,18.1,87
TOULOUSE-BLAGNAC,2025082000,0.6,18.2,89
TOULOUSE-BLAGNAC,2025082001,0.4,18.3,93
TOULOUSE-BLAGNAC,2025082002,0.2,18.2,94
TOULOUSE-BLAGNAC,2025082003,0.6,18.4,95
TOULOUSE-BLAGNAC,2025082004,0.4,18.6,95
TOULOUSE-BLAGNAC,2025082005,0.2,18.6,94
TOULOUSE-BLAGNAC,2025082006,0,18.6,92
TOULOUSE-BLAGNAC,2025082007,0,18.7,90
TOULOUSE-BLAGNAC,2025082008,0,19.4,86
TOULOUSE-BLAGNAC,2025082009,0,20.3,72
TOULOUSE-BLAGNAC,2025082010,0,21.3,69
TOULOUSE-BLAGNAC,2025082011,0,23.1,64
TOULOUSE-BLAGNAC,2025082012,0,23.7,53
TOULOUSE-BLAGNAC,2025082013,0,24.7,50
TOULOUSE-BLAGNAC,2025082014,7.3,19.6,81
TOULOUSE-BLAGNAC,2025082015,0,21.6,62
TOULOUSE-BLAGNAC,2025082016,0,22.6,56
TOULOUSE-BLAGNAC,2025082017,0,22.2,64
TOULOUSE-BLAGNAC,2025082018,0,22,59
TOULOUSE-BLAGNAC,2025082019,0,20.7,63
TOULOUSE-BLAGNAC,2025082020,0,19.8,72
TOULOUSE-BLAGNAC,2025082021,0,19,79
TOULOUSE-BLAGNAC,2025082022,0,19.1,81
TOULOUSE-BLAGNAC,2025082023,0,18.9,83
TOULOUSE-BLAGNAC,2025082100,0,18.9,81
TOULOUSE-BLAGNAC,2025082101,0,18.5,80
TOULOUSE-BLAGNAC,2025082102,0,18.4,80
TOULOUSE-BLAGNAC,2025082103,0,18.4,80
TOULOUSE-BLAGNAC,2025082104,0,17.9,87
TOULOUSE-BLAGNAC,2025082105,0,18.1,86
TOULOUSE-BLAGNAC,2025082106,0.8,17.6,93
TOULOUSE-BLAGNAC,2025082107,0,18.4,92
TOULOUSE-BLAGNAC,2025082108,0,19.2,90
TOULOUSE-BLAGNAC,2025082109,0,20.4,81
TOULOUSE-BLAGNAC,2025082110,0,22.2,70
TOULOUSE-BLAGNAC,2025082111,0,22.3,62
TOULOUSE-BLAGNAC,2025082112,0,20.9,72
TOULOUSE-BLAGNAC,2025082113,0,22.2,66
TOULOUSE-BLAGNAC,2025082114,0.2,22.4,66
TOULOUSE-BLAGNAC,2025082115,0,24.3,53
TOULOUSE-BLAGNAC,2025082116,0,24,53
TOULOUSE-BLAGNAC,2025082117,0,24.3,53
TOULOUSE-BLAGNAC,2025082118,0,22.7,59
TOULOUSE-BLAGNAC,2025082119,0,21.8,63
TOULOUSE-BLAGNAC,2025082120,0,20.5,73
TOULOUSE-BLAGNAC,2025082121,0,20.2,75
TOULOUSE-BLAGNAC,2025082122,0,20.1,72
TOULOUSE-BLAGNAC,2025082123,0,19.9,73
TOULOUSE-BLAGNAC,2025082200,0,19.7,76
TOULOUSE-BLAGNAC,2025082201,0,19.5,79
TOULOUSE-BLAGNAC,2025082202,0,19,80
TOULOUSE-BLAGNAC,2025082203,0,18.4,80
TOULOUSE-BLAGNAC,2025082204,0,18.1,82
TOULOUSE-BLAGNAC,2025082205,0,17.9,83
TOULOUSE-BLAGNAC,2025082206,0,17.8,84
TOULOUSE-BLAGNAC,2025082207,0,18.1,82
TOULOUSE-BLAGNAC,2025082208,0,18.6,80
TOULOUSE-BLAGNAC,2025082209,0,19.4,76
TOULOUSE-BLAGNAC,2025082210,0,20.2,73
TOULOUSE-BLAGNAC,2025082211,0,22.1,65
TOULOUSE-BLAGNAC,2025082212,0,24,56
TOULOUSE-BLAGNAC,2025082213,0,24.2,53
TOULOUSE-BLAGNAC,2025082214,0,24.8,49
TOULOUSE-BLAGNAC,2025082215,0,26,48
TOULOUSE-BLAGNAC,2025082216,0,25.7,48
TOULOUSE-BLAGNAC,2025082217,0,25.1,48
TOULOUSE-BLAGNAC,2025082218,0,24.6,49
TOULOUSE-BLAGNAC,2025082219,0,23.1,53
TOULOUSE-BLAGNAC,2025082220,0,22.2,59
TOULOUSE-BLAGNAC,2025082221,0,21.4,62
TOULOUSE-BLAGNAC,2025082222,0,20.9,63
TOULOUSE-BLAGNAC,2025082223,0,20.1,67
TOULOUSE-BLAGNAC,2025082300,0,19.4,71
TOULOUSE-BLAGNAC,2025082301,0,17.6,78
TOULOUSE-BLAGNAC,2025082302,0,16.7,84
TOULOUSE-BLAGNAC,2025082303,0,15.7,88
TOULOUSE-BLAGNAC,2025082304,0,15.3,89
TOULOUSE-BLAGNAC,2025082305,0,15,90
TOULOUSE-BLAGNAC,2025082306,0,15.5,90
TOULOUSE-BLAGNAC,2025082307,0,18.1,81
TOULOUSE-BLAGNAC,2025082308,0,20.2,69
TOULOUSE-BLAGNAC,2025082309,0,22.5,59
TOULOUSE-BLAGNAC,2025082310,0,24.7,47
TOULOUSE-BLAGNAC,2025082311,0,25.9,41
TOULOUSE-BLAGNAC,2025082312,0,26.7,39
TOULOUSE-BLAGNAC,2025082313,0,27.5,38
TOULOUSE-BLAGNAC,2025082314,0,28.5,35
TOULOUSE-BLAGNAC,2025082315,0,28.9,30
TOULOUSE-BLAGNAC,2025082316,0,29.1,28
TOULOUSE-BLAGNAC,2025082317,0,28.7,30
TOULOUSE-BLAGNAC,2025082318,0,27.6,30
TOULOUSE-BLAGNAC,2025082319,0,25.7,34
TOULOUSE-BLAGNAC,2025082320,0,24.4,39
TOULOUSE-BLAGNAC,2025082321,0,23.3,44
TOULOUSE-BLAGNAC,2025082322,0,19.6,60
TOULOUSE-BLAGNAC,2025082323,0,18.4,64
TOULOUSE-BLAGNAC,2025082400,0,17.3,73
TOULOUSE-BLAGNAC,2025082401,0,16.6,80
TOULOUSE-BLAGNAC,2025082402,0,16.1,81
TOULOUSE-BLAGNAC,2025082403,0,15.1,85
TOULOUSE-BLAGNAC,2025082404,0,14.5,88
TOULOUSE-BLAGNAC,2025082405,0,14.3,89
TOULOUSE-BLAGNAC,2025082406,0,15.2,88
TOULOUSE-BLAGNAC,2025082407,0,17.1,80
TOULOUSE-BLAGNAC,2025082408,0,21.5,60
TOULOUSE-BLAGNAC,2025082409,0,24.2,47
TOULOUSE-BLAGNAC,2025082410,0,26.7,39
TOULOUSE-BLAGNAC,2025082411,0,28.8,36
TOULOUSE-BLAGNAC,2025082412,0,30.3,28
TOULOUSE-BLAGNAC,2025082413,0,32.1,22
TOULOUSE-BLAGNAC,2025082414,0,32.7,22
TOULOUSE-BLAGNAC,2025082415,0,33,19
TOULOUSE-BLAGNAC,2025082416,0,32.8,20
TOULOUSE-BLAGNAC,2025082417,0,32.4,18
TOULOUSE-BLAGNAC,2025082418,0,31.1,22
TOULOUSE-BLAGNAC,2025082419,0,29.4,25
TOULOUSE-BLAGNAC,2025082420,0,27.4,28
TOULOUSE-BLAGNAC,2025082421,0,26.3,32
TOULOUSE-BLAGNAC,2025082422,0,23,46
TOULOUSE-BLAGNAC,2025082423,0,21.6,51
TOULOUSE-BLAGNAC,2025082500,0,20.2,58
TOULOUSE-BLAGNAC,2025082501,0,20,59
TOULOUSE-BLAGNAC,2025082502,0,19.1,64
TOULOUSE-BLAGNAC,2025082503,0,17.9,70
TOULOUSE-BLAGNAC,2025082504,0,18,71
TOULOUSE-BLAGNAC,2025082505,0,19.1,72
TOULOUSE-BLAGNAC,2025082506,0,20.3,63
TOULOUSE-BLAGNAC,2025082507,0,21.3,57
TOULOUSE-BLAGNAC,2025082508,0,23,51
TOULOUSE-BLAGNAC,2025082509,0,25.5,43
TOULOUSE-BLAGNAC,2025082510,0,27.4,37
TOULOUSE-BLAGNAC,2025082511,0,29.5,35
TOULOUSE-BLAGNAC,2025082512,0,29.7,37
TOULOUSE-BLAGNAC,2025082513,0,30.8,37
TOULOUSE-BLAGNAC,2025082514,0,32.2,31
TOULOUSE-BLAGNAC,2025082515,0,33,31
TOULOUSE-BLAGNAC,2025082516,0,33.2,32
TOULOUSE-BLAGNAC,2025082517,0,32.4,35
TOULOUSE-BLAGNAC,2025082518,0,29.8,45
TOULOUSE-BLAGNAC,2025082519,0,27.5,56
TOULOUSE-BLAGNAC,2025082520,0,26.1,67
TOULOUSE-BLAGNAC,2025082521,0,25.1,73
TOULOUSE-BLAGNAC,2025082522,0,24.3,78
TOULOUSE-BLAGNAC,2025082523,0,23.8,80
TOULOUSE-BLAGNAC,2025082600,0,23.3,81
TOULOUSE-BLAGNAC,2025082601,0,22.6,85
TOULOUSE-BLAGNAC,2025082602,0,22,85
TOULOUSE-BLAGNAC,2025082603,0,21.2,89
TOULOUSE-BLAGNAC,2025082604,0,21.4,88
TOULOUSE-BLAGNAC,2025082605,0,20.9,79
TOULOUSE-BLAGNAC,2025082606,0,21.2,81
TOULOUSE-BLAGNAC,2025082607,0,21.1,83
TOULOUSE-BLAGNAC,2025082608,0,22.1,77
TOULOUSE-BLAGNAC,2025082609,0,23.5,68
TOULOUSE-BLAGNAC,2025082610,0,26.1,61
TOULOUSE-BLAGNAC,2025082611,0,27.5,53
TOULOUSE-BLAGNAC,2025082612,0,26.8,50
TOULOUSE-BLAGNAC,2025082613,0,25.7,57
TOULOUSE-BLAGNAC,2025082614,0,25.2,68
TOULOUSE-BLAGNAC,2025082615,0,27.5,51
TOULOUSE-BLAGNAC,2025082616,0,29.2,51
TOULOUSE-BLAGNAC,2025082617,0,28.4,51
TOULOUSE-BLAGNAC,2025082618,0,27.4,53
TOULOUSE-BLAGNAC,2025082619,0,27.1,56
TOULOUSE-BLAGNAC,2025082620,0,25.2,66
TOULOUSE-BLAGNAC,2025082621,0,24.9,67
TOULOUSE-BLAGNAC,2025082622,0.2,24.2,74
TOULOUSE-BLAGNAC,2025082623,0,23.1,80
TOULOUSE-BLAGNAC,2025082700,0,22.3,85
TOULOUSE-BLAGNAC,2025082701,0,22.2,85
TOULOUSE-BLAGNAC,2025082702,0,21.9,83
TOULOUSE-BLAGNAC,2025082703,0,21.8,76
TOULOUSE-BLAGNAC,2025082704,0,21,76
TOULOUSE-BLAGNAC,2025082705,0,21.1,72
TOULOUSE-BLAGNAC,2025082706,0,21,73
TOULOUSE-BLAGNAC,2025082707,0,21.2,74
TOULOUSE-BLAGNAC,2025082708,0,21.4,73
TOULOUSE-BLAGNAC,2025082709,0,20.7,81
TOULOUSE-BLAGNAC,2025082710,0,20.7,91
TOULOUSE-BLAGNAC,2025082711,0,23.2,79
TOULOUSE-BLAGNAC,2025082712,0,25.2,73
TOULOUSE-BLAGNAC,2025082713,0.8,24,84
TOULOUSE-BLAGNAC,2025082714,5.3,23.4,87
TOULOUSE-BLAGNAC,2025082715,0.2,25,85
TOULOUSE-BLAGNAC,2025082716,0,24.9,79
TOULOUSE-BLAGNAC,2025082717,0,24.5,81
TOULOUSE-BLAGNAC,2025082718,3.5,22.6,89
TOULOUSE-BLAGNAC,2025082719,0,22.4,91
TOULOUSE-BLAGNAC,2025082720,3.4,22.1,94
TOULOUSE-BLAGNAC,2025082721,5.5,18.7,88
TOULOUSE-BLAGNAC,2025082722,0.2,18.5,93
TOULOUSE-BLAGNAC,2025082723,0,18.9,95
TOULOUSE-BLAGNAC,2025082800,0,18.8,94
TOULOUSE-BLAGNAC,2025082801,0,19.5,92
TOULOUSE-BLAGNAC,2025082802,0,19.4,93
TOULOUSE-BLAGNAC,2025082803,0.6,18.7,93
TOULOUSE-BLAGNAC,2025082804,0,18.5,94
TOULOUSE-BLAGNAC,2025082805,3.6,18.3,95
TOULOUSE-BLAGNAC,2025082806,0.2,18.1,93
TOULOUSE-BLAGNAC,2025082807,0,18.2,90
TOULOUSE-BLAGNAC,2025082808,0,18.9,89
TOULOUSE-BLAGNAC,2025082809,0.2,19.2,88
TOULOUSE-BLAGNAC,2025082810,1.2,17.4,88
TOULOUSE-BLAGNAC,2025082811,1.2,16.6,93
TOULOUSE-BLAGNAC,2025082812,0,17.9,83
TOULOUSE-BLAGNAC,2025082813,0,17.5,83
TOULOUSE-BLAGNAC,2025082814,0,18.5,80
TOULOUSE-BLAGNAC,2025082815,0,20.4,71
TOULOUSE-BLAGNAC,2025082816,1.2,18.9,77
TOULOUSE-BLAGNAC,2025082817,1.7,17.4,81
TOULOUSE-BLAGNAC,2025082818,0,17.8,86
TOULOUSE-BLAGNAC,2025082819,0,17.7,87
TOULOUSE-BLAGNAC,2025082820,0,17.3,83
TOULOUSE-BLAGNAC,2025082821,0,16.6,84
TOULOUSE-BLAGNAC,2025082822,0,16.2,85
TOULOUSE-BLAGNAC,2025082823,0,15.3,90
TOULOUSE-BLAGNAC,2025082900,0,14.8,91
TOULOUSE-BLAGNAC,2025082901,0,13.9,92
TOULOUSE-BLAGNAC,2025082902,0,13.2,95
TOULOUSE-BLAGNAC,2025082903,0,13,95
TOULOUSE-BLAGNAC,2025082904,0,13.2,96
TOULOUSE-BLAGNAC,2025082905,0,12.6,95
TOULOUSE-BLAGNAC,2025082906,0,13,94
TOULOUSE-BLAGNAC,2025082907,0,14.5,90
TOULOUSE-BLAGNAC,2025082908,0,16.5,81
TOULOUSE-BLAGNAC,2025082909,0,17.6,75
TOULOUSE-BLAGNAC,2025082910,0.4,18.2,79
TOULOUSE-BLAGNAC,2025082911,3.2,17.2,92
TOULOUSE-BLAGNAC,2025082912,0.6,17.6,90
TOULOUSE-BLAGNAC,2025082913,0,18.2,88
TOULOUSE-BLAGNAC,2025082914,0,20.2,82
TOULOUSE-BLAGNAC,2025082915,0.4,18.1,87
TOULOUSE-BLAGNAC,2025082916,0,19.7,75
TOULOUSE-BLAGNAC,2025082917,0.2,18.9,87
TOULOUSE-BLAGNAC,2025082918,0,18.8,80
TOULOUSE-BLAGNAC,2025082919,0.6,17.7,87
TOULOUSE-BLAGNAC,2025082920,0,17.7,87
TOULOUSE-BLAGNAC,2025082921,0,17.6,87
TOULOUSE-BLAGNAC,2025082922,0,17.4,88
TOULOUSE-BLAGNAC,2025082923,0,16.5,91
TOULOUSE-BLAGNAC,2025083000,0,16.3,94
TOULOUSE-BLAGNAC,2025083001,2,16.8,95
TOULOUSE-BLAGNAC,2025083002,6.3,16.6,96
TOULOUSE-BLAGNAC,2025083003,0,16.5,95
TOULOUSE-BLAGNAC,2025083004,0,16.5,95
TOULOUSE-BLAGNAC,2025083005,0.2,16.2,95
TOULOUSE-BLAGNAC,2025083006,0,16.6,95
TOULOUSE-BLAGNAC,2025083007,0,18.1,91
TOULOUSE-BLAGNAC,2025083008,0,18.2,90
TOULOUSE-BLAGNAC,2025083009,0,19,87
TOULOUSE-BLAGNAC,2025083010,0,21.2,76
TOULOUSE-BLAGNAC,2025083011,0,23.1,61
TOULOUSE-BLAGNAC,2025083012,0,24.3,53
TOULOUSE-BLAGNAC,2025083013,0,25,49
TOULOUSE-BLAGNAC,2025083014,0,25.1,51
TOULOUSE-BLAGNAC,2025083015,0,25.2,53
TOULOUSE-BLAGNAC,2025083016,0,26.2,51
TOULOUSE-BLAGNAC,2025083017,0,26.5,51
TOULOUSE-BLAGNAC,2025083018,0,24.8,56
TOULOUSE-BLAGNAC,2025083019,0,23.4,61
TOULOUSE-BLAGNAC,2025083020,0,22.6,66
TOULOUSE-BLAGNAC,2025083021,0,21.4,71
TOULOUSE-BLAGNAC,2025083022,0,21.2,71
TOULOUSE-BLAGNAC,2025083023,0,20.5,76
TOULOUSE-BLAGNAC,2025083100,0.2,19.7,80
TOULOUSE-BLAGNAC,2025083101,0,19.3,81
TOULOUSE-BLAGNAC,2025083102,0,18.6,87
TOULOUSE-BLAGNAC,2025083103,0,18.2,87
TOULOUSE-BLAGNAC,2025083104,0,17.3,90
TOULOUSE-BLAGNAC,2025083105,0,16.6,91
TOULOUSE-BLAGNAC,2025083106,0,17.1,89
TOULOUSE-BLAGNAC,2025083107,0,19.2,80
TOULOUSE-BLAGNAC,2025083108,0,20.8,73
TOULOUSE-BLAGNAC,2025083109,0,23.6,64
TOULOUSE-BLAGNAC,2025083110,0,27.6,49
TOULOUSE-BLAGNAC,2025083111,0,29.7,42
TOULOUSE-BLAGNAC,2025083112,0,28.9,46
TOULOUSE-BLAGNAC,2025083113,0,29.7,45
TOULOUSE-BLAGNAC,2025083114,0,30,49
TOULOUSE-BLAGNAC,2025083115,0,28.8,54
TOULOUSE-BLAGNAC,2025083116,0,26.5,55
TOULOUSE-BLAGNAC,2025083117,0,21.7,73
TOULOUSE-BLAGNAC,2025083118,0,20.3,79
TOULOUSE-BLAGNAC,2025083119,0,18.1,91
TOULOUSE-BLAGNAC,2025083120,0,18.2,85
TOULOUSE-BLAGNAC,2025083121,1.2,17.1,89
TOULOUSE-BLAGNAC,2025083122,5.3,16.3,95
TOULOUSE-BLAGNAC,2025083123,3.2,16.1,94
TOULOUSE-BLAGNAC,2025090100,0,16,94
TOULOUSE-BLAGNAC,2025090101,0,16,92
TOULOUSE-BLAGNAC,2025090102,0,15.8,92
TOULOUSE-BLAGNAC,2025090103,0,15.7,93
TOULOUSE-BLAGNAC,2025090104,0,15.6,92
TOULOUSE-BLAGNAC,2025090105,0,15.6,93
TOULOUSE-BLAGNAC,2025090106,0.2,15.9,94
TOULOUSE-BLAGNAC,2025090107,0,16.4,90
TOULOUSE-BLAGNAC,2025090108,0,16.7,88
TOULOUSE-BLAGNAC,2025090109,0,17.4,83
TOULOUSE-BLAGNAC,2025090110,0,18.3,77
TOULOUSE-BLAGNAC,2025090111,0,19.6,68
TOULOUSE-BLAGNAC,2025090112,0,21.6,56
TOULOUSE-BLAGNAC,2025090113,0,22.2,56
TOULOUSE-BLAGNAC,2025090114,0,21.8,56
TOULOUSE-BLAGNAC,2025090115,0,22.8,48
TOULOUSE-BLAGNAC,2025090116,0,21.5,53
TOULOUSE-BLAGNAC,2025090117,0,21,55
TOULOUSE-BLAGNAC,2025090118,0,19.2,60
TOULOUSE-BLAGNAC,2025090119,0,18.2,66
TOULOUSE-BLAGNAC,2025090120,0,17.1,72
TOULOUSE-BLAGNAC,2025090121,0,16.8,77
TOULOUSE-BLAGNAC,2025090122,0,16.1,80
TOULOUSE-BLAGNAC,2025090123,0,16.1,81
TOULOUSE-BLAGNAC,2025090200,0,15.7,83
TOULOUSE-BLAGNAC,2025090201,0,15.4,83
TOULOUSE-BLAGNAC,2025090202,0,14.7,86
TOULOUSE-BLAGNAC,2025090203,0,13,92
TOULOUSE-BLAGNAC,2025090204,0,12.3,94
TOULOUSE-BLAGNAC,2025090205,0,12.1,95
TOULOUSE-BLAGNAC,2025090206,0,12.7,94
TOULOUSE-BLAGNAC,2025090207,0,14.8,84
TOULOUSE-BLAGNAC,2025090208,0,15.9,75
TOULOUSE-BLAGNAC,2025090209,0,18,68
TOULOUSE-BLAGNAC,2025090210,0,19.4,63
TOULOUSE-BLAGNAC,2025090211,0,21,54
TOULOUSE-BLAGNAC,2025090212,0,22.8,45
TOULOUSE-BLAGNAC,2025090213,0,23.7,45
TOULOUSE-BLAGNAC,2025090214,0,24.4,40
TOULOUSE-BLAGNAC,2025090215,0,25.2,39
TOULOUSE-BLAGNAC,2025090216,0,24.4,43
TOULOUSE-BLAGNAC,2025090217,0,23.9,48
TOULOUSE-BLAGNAC,2025090218,0,22.7,51
TOULOUSE-BLAGNAC,2025090219,0,21.6,55
TOULOUSE-BLAGNAC,2025090220,0,21.4,58
TOULOUSE-BLAGNAC,2025090221,0,20.2,63
TOULOUSE-BLAGNAC,2025090222,0,19,68
TOULOUSE-BLAGNAC,2025090223,0,17.7,75
TOULOUSE-BLAGNAC,2025090300,0,16.7,80
TOULOUSE-BLAGNAC,2025090301,0,16,85
TOULOUSE-BLAGNAC,2025090302,0,15.4,88
TOULOUSE-BLAGNAC,2025090303,0,14.9,91
TOULOUSE-BLAGNAC,2025090304,0,14.3,93
TOULOUSE-BLAGNAC,2025090305,0,13.9,94
TOULOUSE-BLAGNAC,2025090306,0,14.4,95
TOULOUSE-BLAGNAC,2025090307,0,17.2,81
TOULOUSE-BLAGNAC,2025090308,0,20,68
TOULOUSE-BLAGNAC,2025090309,0,23.3,57
TOULOUSE-BLAGNAC,2025090310,0,25.7,48
TOULOUSE-BLAGNAC,2025090311,0,27.7,44
TOULOUSE-BLAGNAC,2025090312,0,28.8,37
TOULOUSE-BLAGNAC,2025090313,0,30.3,36
TOULOUSE-BLAGNAC,2025090314,0,30.5,37
TOULOUSE-BLAGNAC,2025090315,0,30.7,38
TOULOUSE-BLAGNAC,2025090316,0,29.7,37
TOULOUSE-BLAGNAC,2025090317,0,29,42
TOULOUSE-BLAGNAC,2025090318,0,26.6,48
TOULOUSE-BLAGNAC,2025090319,0,24.2,58
TOULOUSE-BLAGNAC,2025090320,0,24,59
TOULOUSE-BLAGNAC,2025090321,0,23.5,62
TOULOUSE-BLAGNAC,2025090322,0,23,63
TOULOUSE-BLAGNAC,2025090323,0,22.2,65
TOULOUSE-BLAGNAC,2025090400,0,21.1,69
TOULOUSE-BLAGNAC,2025090401,0,20.5,72
TOULOUSE-BLAGNAC,2025090402,0,20,74
TOULOUSE-BLAGNAC,2025090403,0,19.8,74
TOULOUSE-BLAGNAC,2025090404,0,19.4,76
TOULOUSE-BLAGNAC,2025090405,0,19.1,78
TOULOUSE-BLAGNAC,2025090406,0,19,80
TOULOUSE-BLAGNAC,2025090407,0,18.7,83
TOULOUSE-BLAGNAC,2025090408,0,19.2,80
TOULOUSE-BLAGNAC,2025090409,0,20.2,69
TOULOUSE-BLAGNAC,2025090410,0,21.8,67
TOULOUSE-BLAGNAC,2025090411,0,21.5,67
TOULOUSE-BLAGNAC,2025090412,0,21.3,69
TOULOUSE-BLAGNAC,2025090413,0,21.9,64
TOULOUSE-BLAGNAC,2025090414,0,22.1,62
TOULOUSE-BLAGNAC,2025090415,0,22.2,62
TOULOUSE-BLAGNAC,2025090416,0,21.6,65
TOULOUSE-BLAGNAC,2025090417,0,20.9,72
TOULOUSE-BLAGNAC,2025090418,0,20.6,75
TOULOUSE-BLAGNAC,2025090419,0,20.7,65
TOULOUSE-BLAGNAC,2025090420,0,19.4,69
TOULOUSE-BLAGNAC,2025090421,0,18.6,73
TOULOUSE-BLAGNAC,2025090422,0,17.9,77
TOULOUSE-BLAGNAC,2025090423,0,17.7,78
TOULOUSE-BLAGNAC,2025090500,0,16.9,81
TOULOUSE-BLAGNAC,2025090501,0,16.2,84
TOULOUSE-BLAGNAC,2025090502,0,15.6,86
TOULOUSE-BLAGNAC,2025090503,0,15.1,88
TOULOUSE-BLAGNAC,2025090504,0,14.6,89
TOULOUSE-BLAGNAC,2025090505,0,14.4,90
TOULOUSE-BLAGNAC,2025090506,0,14.3,91
TOULOUSE-BLAGNAC,2025090507,0,16.1,87
TOULOUSE-BLAGNAC,2025090508,0,18.7,74
TOULOUSE-BLAGNAC,2025090509,0,19.3,74
TOULOUSE-BLAGNAC,2025090510,0,19.8,64
TOULOUSE-BLAGNAC,2025090511,0,22,58
TOULOUSE-BLAGNAC,2025090512,0,23.1,54
TOULOUSE-BLAGNAC,2025090513,0,22.4,52
TOULOUSE-BLAGNAC,2025090514,0,22.9,50
TOULOUSE-BLAGNAC,2025090515,0,24.2,45
TOULOUSE-BLAGNAC,2025090516,0,24.3,43
TOULOUSE-BLAGNAC,2025090517,0,23.6,42
TOULOUSE-BLAGNAC,2025090518,0,22.9,42
TOULOUSE-BLAGNAC,2025090519,0,21.8,50
TOULOUSE-BLAGNAC,2025090520,0,20.9,52
TOULOUSE-BLAGNAC,2025090521,0,20.2,54
TOULOUSE-BLAGNAC,2025090522,0,19.2,58
TOULOUSE-BLAGNAC,2025090523,0,16.7,70
TOULOUSE-BLAGNAC,2025090600,0,15.6,75
TOULOUSE-BLAGNAC,2025090601,0,14.9,79
TOULOUSE-BLAGNAC,2025090602,0,14.7,81
TOULOUSE-BLAGNAC,2025090603,0,13.9,81
TOULOUSE-BLAGNAC,2025090604,0,14.9,76
TOULOUSE-BLAGNAC,2025090605,0,15.1,74
TOULOUSE-BLAGNAC,2025090606,0,14.9,77
TOULOUSE-BLAGNAC,2025090607,0,18.6,65
TOULOUSE-BLAGNAC,2025090608,0,21.5,52
TOULOUSE-BLAGNAC,2025090609,0,23.4,47
TOULOUSE-BLAGNAC,2025090610,0,24.6,43
TOULOUSE-BLAGNAC,2025090611,0,26,42
TOULOUSE-BLAGNAC,2025090612,0,27.5,40
TOULOUSE-BLAGNAC,2025090613,0,28.9,38
TOULOUSE-BLAGNAC,2025090614,0,29,39
TOULOUSE-BLAGNAC,2025090615,0,28.5,41
TOULOUSE-BLAGNAC,2025090616,0,27.9,43
TOULOUSE-BLAGNAC,2025090617,0,26.3,49
TOULOUSE-BLAGNAC,2025090618,0,24.1,58
TOULOUSE-BLAGNAC,2025090619,0,22.4,65
TOULOUSE-BLAGNAC,2025090620,0,21.3,73
TOULOUSE-BLAGNAC,2025090621,0,20.8,77
TOULOUSE-BLAGNAC,2025090622,0,20.7,77
TOULOUSE-BLAGNAC,2025090623,0,20.6,77
TOULOUSE-BLAGNAC,2025090700,0,20.8,76
TOULOUSE-BLAGNAC,2025090701,0,20.9,77
TOULOUSE-BLAGNAC,2025090702,0,20.9,77
TOULOUSE-BLAGNAC,2025090703,0,20.7,77
TOULOUSE-BLAGNAC,2025090704,0,20.6,78
TOULOUSE-BLAGNAC,2025090705,0,20.6,78
TOULOUSE-BLAGNAC,2025090706,0,20.7,79
TOULOUSE-BLAGNAC,2025090707,0,21.8,75
TOULOUSE-BLAGNAC,2025090708,0,23.1,72
TOULOUSE-BLAGNAC,2025090709,0,23.8,70
TOULOUSE-BLAGNAC,2025090710,0,24.2,67
TOULOUSE-BLAGNAC,2025090711,0,24.7,68
TOULOUSE-BLAGNAC,2025090712,0,26.3,63
TOULOUSE-BLAGNAC,2025090713,0,26.5,64
TOULOUSE-BLAGNAC,2025090714,0,27.3,63
TOULOUSE-BLAGNAC,2025090715,0,27.7,63
TOULOUSE-BLAGNAC,2025090716,0,26.3,66
TOULOUSE-BLAGNAC,2025090717,0,25.1,71
TOULOUSE-BLAGNAC,2025090718,0,24,76
TOULOUSE-BLAGNAC,2025090719,0,23.2,81
TOULOUSE-BLAGNAC,2025090720,1.4,22.1,91
TOULOUSE-BLAGNAC,2025090721,0.6,21.9,93
TOULOUSE-BLAGNAC,2025090722,0,20.8,89
TOULOUSE-BLAGNAC,2025090723,0,20.2,92
TOULOUSE-BLAGNAC,2025090800,0,20.2,85
TOULOUSE-BLAGNAC,2025090801,0,20,85
TOULOUSE-BLAGNAC,2025090802,0,19.9,86
TOULOUSE-BLAGNAC,2025090803,0.2,19,92
TOULOUSE-BLAGNAC,2025090804,0,18.4,93
TOULOUSE-BLAGNAC,2025090805,0.2,18.8,95
TOULOUSE-BLAGNAC,2025090806,0,19,94
TOULOUSE-BLAGNAC,2025090807,0,18.7,92
TOULOUSE-BLAGNAC,2025090808,0,18.3,89
TOULOUSE-BLAGNAC,2025090809,0,18.5,90
TOULOUSE-BLAGNAC,2025090810,0,18.8,87
TOULOUSE-BLAGNAC,2025090811,0,20.6,78
TOULOUSE-BLAGNAC,2025090812,0,21.6,73
TOULOUSE-BLAGNAC,2025090813,0,21.5,67
TOULOUSE-BLAGNAC,2025090814,0,21.2,72
TOULOUSE-BLAGNAC,2025090815,0,20.4,74
TOULOUSE-BLAGNAC,2025090816,0,20.7,73
TOULOUSE-BLAGNAC,2025090817,0,20.7,72
TOULOUSE-BLAGNAC,2025090818,0,20.4,75
TOULOUSE-BLAGNAC,2025090819,0,20.1,78
TOULOUSE-BLAGNAC,2025090820,0,19.8,78
TOULOUSE-BLAGNAC,2025090821,0,19.6,76
TOULOUSE-BLAGNAC,2025090822,3.3,16.9,92
TOULOUSE-BLAGNAC,2025090823,3.6,16.2,95
TOULOUSE-BLAGNAC,2025090900,0.4,16,92
TOULOUSE-BLAGNAC,2025090901,0,16.2,92
TOULOUSE-BLAGNAC,2025090902,1.2,15.5,93
TOULOUSE-BLAGNAC,2025090903,0.4,15.3,94
TOULOUSE-BLAGNAC,2025090904,0.4,14.7,93
TOULOUSE-BLAGNAC,2025090905,0,14.7,91
TOULOUSE-BLAGNAC,2025090906,0,14.8,92
TOULOUSE-BLAGNAC,2025090907,0,15.3,88
TOULOUSE-BLAGNAC,2025090908,0,16,85
TOULOUSE-BLAGNAC,2025090909,0,16.5,84
TOULOUSE-BLAGNAC,2025090910,0,17.5,79
TOULOUSE-BLAGNAC,2025090911,0,19.3,74
TOULOUSE-BLAGNAC,2025090912,0,19.9,66
TOULOUSE-BLAGNAC,2025090913,0,20.6,61
TOULOUSE-BLAGNAC,2025090914,0,20.4,59
TOULOUSE-BLAGNAC,2025090915,0,20.2,61
TOULOUSE-BLAGNAC,2025090916,0,20.3,59
TOULOUSE-BLAGNAC,2025090917,0,19.8,59
TOULOUSE-BLAGNAC,2025090918,0,18.8,62
TOULOUSE-BLAGNAC,2025090919,0,18,67
TOULOUSE-BLAGNAC,2025090920,0,18,66
TOULOUSE-BLAGNAC,2025090921,0,18,63
TOULOUSE-BLAGNAC,2025090922,0,15.7,76
TOULOUSE-BLAGNAC,2025090923,0,15.1,83
TOULOUSE-BLAGNAC,2025091000,0,13.8,88
TOULOUSE-BLAGNAC,2025091001,0,13.3,92
TOULOUSE-BLAGNAC,2025091002,0,12.9,93
TOULOUSE-BLAGNAC,2025091003,0,12.6,92
TOULOUSE-BLAGNAC,2025091004,0,11.6,93
TOULOUSE-BLAGNAC,2025091005,0,11.6,94
TOULOUSE-BLAGNAC,2025091006,0,11.9,95
TOULOUSE-BLAGNAC,2025091007,0,13.5,89
TOULOUSE-BLAGNAC,2025091008,0,15.6,80
TOULOUSE-BLAGNAC,2025091009,0,17.4,74
TOULOUSE-BLAGNAC,2025091010,0,18.6,73
TOULOUSE-BLAGNAC,2025091011,0,20.5,61
TOULOUSE-BLAGNAC,2025091012,0,22.3,53
TOULOUSE-BLAGNAC,2025091013,0,23.1,50
TOULOUSE-BLAGNAC,2025091014,0,22.6,54
TOULOUSE-BLAGNAC,2025091015,0.2,19.8,77
TOULOUSE-BLAGNAC,2025091016,0,20.7,69
TOULOUSE-BLAGNAC,2025091017,0,18.9,77
TOULOUSE-BLAGNAC,2025091018,0.2,17.9,90
TOULOUSE-BLAGNAC,2025091019,0,17.5,92
TOULOUSE-BLAGNAC,2025091020,0,18,88
TOULOUSE-BLAGNAC,2025091021,0,18.4,75
TOULOUSE-BLAGNAC,2025091022,0,18,78
TOULOUSE-BLAGNAC,2025091023,0,17.7,78
TOULOUSE-BLAGNAC,2025091100,0,17.5,78
TOULOUSE-BLAGNAC,2025091101,0,17.4,79
TOULOUSE-BLAGNAC,2025091102,0,17.1,82
TOULOUSE-BLAGNAC,2025091103,0,17.1,82
TOULOUSE-BLAGNAC,2025091104,0,16.9,83
TOULOUSE-BLAGNAC,2025091105,0,16.9,83
TOULOUSE-BLAGNAC,2025091106,0,16.5,86
TOULOUSE-BLAGNAC,2025091107,0.8,16.6,89
TOULOUSE-BLAGNAC,2025091108,0,17.9,81
TOULOUSE-BLAGNAC,2025091109,0,18.9,73
TOULOUSE-BLAGNAC,2025091110,0,18.8,71
TOULOUSE-BLAGNAC,2025091111,0,21,62
TOULOUSE-BLAGNAC,2025091112,0,21.7,61
TOULOUSE-BLAGNAC,2025091113,0,23.1,56
TOULOUSE-BLAGNAC,2025091114,0,24.3,53
TOULOUSE-BLAGNAC,2025091115,0,23.9,54
TOULOUSE-BLAGNAC,2025091116,0,23.4,55
TOULOUSE-BLAGNAC,2025091117,0,22.9,56
TOULOUSE-BLAGNAC,2025091118,0,21.6,53
TOULOUSE-BLAGNAC,2025091119,0,19.9,59
TOULOUSE-BLAGNAC,2025091120,0,20,63
TOULOUSE-BLAGNAC,2025091121,0,19.2,68
TOULOUSE-BLAGNAC,2025091122,0,19,69
TOULOUSE-BLAGNAC,2025091123,0,18.6,70
TOULOUSE-BLAGNAC,2025091200,0,18.2,73
TOULOUSE-BLAGNAC,2025091201,0,18,75
TOULOUSE-BLAGNAC,2025091202,0,17.7,77
TOULOUSE-BLAGNAC,2025091203,0,17.7,76
TOULOUSE-BLAGNAC,2025091204,0,17.5,77
TOULOUSE-BLAGNAC,2025091205,0,17.4,77
TOULOUSE-BLAGNAC,2025091206,0,17,84
TOULOUSE-BLAGNAC,2025091207,0,16.5,87
TOULOUSE-BLAGNAC,2025091208,0,16.5,88
TOULOUSE-BLAGNAC,2025091209,0,17.5,76
TOULOUSE-BLAGNAC,2025091210,0,18.3,70
TOULOUSE-BLAGNAC,2025091211,0,19.7,67
TOULOUSE-BLAGNAC,2025091212,0,20.8,61
TOULOUSE-BLAGNAC,2025091213,0,21.3,61
TOULOUSE-BLAGNAC,2025091214,0,21.2,61
TOULOUSE-BLAGNAC,2025091215,0,21,61
TOULOUSE-BLAGNAC,2025091216,0,20.8,61
TOULOUSE-BLAGNAC,2025091217,0,20.7,62
TOULOUSE-BLAGNAC,2025091218,0,20.2,61
TOULOUSE-BLAGNAC,2025091219,0,19.6,66
TOULOUSE-BLAGNAC,2025091220,0,18.5,72
TOULOUSE-BLAGNAC,2025091221,0,16.8,79
TOULOUSE-BLAGNAC,2025091222,0,17.2,79
TOULOUSE-BLAGNAC,2025091223,0,16.8,83
TOULOUSE-BLAGNAC,2025091300,0,16,86
TOULOUSE-BLAGNAC,2025091301,0,16.7,83
TOULOUSE-BLAGNAC,2025091302,0,16.5,83
TOULOUSE-BLAGNAC,2025091303,0,16.1,86
TOULOUSE-BLAGNAC,2025091304,0,15.4,90
TOULOUSE-BLAGNAC,2025091305,0,15.5,88
TOULOUSE-BLAGNAC,2025091306,0,15.2,89
TOULOUSE-BLAGNAC,2025091307,0,15.6,91
TOULOUSE-BLAGNAC,2025091308,0,17.1,84
TOULOUSE-BLAGNAC,2025091309,0,18.7,76
TOULOUSE-BLAGNAC,2025091310,0,19.4,72
TOULOUSE-BLAGNAC,2025091311,0,19.9,69
TOULOUSE-BLAGNAC,2025091312,0,20.7,66
TOULOUSE-BLAGNAC,2025091313,0,21.7,60
TOULOUSE-BLAGNAC,2025091314,0,22.3,58
TOULOUSE-BLAGNAC,2025091315,0,22.4,59
TOULOUSE-BLAGNAC,2025091316,0,21.7,62
TOULOUSE-BLAGNAC,2025091317,0,21.3,64
TOULOUSE-BLAGNAC,2025091318,0,20,69
TOULOUSE-BLAGNAC,2025091319,0,19.5,72
TOULOUSE-BLAGNAC,2025091320,0,18.5,76
TOULOUSE-BLAGNAC,2025091321,0,17.5,79
TOULOUSE-BLAGNAC,2025091322,0,16.8,81
TOULOUSE-BLAGNAC,2025091323,0,15.9,84
TOULOUSE-BLAGNAC,2025091400,0,15,90
TOULOUSE-BLAGNAC,2025091401,0,14.5,92
TOULOUSE-BLAGNAC,2025091402,0,14.6,95
TOULOUSE-BLAGNAC,2025091403,0,13.6,95
TOULOUSE-BLAGNAC,2025091404,0,13.9,96
TOULOUSE-BLAGNAC,2025091405,0,14.4,96
TOULOUSE-BLAGNAC,2025091406,0,14.3,95
TOULOUSE-BLAGNAC,2025091407,0,15.2,95
TOULOUSE-BLAGNAC,2025091408,0,17.3,83
TOULOUSE-BLAGNAC,2025091409,0,20,75
TOULOUSE-BLAGNAC,2025091410,0,23.3,63
TOULOUSE-BLAGNAC,2025091411,0,22.9,67
TOULOUSE-BLAGNAC,2025091412,0,24.3,61
TOULOUSE-BLAGNAC,2025091413,0,25,59
TOULOUSE-BLAGNAC,2025091414,0,25.6,61
TOULOUSE-BLAGNAC,2025091415,0,25,62
TOULOUSE-BLAGNAC,2025091416,0,25.1,62
TOULOUSE-BLAGNAC,2025091417,0,24.7,62
TOULOUSE-BLAGNAC,2025091418,0,23.5,64
TOULOUSE-BLAGNAC,2025091419,0,21.9,70
TOULOUSE-BLAGNAC,2025091420,0,20.9,76
TOULOUSE-BLAGNAC,2025091421,0,20.6,77
TOULOUSE-BLAGNAC,2025091422,0,19.1,82
TOULOUSE-BLAGNAC,2025091423,0,18.3,86
TOULOUSE-BLAGNAC,2025091500,0,17.9,91
TOULOUSE-BLAGNAC,2025091501,0,18.2,91
TOULOUSE-BLAGNAC,2025091502,0,17.9,91
TOULOUSE-BLAGNAC,2025091503,0,18.3,90
TOULOUSE-BLAGNAC,2025091504,0,18.2,91
TOULOUSE-BLAGNAC,2025091505,0,17.9,92
TOULOUSE-BLAGNAC,2025091506,0,18.7,90
TOULOUSE-BLAGNAC,2025091507,0,18.9,90
TOULOUSE-BLAGNAC,2025091508,0,20,84
TOULOUSE-BLAGNAC,2025091509,0,21.7,75
TOULOUSE-BLAGNAC,2025091510,0,22.8,71
TOULOUSE-BLAGNAC,2025091511,0,24.2,66
TOULOUSE-BLAGNAC,2025091512,0,25,60
TOULOUSE-BLAGNAC,2025091513,0,24.5,64
TOULOUSE-BLAGNAC,2025091514,0,25,58
TOULOUSE-BLAGNAC,2025091515,0,24.4,62
TOULOUSE-BLAGNAC,2025091516,0,24,64
TOULOUSE-BLAGNAC,2025091517,0,23.5,66
TOULOUSE-BLAGNAC,2025091518,0,22.4,73
TOULOUSE-BLAGNAC,2025091519,0,22,77
TOULOUSE-BLAGNAC,2025091520,0.2,18.9,89
TOULOUSE-BLAGNAC,2025091521,0,18.7,91
TOULOUSE-BLAGNAC,2025091522,0,18.2,87
TOULOUSE-BLAGNAC,2025091523,0,18.1,87
TOULOUSE-BLAGNAC,2025091600,0,17.8,85
TOULOUSE-BLAGNAC,2025091601,0,17.7,85
TOULOUSE-BLAGNAC,2025091602,0,17.1,81
TOULOUSE-BLAGNAC,2025091603,0,16.8,80
TOULOUSE-BLAGNAC,2025091604,0,16.6,80
TOULOUSE-BLAGNAC,2025091605,0,16.5,78
TOULOUSE-BLAGNAC,2025091606,0,16.2,81
TOULOUSE-BLAGNAC,2025091607,0,16.6,78
TOULOUSE-BLAGNAC,2025091608,0,17.4,73
TOULOUSE-BLAGNAC,2025091609,0,18.2,66
TOULOUSE-BLAGNAC,2025091610,0,19.2,63
TOULOUSE-BLAGNAC,2025091611,0,20.6,56
TOULOUSE-BLAGNAC,2025091612,0,20.4,60
TOULOUSE-BLAGNAC,2025091613,0,21.6,56
TOULOUSE-BLAGNAC,2025091614,0,21.4,55
TOULOUSE-BLAGNAC,2025091615,0,21.7,55
TOULOUSE-BLAGNAC,2025091616,0,22.4,53
TOULOUSE-BLAGNAC,2025091617,0,21.4,54
TOULOUSE-BLAGNAC,2025091618,0,20.3,58
TOULOUSE-BLAGNAC,2025091619,0,18.5,67
TOULOUSE-BLAGNAC,2025091620,0,17.9,72
TOULOUSE-BLAGNAC,2025091621,0,16.6,77
TOULOUSE-BLAGNAC,2025091622,0,15.6,79
TOULOUSE-BLAGNAC,2025091623,0,16,78
TOULOUSE-BLAGNAC,2025091700,0,15.3,81
TOULOUSE-BLAGNAC,2025091701,0,13.8,90
TOULOUSE-BLAGNAC,2025091702,0.2,13.3,93
TOULOUSE-BLAGNAC,2025091703,0,12.7,95
TOULOUSE-BLAGNAC,2025091704,0,13,96
TOULOUSE-BLAGNAC,2025091705,0,12.6,96
TOULOUSE-BLAGNAC,2025091706,0,12.1,95
TOULOUSE-BLAGNAC,2025091707,0,13.8,96
TOULOUSE-BLAGNAC,2025091708,0,16.4,82
TOULOUSE-BLAGNAC,2025091709,0,19.9,65
TOULOUSE-BLAGNAC,2025091710,0,21.7,54
TOULOUSE-BLAGNAC,2025091711,0,23.7,46
TOULOUSE-BLAGNAC,2025091712,0,25.8,44
TOULOUSE-BLAGNAC,2025091713,0,26.7,33
TOULOUSE-BLAGNAC,2025091714,0,27.7,35
TOULOUSE-BLAGNAC,2025091715,0,29.4,30
TOULOUSE-BLAGNAC,2025091716,0,28.1,28
TOULOUSE-BLAGNAC,2025091717,0,26.2,35
TOULOUSE-BLAGNAC,2025091718,0,25.4,40
TOULOUSE-BLAGNAC,2025091719,0,23,45
TOULOUSE-BLAGNAC,2025091720,0,21.8,46
TOULOUSE-BLAGNAC,2025091721,0,19.3,54
TOULOUSE-BLAGNAC,2025091722,0,16.3,70
TOULOUSE-BLAGNAC,2025091723,0,14.5,84
TOULOUSE-BLAGNAC,2025091800,0,14.3,92
TOULOUSE-BLAGNAC,2025091801,0,13.7,92
TOULOUSE-BLAGNAC,2025091802,0,13.2,93
TOULOUSE-BLAGNAC,2025091803,0,12.7,93
TOULOUSE-BLAGNAC,2025091804,0,12.6,94
TOULOUSE-BLAGNAC,2025091805,0.2,12.4,94
TOULOUSE-BLAGNAC,2025091806,0,11.3,94
TOULOUSE-BLAGNAC,2025091807,0,13.7,91
TOULOUSE-BLAGNAC,2025091808,0,17,80
TOULOUSE-BLAGNAC,2025091809,0,21,62
TOULOUSE-BLAGNAC,2025091810,0,23.4,53
TOULOUSE-BLAGNAC,2025091811,0,25.7,47
TOULOUSE-BLAGNAC,2025091812,0,28.1,39
TOULOUSE-BLAGNAC,2025091813,0,29.8,34
TOULOUSE-BLAGNAC,2025091814,0,31.5,23
TOULOUSE-BLAGNAC,2025091815,0,32,22
TOULOUSE-BLAGNAC,2025091816,0,31.8,25
TOULOUSE-BLAGNAC,2025091817,0,30.8,28
TOULOUSE-BLAGNAC,2025091818,0,25.8,28
TOULOUSE-BLAGNAC,2025091819,0,25,30
TOULOUSE-BLAGNAC,2025091820,0,23.2,40
TOULOUSE-BLAGNAC,2025091821,0,22.4,42
TOULOUSE-BLAGNAC,2025091822,0,21.7,44
TOULOUSE-BLAGNAC,2025091823,0,20.2,48
TOULOUSE-BLAGNAC,2025091900,0,19,57
TOULOUSE-BLAGNAC,2025091901,0,19.5,61
TOULOUSE-BLAGNAC,2025091902,0,19.4,68
TOULOUSE-BLAGNAC,2025091903,0,19,75
TOULOUSE-BLAGNAC,2025091904,0,18.4,82
TOULOUSE-BLAGNAC,2025091905,0,18.6,84
TOULOUSE-BLAGNAC,2025091906,0,19,84
TOULOUSE-BLAGNAC,2025091907,0,20.1,80
TOULOUSE-BLAGNAC,2025091908,0,21.7,75
TOULOUSE-BLAGNAC,2025091909,0,23.5,68
TOULOUSE-BLAGNAC,2025091910,0,25.1,65
TOULOUSE-BLAGNAC,2025091911,0,26.2,59
TOULOUSE-BLAGNAC,2025091912,0,27.3,57
TOULOUSE-BLAGNAC,2025091913,0,28.4,53
TOULOUSE-BLAGNAC,2025091914,0,29,51
TOULOUSE-BLAGNAC,2025091915,0,28.5,50
TOULOUSE-BLAGNAC,2025091916,0,27.6,54
TOULOUSE-BLAGNAC,2025091917,0,26,57
TOULOUSE-BLAGNAC,2025091918,0,24.1,63
TOULOUSE-BLAGNAC,2025091919,0,23,71
TOULOUSE-BLAGNAC,2025091920,0,22.5,76
TOULOUSE-BLAGNAC,2025091921,0,22.3,79
TOULOUSE-BLAGNAC,2025091922,0,22.2,78
TOULOUSE-BLAGNAC,2025091923,0,22,79
TOULOUSE-BLAGNAC,2025092000,0,21.8,80
TOULOUSE-BLAGNAC,2025092001,0,21.7,80
TOULOUSE-BLAGNAC,2025092002,0,21.4,82
TOULOUSE-BLAGNAC,2025092003,0,21.2,84
TOULOUSE-BLAGNAC,2025092004,0,21.2,85
TOULOUSE-BLAGNAC,2025092005,0,21.5,83
TOULOUSE-BLAGNAC,2025092006,0,21.7,83
TOULOUSE-BLAGNAC,2025092007,0,23,77
TOULOUSE-BLAGNAC,2025092008,0,24.3,73
TOULOUSE-BLAGNAC,2025092009,0,25.8,68
TOULOUSE-BLAGNAC,2025092010,0,26.3,64
TOULOUSE-BLAGNAC,2025092011,0,26.2,64
TOULOUSE-BLAGNAC,2025092012,0,25.8,66
TOULOUSE-BLAGNAC,2025092013,0,27,62
TOULOUSE-BLAGNAC,2025092014,0,27.6,59
TOULOUSE-BLAGNAC,2025092015,0,27.4,63
TOULOUSE-BLAGNAC,2025092016,0,26,68
TOULOUSE-BLAGNAC,2025092017,0,24.5,72
TOULOUSE-BLAGNAC,2025092018,0,23.3,75
TOULOUSE-BLAGNAC,2025092019,0,22.7,77
TOULOUSE-BLAGNAC,2025092020,0,22.3,79
TOULOUSE-BLAGNAC,2025092021,0,22.5,79
TOULOUSE-BLAGNAC,2025092022,0,21.6,74
TOULOUSE-BLAGNAC,2025092023,0,20.6,75
TOULOUSE-BLAGNAC,2025092100,0,19.9,77
TOULOUSE-BLAGNAC,2025092101,0,19,85
TOULOUSE-BLAGNAC,2025092102,0.2,17.5,89
TOULOUSE-BLAGNAC,2025092103,0,16.8,87
TOULOUSE-BLAGNAC,2025092104,0.6,16.5,92
TOULOUSE-BLAGNAC,2025092105,4.4,15.6,94
TOULOUSE-BLAGNAC,2025092106,3.1,15.2,94
TOULOUSE-BLAGNAC,2025092107,0.4,15.2,94
TOULOUSE-BLAGNAC,2025092108,2.4,14.8,96
TOULOUSE-BLAGNAC,2025092109,1.4,14.7,95
TOULOUSE-BLAGNAC,2025092110,0.2,14.9,96
TOULOUSE-BLAGNAC,2025092111,0,15.3,94
TOULOUSE-BLAGNAC,2025092112,0,15.9,90
TOULOUSE-BLAGNAC,2025092113,0,16.9,82
TOULOUSE-BLAGNAC,2025092114,0,16.5,81
TOULOUSE-BLAGNAC,2025092115,0,15.4,88
TOULOUSE-BLAGNAC,2025092116,0.8,15,89
TOULOUSE-BLAGNAC,2025092117,0.8,14.4,94
TOULOUSE-BLAGNAC,2025092118,0,14.3,93
TOULOUSE-BLAGNAC,2025092119,0,14,92
TOULOUSE-BLAGNAC,2025092120,0,13.7,93
TOULOUSE-BLAGNAC,2025092121,0,13.7,91
TOULOUSE-BLAGNAC,2025092122,0,13.6,93
TOULOUSE-BLAGNAC,2025092123,0,13.7,93
TOULOUSE-BLAGNAC,2025092200,0,13.4,92
TOULOUSE-BLAGNAC,2025092201,0,13.3,91
TOULOUSE-BLAGNAC,2025092202,0,13.2,88
TOULOUSE-BLAGNAC,2025092203,0,12.7,89
TOULOUSE-BLAGNAC,2025092204,0,12.5,89
TOULOUSE-BLAGNAC,2025092205,0,12.5,88
TOULOUSE-BLAGNAC,2025092206,0,12.2,88
TOULOUSE-BLAGNAC,2025092207,0,12.7,84
TOULOUSE-BLAGNAC,2025092208,0,13.5,82
TOULOUSE-BLAGNAC,2025092209,0,15.2,72
TOULOUSE-BLAGNAC,2025092210,0,16.4,70
TOULOUSE-BLAGNAC,2025092211,0,16.9,61
TOULOUSE-BLAGNAC,2025092212,0,17.1,62
TOULOUSE-BLAGNAC,2025092213,0,17.7,60
TOULOUSE-BLAGNAC,2025092214,0,18.2,51
TOULOUSE-BLAGNAC,2025092215,0,18.4,55
TOULOUSE-BLAGNAC,2025092216,0,18.8,52
TOULOUSE-BLAGNAC,2025092217,0,16.6,65
TOULOUSE-BLAGNAC,2025092218,0,15,71
TOULOUSE-BLAGNAC,2025092219,0,14.2,76
TOULOUSE-BLAGNAC,2025092220,0,13.3,79
TOULOUSE-BLAGNAC,2025092221,0,12.5,85
TOULOUSE-BLAGNAC,2025092222,0,13,84
TOULOUSE-BLAGNAC,2025092223,0,12.9,87
TOULOUSE-BLAGNAC,2025092300,0,12.5,89
TOULOUSE-BLAGNAC,2025092301,0,12,90
TOULOUSE-BLAGNAC,2025092302,0,12,91
TOULOUSE-BLAGNAC,2025092303,0,12.2,90
TOULOUSE-BLAGNAC,2025092304,0,11.5,88
TOULOUSE-BLAGNAC,2025092305,0,10.5,89
TOULOUSE-BLAGNAC,2025092306,0,9.9,89
TOULOUSE-BLAGNAC,2025092307,0,10.3,85
TOULOUSE-BLAGNAC,2025092308,0,10.7,81
TOULOUSE-BLAGNAC,2025092309,0,11.9,71
TOULOUSE-BLAGNAC,2025092310,0,13.4,67
TOULOUSE-BLAGNAC,2025092311,0,13.6,66
TOULOUSE-BLAGNAC,2025092312,0,13.9,63
TOULOUSE-BLAGNAC,2025092313,0,15.4,58
TOULOUSE-BLAGNAC,2025092314,0,15.6,57
TOULOUSE-BLAGNAC,2025092315,0,15.2,58
TOULOUSE-BLAGNAC,2025092316,0,14.5,61
TOULOUSE-BLAGNAC,2025092317,0,12.2,68
TOULOUSE-BLAGNAC,2025092318,0,12,74
TOULOUSE-BLAGNAC,2025092319,0,11.6,76
TOULOUSE-BLAGNAC,2025092320,0,10.9,78
TOULOUSE-BLAGNAC,2025092321,0,10.2,81
TOULOUSE-BLAGNAC,2025092322,0,10.4,79
TOULOUSE-BLAGNAC,2025092323,0,10.7,81
TOULOUSE-BLAGNAC,2025092400,0,10.5,82
TOULOUSE-BLAGNAC,2025092401,0,10.6,80
TOULOUSE-BLAGNAC,2025092402,0,10.1,82
TOULOUSE-BLAGNAC,2025092403,0,10,84
TOULOUSE-BLAGNAC,2025092404,0,10.2,84
TOULOUSE-BLAGNAC,2025092405,0,10.2,85
TOULOUSE-BLAGNAC,2025092406,0,10.1,86
TOULOUSE-BLAGNAC,2025092407,0,10.9,84
TOULOUSE-BLAGNAC,2025092408,0,11.2,82
TOULOUSE-BLAGNAC,2025092409,0,11.9,76
TOULOUSE-BLAGNAC,2025092410,0,12.6,73
TOULOUSE-BLAGNAC,2025092411,0,13,70
TOULOUSE-BLAGNAC,2025092412,0,14,69
TOULOUSE-BLAGNAC,2025092413,0,14.4,60
TOULOUSE-BLAGNAC,2025092414,0,14.3,63
TOULOUSE-BLAGNAC,2025092415,0,14.4,67
TOULOUSE-BLAGNAC,2025092416,0,14.7,64
TOULOUSE-BLAGNAC,2025092417,0,14.1,66
TOULOUSE-BLAGNAC,2025092418,0,13.5,70
TOULOUSE-BLAGNAC,2025092419,0,13.4,71
TOULOUSE-BLAGNAC,2025092420,0,13.4,72
TOULOUSE-BLAGNAC,2025092421,0,12.9,78
TOULOUSE-BLAGNAC,2025092422,0,12.5,82
TOULOUSE-BLAGNAC,2025092423,0,12.5,84
TOULOUSE-BLAGNAC,2025092500,0,12.3,81
TOULOUSE-BLAGNAC,2025092501,0,11.8,82
TOULOUSE-BLAGNAC,2025092502,0,11.6,81
TOULOUSE-BLAGNAC,2025092503,0,11.4,81
TOULOUSE-BLAGNAC,2025092504,0,11.2,82
TOULOUSE-BLAGNAC,2025092505,0,11,84
TOULOUSE-BLAGNAC,2025092506,0,11,84
TOULOUSE-BLAGNAC,2025092507,0,11.4,82
TOULOUSE-BLAGNAC,2025092508,0,12.5,73
TOULOUSE-BLAGNAC,2025092509,0,14.5,67
TOULOUSE-BLAGNAC,2025092510,0,15.2,63
TOULOUSE-BLAGNAC,2025092511,0,16,56
TOULOUSE-BLAGNAC,2025092512,0,16.9,53
TOULOUSE-BLAGNAC,2025092513,0,16.8,54
TOULOUSE-BLAGNAC,2025092514,0,17.1,55
TOULOUSE-BLAGNAC,2025092515,0,16.8,52
TOULOUSE-BLAGNAC,2025092516,0,16.1,55
TOULOUSE-BLAGNAC,2025092517,0,15.6,59
TOULOUSE-BLAGNAC,2025092518,0,15.2,57
TOULOUSE-BLAGNAC,2025092519,0,13.8,65
TOULOUSE-BLAGNAC,2025092520,0,13.7,67
TOULOUSE-BLAGNAC,2025092521,0,14,64
TOULOUSE-BLAGNAC,2025092522,0,13.3,68
TOULOUSE-BLAGNAC,2025092523,0,13.1,70
TOULOUSE-BLAGNAC,2025092600,0,12.3,74
TOULOUSE-BLAGNAC,2025092601,0,11.1,81
TOULOUSE-BLAGNAC,2025092602,0,9.8,84
TOULOUSE-BLAGNAC,2025092603,0,10.3,90
TOULOUSE-BLAGNAC,2025092604,0,10.6,87
TOULOUSE-BLAGNAC,2025092605,0,10.9,88
TOULOUSE-BLAGNAC,2025092606,0,11,85
TOULOUSE-BLAGNAC,2025092607,0,11.4,86
TOULOUSE-BLAGNAC,2025092608,0,12.7,79
TOULOUSE-BLAGNAC,2025092609,0,14.5,73
TOULOUSE-BLAGNAC,2025092610,0,15.7,65
TOULOUSE-BLAGNAC,2025092611,0,16.1,54
TOULOUSE-BLAGNAC,2025092612,0,17.2,54
TOULOUSE-BLAGNAC,2025092613,0,17.6,50
TOULOUSE-BLAGNAC,2025092614,0,17.5,50
TOULOUSE-BLAGNAC,2025092615,0,16.9,51
TOULOUSE-BLAGNAC,2025092616,0,18,47
TOULOUSE-BLAGNAC,2025092617,0,17.3,47
TOULOUSE-BLAGNAC,2025092618,0,15.9,52
TOULOUSE-BLAGNAC,2025092619,0,14.7,62
TOULOUSE-BLAGNAC,2025092620,0,13.7,67
TOULOUSE-BLAGNAC,2025092621,0,11.7,74
TOULOUSE-BLAGNAC,2025092622,0,11,77
TOULOUSE-BLAGNAC,2025092623,0,9.9,81
TOULOUSE-BLAGNAC,2025092700,0,9.3,84
TOULOUSE-BLAGNAC,2025092701,0,8.7,88
TOULOUSE-BLAGNAC,2025092702,0,7.9,87
TOULOUSE-BLAGNAC,2025092703,0,7.4,91
TOULOUSE-BLAGNAC,2025092704,0,7.1,91
TOULOUSE-BLAGNAC,2025092705,0,7.2,90
TOULOUSE-BLAGNAC,2025092706,0,7.5,92
TOULOUSE-BLAGNAC,2025092707,0,8.6,86
TOULOUSE-BLAGNAC,2025092708,0,11.9,70
TOULOUSE-BLAGNAC,2025092709,0,14.4,60
TOULOUSE-BLAGNAC,2025092710,0,16.5,58
TOULOUSE-BLAGNAC,2025092711,0,18,54
TOULOUSE-BLAGNAC,2025092712,0,20.7,47
TOULOUSE-BLAGNAC,2025092713,0,21.9,43
TOULOUSE-BLAGNAC,2025092714,0,22.3,40
TOULOUSE-BLAGNAC,2025092715,0,22.6,36
TOULOUSE-BLAGNAC,2025092716,0,22.6,35
TOULOUSE-BLAGNAC,2025092717,0,20.6,40
TOULOUSE-BLAGNAC,2025092718,0,17.5,52
TOULOUSE-BLAGNAC,2025092719,0,16.7,63
TOULOUSE-BLAGNAC,2025092720,0,15.5,66
TOULOUSE-BLAGNAC,2025092721,0,14.8,66
TOULOUSE-BLAGNAC,2025092722,0,14.6,72
TOULOUSE-BLAGNAC,2025092723,0,14.3,78
TOULOUSE-BLAGNAC,2025092800,0,14.4,80
TOULOUSE-BLAGNAC,2025092801,0,14.1,82
TOULOUSE-BLAGNAC,2025092802,0,14.2,82
TOULOUSE-BLAGNAC,2025092803,0,14.2,83
TOULOUSE-BLAGNAC,2025092804,0,14.3,83
TOULOUSE-BLAGNAC,2025092805,0,14.1,84
TOULOUSE-BLAGNAC,2025092806,0,13.2,87
TOULOUSE-BLAGNAC,2025092807,0,14.3,85
TOULOUSE-BLAGNAC,2025092808,0,16.2,76
TOULOUSE-BLAGNAC,2025092809,0,17.3,73
TOULOUSE-BLAGNAC,2025092810,0,17.4,66
TOULOUSE-BLAGNAC,2025092811,0,17.8,65
TOULOUSE-BLAGNAC,2025092812,0,18.3,62
TOULOUSE-BLAGNAC,2025092813,0,18.5,61
TOULOUSE-BLAGNAC,2025092814,0,19,63
TOULOUSE-BLAGNAC,2025092815,0,19.6,62
TOULOUSE-BLAGNAC,2025092816,0,20,59
TOULOUSE-BLAGNAC,2025092817,0,19.9,58
TOULOUSE-BLAGNAC,2025092818,0,17.5,64
TOULOUSE-BLAGNAC,2025092819,0,17.2,71
TOULOUSE-BLAGNAC,2025092820,0,16,74
TOULOUSE-BLAGNAC,2025092821,0,14.8,83
TOULOUSE-BLAGNAC,2025092822,0,15.2,78
TOULOUSE-BLAGNAC,2025092823,0,14.1,85
TOULOUSE-BLAGNAC,2025092900,0,14.4,84
TOULOUSE-BLAGNAC,2025092901,0,14,84
TOULOUSE-BLAGNAC,2025092902,0,13.7,88
TOULOUSE-BLAGNAC,2025092903,0,13.7,88
TOULOUSE-BLAGNAC,2025092904,0,13.9,88
TOULOUSE-BLAGNAC,2025092905,0,13.6,89
TOULOUSE-BLAGNAC,2025092906,0,14.6,93
TOULOUSE-BLAGNAC,2025092907,0,15.4,89
TOULOUSE-BLAGNAC,2025092908,0,16.6,80
TOULOUSE-BLAGNAC,2025092909,0,17.6,73
TOULOUSE-BLAGNAC,2025092910,0,19,67
TOULOUSE-BLAGNAC,2025092911,0,20.1,61
TOULOUSE-BLAGNAC,2025092912,0,21.6,51
TOULOUSE-BLAGNAC,2025092913,0,22.5,49
TOULOUSE-BLAGNAC,2025092914,0,23.2,45
TOULOUSE-BLAGNAC,2025092915,0,23.2,42
TOULOUSE-BLAGNAC,2025092916,0,22.8,39
TOULOUSE-BLAGNAC,2025092917,0,21.5,42
TOULOUSE-BLAGNAC,2025092918,0,19.1,51
TOULOUSE-BLAGNAC,2025092919,0,17.6,55
TOULOUSE-BLAGNAC,2025092920,0,16.5,60
TOULOUSE-BLAGNAC,2025092921,0,16,63
TOULOUSE-BLAGNAC,2025092922,0,15.4,67
TOULOUSE-BLAGNAC,2025092923,0,14.4,70
TOULOUSE-BLAGNAC,2025093000,0,12.1,83
TOULOUSE-BLAGNAC,2025093001,0,11.3,87
TOULOUSE-BLAGNAC,2025093002,0,11,89
TOULOUSE-BLAGNAC,2025093003,0,10.8,91
TOULOUSE-BLAGNAC,2025093004,0,10.4,92
TOULOUSE-BLAGNAC,2025093005,0,10.3,94
TOULOUSE-BLAGNAC,2025093006,0,10.4,95
TOULOUSE-BLAGNAC,2025093007,0,12,94
TOULOUSE-BLAGNAC,2025093008,0,14.8,82
TOULOUSE-BLAGNAC,2025093009,0,17,74
TOULOUSE-BLAGNAC,2025093010,0,19.1,63
TOULOUSE-BLAGNAC,2025093011,0,20.5,55
TOULOUSE-BLAGNAC,2025093012,0,21.8,52
TOULOUSE-BLAGNAC,2025093013,0,22.4,48
TOULOUSE-BLAGNAC,2025093014,0,22.5,46
TOULOUSE-BLAGNAC,2025093015,0,22.7,46
TOULOUSE-BLAGNAC,2025093016,0,21.8,45
TOULOUSE-BLAGNAC,2025093017,0,21,47
TOULOUSE-BLAGNAC,2025093018,0,18.8,54
TOULOUSE-BLAGNAC,2025093019,0,16.8,60
TOULOUSE-BLAGNAC,2025093020,0,15.9,65
TOULOUSE-BLAGNAC,2025093021,0,15.3,67
TOULOUSE-BLAGNAC,2025093022,0,14.8,69
TOULOUSE-BLAGNAC,2025093023,0,11.7,82
TOULOUSE-BLAGNAC,2025100100,0,11.4,85
TOULOUSE-BLAGNAC,2025100101,0,11.3,88
TOULOUSE-BLAGNAC,2025100102,0,11.1,88
TOULOUSE-BLAGNAC,2025100103,0,10,93
TOULOUSE-BLAGNAC,2025100104,0,10,93
TOULOUSE-BLAGNAC,2025100105,0,9.7,91
TOULOUSE-BLAGNAC,2025100106,0,9.8,92
TOULOUSE-BLAGNAC,2025100107,0,12.3,87
TOULOUSE-BLAGNAC,2025100108,0,14.5,78
TOULOUSE-BLAGNAC,2025100109,0,16.6,74
TOULOUSE-BLAGNAC,2025100110,0,18.3,66
TOULOUSE-BLAGNAC,2025100111,0,20.2,59
TOULOUSE-BLAGNAC,2025100112,0,21.3,51
TOULOUSE-BLAGNAC,2025100113,0,22,44
TOULOUSE-BLAGNAC,2025100114,0,22.7,37
TOULOUSE-BLAGNAC,2025100115,0,22.7,34
TOULOUSE-BLAGNAC,2025100116,0,22.6,35
TOULOUSE-BLAGNAC,2025100117,0,20.7,39
TOULOUSE-BLAGNAC,2025100118,0,17.8,50
TOULOUSE-BLAGNAC,2025100119,0,16.6,55
TOULOUSE-BLAGNAC,2025100120,0,15.4,61
TOULOUSE-BLAGNAC,2025100121,0,14.8,64
TOULOUSE-BLAGNAC,2025100122,0,14,68
TOULOUSE-BLAGNAC,2025100123,0,13.8,70
TOULOUSE-BLAGNAC,2025100200,0,12,77
TOULOUSE-BLAGNAC,2025100201,0,10.8,80
TOULOUSE-BLAGNAC,2025100202,0,9.5,89
TOULOUSE-BLAGNAC,2025100203,0,9,90
TOULOUSE-BLAGNAC,2025100204,0,8.6,91
TOULOUSE-BLAGNAC,2025100205,0,8.3,91
TOULOUSE-BLAGNAC,2025100206,0,8.2,93
TOULOUSE-BLAGNAC,2025100207,0,10,91
TOULOUSE-BLAGNAC,2025100208,0,13.2,75
TOULOUSE-BLAGNAC,2025100209,0,15.5,69
TOULOUSE-BLAGNAC,2025100210,0,19,55
TOULOUSE-BLAGNAC,2025100211,0,20.2,47
TOULOUSE-BLAGNAC,2025100212,0,21.2,39
TOULOUSE-BLAGNAC,2025100213,0,22,33
TOULOUSE-BLAGNAC,2025100214,0,22.9,30
TOULOUSE-BLAGNAC,2025100215,0,23.4,31
TOULOUSE-BLAGNAC,2025100216,0,22.9,33
TOULOUSE-BLAGNAC,2025100217,0,21.4,34
TOULOUSE-BLAGNAC,2025100218,0,20.1,36
TOULOUSE-BLAGNAC,2025100219,0,18.8,43
TOULOUSE-BLAGNAC,2025100220,0,16.2,51
TOULOUSE-BLAGNAC,2025100221,0,14.9,61
TOULOUSE-BLAGNAC,2025100222,0,13.1,68
TOULOUSE-BLAGNAC,2025100223,0,12.4,72
TOULOUSE-BLAGNAC,2025100300,0,11.6,75
TOULOUSE-BLAGNAC,2025100301,0,10.7,80
TOULOUSE-BLAGNAC,2025100302,0,10.6,82
TOULOUSE-BLAGNAC,2025100303,0,10,84
TOULOUSE-BLAGNAC,2025100304,0,10,84
TOULOUSE-BLAGNAC,2025100305,0,10,85
TOULOUSE-BLAGNAC,2025100306,0,9.8,86
TOULOUSE-BLAGNAC,2025100307,0,10.7,85
TOULOUSE-BLAGNAC,2025100308,0,13,76
TOULOUSE-BLAGNAC,2025100309,0,15.3,69
TOULOUSE-BLAGNAC,2025100310,0,17.9,68
TOULOUSE-BLAGNAC,2025100311,0,20.5,68
TOULOUSE-BLAGNAC,2025100312,0,22.2,63
TOULOUSE-BLAGNAC,2025100313,0,23.1,57
TOULOUSE-BLAGNAC,2025100314,0,22.7,58
TOULOUSE-BLAGNAC,2025100315,0,22.2,59
TOULOUSE-BLAGNAC,2025100316,0,21.9,61
TOULOUSE-BLAGNAC,2025100317,0,21,63
TOULOUSE-BLAGNAC,2025100318,0,19.1,71
TOULOUSE-BLAGNAC,2025100319,0,18.8,74
TOULOUSE-BLAGNAC,2025100320,0,18.3,78
TOULOUSE-BLAGNAC,2025100321,0,18,78
TOULOUSE-BLAGNAC,2025100322,0,16.9,82
TOULOUSE-BLAGNAC,2025100323,0,16.7,84
TOULOUSE-BLAGNAC,2025100400,0,16,88
TOULOUSE-BLAGNAC,2025100401,0,16.1,87
TOULOUSE-BLAGNAC,2025100402,0,15.6,90
TOULOUSE-BLAGNAC,2025100403,0,14.4,92
TOULOUSE-BLAGNAC,2025100404,0,15.2,92
TOULOUSE-BLAGNAC,2025100405,0,15,91
TOULOUSE-BLAGNAC,2025100406,0,15.1,92
TOULOUSE-BLAGNAC,2025100407,0,15.4,90
TOULOUSE-BLAGNAC,2025100408,0,16.5,86
TOULOUSE-BLAGNAC,2025100409,0,18.6,80
TOULOUSE-BLAGNAC,2025100410,0,20.1,76
TOULOUSE-BLAGNAC,2025100411,0,21.8,66
TOULOUSE-BLAGNAC,2025100412,0,22.8,62
TOULOUSE-BLAGNAC,2025100413,0,24.3,58
TOULOUSE-BLAGNAC,2025100414,0,23,62
TOULOUSE-BLAGNAC,2025100415,0.4,16.6,91
TOULOUSE-BLAGNAC,2025100416,0.4,15.6,94
TOULOUSE-BLAGNAC,2025100417,0.2,15.5,94
TOULOUSE-BLAGNAC,2025100418,0,15.1,87
TOULOUSE-BLAGNAC,2025100419,0,15,89
TOULOUSE-BLAGNAC,2025100420,0,14.6,87
TOULOUSE-BLAGNAC,2025100421,0,13.9,89
TOULOUSE-BLAGNAC,2025100422,0,13.4,90
TOULOUSE-BLAGNAC,2025100423,0,13.2,92
TOULOUSE-BLAGNAC,2025100500,0,13.5,90
TOULOUSE-BLAGNAC,2025100501,0,13.2,92
TOULOUSE-BLAGNAC,2025100502,0,12.7,92
TOULOUSE-BLAGNAC,2025100503,0,12.2,93
TOULOUSE-BLAGNAC,2025100504,0,11.8,93
TOULOUSE-BLAGNAC,2025100505,0,11.9,92
TOULOUSE-BLAGNAC,2025100506,0,11.8,92
TOULOUSE-BLAGNAC,2025100507,0,12.4,91
TOULOUSE-BLAGNAC,2025100508,0,13.8,83
TOULOUSE-BLAGNAC,2025100509,0,14.2,78
TOULOUSE-BLAGNAC,2025100510,0,15.5,72
TOULOUSE-BLAGNAC,2025100511,0.6,14.1,86
TOULOUSE-BLAGNAC,2025100512,0,15.4,71
TOULOUSE-BLAGNAC,2025100513,0,16.9,60
TOULOUSE-BLAGNAC,2025100514,0,17.9,51
TOULOUSE-BLAGNAC,2025100515,0,18.7,44
TOULOUSE-BLAGNAC,2025100516,0,18.1,46
TOULOUSE-BLAGNAC,2025100517,0,16.9,50
TOULOUSE-BLAGNAC,2025100518,0,14.3,61
TOULOUSE-BLAGNAC,2025100519,0,13.2,67
TOULOUSE-BLAGNAC,2025100520,0,12.5,69
TOULOUSE-BLAGNAC,2025100521,0,11.4,72
TOULOUSE-BLAGNAC,2025100522,0,10.6,77
TOULOUSE-BLAGNAC,2025100523,0,11.3,75
TOULOUSE-BLAGNAC,2025100600,0,9.7,82
TOULOUSE-BLAGNAC,2025100601,0,7.7,88
TOULOUSE-BLAGNAC,2025100602,0,7.8,93
TOULOUSE-BLAGNAC,2025100603,0,7.3,93
TOULOUSE-BLAGNAC,2025100604,0,7.3,94
TOULOUSE-BLAGNAC,2025100605,0,7.1,94
TOULOUSE-BLAGNAC,2025100606,0,7,94
TOULOUSE-BLAGNAC,2025100607,0,7.8,94
TOULOUSE-BLAGNAC,2025100608,0,10,92
TOULOUSE-BLAGNAC,2025100609,0,13,72
TOULOUSE-BLAGNAC,2025100610,0,15.5,64
TOULOUSE-BLAGNAC,2025100611,0,17.1,51
TOULOUSE-BLAGNAC,2025100612,0,17.8,50
TOULOUSE-BLAGNAC,2025100613,0,19.1,41
TOULOUSE-BLAGNAC,2025100614,0,19.9,40
TOULOUSE-BLAGNAC,2025100615,0,19.5,43
TOULOUSE-BLAGNAC,2025100616,0,19.2,43
TOULOUSE-BLAGNAC,2025100617,0,18.2,48
TOULOUSE-BLAGNAC,2025100618,0,16.8,53
TOULOUSE-BLAGNAC,2025100619,0,15.5,57
TOULOUSE-BLAGNAC,2025100620,0,14.3,64
TOULOUSE-BLAGNAC,2025100621,0,12.3,71
TOULOUSE-BLAGNAC,2025100622,0,10.8,81
TOULOUSE-BLAGNAC,2025100623,0,10.3,84
TOULOUSE-BLAGNAC,2025100700,0,9.7,86
TOULOUSE-BLAGNAC,2025100701,0,9.1,88
TOULOUSE-BLAGNAC,2025100702,0,8.9,88
TOULOUSE-BLAGNAC,2025100703,0,8.2,90
TOULOUSE-BLAGNAC,2025100704,0,7.9,92
TOULOUSE-BLAGNAC,2025100705,0,7.6,92
TOULOUSE-BLAGNAC,2025100706,0,7.6,92
TOULOUSE-BLAGNAC,2025100707,0,8.4,93
TOULOUSE-BLAGNAC,2025100708,0,10.4,85
TOULOUSE-BLAGNAC,2025100709,0,13,74
TOULOUSE-BLAGNAC,2025100710,0,16.6,63
TOULOUSE-BLAGNAC,2025100711,0,19.7,49
TOULOUSE-BLAGNAC,2025100712,0,20.6,48
TOULOUSE-BLAGNAC,2025100713,0,21.7,45
TOULOUSE-BLAGNAC,2025100714,0,23.4,41
TOULOUSE-BLAGNAC,2025100715,0,24.5,40
TOULOUSE-BLAGNAC,2025100716,0,23.8,39
TOULOUSE-BLAGNAC,2025100717,0,23,41
TOULOUSE-BLAGNAC,2025100718,0,20.2,53
TOULOUSE-BLAGNAC,2025100719,0,18.6,58
TOULOUSE-BLAGNAC,2025100720,0,15.7,71
TOULOUSE-BLAGNAC,2025100721,0,14.2,80
TOULOUSE-BLAGNAC,2025100722,0,14,81
TOULOUSE-BLAGNAC,2025100723,0,12.9,86
TOULOUSE-BLAGNAC,2025100800,0,12.4,87
TOULOUSE-BLAGNAC,2025100801,0,11.8,87
TOULOUSE-BLAGNAC,2025100802,0,11.6,90
TOULOUSE-BLAGNAC,2025100803,0,11.2,92
TOULOUSE-BLAGNAC,2025100804,0,11,91
TOULOUSE-BLAGNAC,2025100805,0,10.4,94
TOULOUSE-BLAGNAC,2025100806,0,9.7,95
TOULOUSE-BLAGNAC,2025100807,0,10.9,95
TOULOUSE-BLAGNAC,2025100808,0,13.4,82
TOULOUSE-BLAGNAC,2025100809,0,17.1,66
TOULOUSE-BLAGNAC,2025100810,0,20.3,56
TOULOUSE-BLAGNAC,2025100811,0,21.8,48
TOULOUSE-BLAGNAC,2025100812,0,23.2,44
TOULOUSE-BLAGNAC,2025100813,0,24.5,44
TOULOUSE-BLAGNAC,2025100814,0,24.5,42
TOULOUSE-BLAGNAC,2025100815,0,24.1,43
TOULOUSE-BLAGNAC,2025100816,0,23.6,41
TOULOUSE-BLAGNAC,2025100817,0,22.2,48
TOULOUSE-BLAGNAC,2025100818,0,19.5,58
TOULOUSE-BLAGNAC,2025100819,0,19.1,62
TOULOUSE-BLAGNAC,2025100820,0,19.2,65
TOULOUSE-BLAGNAC,2025100821,0,18.2,71
TOULOUSE-BLAGNAC,2025100822,0,17.3,75
TOULOUSE-BLAGNAC,2025100823,0,16.1,80
TOULOUSE-BLAGNAC,2025100900,0,16.3,83
TOULOUSE-BLAGNAC,2025100901,0,15.9,87
TOULOUSE-BLAGNAC,2025100902,0,15.1,88
TOULOUSE-BLAGNAC,2025100903,0,14.7,89
TOULOUSE-BLAGNAC,2025100904,0,14.7,89
TOULOUSE-BLAGNAC,2025100905,0,15.2,90
TOULOUSE-BLAGNAC,2025100906,0,15.7,88
TOULOUSE-BLAGNAC,2025100907,0,16.2,86
TOULOUSE-BLAGNAC,2025100908,0,16.5,85
TOULOUSE-BLAGNAC,2025100909,0,16.7,86
TOULOUSE-BLAGNAC,2025100910,0,16.9,86
TOULOUSE-BLAGNAC,2025100911,0,17.5,84
TOULOUSE-BLAGNAC,2025100912,0,18.6,78
TOULOUSE-BLAGNAC,2025100913,0,18.8,75
TOULOUSE-BLAGNAC,2025100914,0,19.4,72
TOULOUSE-BLAGNAC,2025100915,0,19,73
TOULOUSE-BLAGNAC,2025100916,0,18.1,76
TOULOUSE-BLAGNAC,2025100917,0,17,79
TOULOUSE-BLAGNAC,2025100918,0,15.9,82
TOULOUSE-BLAGNAC,2025100919,0,15.2,84
TOULOUSE-BLAGNAC,2025100920,0,14.9,85
TOULOUSE-BLAGNAC,2025100921,0,13.8,89
TOULOUSE-BLAGNAC,2025100922,0,13.7,91
TOULOUSE-BLAGNAC,2025100923,0,13.8,89
TOULOUSE-BLAGNAC,2025101000,0,14.5,87
TOULOUSE-BLAGNAC,2025101001,0,14.1,88
TOULOUSE-BLAGNAC,2025101002,0,13,91
TOULOUSE-BLAGNAC,2025101003,0,13.4,90
TOULOUSE-BLAGNAC,2025101004,0,12.6,90
TOULOUSE-BLAGNAC,2025101005,0,12.4,92
TOULOUSE-BLAGNAC,2025101006,0,12.6,92
TOULOUSE-BLAGNAC,2025101007,0,13,89
TOULOUSE-BLAGNAC,2025101008,0,13.8,84
TOULOUSE-BLAGNAC,2025101009,0,15,78
TOULOUSE-BLAGNAC,2025101010,0,17.2,67
TOULOUSE-BLAGNAC,2025101011,0,19.1,63
TOULOUSE-BLAGNAC,2025101012,0,20.8,57
TOULOUSE-BLAGNAC,2025101013,0,20.1,58
TOULOUSE-BLAGNAC,2025101014,0,21.5,51
TOULOUSE-BLAGNAC,2025101015,0,20.9,54
TOULOUSE-BLAGNAC,2025101016,0,22.2,49
TOULOUSE-BLAGNAC,2025101017,0,19.8,56
TOULOUSE-BLAGNAC,2025101018,0,17.4,64
TOULOUSE-BLAGNAC,2025101019,0,17,66
TOULOUSE-BLAGNAC,2025101020,0,15.2,72
TOULOUSE-BLAGNAC,2025101021,0,13.6,81
TOULOUSE-BLAGNAC,2025101022,0,13.1,84
TOULOUSE-BLAGNAC,2025101023,0,11.9,89
TOULOUSE-BLAGNAC,2025101100,0,11.6,91
TOULOUSE-BLAGNAC,2025101101,0,10.4,91
TOULOUSE-BLAGNAC,2025101102,0,10.4,94
TOULOUSE-BLAGNAC,2025101103,0,10,94
TOULOUSE-BLAGNAC,2025101104,0,9.3,93
TOULOUSE-BLAGNAC,2025101105,0,9.3,95
TOULOUSE-BLAGNAC,2025101106,0,8.9,95
TOULOUSE-BLAGNAC,2025101107,0,9.9,97
TOULOUSE-BLAGNAC,2025101108,0,11.8,89
TOULOUSE-BLAGNAC,2025101109,0,15.8,76
TOULOUSE-BLAGNAC,2025101110,0,18.2,64
TOULOUSE-BLAGNAC,2025101111,0,20.5,57
TOULOUSE-BLAGNAC,2025101112,0,23,50
TOULOUSE-BLAGNAC,2025101113,0,23.7,46
TOULOUSE-BLAGNAC,2025101114,0,24.5,46
TOULOUSE-BLAGNAC,2025101115,0,24.8,45
TOULOUSE-BLAGNAC,2025101116,0,24.5,47
TOULOUSE-BLAGNAC,2025101117,0,23.5,48
TOULOUSE-BLAGNAC,2025101118,0,20.5,58
TOULOUSE-BLAGNAC,2025101119,0,20.9,49
TOULOUSE-BLAGNAC,2025101120,0,18.2,56
TOULOUSE-BLAGNAC,2025101121,0,18.3,58
TOULOUSE-BLAGNAC,2025101122,0,17.1,61
TOULOUSE-BLAGNAC,2025101123,0,16.4,63
TOULOUSE-BLAGNAC,2025101200,0,14.7,68
TOULOUSE-BLAGNAC,2025101201,0,13.4,76
TOULOUSE-BLAGNAC,2025101202,0,13.4,75
TOULOUSE-BLAGNAC,2025101203,0,11.4,84
TOULOUSE-BLAGNAC,2025101204,0,11.1,83
TOULOUSE-BLAGNAC,2025101205,0,10.7,84
TOULOUSE-BLAGNAC,2025101206,0,10,88
TOULOUSE-BLAGNAC,2025101207,0,11.1,88
TOULOUSE-BLAGNAC,2025101208,0,15.6,69
TOULOUSE-BLAGNAC,2025101209,0,18,63
TOULOUSE-BLAGNAC,2025101210,0,19.5,57
TOULOUSE-BLAGNAC,2025101211,0,22.2,50
TOULOUSE-BLAGNAC,2025101212,0,22.9,47
TOULOUSE-BLAGNAC,2025101213,0,25.1,41
TOULOUSE-BLAGNAC,2025101214,0,25,37
TOULOUSE-BLAGNAC,2025101215,0,25.1,33
TOULOUSE-BLAGNAC,2025101216,0,24.5,37
TOULOUSE-BLAGNAC,2025101217,0,23,43
TOULOUSE-BLAGNAC,2025101218,0,19.4,53
TOULOUSE-BLAGNAC,2025101219,0,18.9,57
TOULOUSE-BLAGNAC,2025101220,0,17.1,65
TOULOUSE-BLAGNAC,2025101221,0,17,68
TOULOUSE-BLAGNAC,2025101222,0,16.1,72
TOULOUSE-BLAGNAC,2025101223,0,16,76
TOULOUSE-BLAGNAC,2025101300,0,15.2,77
TOULOUSE-BLAGNAC,2025101301,0,13.9,83
TOULOUSE-BLAGNAC,2025101302,0,13.5,88
TOULOUSE-BLAGNAC,2025101303,0,13.6,86
TOULOUSE-BLAGNAC,2025101304,0,12.2,84
TOULOUSE-BLAGNAC,2025101305,0,11.9,87
TOULOUSE-BLAGNAC,2025101306,0,11.3,90
TOULOUSE-BLAGNAC,2025101307,0,12.6,88
TOULOUSE-BLAGNAC,2025101308,0,16.3,77
TOULOUSE-BLAGNAC,2025101309,0,18,70
TOULOUSE-BLAGNAC,2025101310,0,20.5,63
TOULOUSE-BLAGNAC,2025101311,0,22,58
TOULOUSE-BLAGNAC,2025101312,0,23.1,50
TOULOUSE-BLAGNAC,2025101313,0,24.1,44
TOULOUSE-BLAGNAC,2025101314,0,24.9,43
TOULOUSE-BLAGNAC,2025101315,0,25,41
TOULOUSE-BLAGNAC,2025101316,0,24,46
TOULOUSE-BLAGNAC,2025101317,0,21.9,52
TOULOUSE-BLAGNAC,2025101318,0,20.5,50
TOULOUSE-BLAGNAC,2025101319,0,19.8,51
TOULOUSE-BLAGNAC,2025101320,0,18.6,57
TOULOUSE-BLAGNAC,2025101321,0,16.7,66
TOULOUSE-BLAGNAC,2025101322,0,16.3,73
TOULOUSE-BLAGNAC,2025101323,0,15.7,79
TOULOUSE-BLAGNAC,2025101400,0,15,84
TOULOUSE-BLAGNAC,2025101401,0,14.7,87
TOULOUSE-BLAGNAC,2025101402,0,14.3,85
TOULOUSE-BLAGNAC,2025101403,0,13.8,77
TOULOUSE-BLAGNAC,2025101404,0,13.5,80
TOULOUSE-BLAGNAC,2025101405,0,14.2,77
TOULOUSE-BLAGNAC,2025101406,0,13.4,79
TOULOUSE-BLAGNAC,2025101407,0,14,79
TOULOUSE-BLAGNAC,2025101408,0,16.3,71
TOULOUSE-BLAGNAC,2025101409,0,18.6,69
TOULOUSE-BLAGNAC,2025101410,0,20.4,68
TOULOUSE-BLAGNAC,2025101411,0,22.1,62
TOULOUSE-BLAGNAC,2025101412,0,22.9,57
TOULOUSE-BLAGNAC,2025101413,0,23.7,53
TOULOUSE-BLAGNAC,2025101414,0,24.5,51
TOULOUSE-BLAGNAC,2025101415,0,24.1,50
TOULOUSE-BLAGNAC,2025101416,0,23.2,53
TOULOUSE-BLAGNAC,2025101417,0,22.1,56
TOULOUSE-BLAGNAC,2025101418,0,20.9,60
TOULOUSE-BLAGNAC,2025101419,0,19,66
TOULOUSE-BLAGNAC,2025101420,0,18.4,67
TOULOUSE-BLAGNAC,2025101421,0,16.8,75
TOULOUSE-BLAGNAC,2025101422,0,16.1,77
TOULOUSE-BLAGNAC,2025101423,0,15.7,82
TOULOUSE-BLAGNAC,2025101500,0,15,81
TOULOUSE-BLAGNAC,2025101501,0,13.5,81
TOULOUSE-BLAGNAC,2025101502,0,13.3,89
TOULOUSE-BLAGNAC,2025101503,0,12.3,91
TOULOUSE-BLAGNAC,2025101504,0,12.4,89
TOULOUSE-BLAGNAC,2025101505,0,11.8,89
TOULOUSE-BLAGNAC,2025101506,0,11.3,94
TOULOUSE-BLAGNAC,2025101507,0,12.3,92
TOULOUSE-BLAGNAC,2025101508,0,13.3,92
TOULOUSE-BLAGNAC,2025101509,0,14.1,89
TOULOUSE-BLAGNAC,2025101510,0,14.7,87
TOULOUSE-BLAGNAC,2025101511,0,15.3,85
TOULOUSE-BLAGNAC,2025101512,0,15.6,84
TOULOUSE-BLAGNAC,2025101513,0,16.4,81
TOULOUSE-BLAGNAC,2025101514,0,18,73
TOULOUSE-BLAGNAC,2025101515,0,19.7,67
TOULOUSE-BLAGNAC,2025101516,0,19.6,66
TOULOUSE-BLAGNAC,2025101517,0,18,73
TOULOUSE-BLAGNAC,2025101518,0,16.8,79
TOULOUSE-BLAGNAC,2025101519,0,15.6,82
TOULOUSE-BLAGNAC,2025101520,0,14.7,87
TOULOUSE-BLAGNAC,2025101521,0,13.3,89
TOULOUSE-BLAGNAC,2025101522,0,13.3,93
TOULOUSE-BLAGNAC,2025101523,0,12.2,93
TOULOUSE-BLAGNAC,2025101600,0,11.3,93
TOULOUSE-BLAGNAC,2025101601,0,10.8,95
TOULOUSE-BLAGNAC,2025101602,0,10.7,94
TOULOUSE-BLAGNAC,2025101603,0,10.1,96
TOULOUSE-BLAGNAC,2025101604,0,10,93
TOULOUSE-BLAGNAC,2025101605,0,9.4,95
TOULOUSE-BLAGNAC,2025101606,0,9.9,94
TOULOUSE-BLAGNAC,2025101607,0,10.6,92
TOULOUSE-BLAGNAC,2025101608,0,13.6,79
TOULOUSE-BLAGNAC,2025101609,0,16.5,66
TOULOUSE-BLAGNAC,2025101610,0,18.3,60
TOULOUSE-BLAGNAC,2025101611,0,19.8,56
TOULOUSE-BLAGNAC,2025101612,0,21.1,52
TOULOUSE-BLAGNAC,2025101613,0,21.8,49
TOULOUSE-BLAGNAC,2025101614,0,22,49
TOULOUSE-BLAGNAC,2025101615,0,22.4,48
TOULOUSE-BLAGNAC,2025101616,0,21.5,50
TOULOUSE-BLAGNAC,2025101617,0,20.3,53
TOULOUSE-BLAGNAC,2025101618,0,18.7,58
TOULOUSE-BLAGNAC,2025101619,0,17.7,64
TOULOUSE-BLAGNAC,2025101620,0,15.3,72
TOULOUSE-BLAGNAC,2025101621,0,14.3,76
TOULOUSE-BLAGNAC,2025101622,0,13.3,79
TOULOUSE-BLAGNAC,2025101623,0,13,80
TOULOUSE-BLAGNAC,2025101700,0,12.1,82
TOULOUSE-BLAGNAC,2025101701,0,12.2,82
TOULOUSE-BLAGNAC,2025101702,0,10.8,87
TOULOUSE-BLAGNAC,2025101703,0,10.8,88
TOULOUSE-BLAGNAC,2025101704,0,10.7,90
TOULOUSE-BLAGNAC,2025101705,0,9.2,92
TOULOUSE-BLAGNAC,2025101706,0,9,93
TOULOUSE-BLAGNAC,2025101707,0,10,95
TOULOUSE-BLAGNAC,2025101708,0,13.3,83
TOULOUSE-BLAGNAC,2025101709,0,16.2,66
TOULOUSE-BLAGNAC,2025101710,0,19,58
TOULOUSE-BLAGNAC,2025101711,0,19.9,55
TOULOUSE-BLAGNAC,2025101712,0,21.4,51
TOULOUSE-BLAGNAC,2025101713,0,22.2,44
TOULOUSE-BLAGNAC,2025101714,0,23.3,41
TOULOUSE-BLAGNAC,2025101715,0,23.2,40
TOULOUSE-BLAGNAC,2025101716,0,22.7,40
TOULOUSE-BLAGNAC,2025101717,0,20.8,46
TOULOUSE-BLAGNAC,2025101718,0,19.4,49
TOULOUSE-BLAGNAC,2025101719,0,16.4,59
TOULOUSE-BLAGNAC,2025101720,0,15.5,65
TOULOUSE-BLAGNAC,2025101721,0,14.1,70
TOULOUSE-BLAGNAC,2025101722,0,12.9,78
TOULOUSE-BLAGNAC,2025101723,0,12.3,81
TOULOUSE-BLAGNAC,2025101800,0,11.3,84
TOULOUSE-BLAGNAC,2025101801,0,10.6,88
TOULOUSE-BLAGNAC,2025101802,0,10.1,91
TOULOUSE-BLAGNAC,2025101803,0,9.7,94
TOULOUSE-BLAGNAC,2025101804,0,8.8,93
TOULOUSE-BLAGNAC,2025101805,0,8.5,95
TOULOUSE-BLAGNAC,2025101806,0,8.2,94
TOULOUSE-BLAGNAC,2025101807,0,8.7,95
TOULOUSE-BLAGNAC,2025101808,0,12.1,85
TOULOUSE-BLAGNAC,2025101809,0,16.3,71
TOULOUSE-BLAGNAC,2025101810,0,18.4,61
TOULOUSE-BLAGNAC,2025101811,0,20.1,56
TOULOUSE-BLAGNAC,2025101812,0,21.3,51
TOULOUSE-BLAGNAC,2025101813,0,22.3,46
TOULOUSE-BLAGNAC,2025101814,0,22.9,43
TOULOUSE-BLAGNAC,2025101815,0,23,42
TOULOUSE-BLAGNAC,2025101816,0,21.9,44
TOULOUSE-BLAGNAC,2025101817,0,19.7,52
TOULOUSE-BLAGNAC,2025101818,0,17.4,60
TOULOUSE-BLAGNAC,2025101819,0,16.2,65
TOULOUSE-BLAGNAC,2025101820,0,15.7,72
TOULOUSE-BLAGNAC,2025101821,0,14.7,78
TOULOUSE-BLAGNAC,2025101822,0,14.4,81
TOULOUSE-BLAGNAC,2025101823,0,14.1,84
TOULOUSE-BLAGNAC,2025101900,0,14.2,84
TOULOUSE-BLAGNAC,2025101901,0,14.4,85
TOULOUSE-BLAGNAC,2025101902,0,14.5,84
TOULOUSE-BLAGNAC,2025101903,0,14.3,86
TOULOUSE-BLAGNAC,2025101904,0,14.5,86
TOULOUSE-BLAGNAC,2025101905,0,14.7,87
TOULOUSE-BLAGNAC,2025101906,0,14.7,86
TOULOUSE-BLAGNAC,2025101907,0,15.3,84
TOULOUSE-BLAGNAC,2025101908,0,16.5,81
TOULOUSE-BLAGNAC,2025101909,0,18,76
TOULOUSE-BLAGNAC,2025101910,0,18.6,72
TOULOUSE-BLAGNAC,2025101911,0,19.7,69
TOULOUSE-BLAGNAC,2025101912,0,20.1,65
TOULOUSE-BLAGNAC,2025101913,0,20.7,63
TOULOUSE-BLAGNAC,2025101914,0,20.8,59
TOULOUSE-BLAGNAC,2025101915,0,20.7,59
TOULOUSE-BLAGNAC,2025101916,0,19.9,62
TOULOUSE-BLAGNAC,2025101917,0,19.4,65
TOULOUSE-BLAGNAC,2025101918,0,19.1,70
TOULOUSE-BLAGNAC,2025101919,0,19.1,72
TOULOUSE-BLAGNAC,2025101920,0,19.3,70
TOULOUSE-BLAGNAC,2025101921,0,18.9,71
TOULOUSE-BLAGNAC,2025101922,0,18.9,73
TOULOUSE-BLAGNAC,2025101923,0,18.6,75
TOULOUSE-BLAGNAC,2025102000,0.2,16.9,90
TOULOUSE-BLAGNAC,2025102001,0.6,16.4,92
TOULOUSE-BLAGNAC,2025102002,0,16.3,93
TOULOUSE-BLAGNAC,2025102003,0,16,93
TOULOUSE-BLAGNAC,2025102004,0.6,15.7,95
TOULOUSE-BLAGNAC,2025102005,0.2,15.3,94
TOULOUSE-BLAGNAC,2025102006,0,15.7,91
TOULOUSE-BLAGNAC,2025102007,1.6,14,89
TOULOUSE-BLAGNAC,2025102008,0.6,14.4,91
TOULOUSE-BLAGNAC,2025102009,0.6,14.6,92
TOULOUSE-BLAGNAC,2025102010,1,15.1,93
TOULOUSE-BLAGNAC,2025102011,0,16.1,88
TOULOUSE-BLAGNAC,2025102012,0,18.3,76
TOULOUSE-BLAGNAC,2025102013,0,18.9,69
TOULOUSE-BLAGNAC,2025102014,0,20.7,62
TOULOUSE-BLAGNAC,2025102015,0,20.3,62
TOULOUSE-BLAGNAC,2025102016,0,20.6,61
TOULOUSE-BLAGNAC,2025102017,0,18.5,64
TOULOUSE-BLAGNAC,2025102018,0,17.1,69
TOULOUSE-BLAGNAC,2025102019,0,15.6,76
TOULOUSE-BLAGNAC,2025102020,0,15.4,78
TOULOUSE-BLAGNAC,2025102021,0,15.7,77
TOULOUSE-BLAGNAC,2025102022,0,16,79
TOULOUSE-BLAGNAC,2025102023,0,14.1,87
TOULOUSE-BLAGNAC,2025102100,0,13.7,88
TOULOUSE-BLAGNAC,2025102101,0,13.2,90
TOULOUSE-BLAGNAC,2025102102,0,12.6,91
TOULOUSE-BLAGNAC,2025102103,0,11.4,92
TOULOUSE-BLAGNAC,2025102104,0,10.9,94
TOULOUSE-BLAGNAC,2025102105,0,11.8,95
TOULOUSE-BLAGNAC,2025102106,0.8,11.6,95
TOULOUSE-BLAGNAC,2025102107,0.2,11.9,96
TOULOUSE-BLAGNAC,2025102108,0.4,12.5,96
TOULOUSE-BLAGNAC,2025102109,0.4,14.1,94
TOULOUSE-BLAGNAC,2025102110,0,15.5,89
TOULOUSE-BLAGNAC,2025102111,0,18,80
TOULOUSE-BLAGNAC,2025102112,0,20.4,69
TOULOUSE-BLAGNAC,2025102113,0,22.5,60
TOULOUSE-BLAGNAC,2025102114,0,23,56
TOULOUSE-BLAGNAC,2025102115,0,22.4,58
TOULOUSE-BLAGNAC,2025102116,0,21.5,64
TOULOUSE-BLAGNAC,2025102117,0,20.1,70
TOULOUSE-BLAGNAC,2025102118,0,18.8,76
TOULOUSE-BLAGNAC,2025102119,0,17.8,78
TOULOUSE-BLAGNAC,2025102120,0,16.1,85
TOULOUSE-BLAGNAC,2025102121,0,16.2,87
TOULOUSE-BLAGNAC,2025102122,0,16.7,87
TOULOUSE-BLAGNAC,2025102123,0.4,16.1,91
TOULOUSE-BLAGNAC,2025102200,0,15.6,93
TOULOUSE-BLAGNAC,2025102201,0,15.5,94
TOULOUSE-BLAGNAC,2025102202,2.6,16.4,91
TOULOUSE-BLAGNAC,2025102203,0,15.3,96
TOULOUSE-BLAGNAC,2025102204,0.2,15.6,95
TOULOUSE-BLAGNAC,2025102205,1.2,16.3,93
TOULOUSE-BLAGNAC,2025102206,0,16.4,93
TOULOUSE-BLAGNAC,2025102207,0.2,16.4,95
TOULOUSE-BLAGNAC,2025102208,0.8,16.9,95
TOULOUSE-BLAGNAC,2025102209,0.8,17.3,95
TOULOUSE-BLAGNAC,2025102210,0,19.1,87
TOULOUSE-BLAGNAC,2025102211,0.2,20.1,82
TOULOUSE-BLAGNAC,2025102212,0,21,76
TOULOUSE-BLAGNAC,2025102213,0,22.6,70
TOULOUSE-BLAGNAC,2025102214,0,20.5,81
TOULOUSE-BLAGNAC,2025102215,0,21.2,74
TOULOUSE-BLAGNAC,2025102216,0,21.2,72
TOULOUSE-BLAGNAC,2025102217,0,19.8,79
TOULOUSE-BLAGNAC,2025102218,0,18.4,83
TOULOUSE-BLAGNAC,2025102219,0,17.9,88
TOULOUSE-BLAGNAC,2025102220,0,17.2,90
TOULOUSE-BLAGNAC,2025102221,0,15.9,92
TOULOUSE-BLAGNAC,2025102222,0,16.8,90
TOULOUSE-BLAGNAC,2025102223,0,17.2,87
TOULOUSE-BLAGNAC,2025102300,0,16.5,90
TOULOUSE-BLAGNAC,2025102301,0,17.1,84
TOULOUSE-BLAGNAC,2025102302,0,16.2,88
TOULOUSE-BLAGNAC,2025102303,0,16.9,86
TOULOUSE-BLAGNAC,2025102304,0,17.7,85
TOULOUSE-BLAGNAC,2025102305,2,16.6,92
TOULOUSE-BLAGNAC,2025102306,2.8,14.2,92
TOULOUSE-BLAGNAC,2025102307,0.2,14.9,82
TOULOUSE-BLAGNAC,2025102308,0,15,73
TOULOUSE-BLAGNAC,2025102309,0.2,15,63
TOULOUSE-BLAGNAC,2025102310,0,15.2,65
TOULOUSE-BLAGNAC,2025102311,0.6,13.2,76
TOULOUSE-BLAGNAC,2025102312,0,16.1,61
TOULOUSE-BLAGNAC,2025102313,1.4,14.7,75
TOULOUSE-BLAGNAC,2025102314,0,15.2,69
TOULOUSE-BLAGNAC,2025102315,0,15.9,64
TOULOUSE-BLAGNAC,2025102316,0,13.9,76
TOULOUSE-BLAGNAC,2025102317,0,13.3,80
TOULOUSE-BLAGNAC,2025102318,0,12.8,81
TOULOUSE-BLAGNAC,2025102319,0,12.5,83
TOULOUSE-BLAGNAC,2025102320,0,12.4,81
TOULOUSE-BLAGNAC,2025102321,0.2,12.1,87
TOULOUSE-BLAGNAC,2025102322,0,11.7,87
TOULOUSE-BLAGNAC,2025102323,0,11.6,88
TOULOUSE-BLAGNAC,2025102400,0.2,11.4,87
TOULOUSE-BLAGNAC,2025102401,0,11.6,88
TOULOUSE-BLAGNAC,2025102402,0,11.4,88
TOULOUSE-BLAGNAC,2025102403,0,11.1,88
TOULOUSE-BLAGNAC,2025102404,0,10.8,87
TOULOUSE-BLAGNAC,2025102405,0,10.9,87
TOULOUSE-BLAGNAC,2025102406,0,11.7,85
TOULOUSE-BLAGNAC,2025102407,0,11.8,86
TOULOUSE-BLAGNAC,2025102408,0,12.2,88
TOULOUSE-BLAGNAC,2025102409,0,13.3,83
TOULOUSE-BLAGNAC,2025102410,0,13.4,87
TOULOUSE-BLAGNAC,2025102411,0,15.6,73
TOULOUSE-BLAGNAC,2025102412,0,16.4,67
TOULOUSE-BLAGNAC,2025102413,0,15.7,69
TOULOUSE-BLAGNAC,2025102414,0,17,64
TOULOUSE-BLAGNAC,2025102415,0,16.4,69
TOULOUSE-BLAGNAC,2025102416,0,15.9,70
TOULOUSE-BLAGNAC,2025102417,0,15.2,75
TOULOUSE-BLAGNAC,2025102418,0,13.7,79
TOULOUSE-BLAGNAC,2025102419,0,12.8,84
TOULOUSE-BLAGNAC,2025102420,0,12.5,87
TOULOUSE-BLAGNAC,2025102421,0,11.5,89
TOULOUSE-BLAGNAC,2025102422,0,10.9,92
TOULOUSE-BLAGNAC,2025102423,0,10.7,95
TOULOUSE-BLAGNAC,2025102500,0,10.6,94
TOULOUSE-BLAGNAC,2025102501,0,10.7,94
TOULOUSE-BLAGNAC,2025102502,0,10.8,94
TOULOUSE-BLAGNAC,2025102503,0,10.8,94
TOULOUSE-BLAGNAC,2025102504,0,10.9,94
TOULOUSE-BLAGNAC,2025102505,0,11,95
TOULOUSE-BLAGNAC,2025102506,0,10.8,95
TOULOUSE-BLAGNAC,2025102507,0,10.7,95
TOULOUSE-BLAGNAC,2025102508,0,12,92
TOULOUSE-BLAGNAC,2025102509,0,13.5,87
TOULOUSE-BLAGNAC,2025102510,0,14.6,81
TOULOUSE-BLAGNAC,2025102511,0,15.9,75
TOULOUSE-BLAGNAC,2025102512,0,17.3,66
TOULOUSE-BLAGNAC,2025102513,0,17,67
TOULOUSE-BLAGNAC,2025102514,0,16.9,67
TOULOUSE-BLAGNAC,2025102515,0,17,67
TOULOUSE-BLAGNAC,2025102516,0,16.5,66
TOULOUSE-BLAGNAC,2025102517,0,15.8,68
TOULOUSE-BLAGNAC,2025102518,0,15.2,72
TOULOUSE-BLAGNAC,2025102519,0,13.5,88
TOULOUSE-BLAGNAC,2025102520,0.2,12.7,90
TOULOUSE-BLAGNAC,2025102521,0,12.5,92
TOULOUSE-BLAGNAC,2025102522,0,12.3,91
TOULOUSE-BLAGNAC,2025102523,0,12.2,93
TOULOUSE-BLAGNAC,2025102600,0,12.2,91
TOULOUSE-BLAGNAC,2025102601,0,11.7,93
TOULOUSE-BLAGNAC,2025102602,0,11,93
TOULOUSE-BLAGNAC,2025102603,0,11.3,92
TOULOUSE-BLAGNAC,2025102604,0,11.3,93
TOULOUSE-BLAGNAC,2025102605,0.2,10.8,94
TOULOUSE-BLAGNAC,2025102606,0,11.1,94
TOULOUSE-BLAGNAC,2025102607,0,10.9,94
TOULOUSE-BLAGNAC,2025102608,0,11.3,90
TOULOUSE-BLAGNAC,2025102609,0,11.7,87
TOULOUSE-BLAGNAC,2025102610,0,12.5,73
TOULOUSE-BLAGNAC,2025102611,0,13.8,64
TOULOUSE-BLAGNAC,2025102612,0,13.2,60
TOULOUSE-BLAGNAC,2025102613,0,13.8,58
TOULOUSE-BLAGNAC,2025102614,0,14.1,58
TOULOUSE-BLAGNAC,2025102615,0,13.2,62
TOULOUSE-BLAGNAC,2025102616,0,13.3,61
TOULOUSE-BLAGNAC,2025102617,0,12.1,70
TOULOUSE-BLAGNAC,2025102618,0,11.7,73
TOULOUSE-BLAGNAC,2025102619,0,11.5,71
TOULOUSE-BLAGNAC,2025102620,0,10.8,72
TOULOUSE-BLAGNAC,2025102621,0,11.1,74
TOULOUSE-BLAGNAC,2025102622,0,10.8,79
TOULOUSE-BLAGNAC,2025102623,0,10,91
TOULOUSE-BLAGNAC,2025102700,0,10.5,86
TOULOUSE-BLAGNAC,2025102701,0,10.3,86
TOULOUSE-BLAGNAC,2025102702,0,10.7,81
TOULOUSE-BLAGNAC,2025102703,0,10,92
TOULOUSE-BLAGNAC,2025102704,0,10.2,93
TOULOUSE-BLAGNAC,2025102705,0,10.4,94
TOULOUSE-BLAGNAC,2025102706,0.2,10.3,93
TOULOUSE-BLAGNAC,2025102707,0,10.4,93
TOULOUSE-BLAGNAC,2025102708,0,11.6,90
TOULOUSE-BLAGNAC,2025102709,0,12.9,83
TOULOUSE-BLAGNAC,2025102710,0,14.4,76
TOULOUSE-BLAGNAC,2025102711,0,15.5,70
TOULOUSE-BLAGNAC,2025102712,0,15.4,68
TOULOUSE-BLAGNAC,2025102713,0,16,67
TOULOUSE-BLAGNAC,2025102714,0,16.3,69
TOULOUSE-BLAGNAC,2025102715,0,15.5,72
TOULOUSE-BLAGNAC,2025102716,0,15.7,71
TOULOUSE-BLAGNAC,2025102717,0,14.5,77
TOULOUSE-BLAGNAC,2025102718,0,14.2,80
TOULOUSE-BLAGNAC,2025102719,0,13.4,83
TOULOUSE-BLAGNAC,2025102720,0,12.6,87
TOULOUSE-BLAGNAC,2025102721,0,12.3,88
TOULOUSE-BLAGNAC,2025102722,0,11.7,90
TOULOUSE-BLAGNAC,2025102723,0,11.5,91
TOULOUSE-BLAGNAC,2025102800,0,11,91
TOULOUSE-BLAGNAC,2025102801,0,10.2,93
TOULOUSE-BLAGNAC,2025102802,0,9.8,94
TOULOUSE-BLAGNAC,2025102803,0,8.5,94
TOULOUSE-BLAGNAC,2025102804,0,9.1,96
TOULOUSE-BLAGNAC,2025102805,0,8.4,94
TOULOUSE-BLAGNAC,2025102806,0,8.7,95
TOULOUSE-BLAGNAC,2025102807,0,9.1,95
TOULOUSE-BLAGNAC,2025102808,0,9.9,93
TOULOUSE-BLAGNAC,2025102809,0,11,89
TOULOUSE-BLAGNAC,2025102810,0,12.8,82
TOULOUSE-BLAGNAC,2025102811,0,13.7,78
TOULOUSE-BLAGNAC,2025102812,0,13.9,78
TOULOUSE-BLAGNAC,2025102813,0,14.8,76
TOULOUSE-BLAGNAC,2025102814,0,16.4,70
TOULOUSE-BLAGNAC,2025102815,0,16.6,69
TOULOUSE-BLAGNAC,2025102816,0,16,71
TOULOUSE-BLAGNAC,2025102817,0,14.5,78
TOULOUSE-BLAGNAC,2025102818,0,13.1,85
TOULOUSE-BLAGNAC,2025102819,0,12.3,89
TOULOUSE-BLAGNAC,2025102820,0,11.1,90
TOULOUSE-BLAGNAC,2025102821,0,9.7,92
TOULOUSE-BLAGNAC,2025102822,0,9.9,93
TOULOUSE-BLAGNAC,2025102823,0,9.4,96
TOULOUSE-BLAGNAC,2025102900,0,9.5,96
TOULOUSE-BLAGNAC,2025102901,0,10.1,96
TOULOUSE-BLAGNAC,2025102902,0,11.9,95
TOULOUSE-BLAGNAC,2025102903,0,12.9,91
TOULOUSE-BLAGNAC,2025102904,0,13.4,89
TOULOUSE-BLAGNAC,2025102905,0,13.6,90
TOULOUSE-BLAGNAC,2025102906,0,13.9,89
TOULOUSE-BLAGNAC,2025102907,0,14.4,86
TOULOUSE-BLAGNAC,2025102908,0,14.5,83
TOULOUSE-BLAGNAC,2025102909,0,14.9,83
TOULOUSE-BLAGNAC,2025102910,0,15.2,79
TOULOUSE-BLAGNAC,2025102911,0,15.4,80
TOULOUSE-BLAGNAC,2025102912,0,17.9,69
TOULOUSE-BLAGNAC,2025102913,0,17.8,65
TOULOUSE-BLAGNAC,2025102914,0,17.2,70
TOULOUSE-BLAGNAC,2025102915,0,17.2,71
TOULOUSE-BLAGNAC,2025102916,0,16.2,81
TOULOUSE-BLAGNAC,2025102917,0,15.9,86
TOULOUSE-BLAGNAC,2025102918,0,14.7,88
TOULOUSE-BLAGNAC,2025102919,0,13.7,93
TOULOUSE-BLAGNAC,2025102920,0,13.9,96
TOULOUSE-BLAGNAC,2025102921,0,14.5,86
TOULOUSE-BLAGNAC,2025102922,0,15,83
TOULOUSE-BLAGNAC,2025102923,0,15.7,83
TOULOUSE-BLAGNAC,2025103000,0,15.4,86
TOULOUSE-BLAGNAC,2025103001,0,15.1,88
TOULOUSE-BLAGNAC,2025103002,0,14.6,86
TOULOUSE-BLAGNAC,2025103003,0,13,89
TOULOUSE-BLAGNAC,2025103004,0,12.6,88
TOULOUSE-BLAGNAC,2025103005,0,12.4,90
TOULOUSE-BLAGNAC,2025103006,0,12.1,89
TOULOUSE-BLAGNAC,2025103007,0,10.8,92
TOULOUSE-BLAGNAC,2025103008,0,12.5,89
TOULOUSE-BLAGNAC,2025103009,0,14.3,77
TOULOUSE-BLAGNAC,2025103010,0,16.3,67
TOULOUSE-BLAGNAC,2025103011,0,16.8,65
TOULOUSE-BLAGNAC,2025103012,0,18.1,60
TOULOUSE-BLAGNAC,2025103013,0,18.3,57
TOULOUSE-BLAGNAC,2025103014,0,19.4,54
TOULOUSE-BLAGNAC,2025103015,0,19.2,56
TOULOUSE-BLAGNAC,2025103016,0,18.4,57
TOULOUSE-BLAGNAC,2025103017,0,16.7,61
TOULOUSE-BLAGNAC,2025103018,0,15.2,68
TOULOUSE-BLAGNAC,2025103019,0,13.1,75
TOULOUSE-BLAGNAC,2025103020,0,12.9,82
TOULOUSE-BLAGNAC,2025103021,0,12.2,83
TOULOUSE-BLAGNAC,2025103022,0,11.3,88
TOULOUSE-BLAGNAC,2025103023,0,12,81
TOULOUSE-BLAGNAC,2025103100,0,12.8,76
TOULOUSE-BLAGNAC,2025103101,0,12.3,78
TOULOUSE-BLAGNAC,2025103102,0,12.2,81
TOULOUSE-BLAGNAC,2025103103,0,12.9,85
TOULOUSE-BLAGNAC,2025103104,0,12.8,86
TOULOUSE-BLAGNAC,2025103105,0,11.5,89
TOULOUSE-BLAGNAC,2025103106,0,10.2,88
TOULOUSE-BLAGNAC,2025103107,0,11.1,89
TOULOUSE-BLAGNAC,2025103108,0,11.6,88
TOULOUSE-BLAGNAC,2025103109,0,17,81
TOULOUSE-BLAGNAC,2025103110,0,17.5,78
TOULOUSE-BLAGNAC,2025103111,0,18.4,74
TOULOUSE-BLAGNAC,2025103112,0,18.9,71
TOULOUSE-BLAGNAC,2025103113,0,18.9,70
TOULOUSE-BLAGNAC,2025103114,0,19.7,69
TOULOUSE-BLAGNAC,2025103115,0,19.3,64
TOULOUSE-BLAGNAC,2025103116,0,18.5,67
TOULOUSE-BLAGNAC,2025103117,0,17.4,71
TOULOUSE-BLAGNAC,2025103118,0,16.4,80
TOULOUSE-BLAGNAC,2025103119,0,15.7,86
TOULOUSE-BLAGNAC,2025103120,0,15.5,90
TOULOUSE-BLAGNAC,2025103121,0,16.6,90
TOULOUSE-BLAGNAC,2025103122,0,17.3,87
TOULOUSE-BLAGNAC,2025103123,0,17.1,85
TOULOUSE-BLAGNAC,2025110100,0,16.6,87
TOULOUSE-BLAGNAC,2025110101,0,16.4,88
TOULOUSE-BLAGNAC,2025110102,0,16.5,87
TOULOUSE-BLAGNAC,2025110103,0,16.7,85
TOULOUSE-BLAGNAC,2025110104,0,16.3,87
TOULOUSE-BLAGNAC,2025110105,0,16.4,87
TOULOUSE-BLAGNAC,2025110106,0,16.6,87
TOULOUSE-BLAGNAC,2025110107,0,16.8,86
TOULOUSE-BLAGNAC,2025110108,0,17.2,85
TOULOUSE-BLAGNAC,2025110109,0,18.1,82
TOULOUSE-BLAGNAC,2025110110,0,18.5,81
TOULOUSE-BLAGNAC,2025110111,0,19.3,77
TOULOUSE-BLAGNAC,2025110112,0,18.9,79
TOULOUSE-BLAGNAC,2025110113,0,18.9,81
TOULOUSE-BLAGNAC,2025110114,0,18.9,79
TOULOUSE-BLAGNAC,2025110115,0,18.4,80
TOULOUSE-BLAGNAC,2025110116,0,17.7,86
TOULOUSE-BLAGNAC,2025110117,0.2,16.6,92
TOULOUSE-BLAGNAC,2025110118,0.4,15.4,90
TOULOUSE-BLAGNAC,2025110119,0.2,14.7,89
TOULOUSE-BLAGNAC,2025110120,0,14.3,87
TOULOUSE-BLAGNAC,2025110121,0,14.1,91
TOULOUSE-BLAGNAC,2025110122,0,14,89
TOULOUSE-BLAGNAC,2025110123,0,13.8,88
TOULOUSE-BLAGNAC,2025110200,0,13.4,91
TOULOUSE-BLAGNAC,2025110201,0,12.8,95
TOULOUSE-BLAGNAC,2025110202,0,12.5,93
TOULOUSE-BLAGNAC,2025110203,0.2,12,94
TOULOUSE-BLAGNAC,2025110204,0.2,11.6,91
TOULOUSE-BLAGNAC,2025110205,1.2,11.3,94
TOULOUSE-BLAGNAC,2025110206,0.8,11,94
TOULOUSE-BLAGNAC,2025110207,0.2,11.2,96
TOULOUSE-BLAGNAC,2025110208,0,11.6,95
TOULOUSE-BLAGNAC,2025110209,0,12.7,92
TOULOUSE-BLAGNAC,2025110210,0.2,13.8,86
TOULOUSE-BLAGNAC,2025110211,0,15.1,78
TOULOUSE-BLAGNAC,2025110212,0,15.8,75
TOULOUSE-BLAGNAC,2025110213,0,16.5,69
TOULOUSE-BLAGNAC,2025110214,0,16.6,65
TOULOUSE-BLAGNAC,2025110215,0,15.1,75
TOULOUSE-BLAGNAC,2025110216,0,14.4,80
TOULOUSE-BLAGNAC,2025110217,0.2,13.8,86
TOULOUSE-BLAGNAC,2025110218,0.4,13.5,89
TOULOUSE-BLAGNAC,2025110219,0.2,13.1,88
TOULOUSE-BLAGNAC,2025110220,0.2,12.8,88
TOULOUSE-BLAGNAC,2025110221,0,13,88
TOULOUSE-BLAGNAC,2025110222,0.6,12.4,89
TOULOUSE-BLAGNAC,2025110223,0,12.4,91
TOULOUSE-BLAGNAC,2025110300,0,12.2,91
TOULOUSE-BLAGNAC,2025110301,0,12,92
TOULOUSE-BLAGNAC,2025110302,0,11.4,93
TOULOUSE-BLAGNAC,2025110303,0,10.1,93
TOULOUSE-BLAGNAC,2025110304,0,9.6,95
TOULOUSE-BLAGNAC,2025110305,0,8.8,96
TOULOUSE-BLAGNAC,2025110306,0,9.2,97
TOULOUSE-BLAGNAC,2025110307,0,10,97
TOULOUSE-BLAGNAC,2025110308,0,11,96
TOULOUSE-BLAGNAC,2025110309,0,11.9,92
TOULOUSE-BLAGNAC,2025110310,0,12.6,89
TOULOUSE-BLAGNAC,2025110311,0,14.1,85
TOULOUSE-BLAGNAC,2025110312,0,16.1,73
TOULOUSE-BLAGNAC,2025110313,0,16.5,65
TOULOUSE-BLAGNAC,2025110314,0,17.1,57
TOULOUSE-BLAGNAC,2025110315,0,17.1,60
TOULOUSE-BLAGNAC,2025110316,0,16.5,61
TOULOUSE-BLAGNAC,2025110317,0,15,65
TOULOUSE-BLAGNAC,2025110318,0,13.4,72
TOULOUSE-BLAGNAC,2025110319,0,12.1,80
TOULOUSE-BLAGNAC,2025110320,0,11.7,83
TOULOUSE-BLAGNAC,2025110321,0,11,84
TOULOUSE-BLAGNAC,2025110322,0,9.7,91
TOULOUSE-BLAGNAC,2025110323,0,8.6,92
TOULOUSE-BLAGNAC,2025110400,0,8.1,93
TOULOUSE-BLAGNAC,2025110401,0,7.4,94
TOULOUSE-BLAGNAC,2025110402,0,7.9,94
TOULOUSE-BLAGNAC,2025110403,0,10,87
TOULOUSE-BLAGNAC,2025110404,0,11.5,82
TOULOUSE-BLAGNAC,2025110405,0,11.6,74
TOULOUSE-BLAGNAC,2025110406,0,11.7,72
TOULOUSE-BLAGNAC,2025110407,0,11.6,74
TOULOUSE-BLAGNAC,2025110408,0,13,69
TOULOUSE-BLAGNAC,2025110409,0,14.4,65
TOULOUSE-BLAGNAC,2025110410,0,15.9,65
TOULOUSE-BLAGNAC,2025110411,0,17.1,64
TOULOUSE-BLAGNAC,2025110412,0,18,62
TOULOUSE-BLAGNAC,2025110413,0,18.5,63
TOULOUSE-BLAGNAC,2025110414,0,19,64
TOULOUSE-BLAGNAC,2025110415,0,18.4,66
TOULOUSE-BLAGNAC,2025110416,0,17.7,69
TOULOUSE-BLAGNAC,2025110417,0,17,72
TOULOUSE-BLAGNAC,2025110418,0,16.3,76
TOULOUSE-BLAGNAC,2025110419,0,16,79
TOULOUSE-BLAGNAC,2025110420,0,16,80
TOULOUSE-BLAGNAC,2025110421,0,15.8,82
TOULOUSE-BLAGNAC,2025110422,0,15.4,83
TOULOUSE-BLAGNAC,2025110423,0,15,85
TOULOUSE-BLAGNAC,2025110500,0,14.9,86
TOULOUSE-BLAGNAC,2025110501,0,15.3,84
TOULOUSE-BLAGNAC,2025110502,0,15.3,83
TOULOUSE-BLAGNAC,2025110503,0,15.4,81
TOULOUSE-BLAGNAC,2025110504,0,15.5,80
TOULOUSE-BLAGNAC,2025110505,0,15.5,80
TOULOUSE-BLAGNAC,2025110506,0,15.6,80
TOULOUSE-BLAGNAC,2025110507,0,16,78
TOULOUSE-BLAGNAC,2025110508,0,16.8,74
TOULOUSE-BLAGNAC,2025110509,0,17.8,71
TOULOUSE-BLAGNAC,2025110510,0,19,64
TOULOUSE-BLAGNAC,2025110511,0,19.9,63
TOULOUSE-BLAGNAC,2025110512,0,20.4,57
TOULOUSE-BLAGNAC,2025110513,0,20.4,59
TOULOUSE-BLAGNAC,2025110514,0,19.4,63
TOULOUSE-BLAGNAC,2025110515,0,18.9,65
TOULOUSE-BLAGNAC,2025110516,0,18.4,67
TOULOUSE-BLAGNAC,2025110517,0,17.8,73
TOULOUSE-BLAGNAC,2025110518,0,17.7,75
TOULOUSE-BLAGNAC,2025110519,0,17.5,76
TOULOUSE-BLAGNAC,2025110520,0,17.3,77
TOULOUSE-BLAGNAC,2025110521,0,17.1,79
TOULOUSE-BLAGNAC,2025110522,0,17.1,79
TOULOUSE-BLAGNAC,2025110523,0,17.2,76
TOULOUSE-BLAGNAC,2025110600,0,17.3,76
TOULOUSE-BLAGNAC,2025110601,0,17.5,74
TOULOUSE-BLAGNAC,2025110602,0,16.9,77
TOULOUSE-BLAGNAC,2025110603,0,16.6,79
TOULOUSE-BLAGNAC,2025110604,0,16.7,78
TOULOUSE-BLAGNAC,2025110605,0,16.8,80
TOULOUSE-BLAGNAC,2025110606,0,16.6,82
TOULOUSE-BLAGNAC,2025110607,4.2,13.6,92
TOULOUSE-BLAGNAC,2025110608,13.3,13.2,92
TOULOUSE-BLAGNAC,2025110609,4.4,13,94
TOULOUSE-BLAGNAC,2025110610,1.8,13,94
TOULOUSE-BLAGNAC,2025110611,1.6,12.6,94
TOULOUSE-BLAGNAC,2025110612,0.7,12.8,92
TOULOUSE-BLAGNAC,2025110613,0,13,93
TOULOUSE-BLAGNAC,2025110614,1.4,12.7,93
TOULOUSE-BLAGNAC,2025110615,0.4,12.7,94
TOULOUSE-BLAGNAC,2025110616,2.4,12.8,94
TOULOUSE-BLAGNAC,2025110617,4.5,12.1,93
TOULOUSE-BLAGNAC,2025110618,1.6,12,95
TOULOUSE-BLAGNAC,2025110619,3.8,12,96
TOULOUSE-BLAGNAC,2025110620,1.2,12.2,96
TOULOUSE-BLAGNAC,2025110621,0.2,12,96
TOULOUSE-BLAGNAC,2025110622,0,11.9,87
TOULOUSE-BLAGNAC,2025110623,0.4,11.4,93
TOULOUSE-BLAGNAC,2025110700,0.2,11.8,92
TOULOUSE-BLAGNAC,2025110701,0,11.7,94
TOULOUSE-BLAGNAC,2025110702,0.2,11.7,95
TOULOUSE-BLAGNAC,2025110703,0.6,11.8,94
TOULOUSE-BLAGNAC,2025110704,0.2,11.9,95
TOULOUSE-BLAGNAC,2025110705,0.6,12,93
TOULOUSE-BLAGNAC,2025110706,0,12.3,88
TOULOUSE-BLAGNAC,2025110707,0,12.3,87
TOULOUSE-BLAGNAC,2025110708,0,12.5,85
TOULOUSE-BLAGNAC,2025110709,0,13.6,82
TOULOUSE-BLAGNAC,2025110710,0,15.4,72
TOULOUSE-BLAGNAC,2025110711,0,16.2,69
TOULOUSE-BLAGNAC,2025110712,0,16.5,67
TOULOUSE-BLAGNAC,2025110713,0,17.9,59
TOULOUSE-BLAGNAC,2025110714,0,17.4,56
TOULOUSE-BLAGNAC,2025110715,0,17.9,57
TOULOUSE-BLAGNAC,2025110716,0,16.7,63
TOULOUSE-BLAGNAC,2025110717,0,13.6,77
TOULOUSE-BLAGNAC,2025110718,0,13.6,78
TOULOUSE-BLAGNAC,2025110719,0,11.8,83
TOULOUSE-BLAGNAC,2025110720,0,12.1,86
TOULOUSE-BLAGNAC,2025110721,0,12.7,88
TOULOUSE-BLAGNAC,2025110722,0,12.5,91
TOULOUSE-BLAGNAC,2025110723,0.2,12.3,92
TOULOUSE-BLAGNAC,2025110800,0.8,12.1,95
TOULOUSE-BLAGNAC,2025110801,0.6,12,96
TOULOUSE-BLAGNAC,2025110802,2.8,11.9,97
TOULOUSE-BLAGNAC,2025110803,4.7,11.9,97
TOULOUSE-BLAGNAC,2025110804,2.6,12.1,96
TOULOUSE-BLAGNAC,2025110805,1.8,11.5,94
TOULOUSE-BLAGNAC,2025110806,2.4,11.3,94
TOULOUSE-BLAGNAC,2025110807,2.5,11,94
TOULOUSE-BLAGNAC,2025110808,2.4,11.2,95
TOULOUSE-BLAGNAC,2025110809,1.6,11.4,94
TOULOUSE-BLAGNAC,2025110810,1,11.8,95
TOULOUSE-BLAGNAC,2025110811,0.4,12.4,94
TOULOUSE-BLAGNAC,2025110812,0.6,12.4,94
TOULOUSE-BLAGNAC,2025110813,2,12.7,95
TOULOUSE-BLAGNAC,2025110814,0.2,13.4,93
TOULOUSE-BLAGNAC,2025110815,0,13.7,87
TOULOUSE-BLAGNAC,2025110816,0,13.4,86
TOULOUSE-BLAGNAC,2025110817,0,12.8,91
TOULOUSE-BLAGNAC,2025110818,0,12.6,93
TOULOUSE-BLAGNAC,2025110819,0,12.5,92
TOULOUSE-BLAGNAC,2025110820,0,11.9,93
TOULOUSE-BLAGNAC,2025110821,0,11.3,94
TOULOUSE-BLAGNAC,2025110822,0,11.2,94
TOULOUSE-BLAGNAC,2025110823,0,11,94
TOULOUSE-BLAGNAC,2025110900,0,10.5,96
TOULOUSE-BLAGNAC,2025110901,0,9.8,95
TOULOUSE-BLAGNAC,2025110902,0,9.4,97
TOULOUSE-BLAGNAC,2025110903,0,9.7,97
TOULOUSE-BLAGNAC,2025110904,0,10.3,97
TOULOUSE-BLAGNAC,2025110905,0,10,98
TOULOUSE-BLAGNAC,2025110906,0,9.8,98
TOULOUSE-BLAGNAC,2025110907,0,9.7,98
TOULOUSE-BLAGNAC,2025110908,0,9.8,98
TOULOUSE-BLAGNAC,2025110909,0,10.3,97
TOULOUSE-BLAGNAC,2025110910,0,11.1,93
TOULOUSE-BLAGNAC,2025110911,0,12.1,84
TOULOUSE-BLAGNAC,2025110912,0,13.2,78
TOULOUSE-BLAGNAC,2025110913,0,14.1,71
TOULOUSE-BLAGNAC,2025110914,0,14.8,68
TOULOUSE-BLAGNAC,2025110915,0,14.3,72
TOULOUSE-BLAGNAC,2025110916,0,13.2,75
TOULOUSE-BLAGNAC,2025110917,0,11.8,82
TOULOUSE-BLAGNAC,2025110918,0,11.1,85
TOULOUSE-BLAGNAC,2025110919,0,9.5,87
TOULOUSE-BLAGNAC,2025110920,0,8.8,93
TOULOUSE-BLAGNAC,2025110921,0,8.2,95
TOULOUSE-BLAGNAC,2025110922,0,7.6,96
TOULOUSE-BLAGNAC,2025110923,0,7.1,96
TOULOUSE-BLAGNAC,2025111000,0,6.1,95
TOULOUSE-BLAGNAC,2025111001,0,6.1,96
TOULOUSE-BLAGNAC,2025111002,0,6.2,98
TOULOUSE-BLAGNAC,2025111003,0,5.6,98
TOULOUSE-BLAGNAC,2025111004,0,5.5,98
TOULOUSE-BLAGNAC,2025111005,0,5.7,98
TOULOUSE-BLAGNAC,2025111006,0,5.2,98
TOULOUSE-BLAGNAC,2025111007,0,5,99
TOULOUSE-BLAGNAC,2025111008,0,6.2,99
TOULOUSE-BLAGNAC,2025111009,0,7.1,97
TOULOUSE-BLAGNAC,2025111010,0,9,92
TOULOUSE-BLAGNAC,2025111011,0,11.9,81
TOULOUSE-BLAGNAC,2025111012,0,14.5,72
TOULOUSE-BLAGNAC,2025111013,0,17.1,58
TOULOUSE-BLAGNAC,2025111014,0,17.6,51
TOULOUSE-BLAGNAC,2025111015,0,17.7,49
TOULOUSE-BLAGNAC,2025111016,0,16.6,51
TOULOUSE-BLAGNAC,2025111017,0,14.2,59
TOULOUSE-BLAGNAC,2025111018,0,12.1,75
TOULOUSE-BLAGNAC,2025111019,0,10.5,84
TOULOUSE-BLAGNAC,2025111020,0,9.4,89
TOULOUSE-BLAGNAC,2025111021,0,9.7,88
TOULOUSE-BLAGNAC,2025111022,0,9.3,88
TOULOUSE-BLAGNAC,2025111023,0,8.5,92
TOULOUSE-BLAGNAC,2025111100,0,7.5,94
TOULOUSE-BLAGNAC,2025111101,0,6.6,94
TOULOUSE-BLAGNAC,2025111102,0,6.4,95
TOULOUSE-BLAGNAC,2025111103,0,5.9,95
TOULOUSE-BLAGNAC,2025111104,0,5.7,96
TOULOUSE-BLAGNAC,2025111105,0,5.4,96
TOULOUSE-BLAGNAC,2025111106,0,5.5,96
TOULOUSE-BLAGNAC,2025111107,0,5.6,96
TOULOUSE-BLAGNAC,2025111108,0,6.4,96
TOULOUSE-BLAGNAC,2025111109,0,9.3,84
TOULOUSE-BLAGNAC,2025111110,0,12.1,75
TOULOUSE-BLAGNAC,2025111111,0,14.6,66
TOULOUSE-BLAGNAC,2025111112,0,16.5,58
TOULOUSE-BLAGNAC,2025111113,0,16.4,60
TOULOUSE-BLAGNAC,2025111114,0,15.8,68
TOULOUSE-BLAGNAC,2025111115,0,15.2,74
TOULOUSE-BLAGNAC,2025111116,0,14.9,76
TOULOUSE-BLAGNAC,2025111117,0,13.9,81
TOULOUSE-BLAGNAC,2025111118,0,14,82
TOULOUSE-BLAGNAC,2025111119,0,13.7,85
TOULOUSE-BLAGNAC,2025111120,0,13.5,86
TOULOUSE-BLAGNAC,2025111121,0,13.5,88
TOULOUSE-BLAGNAC,2025111122,0,13.5,89
TOULOUSE-BLAGNAC,2025111123,0,13.7,90
TOULOUSE-BLAGNAC,2025111200,0,14,89
TOULOUSE-BLAGNAC,2025111201,0,14.1,88
TOULOUSE-BLAGNAC,2025111202,0,14.1,83
TOULOUSE-BLAGNAC,2025111203,0,14.2,86
TOULOUSE-BLAGNAC,2025111204,0,14.3,88
TOULOUSE-BLAGNAC,2025111205,0,14.8,88
TOULOUSE-BLAGNAC,2025111206,0,14.9,87
TOULOUSE-BLAGNAC,2025111207,0,14.7,87
TOULOUSE-BLAGNAC,2025111208,0,15.6,83
TOULOUSE-BLAGNAC,2025111209,0,17,77
TOULOUSE-BLAGNAC,2025111210,0,18.1,74
TOULOUSE-BLAGNAC,2025111211,0,19.2,69
TOULOUSE-BLAGNAC,2025111212,0,19.9,66
TOULOUSE-BLAGNAC,2025111213,0,20.5,63
TOULOUSE-BLAGNAC,2025111214,0,19.6,62
TOULOUSE-BLAGNAC,2025111215,0,18.4,70
TOULOUSE-BLAGNAC,2025111216,0,17.6,73
TOULOUSE-BLAGNAC,2025111217,0,17.2,77
TOULOUSE-BLAGNAC,2025111218,0,17.2,77
TOULOUSE-BLAGNAC,2025111219,0,17.5,77
TOULOUSE-BLAGNAC,2025111220,0,17.4,77
TOULOUSE-BLAGNAC,2025111221,0,17.5,77
TOULOUSE-BLAGNAC,2025111222,0,17.3,77
TOULOUSE-BLAGNAC,2025111223,0,17.2,79
TOULOUSE-BLAGNAC,2025111300,0,16.8,80
TOULOUSE-BLAGNAC,2025111301,0,17,77
TOULOUSE-BLAGNAC,2025111302,0,16.9,77
TOULOUSE-BLAGNAC,2025111303,0,16.9,77
TOULOUSE-BLAGNAC,2025111304,0,17,78
TOULOUSE-BLAGNAC,2025111305,0,17,78
TOULOUSE-BLAGNAC,2025111306,0,17.1,77
TOULOUSE-BLAGNAC,2025111307,0,17.1,78
TOULOUSE-BLAGNAC,2025111308,0,17.6,76
TOULOUSE-BLAGNAC,2025111309,0,17.9,76
TOULOUSE-BLAGNAC,2025111310,0,18.3,74
TOULOUSE-BLAGNAC,2025111311,0,18.7,72
TOULOUSE-BLAGNAC,2025111312,0,18.7,71
TOULOUSE-BLAGNAC,2025111313,0,18.5,71
TOULOUSE-BLAGNAC,2025111314,0,18.3,72
TOULOUSE-BLAGNAC,2025111315,0,18.2,73
TOULOUSE-BLAGNAC,2025111316,0,18,75
TOULOUSE-BLAGNAC,2025111317,0,17.9,76
TOULOUSE-BLAGNAC,2025111318,0,18.1,76
TOULOUSE-BLAGNAC,2025111319,0,18,78
TOULOUSE-BLAGNAC,2025111320,0,17.9,80
TOULOUSE-BLAGNAC,2025111321,0,18,79
TOULOUSE-BLAGNAC,2025111322,0,18.1,78
TOULOUSE-BLAGNAC,2025111323,0,18.2,78
TOULOUSE-BLAGNAC,2025111400,0,18.2,78
TOULOUSE-BLAGNAC,2025111401,0,18.4,77
TOULOUSE-BLAGNAC,2025111402,0,18.3,76
TOULOUSE-BLAGNAC,2025111403,0,18.5,74
TOULOUSE-BLAGNAC,2025111404,0,18.3,76
TOULOUSE-BLAGNAC,2025111405,0,18.1,78
TOULOUSE-BLAGNAC,2025111406,0,18.2,78
TOULOUSE-BLAGNAC,2025111407,0,18.2,78
TOULOUSE-BLAGNAC,2025111408,0,18.3,78
TOULOUSE-BLAGNAC,2025111409,0,18.8,73
TOULOUSE-BLAGNAC,2025111410,0,19.3,69
TOULOUSE-BLAGNAC,2025111411,0,19.1,72
TOULOUSE-BLAGNAC,2025111412,0,19.7,69
TOULOUSE-BLAGNAC,2025111413,0,20,68
TOULOUSE-BLAGNAC,2025111414,0,20.2,65
TOULOUSE-BLAGNAC,2025111415,0,19.6,72
TOULOUSE-BLAGNAC,2025111416,0,18,84
TOULOUSE-BLAGNAC,2025111417,0.2,17.3,88
TOULOUSE-BLAGNAC,2025111418,0,16.8,90
TOULOUSE-BLAGNAC,2025111419,0,16.1,89
TOULOUSE-BLAGNAC,2025111420,0,15,89
TOULOUSE-BLAGNAC,2025111421,0,14,93
TOULOUSE-BLAGNAC,2025111422,0,14.3,94
TOULOUSE-BLAGNAC,2025111423,0,13.7,92
TOULOUSE-BLAGNAC,2025111500,0,13,95
TOULOUSE-BLAGNAC,2025111501,0,12.4,96
TOULOUSE-BLAGNAC,2025111502,0,13.3,98
TOULOUSE-BLAGNAC,2025111503,0,13.3,96
TOULOUSE-BLAGNAC,2025111504,0,13.2,95
TOULOUSE-BLAGNAC,2025111505,0,10.6,94
TOULOUSE-BLAGNAC,2025111506,0,10.5,97
TOULOUSE-BLAGNAC,2025111507,0,9.5,97
TOULOUSE-BLAGNAC,2025111508,0,10.6,98
TOULOUSE-BLAGNAC,2025111509,0,13.3,93
TOULOUSE-BLAGNAC,2025111510,0,16,83
TOULOUSE-BLAGNAC,2025111511,0,17.9,80
TOULOUSE-BLAGNAC,2025111512,0,19,69
TOULOUSE-BLAGNAC,2025111513,0,19.8,65
TOULOUSE-BLAGNAC,2025111514,0,20,57
TOULOUSE-BLAGNAC,2025111515,0,19.5,58
TOULOUSE-BLAGNAC,2025111516,0,18.6,60
TOULOUSE-BLAGNAC,2025111517,0,17.6,62
TOULOUSE-BLAGNAC,2025111518,0,16.8,62
TOULOUSE-BLAGNAC,2025111519,0,15.1,69
TOULOUSE-BLAGNAC,2025111520,0,16.2,69
TOULOUSE-BLAGNAC,2025111521,0,16.1,78
TOULOUSE-BLAGNAC,2025111522,0,15.9,76
TOULOUSE-BLAGNAC,2025111523,0,15.4,75
TOULOUSE-BLAGNAC,2025111600,0,14.5,78
TOULOUSE-BLAGNAC,2025111601,0,13,85
TOULOUSE-BLAGNAC,2025111602,0,13.5,90
TOULOUSE-BLAGNAC,2025111603,0.2,12.9,93
TOULOUSE-BLAGNAC,2025111604,0,12,93
TOULOUSE-BLAGNAC,2025111605,0,10.6,95
TOULOUSE-BLAGNAC,2025111606,0,11.3,97
TOULOUSE-BLAGNAC,2025111607,0,11.2,96
TOULOUSE-BLAGNAC,2025111608,0,11.2,96
TOULOUSE-BLAGNAC,2025111609,0,13.7,86
TOULOUSE-BLAGNAC,2025111610,0,16.2,72
TOULOUSE-BLAGNAC,2025111611,0,16.9,68
TOULOUSE-BLAGNAC,2025111612,0,18.2,62
TOULOUSE-BLAGNAC,2025111613,0,17.8,59
TOULOUSE-BLAGNAC,2025111614,0,18.2,55
TOULOUSE-BLAGNAC,2025111615,0,17.2,58
TOULOUSE-BLAGNAC,2025111616,0,16.1,61
TOULOUSE-BLAGNAC,2025111617,0,14.8,64
TOULOUSE-BLAGNAC,2025111618,0,13.8,71
TOULOUSE-BLAGNAC,2025111619,0,14.1,72
TOULOUSE-BLAGNAC,2025111620,0,12.4,80
TOULOUSE-BLAGNAC,2025111621,0,11.4,87
TOULOUSE-BLAGNAC,2025111622,0,10.9,89
TOULOUSE-BLAGNAC,2025111623,0,11.2,89
TOULOUSE-BLAGNAC,2025111700,0,10.7,90
TOULOUSE-BLAGNAC,2025111701,0,10.2,91
TOULOUSE-BLAGNAC,2025111702,0,9.9,92
TOULOUSE-BLAGNAC,2025111703,0,9,94
TOULOUSE-BLAGNAC,2025111704,0,9.2,95
TOULOUSE-BLAGNAC,2025111705,0,9.5,95
TOULOUSE-BLAGNAC,2025111706,0,9.7,94
TOULOUSE-BLAGNAC,2025111707,0,9.7,93
TOULOUSE-BLAGNAC,2025111708,0,10.5,93
TOULOUSE-BLAGNAC,2025111709,0,12.7,83
TOULOUSE-BLAGNAC,2025111710,0,14.1,75
TOULOUSE-BLAGNAC,2025111711,0,14.6,74
TOULOUSE-BLAGNAC,2025111712,0,15.7,73
TOULOUSE-BLAGNAC,2025111713,0,15.1,76
TOULOUSE-BLAGNAC,2025111714,0,14,79
TOULOUSE-BLAGNAC,2025111715,0,14.2,79
TOULOUSE-BLAGNAC,2025111716,0,13.9,76
TOULOUSE-BLAGNAC,2025111717,0,13.4,81
TOULOUSE-BLAGNAC,2025111718,0,13.3,81
TOULOUSE-BLAGNAC,2025111719,0,11.1,69
TOULOUSE-BLAGNAC,2025111720,0,9.5,71
TOULOUSE-BLAGNAC,2025111721,0,8.2,73
TOULOUSE-BLAGNAC,2025111722,0,6.4,76
TOULOUSE-BLAGNAC,2025111723,0,5.4,80
TOULOUSE-BLAGNAC,2025111800,0,5,80
TOULOUSE-BLAGNAC,2025111801,0,4.2,83
TOULOUSE-BLAGNAC,2025111802,0,4,84
TOULOUSE-BLAGNAC,2025111803,0,3.4,86
TOULOUSE-BLAGNAC,2025111804,0,2.8,87
TOULOUSE-BLAGNAC,2025111805,0,2.8,88
TOULOUSE-BLAGNAC,2025111806,0,3,89
TOULOUSE-BLAGNAC,2025111807,0,3,90
TOULOUSE-BLAGNAC,2025111808,0,3.9,88
TOULOUSE-BLAGNAC,2025111809,0,5.5,83
TOULOUSE-BLAGNAC,2025111810,0,6.9,78
TOULOUSE-BLAGNAC,2025111811,0,7.9,73
TOULOUSE-BLAGNAC,2025111812,0,9.1,66
TOULOUSE-BLAGNAC,2025111813,0,9.8,59
TOULOUSE-BLAGNAC,2025111814,0,10,51
TOULOUSE-BLAGNAC,2025111815,0,9.2,50
TOULOUSE-BLAGNAC,2025111816,0,7.8,55
TOULOUSE-BLAGNAC,2025111817,0,5.9,64
TOULOUSE-BLAGNAC,2025111818,0,4.4,68
TOULOUSE-BLAGNAC,2025111819,0,4.2,73
TOULOUSE-BLAGNAC,2025111820,0,3.6,78
TOULOUSE-BLAGNAC,2025111821,0,3.9,78
TOULOUSE-BLAGNAC,2025111822,0,3.1,80
TOULOUSE-BLAGNAC,2025111823,0,2,80
TOULOUSE-BLAGNAC,2025111900,0,0.3,89
TOULOUSE-BLAGNAC,2025111901,0,-0.3,92
TOULOUSE-BLAGNAC,2025111902,0,-0.4,94
TOULOUSE-BLAGNAC,2025111903,0,-0.7,93
TOULOUSE-BLAGNAC,2025111904,0,-0.9,94
TOULOUSE-BLAGNAC,2025111905,0,-0.9,94
TOULOUSE-BLAGNAC,2025111906,0,-0.4,95
TOULOUSE-BLAGNAC,2025111907,0,-0.7,95
TOULOUSE-BLAGNAC,2025111908,0,0.6,93
TOULOUSE-BLAGNAC,2025111909,0,3.4,85
TOULOUSE-BLAGNAC,2025111910,0,5.6,74
TOULOUSE-BLAGNAC,2025111911,0,7.7,71
TOULOUSE-BLAGNAC,2025111912,0,9.6,64
TOULOUSE-BLAGNAC,2025111913,0,10.5,53
TOULOUSE-BLAGNAC,2025111914,0,10.8,55
TOULOUSE-BLAGNAC,2025111915,0,10.7,55
TOULOUSE-BLAGNAC,2025111916,0,10.3,60
TOULOUSE-BLAGNAC,2025111917,0,9.6,64
TOULOUSE-BLAGNAC,2025111918,0,9.3,68
TOULOUSE-BLAGNAC,2025111919,0,10.1,67
TOULOUSE-BLAGNAC,2025111920,1,8.1,91
TOULOUSE-BLAGNAC,2025111921,0,7.7,86
TOULOUSE-BLAGNAC,2025111922,0,6.7,86
TOULOUSE-BLAGNAC,2025111923,0,6.1,89
TOULOUSE-BLAGNAC,2025112000,0,5.6,89
TOULOUSE-BLAGNAC,2025112001,0,5.2,89
TOULOUSE-BLAGNAC,2025112002,0,4.2,89
TOULOUSE-BLAGNAC,2025112003,0,3.6,89
TOULOUSE-BLAGNAC,2025112004,0,2.9,91
TOULOUSE-BLAGNAC,2025112005,0,2.3,93
TOULOUSE-BLAGNAC,2025112006,0,2.8,92
TOULOUSE-BLAGNAC,2025112007,0,2.3,93
TOULOUSE-BLAGNAC,2025112008,0,2.6,92
TOULOUSE-BLAGNAC,2025112009,0,4,91
TOULOUSE-BLAGNAC,2025112010,0,5.6,81
TOULOUSE-BLAGNAC,2025112011,0,6.9,76
TOULOUSE-BLAGNAC,2025112012,0,7.6,69
TOULOUSE-BLAGNAC,2025112013,0,7.8,66
TOULOUSE-BLAGNAC,2025112014,0,7.5,64
TOULOUSE-BLAGNAC,2025112015,0,8,61
TOULOUSE-BLAGNAC,2025112016,0,7.1,65
TOULOUSE-BLAGNAC,2025112017,0,5.7,74
TOULOUSE-BLAGNAC,2025112018,0,5.2,75
TOULOUSE-BLAGNAC,2025112019,0,5.1,74
TOULOUSE-BLAGNAC,2025112020,0,5,78
TOULOUSE-BLAGNAC,2025112021,0,4.3,81
TOULOUSE-BLAGNAC,2025112022,0,4,85
TOULOUSE-BLAGNAC,2025112023,0,4,88
TOULOUSE-BLAGNAC,2025112100,0,4,88
TOULOUSE-BLAGNAC,2025112101,0,3.4,87
TOULOUSE-BLAGNAC,2025112102,0,3.7,85
TOULOUSE-BLAGNAC,2025112103,0,3.1,87
TOULOUSE-BLAGNAC,2025112104,0,1.9,88
TOULOUSE-BLAGNAC,2025112105,0,2.2,89
TOULOUSE-BLAGNAC,2025112106,0,1.8,90
TOULOUSE-BLAGNAC,2025112107,0,2.1,89
TOULOUSE-BLAGNAC,2025112108,0,2.4,89
TOULOUSE-BLAGNAC,2025112109,0,2.9,82
TOULOUSE-BLAGNAC,2025112110,0,3.1,78
TOULOUSE-BLAGNAC,2025112111,0,3.7,76
TOULOUSE-BLAGNAC,2025112112,0,4.4,69
TOULOUSE-BLAGNAC,2025112113,0,4.8,62
TOULOUSE-BLAGNAC,2025112114,0,4.4,64
TOULOUSE-BLAGNAC,2025112115,0,4.5,65
TOULOUSE-BLAGNAC,2025112116,0,4.3,68
TOULOUSE-BLAGNAC,2025112117,0,3.6,75
TOULOUSE-BLAGNAC,2025112118,0,3.1,79
TOULOUSE-BLAGNAC,2025112119,0,2.8,81
TOULOUSE-BLAGNAC,2025112120,0,3.3,80
TOULOUSE-BLAGNAC,2025112121,0,3.6,76
TOULOUSE-BLAGNAC,2025112122,0.2,3.8,78
TOULOUSE-BLAGNAC,2025112123,0,3.3,79
TOULOUSE-BLAGNAC,2025112200,0,2.5,84
TOULOUSE-BLAGNAC,2025112201,0,1.9,87
TOULOUSE-BLAGNAC,2025112202,0,1.3,88
TOULOUSE-BLAGNAC,2025112203,0,1,90
TOULOUSE-BLAGNAC,2025112204,0,0.6,91
TOULOUSE-BLAGNAC,2025112205,0,0.1,92
TOULOUSE-BLAGNAC,2025112206,0,-0.4,92
TOULOUSE-BLAGNAC,2025112207,0,-1,93
TOULOUSE-BLAGNAC,2025112208,0,-0.2,93
TOULOUSE-BLAGNAC,2025112209,0,1.9,84
TOULOUSE-BLAGNAC,2025112210,0,3.4,77
TOULOUSE-BLAGNAC,2025112211,0,4.8,66
TOULOUSE-BLAGNAC,2025112212,0,5.9,56
TOULOUSE-BLAGNAC,2025112213,0,6.2,54
TOULOUSE-BLAGNAC,2025112214,0,7.2,51
TOULOUSE-BLAGNAC,2025112215,0,6.4,55
TOULOUSE-BLAGNAC,2025112216,0,4.7,60
TOULOUSE-BLAGNAC,2025112217,0,4.2,65
TOULOUSE-BLAGNAC,2025112218,0,2.7,73
TOULOUSE-BLAGNAC,2025112219,0,1.5,79
TOULOUSE-BLAGNAC,2025112220,0,1.6,80
TOULOUSE-BLAGNAC,2025112221,0,1,83
TOULOUSE-BLAGNAC,2025112222,0,0.6,87
TOULOUSE-BLAGNAC,2025112223,0,1.3,88
TOULOUSE-BLAGNAC,2025112300,0,1.9,86
TOULOUSE-BLAGNAC,2025112301,1,1.8,92
TOULOUSE-BLAGNAC,2025112302,1.6,2.1,94
TOULOUSE-BLAGNAC,2025112303,0.2,2,94
TOULOUSE-BLAGNAC,2025112304,0,2.1,95
TOULOUSE-BLAGNAC,2025112305,0,2.2,96
TOULOUSE-BLAGNAC,2025112306,0.2,2.5,97
TOULOUSE-BLAGNAC,2025112307,0.2,2.9,98
TOULOUSE-BLAGNAC,2025112308,0.2,3.6,98
TOULOUSE-BLAGNAC,2025112309,0,4.5,98
TOULOUSE-BLAGNAC,2025112310,0,5.7,98
TOULOUSE-BLAGNAC,2025112311,0.4,7,98
TOULOUSE-BLAGNAC,2025112312,0.4,9.4,99
TOULOUSE-BLAGNAC,2025112313,1,12.4,95
TOULOUSE-BLAGNAC,2025112314,0.2,13,88
TOULOUSE-BLAGNAC,2025112315,0,13.2,83
TOULOUSE-BLAGNAC,2025112316,0,13.7,76
TOULOUSE-BLAGNAC,2025112317,0,12.6,79
TOULOUSE-BLAGNAC,2025112318,0,12,81
TOULOUSE-BLAGNAC,2025112319,0,11.8,79
TOULOUSE-BLAGNAC,2025112320,0,11.5,80
TOULOUSE-BLAGNAC,2025112321,0,11.5,79
TOULOUSE-BLAGNAC,2025112322,0,11.5,77
TOULOUSE-BLAGNAC,2025112323,0,11.5,77
TOULOUSE-BLAGNAC,2025112400,0,10.8,79
TOULOUSE-BLAGNAC,2025112401,0,9.7,86
TOULOUSE-BLAGNAC,2025112402,0,9.8,86
TOULOUSE-BLAGNAC,2025112403,0,8.7,90
TOULOUSE-BLAGNAC,2025112404,0,9.2,90
TOULOUSE-BLAGNAC,2025112405,0.4,11.1,84
TOULOUSE-BLAGNAC,2025112406,0.2,11.1,86
TOULOUSE-BLAGNAC,2025112407,0,9.5,92
TOULOUSE-BLAGNAC,2025112408,0,10.1,90
TOULOUSE-BLAGNAC,2025112409,0,11.1,86
TOULOUSE-BLAGNAC,2025112410,0.2,11.1,88
TOULOUSE-BLAGNAC,2025112411,1.8,10.8,92
TOULOUSE-BLAGNAC,2025112412,2.6,11,95
TOULOUSE-BLAGNAC,2025112413,1.5,11.3,95
TOULOUSE-BLAGNAC,2025112414,0,13.4,87
TOULOUSE-BLAGNAC,2025112415,0,13.3,84
TOULOUSE-BLAGNAC,2025112416,0.2,11.8,93
TOULOUSE-BLAGNAC,2025112417,0.2,11.2,92
TOULOUSE-BLAGNAC,2025112418,1,10.2,94
TOULOUSE-BLAGNAC,2025112419,0,9.1,92
TOULOUSE-BLAGNAC,2025112420,0,9.2,88
TOULOUSE-BLAGNAC,2025112421,0,9.1,84
TOULOUSE-BLAGNAC,2025112422,0,7.4,85
TOULOUSE-BLAGNAC,2025112423,0,6.8,90
TOULOUSE-BLAGNAC,2025112500,0,7.6,87
TOULOUSE-BLAGNAC,2025112501,0,7.9,84
TOULOUSE-BLAGNAC,2025112502,0,7.8,87
TOULOUSE-BLAGNAC,2025112503,0.2,7.9,89
TOULOUSE-BLAGNAC,2025112504,0,7.9,90
TOULOUSE-BLAGNAC,2025112505,0.2,8,91
TOULOUSE-BLAGNAC,2025112506,0.2,8.1,93
TOULOUSE-BLAGNAC,2025112507,0,8,90
TOULOUSE-BLAGNAC,2025112508,0,8,90
TOULOUSE-BLAGNAC,2025112509,0,8.3,89
TOULOUSE-BLAGNAC,2025112510,0,9.2,85
TOULOUSE-BLAGNAC,2025112511,0,9.5,81
TOULOUSE-BLAGNAC,2025112512,0,9.6,73
TOULOUSE-BLAGNAC,2025112513,0,9.6,71
TOULOUSE-BLAGNAC,2025112514,0.2,7.9,82
TOULOUSE-BLAGNAC,2025112515,0,7.8,80
TOULOUSE-BLAGNAC,2025112516,0,6.5,87
TOULOUSE-BLAGNAC,2025112517,0,6.3,88
TOULOUSE-BLAGNAC,2025112518,0,6,91
TOULOUSE-BLAGNAC,2025112519,0,6.3,88
TOULOUSE-BLAGNAC,2025112520,0,6,84
TOULOUSE-BLAGNAC,2025112521,0,6.4,81
TOULOUSE-BLAGNAC,2025112522,0,6.4,81
TOULOUSE-BLAGNAC,2025112523,0,6.1,81
TOULOUSE-BLAGNAC,2025112600,0,5.9,82
TOULOUSE-BLAGNAC,2025112601,0,5.6,82
TOULOUSE-BLAGNAC,2025112602,0,5,84
TOULOUSE-BLAGNAC,2025112603,0,4.3,86
